Genome,Source,Target_gene,Detection_status,Status_reason,Database_gene_symbol,Reference_accession,Contig_ID,Start,Stop,Strand,Identity,Coverage,Candidate_locus_count,Original_detection_status,Accepted_locus_count,Resolution_policy
GCA_029011255.1,Reproductive,ace,accepted_present,One distinct genomic locus meets >=80% identity and >=80% reference coverage,ace,WP_010714416,CP118048.1,863332.0,865074.0,+,94.04790825386384,100.0,1,accepted_present,1,unchanged_B3_status
GCA_029011255.1,Reproductive,aggregation_substance_family_detected,not_detected,No retained aggregation-substance-family candidate,,,,,,,,,0,not_detected,0,approved_broad_aggregation_substance_family_rule
GCA_029011255.1,Reproductive,asa1_specific,not_detected,No candidate met a retained detection-status threshold,,,,,,,,,0,not_detected,0,approved_competitive_best_reference_rule
GCA_029011255.1,Reproductive,cylA,not_detected,No candidate met a retained detection-status threshold,,,,,,,,,0,not_detected,0,unchanged_B3_status
GCA_029011255.1,Reproductive,ebpA,accepted_present,One distinct genomic locus meets >=80% identity and >=80% reference coverage,ebpA,WP_154081516,CP118048.1,852136.0,855600.0,+,99.076,100.0,1,accepted_present,1,unchanged_B3_status
GCA_029011255.1,Reproductive,ebpB,accepted_present,One distinct genomic locus meets >=80% identity and >=80% reference coverage,ebpB,WP_002379309,CP118048.1,855604.0,857034.0,+,99.02200000000002,100.0,1,accepted_present,1,unchanged_B3_status
GCA_029011255.1,Reproductive,ebpC,accepted_present,One distinct genomic locus meets >=80% identity and >=80% reference coverage,ebpC,WP_011109477,CP118048.1,857031.0,858914.0,+,98.779,100.0,1,accepted_present,1,unchanged_B3_status
GCA_029011255.1,Reproductive,efaA,accepted_present,One distinct genomic locus meets >=80% identity and >=80% reference coverage,efaA,WP_002356954,CP118048.1,1696626.0,1697552.0,+,99.569,100.0,1,accepted_present,1,unchanged_B3_status
GCA_029011255.1,Reproductive,esp,not_detected,No candidate met a retained detection-status threshold,,,,,,,,,0,not_detected,0,unchanged_B3_status
GCA_029011255.1,Reproductive,gelE,accepted_present,One distinct genomic locus meets >=80% identity and >=80% reference coverage,gelE,WP_002369251,CP118048.1,1539882.0,1541414.0,-,98.89100000000002,100.0,1,accepted_present,1,unchanged_B3_status
GCA_029011255.1,Reproductive,sprE,accepted_present,One distinct genomic locus meets >=80% identity and >=80% reference coverage,sprE,WP_002369252,CP118048.1,1538979.0,1539833.0,-,98.48,100.0,1,accepted_present,1,unchanged_B3_status
GCA_029011395.1,Reproductive,ace,accepted_present,One distinct genomic locus meets >=80% identity and >=80% reference coverage,ace,WP_010714416,CP118057.1,2077341.0,2079224.0,-,94.44903830141548,100.0,1,accepted_present,1,unchanged_B3_status
GCA_029011395.1,Reproductive,aggregation_substance_family_detected,accepted_present,At least one accepted aggregation-substance-family locus detected,asa1,WP_010785625,CP118057.1,1327859,1331750,+,96.557,100.0,2,ambiguous_multiple_hit,2,approved_broad_aggregation_substance_family_rule
GCA_029011395.1,Reproductive,asa1_specific,accepted_present,Explicit asa1 reference is the competitive best match at at least one accepted locus,asa1,WP_010785625,CP118057.1,1327859,1331750,+,96.557,100.0,2,ambiguous_multiple_hit,1,approved_competitive_best_reference_rule
GCA_029011395.1,Reproductive,cylA,accepted_present,Reviewed two-copy cylA detection: one chromosomal and one plasmid locus,cylA,AAM75253,CP118057.1,1386676.0,1387914.0,+,99.516,100.0,2,ambiguous_multiple_hit,2,approved_cylA_copy_number_2
GCA_029011395.1,Reproductive,ebpA,accepted_present,One distinct genomic locus meets >=80% identity and >=80% reference coverage,ebpA,WP_154081516,CP118057.1,2086767.0,2090231.0,-,99.423,100.0,1,accepted_present,1,unchanged_B3_status
GCA_029011395.1,Reproductive,ebpB,accepted_present,One distinct genomic locus meets >=80% identity and >=80% reference coverage,ebpB,WP_002379309,CP118057.1,2085333.0,2086763.0,-,99.72,100.0,1,accepted_present,1,unchanged_B3_status
GCA_029011395.1,Reproductive,ebpC,accepted_present,One distinct genomic locus meets >=80% identity and >=80% reference coverage,ebpC,WP_011109477,CP118057.1,2083453.0,2085336.0,-,99.045,100.0,1,accepted_present,1,unchanged_B3_status
GCA_029011395.1,Reproductive,efaA,accepted_present,One distinct genomic locus meets >=80% identity and >=80% reference coverage,efaA,WP_002356954,CP118057.1,1171206.0,1172132.0,-,99.569,100.0,2,accepted_present,1,unchanged_B3_status
GCA_029011395.1,Reproductive,esp,not_detected,No candidate met a retained detection-status threshold,,,,,,,,,0,not_detected,0,unchanged_B3_status
GCA_029011395.1,Reproductive,gelE,accepted_present,One distinct genomic locus meets >=80% identity and >=80% reference coverage,gelE,WP_002369251,CP118057.1,1425222.0,1426754.0,+,98.826,100.0,1,accepted_present,1,unchanged_B3_status
GCA_029011395.1,Reproductive,sprE,accepted_present,One distinct genomic locus meets >=80% identity and >=80% reference coverage,sprE,WP_002369252,CP118057.1,1426803.0,1427657.0,+,98.363,100.0,1,accepted_present,1,unchanged_B3_status
GCA_029011535.1,Reproductive,ace,accepted_present,One distinct genomic locus meets >=80% identity and >=80% reference coverage,ace,WP_010714416,CP118072.1,2009292.0,2011175.0,-,94.59083093231855,100.0,1,accepted_present,1,unchanged_B3_status
GCA_029011535.1,Reproductive,aggregation_substance_family_detected,accepted_present,At least one accepted aggregation-substance-family locus detected,prgB/asc10,WP_002395058,CP118073.1,9856,13772,+,95.662,100.0,2,accepted_present,2,approved_broad_aggregation_substance_family_rule
GCA_029011535.1,Reproductive,asa1_specific,review_required,Accepted-threshold asa1 query match is better supported by a related aggregation-substance reference,asa1,WP_010785625,CP118073.1,9856,13772,+,95.41944170403586,80.13364173734259,2,accepted_present,0,approved_competitive_best_reference_rule
GCA_029011535.1,Reproductive,cylA,accepted_present,One distinct genomic locus meets >=80% identity and >=80% reference coverage,cylA,AAM75253,CP118074.1,24159.0,25397.0,+,99.435,100.0,1,accepted_present,1,unchanged_B3_status
GCA_029011535.1,Reproductive,ebpA,accepted_present,One distinct genomic locus meets >=80% identity and >=80% reference coverage,ebpA,WP_154081516,CP118072.1,2018518.0,2021982.0,-,99.913,100.0,1,accepted_present,1,unchanged_B3_status
GCA_029011535.1,Reproductive,ebpB,accepted_present,One distinct genomic locus meets >=80% identity and >=80% reference coverage,ebpB,WP_002379309,CP118072.1,2017084.0,2018514.0,-,99.161,100.0,1,accepted_present,1,unchanged_B3_status
GCA_029011535.1,Reproductive,ebpC,accepted_present,One distinct genomic locus meets >=80% identity and >=80% reference coverage,ebpC,WP_011109477,CP118072.1,2015204.0,2017087.0,-,98.992,100.0,1,accepted_present,1,unchanged_B3_status
GCA_029011535.1,Reproductive,efaA,accepted_present,One distinct genomic locus meets >=80% identity and >=80% reference coverage,efaA,WP_002356954,CP118072.1,1140007.0,1140933.0,-,99.569,100.0,2,accepted_present,1,unchanged_B3_status
GCA_029011535.1,Reproductive,esp,not_detected,No candidate met a retained detection-status threshold,,,,,,,,,0,not_detected,0,unchanged_B3_status
GCA_029011535.1,Reproductive,gelE,accepted_present,One distinct genomic locus meets >=80% identity and >=80% reference coverage,gelE,WP_002369251,CP118072.1,1296181.0,1297713.0,+,98.956,100.0,1,accepted_present,1,unchanged_B3_status
GCA_029011535.1,Reproductive,sprE,accepted_present,One distinct genomic locus meets >=80% identity and >=80% reference coverage,sprE,WP_002369252,CP118072.1,1297762.0,1298616.0,+,98.48,100.0,1,accepted_present,1,unchanged_B3_status
GCA_029011745.1,Reproductive,ace,accepted_present,One distinct genomic locus meets >=80% identity and >=80% reference coverage,ace,WP_010714416,CP118085.1,2023771.0,2025654.0,-,94.44903830141548,100.0,1,accepted_present,1,unchanged_B3_status
GCA_029011745.1,Reproductive,aggregation_substance_family_detected,accepted_present,At least one accepted aggregation-substance-family locus detected,asa1,WP_010785625,CP118085.1,1213182,1217073,+,96.557,100.0,2,ambiguous_multiple_hit,2,approved_broad_aggregation_substance_family_rule
GCA_029011745.1,Reproductive,asa1_specific,accepted_present,Explicit asa1 reference is the competitive best match at at least one accepted locus,asa1,WP_010785625,CP118085.1,1213182,1217073,+,96.557,100.0,2,ambiguous_multiple_hit,1,approved_competitive_best_reference_rule
GCA_029011745.1,Reproductive,cylA,accepted_present,One distinct genomic locus meets >=80% identity and >=80% reference coverage,cylA,AAM75253,CP118085.1,1321805.0,1323043.0,+,98.789,100.0,1,accepted_present,1,unchanged_B3_status
GCA_029011745.1,Reproductive,ebpA,accepted_present,One distinct genomic locus meets >=80% identity and >=80% reference coverage,ebpA,WP_154081516,CP118085.1,2033194.0,2036657.0,-,99.423,100.0,1,accepted_present,1,unchanged_B3_status
GCA_029011745.1,Reproductive,ebpB,accepted_present,One distinct genomic locus meets >=80% identity and >=80% reference coverage,ebpB,WP_002379309,CP118085.1,2031761.0,2033190.0,-,99.651,100.0,1,accepted_present,1,unchanged_B3_status
GCA_029011745.1,Reproductive,ebpC,accepted_present,One distinct genomic locus meets >=80% identity and >=80% reference coverage,ebpC,WP_011109477,CP118085.1,2029881.0,2031764.0,-,99.045,100.0,1,accepted_present,1,unchanged_B3_status
GCA_029011745.1,Reproductive,efaA,accepted_present,One distinct genomic locus meets >=80% identity and >=80% reference coverage,efaA,WP_002356954,CP118085.1,1052053.0,1052979.0,-,99.569,100.0,2,accepted_present,1,unchanged_B3_status
GCA_029011745.1,Reproductive,esp,not_detected,No candidate met a retained detection-status threshold,,,,,,,,,0,not_detected,0,unchanged_B3_status
GCA_029011745.1,Reproductive,gelE,accepted_present,One distinct genomic locus meets >=80% identity and >=80% reference coverage,gelE,WP_002369251,CP118085.1,1371894.0,1373426.0,+,98.826,100.0,1,accepted_present,1,unchanged_B3_status
GCA_029011745.1,Reproductive,sprE,accepted_present,One distinct genomic locus meets >=80% identity and >=80% reference coverage,sprE,WP_002369252,CP118085.1,1373475.0,1374329.0,+,98.246,100.0,1,accepted_present,1,unchanged_B3_status
GCA_050469755.1,Bacteraemia,ace,accepted_present,One distinct genomic locus meets >=80% identity and >=80% reference coverage,ace,WP_010714416,CP175101.1,52017.0,54041.0,+,94.79255579553636,100.0,1,accepted_present,1,unchanged_B3_status
GCA_050469755.1,Bacteraemia,aggregation_substance_family_detected,accepted_present,At least one accepted aggregation-substance-family locus detected,prgB/asc10,WP_002395058,CP175100.1,20404,24321,-,96.605,100.0,2,ambiguous_multiple_hit,2,approved_broad_aggregation_substance_family_rule
GCA_050469755.1,Bacteraemia,asa1_specific,review_required,Accepted-threshold asa1 query match is better supported by a related aggregation-substance reference,asa1,WP_010785625,CP175100.1,20404,24321,-,95.41986995515695,80.13364173734259,2,ambiguous_multiple_hit,0,approved_competitive_best_reference_rule
GCA_050469755.1,Bacteraemia,cylA,not_detected,No candidate met a retained detection-status threshold,,,,,,,,,0,not_detected,0,unchanged_B3_status
GCA_050469755.1,Bacteraemia,ebpA,accepted_present,One distinct genomic locus meets >=80% identity and >=80% reference coverage,ebpA,WP_154081516,CP175101.1,41209.0,44673.0,+,99.942,100.0,1,accepted_present,1,unchanged_B3_status
GCA_050469755.1,Bacteraemia,ebpB,accepted_present,One distinct genomic locus meets >=80% identity and >=80% reference coverage,ebpB,WP_002379309,CP175101.1,44677.0,46107.0,+,100.0,100.0,1,accepted_present,1,unchanged_B3_status
GCA_050469755.1,Bacteraemia,ebpC,accepted_present,One distinct genomic locus meets >=80% identity and >=80% reference coverage,ebpC,WP_011109477,CP175101.1,46104.0,47987.0,+,99.682,100.0,1,accepted_present,1,unchanged_B3_status
GCA_050469755.1,Bacteraemia,efaA,accepted_present,One distinct genomic locus meets >=80% identity and >=80% reference coverage,efaA,WP_002356954,CP175101.1,940831.0,941757.0,+,99.892,100.0,2,accepted_present,1,unchanged_B3_status
GCA_050469755.1,Bacteraemia,esp,not_detected,No candidate met a retained detection-status threshold,,,,,,,,,0,not_detected,0,unchanged_B3_status
GCA_050469755.1,Bacteraemia,gelE,accepted_present,One distinct genomic locus meets >=80% identity and >=80% reference coverage,gelE,WP_002369251,CP175101.1,705834.0,707366.0,-,100.0,100.0,1,accepted_present,1,unchanged_B3_status
GCA_050469755.1,Bacteraemia,sprE,accepted_present,One distinct genomic locus meets >=80% identity and >=80% reference coverage,sprE,WP_002369252,CP175101.1,704931.0,705785.0,-,100.0,100.0,1,accepted_present,1,unchanged_B3_status
GCA_050471105.1,Bacteraemia,ace,accepted_present,One distinct genomic locus meets >=80% identity and >=80% reference coverage,ace,WP_010714416,CP175093.1,54002.0,56026.0,+,93.2238198697854,100.0,1,accepted_present,1,unchanged_B3_status
GCA_050471105.1,Bacteraemia,aggregation_substance_family_detected,not_detected,No retained aggregation-substance-family candidate,,,,,,,,,0,not_detected,0,approved_broad_aggregation_substance_family_rule
GCA_050471105.1,Bacteraemia,asa1_specific,not_detected,No candidate met a retained detection-status threshold,,,,,,,,,0,not_detected,0,approved_competitive_best_reference_rule
GCA_050471105.1,Bacteraemia,cylA,not_detected,No candidate met a retained detection-status threshold,,,,,,,,,0,not_detected,0,unchanged_B3_status
GCA_050471105.1,Bacteraemia,ebpA,accepted_present,One distinct genomic locus meets >=80% identity and >=80% reference coverage,ebpA,WP_154081516,CP175093.1,40990.0,44454.0,+,99.509,100.0,1,accepted_present,1,unchanged_B3_status
GCA_050471105.1,Bacteraemia,ebpB,accepted_present,One distinct genomic locus meets >=80% identity and >=80% reference coverage,ebpB,WP_002379309,CP175093.1,44458.0,45888.0,+,99.371,100.0,1,accepted_present,1,unchanged_B3_status
GCA_050471105.1,Bacteraemia,ebpC,accepted_present,One distinct genomic locus meets >=80% identity and >=80% reference coverage,ebpC,WP_011109477,CP175093.1,45885.0,47768.0,+,99.045,100.0,1,accepted_present,1,unchanged_B3_status
GCA_050471105.1,Bacteraemia,efaA,accepted_present,One distinct genomic locus meets >=80% identity and >=80% reference coverage,efaA,WP_002356954,CP175093.1,861641.0,862567.0,+,99.569,100.0,2,accepted_present,1,unchanged_B3_status
GCA_050471105.1,Bacteraemia,esp,not_detected,No candidate met a retained detection-status threshold,,,,,,,,,0,not_detected,0,unchanged_B3_status
GCA_050471105.1,Bacteraemia,gelE,not_detected,No candidate met a retained detection-status threshold,,,,,,,,,0,not_detected,0,unchanged_B3_status
GCA_050471105.1,Bacteraemia,sprE,not_detected,No candidate met a retained detection-status threshold,,,,,,,,,0,not_detected,0,unchanged_B3_status
GCA_050472745.1,Bacteraemia,ace,accepted_present,One distinct genomic locus meets >=80% identity and >=80% reference coverage,ace,WP_010714416,CP175062.1,1354392.0,1356416.0,+,94.79255579553636,100.0,1,accepted_present,1,unchanged_B3_status
GCA_050472745.1,Bacteraemia,aggregation_substance_family_detected,accepted_present,At least one accepted aggregation-substance-family locus detected,EF0485,WP_010710127,CP175062.1,433240,437133,+,94.67,100.0,1,accepted_present,1,approved_broad_aggregation_substance_family_rule
GCA_050472745.1,Bacteraemia,asa1_specific,review_required,Accepted-threshold asa1 query match is better supported by a related aggregation-substance reference,asa1,WP_010785625,CP175062.1,433241,437133,+,93.37354225352112,80.10794140323824,1,accepted_present,0,approved_competitive_best_reference_rule
GCA_050472745.1,Bacteraemia,cylA,not_detected,No candidate met a retained detection-status threshold,,,,,,,,,0,not_detected,0,unchanged_B3_status
GCA_050472745.1,Bacteraemia,ebpA,accepted_present,One distinct genomic locus meets >=80% identity and >=80% reference coverage,ebpA,WP_154081516,CP175062.1,1343584.0,1347048.0,+,99.913,100.0,1,accepted_present,1,unchanged_B3_status
GCA_050472745.1,Bacteraemia,ebpB,accepted_present,One distinct genomic locus meets >=80% identity and >=80% reference coverage,ebpB,WP_002379309,CP175062.1,1347052.0,1348482.0,+,100.0,100.0,1,accepted_present,1,unchanged_B3_status
GCA_050472745.1,Bacteraemia,ebpC,accepted_present,One distinct genomic locus meets >=80% identity and >=80% reference coverage,ebpC,WP_011109477,CP175062.1,1348479.0,1350362.0,+,99.682,100.0,1,accepted_present,1,unchanged_B3_status
GCA_050472745.1,Bacteraemia,efaA,accepted_present,One distinct genomic locus meets >=80% identity and >=80% reference coverage,efaA,WP_002356954,CP175062.1,2294418.0,2295344.0,+,99.892,100.0,2,accepted_present,1,unchanged_B3_status
GCA_050472745.1,Bacteraemia,esp,not_detected,No candidate met a retained detection-status threshold,,,,,,,,,0,not_detected,0,unchanged_B3_status
GCA_050472745.1,Bacteraemia,gelE,accepted_present,One distinct genomic locus meets >=80% identity and >=80% reference coverage,gelE,WP_002369251,CP175062.1,2057359.0,2058891.0,-,100.0,100.0,1,accepted_present,1,unchanged_B3_status
GCA_050472745.1,Bacteraemia,sprE,accepted_present,One distinct genomic locus meets >=80% identity and >=80% reference coverage,sprE,WP_002369252,CP175062.1,2056456.0,2057310.0,-,100.0,100.0,1,accepted_present,1,unchanged_B3_status
GCA_050472755.1,Bacteraemia,ace,accepted_present,One distinct genomic locus meets >=80% identity and >=80% reference coverage,ace,WP_010714416,CP175060.1,880130.0,882154.0,+,93.89461032531824,100.0,1,accepted_present,1,unchanged_B3_status
GCA_050472755.1,Bacteraemia,aggregation_substance_family_detected,not_detected,No retained aggregation-substance-family candidate,,,,,,,,,0,not_detected,0,approved_broad_aggregation_substance_family_rule
GCA_050472755.1,Bacteraemia,asa1_specific,not_detected,No candidate met a retained detection-status threshold,,,,,,,,,0,not_detected,0,approved_competitive_best_reference_rule
GCA_050472755.1,Bacteraemia,cylA,not_detected,No candidate met a retained detection-status threshold,,,,,,,,,0,not_detected,0,unchanged_B3_status
GCA_050472755.1,Bacteraemia,ebpA,accepted_present,One distinct genomic locus meets >=80% identity and >=80% reference coverage,ebpA,WP_154081516,CP175060.1,866189.0,869653.0,+,99.134,100.0,1,accepted_present,1,unchanged_B3_status
GCA_050472755.1,Bacteraemia,ebpB,accepted_present,One distinct genomic locus meets >=80% identity and >=80% reference coverage,ebpB,WP_002379309,CP175060.1,869657.0,871087.0,+,99.371,100.0,1,accepted_present,1,unchanged_B3_status
GCA_050472755.1,Bacteraemia,ebpC,accepted_present,One distinct genomic locus meets >=80% identity and >=80% reference coverage,ebpC,WP_011109477,CP175060.1,871084.0,872967.0,+,98.938,100.0,1,accepted_present,1,unchanged_B3_status
GCA_050472755.1,Bacteraemia,efaA,accepted_present,One distinct genomic locus meets >=80% identity and >=80% reference coverage,efaA,WP_002356954,CP175060.1,1722909.0,1723835.0,+,99.784,100.0,1,accepted_present,1,unchanged_B3_status
GCA_050472755.1,Bacteraemia,esp,not_detected,No candidate met a retained detection-status threshold,,,,,,,,,0,not_detected,0,unchanged_B3_status
GCA_050472755.1,Bacteraemia,gelE,accepted_present,One distinct genomic locus meets >=80% identity and >=80% reference coverage,gelE,WP_002369251,CP175060.1,1555363.0,1556895.0,-,98.956,100.0,1,accepted_present,1,unchanged_B3_status
GCA_050472755.1,Bacteraemia,sprE,accepted_present,One distinct genomic locus meets >=80% identity and >=80% reference coverage,sprE,WP_002369252,CP175060.1,1554460.0,1555314.0,-,99.649,100.0,1,accepted_present,1,unchanged_B3_status
GCA_050473345.1,Bacteraemia,ace,accepted_present,One distinct genomic locus meets >=80% identity and >=80% reference coverage,ace,WP_010714416,CP175058.1,2045566.0,2047308.0,-,95.0988907894737,100.0,1,accepted_present,1,unchanged_B3_status
GCA_050473345.1,Bacteraemia,aggregation_substance_family_detected,not_detected,No retained aggregation-substance-family candidate,,,,,,,,,0,not_detected,0,approved_broad_aggregation_substance_family_rule
GCA_050473345.1,Bacteraemia,asa1_specific,not_detected,No candidate met a retained detection-status threshold,,,,,,,,,0,not_detected,0,approved_competitive_best_reference_rule
GCA_050473345.1,Bacteraemia,cylA,not_detected,No candidate met a retained detection-status threshold,,,,,,,,,0,not_detected,0,unchanged_B3_status
GCA_050473345.1,Bacteraemia,ebpA,accepted_present,One distinct genomic locus meets >=80% identity and >=80% reference coverage,ebpA,WP_154081516,CP175058.1,2054651.0,2058115.0,-,99.942,100.0,1,accepted_present,1,unchanged_B3_status
GCA_050473345.1,Bacteraemia,ebpB,accepted_present,One distinct genomic locus meets >=80% identity and >=80% reference coverage,ebpB,WP_002379309,CP175058.1,2053217.0,2054647.0,-,99.161,100.0,1,accepted_present,1,unchanged_B3_status
GCA_050473345.1,Bacteraemia,ebpC,accepted_present,One distinct genomic locus meets >=80% identity and >=80% reference coverage,ebpC,WP_011109477,CP175058.1,2051337.0,2053220.0,-,99.045,100.0,1,accepted_present,1,unchanged_B3_status
GCA_050473345.1,Bacteraemia,efaA,accepted_present,One distinct genomic locus meets >=80% identity and >=80% reference coverage,efaA,WP_002356954,CP175058.1,1219082.0,1220008.0,-,99.676,100.0,1,accepted_present,1,unchanged_B3_status
GCA_050473345.1,Bacteraemia,esp,not_detected,No candidate met a retained detection-status threshold,,,,,,,,,0,not_detected,0,unchanged_B3_status
GCA_050473345.1,Bacteraemia,gelE,accepted_present,One distinct genomic locus meets >=80% identity and >=80% reference coverage,gelE,WP_002369251,CP175058.1,1380189.0,1381721.0,+,98.826,100.0,1,accepted_present,1,unchanged_B3_status
GCA_050473345.1,Bacteraemia,sprE,accepted_present,One distinct genomic locus meets >=80% identity and >=80% reference coverage,sprE,WP_002369252,CP175058.1,1381770.0,1382624.0,+,98.83,100.0,1,accepted_present,1,unchanged_B3_status
GCA_050473355.1,Bacteraemia,ace,accepted_present,One distinct genomic locus meets >=80% identity and >=80% reference coverage,ace,WP_010714416,CP175057.1,919619.0,921502.0,+,94.59083093231855,100.0,1,accepted_present,1,unchanged_B3_status
GCA_050473355.1,Bacteraemia,aggregation_substance_family_detected,not_detected,No retained aggregation-substance-family candidate,,,,,,,,,0,not_detected,0,approved_broad_aggregation_substance_family_rule
GCA_050473355.1,Bacteraemia,asa1_specific,not_detected,No candidate met a retained detection-status threshold,,,,,,,,,0,not_detected,0,approved_competitive_best_reference_rule
GCA_050473355.1,Bacteraemia,cylA,not_detected,No candidate met a retained detection-status threshold,,,,,,,,,0,not_detected,0,unchanged_B3_status
GCA_050473355.1,Bacteraemia,ebpA,accepted_present,One distinct genomic locus meets >=80% identity and >=80% reference coverage,ebpA,WP_154081516,CP175057.1,908812.0,912276.0,+,99.913,100.0,1,accepted_present,1,unchanged_B3_status
GCA_050473355.1,Bacteraemia,ebpB,accepted_present,One distinct genomic locus meets >=80% identity and >=80% reference coverage,ebpB,WP_002379309,CP175057.1,912280.0,913710.0,+,99.02200000000002,100.0,1,accepted_present,1,unchanged_B3_status
GCA_050473355.1,Bacteraemia,ebpC,accepted_present,One distinct genomic locus meets >=80% identity and >=80% reference coverage,ebpC,WP_011109477,CP175057.1,913707.0,915590.0,+,98.992,100.0,1,accepted_present,1,unchanged_B3_status
GCA_050473355.1,Bacteraemia,efaA,accepted_present,One distinct genomic locus meets >=80% identity and >=80% reference coverage,efaA,WP_002356954,CP175057.1,1747042.0,1747968.0,+,99.676,100.0,2,accepted_present,1,unchanged_B3_status
GCA_050473355.1,Bacteraemia,esp,not_detected,No candidate met a retained detection-status threshold,,,,,,,,,0,not_detected,0,unchanged_B3_status
GCA_050473355.1,Bacteraemia,gelE,flagged_partial,Identity is >=80% but reference coverage is 50-<80%,gelE,WP_002369251,CP175057.1,1585323.0,1586293.0,-,98.867,63.33985649054142,1,flagged_partial,0,unchanged_B3_status
GCA_050473355.1,Bacteraemia,sprE,accepted_present,One distinct genomic locus meets >=80% identity and >=80% reference coverage,sprE,WP_002369252,CP175057.1,1584420.0,1585274.0,-,98.713,100.0,1,accepted_present,1,unchanged_B3_status
GCA_050473905.1,Bacteraemia,ace,accepted_present,One distinct genomic locus meets >=80% identity and >=80% reference coverage,ace,WP_010714416,CP175056.1,1862188.0,1864212.0,-,94.69622606191504,100.0,1,accepted_present,1,unchanged_B3_status
GCA_050473905.1,Bacteraemia,aggregation_substance_family_detected,accepted_present,At least one accepted aggregation-substance-family locus detected,EF0485,WP_010710127,CP175055.1,1382,5307,+,95.289,99.9744767738642,2,accepted_present,2,approved_broad_aggregation_substance_family_rule
GCA_050473905.1,Bacteraemia,asa1_specific,review_required,Accepted-threshold asa1 query match is better supported by a related aggregation-substance reference,asa1,WP_010785625,CP175056.1,392282,396174,+,93.37354225352112,80.10794140323824,2,accepted_present,0,approved_competitive_best_reference_rule
GCA_050473905.1,Bacteraemia,cylA,not_detected,No candidate met a retained detection-status threshold,,,,,,,,,0,not_detected,0,unchanged_B3_status
GCA_050473905.1,Bacteraemia,ebpA,accepted_present,One distinct genomic locus meets >=80% identity and >=80% reference coverage,ebpA,WP_154081516,CP175056.1,1871556.0,1875020.0,-,99.942,100.0,1,accepted_present,1,unchanged_B3_status
GCA_050473905.1,Bacteraemia,ebpB,accepted_present,One distinct genomic locus meets >=80% identity and >=80% reference coverage,ebpB,WP_002379309,CP175056.1,1870122.0,1871552.0,-,100.0,100.0,1,accepted_present,1,unchanged_B3_status
GCA_050473905.1,Bacteraemia,ebpC,accepted_present,One distinct genomic locus meets >=80% identity and >=80% reference coverage,ebpC,WP_011109477,CP175056.1,1868242.0,1870125.0,-,99.682,100.0,1,accepted_present,1,unchanged_B3_status
GCA_050473905.1,Bacteraemia,efaA,accepted_present,One distinct genomic locus meets >=80% identity and >=80% reference coverage,efaA,WP_002356954,CP175056.1,933922.0,934848.0,-,99.892,100.0,2,accepted_present,1,unchanged_B3_status
GCA_050473905.1,Bacteraemia,esp,not_detected,No candidate met a retained detection-status threshold,,,,,,,,,0,not_detected,0,unchanged_B3_status
GCA_050473905.1,Bacteraemia,gelE,accepted_present,One distinct genomic locus meets >=80% identity and >=80% reference coverage,gelE,WP_002369251,CP175056.1,1158360.0,1159892.0,+,100.0,100.0,1,accepted_present,1,unchanged_B3_status
GCA_050473905.1,Bacteraemia,sprE,accepted_present,One distinct genomic locus meets >=80% identity and >=80% reference coverage,sprE,WP_002369252,CP175056.1,1159941.0,1160795.0,+,100.0,100.0,1,accepted_present,1,unchanged_B3_status
GCA_050474485.1,Bacteraemia,ace,accepted_present,One distinct genomic locus meets >=80% identity and >=80% reference coverage,ace,WP_010714416,CP175046.1,955267.0,957432.0,+,93.48740324594256,100.0,1,accepted_present,1,unchanged_B3_status
GCA_050474485.1,Bacteraemia,aggregation_substance_family_detected,not_detected,No retained aggregation-substance-family candidate,,,,,,,,,0,not_detected,0,approved_broad_aggregation_substance_family_rule
GCA_050474485.1,Bacteraemia,asa1_specific,not_detected,No candidate met a retained detection-status threshold,,,,,,,,,0,not_detected,0,approved_competitive_best_reference_rule
GCA_050474485.1,Bacteraemia,cylA,not_detected,No candidate met a retained detection-status threshold,,,,,,,,,0,not_detected,0,unchanged_B3_status
GCA_050474485.1,Bacteraemia,ebpA,accepted_present,One distinct genomic locus meets >=80% identity and >=80% reference coverage,ebpA,WP_154081516,CP175046.1,942255.0,945719.0,+,99.365,100.0,1,accepted_present,1,unchanged_B3_status
GCA_050474485.1,Bacteraemia,ebpB,accepted_present,One distinct genomic locus meets >=80% identity and >=80% reference coverage,ebpB,WP_002379309,CP175046.1,945723.0,947153.0,+,99.301,100.0,1,accepted_present,1,unchanged_B3_status
GCA_050474485.1,Bacteraemia,ebpC,accepted_present,One distinct genomic locus meets >=80% identity and >=80% reference coverage,ebpC,WP_011109477,CP175046.1,947150.0,949033.0,+,99.045,100.0,1,accepted_present,1,unchanged_B3_status
GCA_050474485.1,Bacteraemia,efaA,accepted_present,One distinct genomic locus meets >=80% identity and >=80% reference coverage,efaA,WP_002356954,CP175046.1,1803256.0,1804182.0,+,99.569,100.0,1,accepted_present,1,unchanged_B3_status
GCA_050474485.1,Bacteraemia,esp,not_detected,No candidate met a retained detection-status threshold,,,,,,,,,0,not_detected,0,unchanged_B3_status
GCA_050474485.1,Bacteraemia,gelE,accepted_present,One distinct genomic locus meets >=80% identity and >=80% reference coverage,gelE,WP_002369251,CP175046.1,1606538.0,1608070.0,-,98.62999999999998,100.0,1,accepted_present,1,unchanged_B3_status
GCA_050474485.1,Bacteraemia,sprE,accepted_present,One distinct genomic locus meets >=80% identity and >=80% reference coverage,sprE,WP_002369252,CP175046.1,1605635.0,1606489.0,-,99.181,100.0,1,accepted_present,1,unchanged_B3_status
GCA_050474495.1,Bacteraemia,ace,accepted_present,One distinct genomic locus meets >=80% identity and >=80% reference coverage,ace,WP_010714416,CP175045.1,1601231.0,1603255.0,-,94.81632541396688,100.0,1,accepted_present,1,unchanged_B3_status
GCA_050474495.1,Bacteraemia,aggregation_substance_family_detected,accepted_present,At least one accepted aggregation-substance-family locus detected,EF0149,WP_011109430,CP175043.1,18994,22892,+,95.159,99.5405819295559,2,accepted_present,2,approved_broad_aggregation_substance_family_rule
GCA_050474495.1,Bacteraemia,asa1_specific,review_required,Accepted-threshold asa1 query match is better supported by a related aggregation-substance reference,asa1,WP_010785625,CP175045.1,2259767,2263659,-,91.9973056978233,80.10794140323824,2,accepted_present,0,approved_competitive_best_reference_rule
GCA_050474495.1,Bacteraemia,cylA,accepted_present,One distinct genomic locus meets >=80% identity and >=80% reference coverage,cylA,AAM75253,CP175044.1,42822.0,44060.0,+,99.839,100.0,1,accepted_present,1,unchanged_B3_status
GCA_050474495.1,Bacteraemia,ebpA,accepted_present,One distinct genomic locus meets >=80% identity and >=80% reference coverage,ebpA,WP_154081516,CP175045.1,1610599.0,1614063.0,-,99.942,100.0,1,accepted_present,1,unchanged_B3_status
GCA_050474495.1,Bacteraemia,ebpB,accepted_present,One distinct genomic locus meets >=80% identity and >=80% reference coverage,ebpB,WP_002379309,CP175045.1,1609165.0,1610595.0,-,100.0,100.0,1,accepted_present,1,unchanged_B3_status
GCA_050474495.1,Bacteraemia,ebpC,accepted_present,One distinct genomic locus meets >=80% identity and >=80% reference coverage,ebpC,WP_011109477,CP175045.1,1607285.0,1609168.0,-,99.682,100.0,1,accepted_present,1,unchanged_B3_status
GCA_050474495.1,Bacteraemia,efaA,accepted_present,One distinct genomic locus meets >=80% identity and >=80% reference coverage,efaA,WP_002356954,CP175045.1,710891.0,711817.0,-,99.892,100.0,3,accepted_present,1,unchanged_B3_status
GCA_050474495.1,Bacteraemia,esp,accepted_present,One distinct genomic locus meets >=80% identity and >=80% reference coverage,esp,AAD09858,CP175045.1,2815988.0,2820628.0,+,87.87061730195097,82.37282106012096,1,accepted_present,1,unchanged_B3_status
GCA_050474495.1,Bacteraemia,gelE,accepted_present,One distinct genomic locus meets >=80% identity and >=80% reference coverage,gelE,WP_002369251,CP175045.1,903328.0,904860.0,+,100.0,100.0,1,accepted_present,1,unchanged_B3_status
GCA_050474495.1,Bacteraemia,sprE,accepted_present,One distinct genomic locus meets >=80% identity and >=80% reference coverage,sprE,WP_002369252,CP175045.1,904909.0,905763.0,+,100.0,100.0,1,accepted_present,1,unchanged_B3_status
GCA_050475565.1,Bacteraemia,ace,accepted_present,One distinct genomic locus meets >=80% identity and >=80% reference coverage,ace,WP_010714416,CP175030.1,1977931.0,1979955.0,-,93.92847516198704,100.0,1,accepted_present,1,unchanged_B3_status
GCA_050475565.1,Bacteraemia,aggregation_substance_family_detected,accepted_present,At least one accepted aggregation-substance-family locus detected,asa1,WP_010785625,CP175029.1,3912,7802,+,99.126,100.0,3,ambiguous_multiple_hit,3,approved_broad_aggregation_substance_family_rule
GCA_050475565.1,Bacteraemia,asa1_specific,accepted_present,Explicit asa1 reference is the competitive best match at at least one accepted locus,asa1,WP_010785625,CP175029.1,3912,7802,+,99.126,100.0,3,ambiguous_multiple_hit,2,approved_competitive_best_reference_rule
GCA_050475565.1,Bacteraemia,cylA,accepted_present,One distinct genomic locus meets >=80% identity and >=80% reference coverage,cylA,AAM75253,CP175030.1,2636008.0,2637246.0,-,98.87,100.0,2,accepted_present,1,unchanged_B3_status
GCA_050475565.1,Bacteraemia,ebpA,accepted_present,One distinct genomic locus meets >=80% identity and >=80% reference coverage,ebpA,WP_154081516,CP175030.1,1990492.0,1993956.0,-,99.134,100.0,1,accepted_present,1,unchanged_B3_status
GCA_050475565.1,Bacteraemia,ebpB,accepted_present,One distinct genomic locus meets >=80% identity and >=80% reference coverage,ebpB,WP_002379309,CP175030.1,1989058.0,1990488.0,-,99.092,100.0,1,accepted_present,1,unchanged_B3_status
GCA_050475565.1,Bacteraemia,ebpC,accepted_present,One distinct genomic locus meets >=80% identity and >=80% reference coverage,ebpC,WP_011109477,CP175030.1,1987178.0,1989061.0,-,98.938,100.0,1,accepted_present,1,unchanged_B3_status
GCA_050475565.1,Bacteraemia,efaA,accepted_present,One distinct genomic locus meets >=80% identity and >=80% reference coverage,efaA,WP_002356954,CP175030.1,1157634.0,1158560.0,-,99.569,100.0,2,accepted_present,1,unchanged_B3_status
GCA_050475565.1,Bacteraemia,esp,accepted_present,One distinct genomic locus meets >=80% identity and >=80% reference coverage,esp,AAD09858,CP175030.1,2610075.0,2615969.0,-,96.6128376523253,100.0,1,accepted_present,1,unchanged_B3_status
GCA_050475565.1,Bacteraemia,gelE,accepted_present,One distinct genomic locus meets >=80% identity and >=80% reference coverage,gelE,WP_002369251,CP175030.1,1327326.0,1328858.0,+,98.956,100.0,1,accepted_present,1,unchanged_B3_status
GCA_050475565.1,Bacteraemia,sprE,accepted_present,One distinct genomic locus meets >=80% identity and >=80% reference coverage,sprE,WP_002369252,CP175030.1,1328907.0,1329761.0,+,98.246,100.0,1,accepted_present,1,unchanged_B3_status
GCA_050475575.1,Bacteraemia,ace,accepted_present,One distinct genomic locus meets >=80% identity and >=80% reference coverage,ace,WP_010714416,CP175027.1,1072712.0,1074595.0,+,93.99111649659864,100.0,1,accepted_present,1,unchanged_B3_status
GCA_050475575.1,Bacteraemia,aggregation_substance_family_detected,accepted_present,At least one accepted aggregation-substance-family locus detected,EF0149,WP_011109430,CP175027.1,134848,138765,+,99.974,100.0,4,ambiguous_multiple_hit,4,approved_broad_aggregation_substance_family_rule
GCA_050475575.1,Bacteraemia,asa1_specific,review_required,Accepted-threshold asa1 query match is better supported by a related aggregation-substance reference,asa1,WP_010785625,CP175024.1,640,4557,+,94.84304228058936,80.13364173734259,4,ambiguous_multiple_hit,0,approved_competitive_best_reference_rule
GCA_050475575.1,Bacteraemia,cylA,accepted_present,One distinct genomic locus meets >=80% identity and >=80% reference coverage,cylA,AAM75253,CP175027.1,441965.0,443203.0,+,99.839,100.0,1,accepted_present,1,unchanged_B3_status
GCA_050475575.1,Bacteraemia,ebpA,accepted_present,One distinct genomic locus meets >=80% identity and >=80% reference coverage,ebpA,WP_154081516,CP175027.1,1022265.0,1025729.0,+,99.509,100.0,1,accepted_present,1,unchanged_B3_status
GCA_050475575.1,Bacteraemia,ebpB,accepted_present,One distinct genomic locus meets >=80% identity and >=80% reference coverage,ebpB,WP_002379309,CP175027.1,1025733.0,1027163.0,+,99.441,100.0,1,accepted_present,1,unchanged_B3_status
GCA_050475575.1,Bacteraemia,ebpC,accepted_present,One distinct genomic locus meets >=80% identity and >=80% reference coverage,ebpC,WP_011109477,CP175027.1,1027160.0,1029043.0,+,99.363,100.0,1,accepted_present,1,unchanged_B3_status
GCA_050475575.1,Bacteraemia,efaA,accepted_present,One distinct genomic locus meets >=80% identity and >=80% reference coverage,efaA,WP_002356954,CP175027.1,1951945.0,1952871.0,+,99.461,100.0,2,accepted_present,1,unchanged_B3_status
GCA_050475575.1,Bacteraemia,esp,accepted_present,One distinct genomic locus meets >=80% identity and >=80% reference coverage,esp,AAD09858,CP175027.1,448851.0,454472.0,+,96.83420225532797,100.0,1,accepted_present,1,unchanged_B3_status
GCA_050475575.1,Bacteraemia,gelE,accepted_present,One distinct genomic locus meets >=80% identity and >=80% reference coverage,gelE,WP_002369251,CP175027.1,1740847.0,1742379.0,-,98.89100000000002,100.0,1,accepted_present,1,unchanged_B3_status
GCA_050475575.1,Bacteraemia,sprE,accepted_present,One distinct genomic locus meets >=80% identity and >=80% reference coverage,sprE,WP_002369252,CP175027.1,1739944.0,1740798.0,-,98.48,100.0,1,accepted_present,1,unchanged_B3_status
GCA_050476085.1,Bacteraemia,ace,accepted_present,One distinct genomic locus meets >=80% identity and >=80% reference coverage,ace,WP_010714416,CP175020.1,1039861.0,1041603.0,+,95.0987605263158,100.0,1,accepted_present,1,unchanged_B3_status
GCA_050476085.1,Bacteraemia,aggregation_substance_family_detected,not_detected,No retained aggregation-substance-family candidate,,,,,,,,,0,not_detected,0,approved_broad_aggregation_substance_family_rule
GCA_050476085.1,Bacteraemia,asa1_specific,not_detected,No candidate met a retained detection-status threshold,,,,,,,,,0,not_detected,0,approved_competitive_best_reference_rule
GCA_050476085.1,Bacteraemia,cylA,not_detected,No candidate met a retained detection-status threshold,,,,,,,,,0,not_detected,0,unchanged_B3_status
GCA_050476085.1,Bacteraemia,ebpA,accepted_present,One distinct genomic locus meets >=80% identity and >=80% reference coverage,ebpA,WP_154081516,CP175020.1,1029054.0,1032518.0,+,99.942,100.0,1,accepted_present,1,unchanged_B3_status
GCA_050476085.1,Bacteraemia,ebpB,accepted_present,One distinct genomic locus meets >=80% identity and >=80% reference coverage,ebpB,WP_002379309,CP175020.1,1032522.0,1033952.0,+,99.161,100.0,1,accepted_present,1,unchanged_B3_status
GCA_050476085.1,Bacteraemia,ebpC,accepted_present,One distinct genomic locus meets >=80% identity and >=80% reference coverage,ebpC,WP_011109477,CP175020.1,1033949.0,1035832.0,+,98.992,100.0,1,accepted_present,1,unchanged_B3_status
GCA_050476085.1,Bacteraemia,efaA,accepted_present,One distinct genomic locus meets >=80% identity and >=80% reference coverage,efaA,WP_002356954,CP175020.1,1981498.0,1982424.0,+,99.676,100.0,1,accepted_present,1,unchanged_B3_status
GCA_050476085.1,Bacteraemia,esp,not_detected,No candidate met a retained detection-status threshold,,,,,,,,,0,not_detected,0,unchanged_B3_status
GCA_050476085.1,Bacteraemia,gelE,accepted_present,One distinct genomic locus meets >=80% identity and >=80% reference coverage,gelE,WP_002369251,CP175020.1,1750137.0,1751669.0,-,98.826,100.0,1,accepted_present,1,unchanged_B3_status
GCA_050476085.1,Bacteraemia,sprE,accepted_present,One distinct genomic locus meets >=80% identity and >=80% reference coverage,sprE,WP_002369252,CP175020.1,1749234.0,1750088.0,-,98.596,100.0,1,accepted_present,1,unchanged_B3_status
GCA_050480515.1,Bacteraemia,ace,accepted_present,One distinct genomic locus meets >=80% identity and >=80% reference coverage,ace,WP_010714416,CP174930.1,54002.0,56026.0,+,93.2238198697854,100.0,1,accepted_present,1,unchanged_B3_status
GCA_050480515.1,Bacteraemia,aggregation_substance_family_detected,accepted_present,At least one accepted aggregation-substance-family locus detected,asa1,WP_010785625,CP174929.1,41089,44979,+,99.1,100.0,1,accepted_present,1,approved_broad_aggregation_substance_family_rule
GCA_050480515.1,Bacteraemia,asa1_specific,accepted_present,Explicit asa1 reference is the competitive best match at at least one accepted locus,asa1,WP_010785625,CP174929.1,41089,44979,+,99.1,100.0,1,accepted_present,1,approved_competitive_best_reference_rule
GCA_050480515.1,Bacteraemia,cylA,not_detected,No candidate met a retained detection-status threshold,,,,,,,,,0,not_detected,0,unchanged_B3_status
GCA_050480515.1,Bacteraemia,ebpA,accepted_present,One distinct genomic locus meets >=80% identity and >=80% reference coverage,ebpA,WP_154081516,CP174930.1,40990.0,44454.0,+,99.509,100.0,1,accepted_present,1,unchanged_B3_status
GCA_050480515.1,Bacteraemia,ebpB,accepted_present,One distinct genomic locus meets >=80% identity and >=80% reference coverage,ebpB,WP_002379309,CP174930.1,44458.0,45888.0,+,99.371,100.0,1,accepted_present,1,unchanged_B3_status
GCA_050480515.1,Bacteraemia,ebpC,accepted_present,One distinct genomic locus meets >=80% identity and >=80% reference coverage,ebpC,WP_011109477,CP174930.1,45885.0,47768.0,+,99.045,100.0,1,accepted_present,1,unchanged_B3_status
GCA_050480515.1,Bacteraemia,efaA,accepted_present,One distinct genomic locus meets >=80% identity and >=80% reference coverage,efaA,WP_002356954,CP174930.1,897237.0,898163.0,+,99.569,100.0,2,accepted_present,1,unchanged_B3_status
GCA_050480515.1,Bacteraemia,esp,accepted_present,One distinct genomic locus meets >=80% identity and >=80% reference coverage,esp,AAD09858,CP174930.1,2435190.0,2440313.0,+,96.06919027736356,100.0,1,accepted_present,1,unchanged_B3_status
GCA_050480515.1,Bacteraemia,gelE,accepted_present,One distinct genomic locus meets >=80% identity and >=80% reference coverage,gelE,WP_002369251,CP174930.1,718099.0,719631.0,-,98.761,100.0,1,accepted_present,1,unchanged_B3_status
GCA_050480515.1,Bacteraemia,sprE,accepted_present,One distinct genomic locus meets >=80% identity and >=80% reference coverage,sprE,WP_002369252,CP174930.1,717196.0,718050.0,-,98.83,100.0,1,accepted_present,1,unchanged_B3_status
GCA_050481105.1,Bacteraemia,ace,accepted_present,One distinct genomic locus meets >=80% identity and >=80% reference coverage,ace,WP_010714416,CP174928.1,1892085.0,1894109.0,-,93.2238198697854,100.0,1,accepted_present,1,unchanged_B3_status
GCA_050481105.1,Bacteraemia,aggregation_substance_family_detected,accepted_present,At least one accepted aggregation-substance-family locus detected,asa1,WP_010785625,CP174926.1,41089,44979,+,99.1,100.0,1,accepted_present,1,approved_broad_aggregation_substance_family_rule
GCA_050481105.1,Bacteraemia,asa1_specific,accepted_present,Explicit asa1 reference is the competitive best match at at least one accepted locus,asa1,WP_010785625,CP174926.1,41089,44979,+,99.1,100.0,1,accepted_present,1,approved_competitive_best_reference_rule
GCA_050481105.1,Bacteraemia,cylA,not_detected,No candidate met a retained detection-status threshold,,,,,,,,,0,not_detected,0,unchanged_B3_status
GCA_050481105.1,Bacteraemia,ebpA,accepted_present,One distinct genomic locus meets >=80% identity and >=80% reference coverage,ebpA,WP_154081516,CP174928.1,1903657.0,1907121.0,-,99.509,100.0,1,accepted_present,1,unchanged_B3_status
GCA_050481105.1,Bacteraemia,ebpB,accepted_present,One distinct genomic locus meets >=80% identity and >=80% reference coverage,ebpB,WP_002379309,CP174928.1,1902223.0,1903653.0,-,99.371,100.0,1,accepted_present,1,unchanged_B3_status
GCA_050481105.1,Bacteraemia,ebpC,accepted_present,One distinct genomic locus meets >=80% identity and >=80% reference coverage,ebpC,WP_011109477,CP174928.1,1900343.0,1902226.0,-,99.045,100.0,1,accepted_present,1,unchanged_B3_status
GCA_050481105.1,Bacteraemia,efaA,accepted_present,One distinct genomic locus meets >=80% identity and >=80% reference coverage,efaA,WP_002356954,CP174928.1,1049948.0,1050874.0,-,99.569,100.0,2,accepted_present,1,unchanged_B3_status
GCA_050481105.1,Bacteraemia,esp,accepted_present,One distinct genomic locus meets >=80% identity and >=80% reference coverage,esp,AAD09858,CP174928.1,2481924.0,2487047.0,-,96.06919027736356,100.0,1,accepted_present,1,unchanged_B3_status
GCA_050481105.1,Bacteraemia,gelE,accepted_present,One distinct genomic locus meets >=80% identity and >=80% reference coverage,gelE,WP_002369251,CP174928.1,1228480.0,1230012.0,+,98.761,100.0,1,accepted_present,1,unchanged_B3_status
GCA_050481105.1,Bacteraemia,sprE,accepted_present,One distinct genomic locus meets >=80% identity and >=80% reference coverage,sprE,WP_002369252,CP174928.1,1230061.0,1230915.0,+,98.83,100.0,1,accepted_present,1,unchanged_B3_status
GCA_050481115.1,Bacteraemia,ace,accepted_present,One distinct genomic locus meets >=80% identity and >=80% reference coverage,ace,WP_010714416,CP174925.1,1001033.0,1003057.0,+,93.2238198697854,100.0,1,accepted_present,1,unchanged_B3_status
GCA_050481115.1,Bacteraemia,aggregation_substance_family_detected,not_detected,No retained aggregation-substance-family candidate,,,,,,,,,0,not_detected,0,approved_broad_aggregation_substance_family_rule
GCA_050481115.1,Bacteraemia,asa1_specific,not_detected,No candidate met a retained detection-status threshold,,,,,,,,,0,not_detected,0,approved_competitive_best_reference_rule
GCA_050481115.1,Bacteraemia,cylA,not_detected,No candidate met a retained detection-status threshold,,,,,,,,,0,not_detected,0,unchanged_B3_status
GCA_050481115.1,Bacteraemia,ebpA,accepted_present,One distinct genomic locus meets >=80% identity and >=80% reference coverage,ebpA,WP_154081516,CP174925.1,988021.0,991485.0,+,99.509,100.0,1,accepted_present,1,unchanged_B3_status
GCA_050481115.1,Bacteraemia,ebpB,accepted_present,One distinct genomic locus meets >=80% identity and >=80% reference coverage,ebpB,WP_002379309,CP174925.1,991489.0,992919.0,+,99.371,100.0,1,accepted_present,1,unchanged_B3_status
GCA_050481115.1,Bacteraemia,ebpC,accepted_present,One distinct genomic locus meets >=80% identity and >=80% reference coverage,ebpC,WP_011109477,CP174925.1,992916.0,994799.0,+,99.045,100.0,1,accepted_present,1,unchanged_B3_status
GCA_050481115.1,Bacteraemia,efaA,accepted_present,One distinct genomic locus meets >=80% identity and >=80% reference coverage,efaA,WP_002356954,CP174925.1,1844264.0,1845190.0,+,99.569,100.0,2,accepted_present,1,unchanged_B3_status
GCA_050481115.1,Bacteraemia,esp,accepted_present,One distinct genomic locus meets >=80% identity and >=80% reference coverage,esp,AAD09858,CP174925.1,423459.0,428582.0,+,96.218061895089,100.0,1,accepted_present,1,unchanged_B3_status
GCA_050481115.1,Bacteraemia,gelE,accepted_present,One distinct genomic locus meets >=80% identity and >=80% reference coverage,gelE,WP_002369251,CP174925.1,1665130.0,1666662.0,-,98.761,100.0,1,accepted_present,1,unchanged_B3_status
GCA_050481115.1,Bacteraemia,sprE,accepted_present,One distinct genomic locus meets >=80% identity and >=80% reference coverage,sprE,WP_002369252,CP174925.1,1664227.0,1665081.0,-,98.83,100.0,1,accepted_present,1,unchanged_B3_status
GCA_050481685.1,Bacteraemia,ace,accepted_present,One distinct genomic locus meets >=80% identity and >=80% reference coverage,ace,WP_010714416,CP174922.1,1001033.0,1003057.0,+,93.2238198697854,100.0,1,accepted_present,1,unchanged_B3_status
GCA_050481685.1,Bacteraemia,aggregation_substance_family_detected,not_detected,No retained aggregation-substance-family candidate,,,,,,,,,0,not_detected,0,approved_broad_aggregation_substance_family_rule
GCA_050481685.1,Bacteraemia,asa1_specific,not_detected,No candidate met a retained detection-status threshold,,,,,,,,,0,not_detected,0,approved_competitive_best_reference_rule
GCA_050481685.1,Bacteraemia,cylA,not_detected,No candidate met a retained detection-status threshold,,,,,,,,,0,not_detected,0,unchanged_B3_status
GCA_050481685.1,Bacteraemia,ebpA,accepted_present,One distinct genomic locus meets >=80% identity and >=80% reference coverage,ebpA,WP_154081516,CP174922.1,988021.0,991485.0,+,99.509,100.0,1,accepted_present,1,unchanged_B3_status
GCA_050481685.1,Bacteraemia,ebpB,accepted_present,One distinct genomic locus meets >=80% identity and >=80% reference coverage,ebpB,WP_002379309,CP174922.1,991489.0,992919.0,+,99.371,100.0,1,accepted_present,1,unchanged_B3_status
GCA_050481685.1,Bacteraemia,ebpC,accepted_present,One distinct genomic locus meets >=80% identity and >=80% reference coverage,ebpC,WP_011109477,CP174922.1,992916.0,994799.0,+,99.045,100.0,1,accepted_present,1,unchanged_B3_status
GCA_050481685.1,Bacteraemia,efaA,accepted_present,One distinct genomic locus meets >=80% identity and >=80% reference coverage,efaA,WP_002356954,CP174922.1,1844267.0,1845193.0,+,99.569,100.0,2,accepted_present,1,unchanged_B3_status
GCA_050481685.1,Bacteraemia,esp,accepted_present,One distinct genomic locus meets >=80% identity and >=80% reference coverage,esp,AAD09858,CP174922.1,423459.0,428582.0,+,96.218061895089,100.0,1,accepted_present,1,unchanged_B3_status
GCA_050481685.1,Bacteraemia,gelE,accepted_present,One distinct genomic locus meets >=80% identity and >=80% reference coverage,gelE,WP_002369251,CP174922.1,1665133.0,1666665.0,-,98.761,100.0,1,accepted_present,1,unchanged_B3_status
GCA_050481685.1,Bacteraemia,sprE,accepted_present,One distinct genomic locus meets >=80% identity and >=80% reference coverage,sprE,WP_002369252,CP174922.1,1664230.0,1665084.0,-,98.83,100.0,1,accepted_present,1,unchanged_B3_status
GCA_050481695.1,Bacteraemia,ace,accepted_present,One distinct genomic locus meets >=80% identity and >=80% reference coverage,ace,WP_010714416,CP174921.1,1608040.0,1610064.0,-,94.81632541396688,100.0,1,accepted_present,1,unchanged_B3_status
GCA_050481695.1,Bacteraemia,aggregation_substance_family_detected,accepted_present,At least one accepted aggregation-substance-family locus detected,EF0149,WP_011109430,CP174920.1,35742,39641,-,95.077,99.5405819295559,2,accepted_present,2,approved_broad_aggregation_substance_family_rule
GCA_050481695.1,Bacteraemia,asa1_specific,review_required,Accepted-threshold asa1 query match is better supported by a related aggregation-substance reference,asa1,WP_010785625,CP174921.1,2202591,2206483,-,93.37354225352112,80.10794140323824,2,accepted_present,0,approved_competitive_best_reference_rule
GCA_050481695.1,Bacteraemia,cylA,not_detected,No candidate met a retained detection-status threshold,,,,,,,,,0,not_detected,0,unchanged_B3_status
GCA_050481695.1,Bacteraemia,ebpA,accepted_present,One distinct genomic locus meets >=80% identity and >=80% reference coverage,ebpA,WP_154081516,CP174921.1,1617408.0,1620872.0,-,99.913,100.0,1,accepted_present,1,unchanged_B3_status
GCA_050481695.1,Bacteraemia,ebpB,accepted_present,One distinct genomic locus meets >=80% identity and >=80% reference coverage,ebpB,WP_002379309,CP174921.1,1615974.0,1617404.0,-,100.0,100.0,1,accepted_present,1,unchanged_B3_status
GCA_050481695.1,Bacteraemia,ebpC,accepted_present,One distinct genomic locus meets >=80% identity and >=80% reference coverage,ebpC,WP_011109477,CP174921.1,1614094.0,1615977.0,-,99.682,100.0,1,accepted_present,1,unchanged_B3_status
GCA_050481695.1,Bacteraemia,efaA,accepted_present,One distinct genomic locus meets >=80% identity and >=80% reference coverage,efaA,WP_002356954,CP174921.1,663277.0,664203.0,-,99.892,100.0,2,accepted_present,1,unchanged_B3_status
GCA_050481695.1,Bacteraemia,esp,not_detected,No candidate met a retained detection-status threshold,,,,,,,,,0,not_detected,0,unchanged_B3_status
GCA_050481695.1,Bacteraemia,gelE,accepted_present,One distinct genomic locus meets >=80% identity and >=80% reference coverage,gelE,WP_002369251,CP174921.1,902806.0,904338.0,+,100.0,100.0,1,accepted_present,1,unchanged_B3_status
GCA_050481695.1,Bacteraemia,sprE,accepted_present,One distinct genomic locus meets >=80% identity and >=80% reference coverage,sprE,WP_002369252,CP174921.1,904387.0,905241.0,+,100.0,100.0,1,accepted_present,1,unchanged_B3_status
GCA_050482265.1,Bacteraemia,ace,accepted_present,One distinct genomic locus meets >=80% identity and >=80% reference coverage,ace,WP_010714416,CP174914.1,876518.0,878542.0,+,94.81632541396688,100.0,1,accepted_present,1,unchanged_B3_status
GCA_050482265.1,Bacteraemia,aggregation_substance_family_detected,accepted_present,At least one accepted aggregation-substance-family locus detected,EF0149,WP_011109430,CP174915.1,13147,17046,+,95.077,99.5405819295559,2,accepted_present,2,approved_broad_aggregation_substance_family_rule
GCA_050482265.1,Bacteraemia,asa1_specific,review_required,Accepted-threshold asa1 query match is better supported by a related aggregation-substance reference,asa1,WP_010785625,CP174914.1,280096,283988,+,93.37354225352112,80.10794140323824,2,accepted_present,0,approved_competitive_best_reference_rule
GCA_050482265.1,Bacteraemia,cylA,not_detected,No candidate met a retained detection-status threshold,,,,,,,,,0,not_detected,0,unchanged_B3_status
GCA_050482265.1,Bacteraemia,ebpA,accepted_present,One distinct genomic locus meets >=80% identity and >=80% reference coverage,ebpA,WP_154081516,CP174914.1,865710.0,869174.0,+,99.913,100.0,1,accepted_present,1,unchanged_B3_status
GCA_050482265.1,Bacteraemia,ebpB,accepted_present,One distinct genomic locus meets >=80% identity and >=80% reference coverage,ebpB,WP_002379309,CP174914.1,869178.0,870608.0,+,100.0,100.0,1,accepted_present,1,unchanged_B3_status
GCA_050482265.1,Bacteraemia,ebpC,accepted_present,One distinct genomic locus meets >=80% identity and >=80% reference coverage,ebpC,WP_011109477,CP174914.1,870605.0,872488.0,+,99.682,100.0,1,accepted_present,1,unchanged_B3_status
GCA_050482265.1,Bacteraemia,efaA,accepted_present,One distinct genomic locus meets >=80% identity and >=80% reference coverage,efaA,WP_002356954,CP174914.1,1822384.0,1823310.0,+,99.892,100.0,2,accepted_present,1,unchanged_B3_status
GCA_050482265.1,Bacteraemia,esp,not_detected,No candidate met a retained detection-status threshold,,,,,,,,,0,not_detected,0,unchanged_B3_status
GCA_050482265.1,Bacteraemia,gelE,accepted_present,One distinct genomic locus meets >=80% identity and >=80% reference coverage,gelE,WP_002369251,CP174914.1,1582246.0,1583778.0,-,100.0,100.0,1,accepted_present,1,unchanged_B3_status
GCA_050482265.1,Bacteraemia,sprE,accepted_present,One distinct genomic locus meets >=80% identity and >=80% reference coverage,sprE,WP_002369252,CP174914.1,1581343.0,1582197.0,-,100.0,100.0,1,accepted_present,1,unchanged_B3_status
GCA_050485045.1,Bacteraemia,ace,accepted_present,One distinct genomic locus meets >=80% identity and >=80% reference coverage,ace,WP_010714416,CP174869.1,1649697.0,1651721.0,-,94.81632541396688,100.0,1,accepted_present,1,unchanged_B3_status
GCA_050485045.1,Bacteraemia,aggregation_substance_family_detected,accepted_present,At least one accepted aggregation-substance-family locus detected,EF0149,WP_011109430,CP174868.1,16723,20622,+,95.697,99.5405819295559,3,accepted_present,3,approved_broad_aggregation_substance_family_rule
GCA_050485045.1,Bacteraemia,asa1_specific,review_required,Accepted-threshold asa1 query match is better supported by a related aggregation-substance reference,asa1,WP_010785625,CP174869.1,2326500,2330392,-,93.37354225352112,80.10794140323824,3,accepted_present,0,approved_competitive_best_reference_rule
GCA_050485045.1,Bacteraemia,cylA,not_detected,No candidate met a retained detection-status threshold,,,,,,,,,0,not_detected,0,unchanged_B3_status
GCA_050485045.1,Bacteraemia,ebpA,accepted_present,One distinct genomic locus meets >=80% identity and >=80% reference coverage,ebpA,WP_154081516,CP174869.1,1659065.0,1662529.0,-,99.913,100.0,1,accepted_present,1,unchanged_B3_status
GCA_050485045.1,Bacteraemia,ebpB,accepted_present,One distinct genomic locus meets >=80% identity and >=80% reference coverage,ebpB,WP_002379309,CP174869.1,1657631.0,1659061.0,-,100.0,100.0,1,accepted_present,1,unchanged_B3_status
GCA_050485045.1,Bacteraemia,ebpC,accepted_present,One distinct genomic locus meets >=80% identity and >=80% reference coverage,ebpC,WP_011109477,CP174869.1,1655751.0,1657634.0,-,99.682,100.0,1,accepted_present,1,unchanged_B3_status
GCA_050485045.1,Bacteraemia,efaA,accepted_present,One distinct genomic locus meets >=80% identity and >=80% reference coverage,efaA,WP_002356954,CP174869.1,746127.0,747053.0,-,99.892,100.0,2,accepted_present,1,unchanged_B3_status
GCA_050485045.1,Bacteraemia,esp,not_detected,No candidate met a retained detection-status threshold,,,,,,,,,0,not_detected,0,unchanged_B3_status
GCA_050485045.1,Bacteraemia,gelE,accepted_present,One distinct genomic locus meets >=80% identity and >=80% reference coverage,gelE,WP_002369251,CP174869.1,944462.0,945994.0,+,100.0,100.0,1,accepted_present,1,unchanged_B3_status
GCA_050485045.1,Bacteraemia,sprE,accepted_present,One distinct genomic locus meets >=80% identity and >=80% reference coverage,sprE,WP_002369252,CP174869.1,946043.0,946897.0,+,100.0,100.0,1,accepted_present,1,unchanged_B3_status
GCA_050485055.1,Bacteraemia,ace,accepted_present,One distinct genomic locus meets >=80% identity and >=80% reference coverage,ace,WP_010714416,CP174864.1,1131673.0,1133697.0,+,93.59257307415406,100.0,1,accepted_present,1,unchanged_B3_status
GCA_050485055.1,Bacteraemia,aggregation_substance_family_detected,accepted_present,At least one accepted aggregation-substance-family locus detected,EF0485,WP_010710127,CP174864.1,456377,460069,+,98.403,94.28279734558448,3,flagged_partial,3,approved_broad_aggregation_substance_family_rule
GCA_050485055.1,Bacteraemia,asa1_specific,flagged_partial,Identity is >=80% but reference coverage is 50-<80%,asa1,WP_010785625,CP174860.1,1,3769,+,95.05231618610748,78.38601901824724,3,flagged_partial,0,approved_competitive_best_reference_rule
GCA_050485055.1,Bacteraemia,cylA,not_detected,No candidate met a retained detection-status threshold,,,,,,,,,0,not_detected,0,unchanged_B3_status
GCA_050485055.1,Bacteraemia,ebpA,accepted_present,One distinct genomic locus meets >=80% identity and >=80% reference coverage,ebpA,WP_154081516,CP174864.1,1120864.0,1124328.0,+,99.509,100.0,1,accepted_present,1,unchanged_B3_status
GCA_050485055.1,Bacteraemia,ebpB,accepted_present,One distinct genomic locus meets >=80% identity and >=80% reference coverage,ebpB,WP_002379309,CP174864.1,1124332.0,1125762.0,+,99.441,100.0,1,accepted_present,1,unchanged_B3_status
GCA_050485055.1,Bacteraemia,ebpC,accepted_present,One distinct genomic locus meets >=80% identity and >=80% reference coverage,ebpC,WP_011109477,CP174864.1,1125759.0,1127642.0,+,99.363,100.0,1,accepted_present,1,unchanged_B3_status
GCA_050485055.1,Bacteraemia,efaA,accepted_present,One distinct genomic locus meets >=80% identity and >=80% reference coverage,efaA,WP_002356954,CP174864.1,2032520.0,2033446.0,+,99.676,100.0,2,accepted_present,1,unchanged_B3_status
GCA_050485055.1,Bacteraemia,esp,not_detected,No candidate met a retained detection-status threshold,,,,,,,,,0,not_detected,0,unchanged_B3_status
GCA_050485055.1,Bacteraemia,gelE,accepted_present,One distinct genomic locus meets >=80% identity and >=80% reference coverage,gelE,WP_002369251,CP174864.1,1836178.0,1837710.0,-,100.0,100.0,1,accepted_present,1,unchanged_B3_status
GCA_050485055.1,Bacteraemia,sprE,accepted_present,One distinct genomic locus meets >=80% identity and >=80% reference coverage,sprE,WP_002369252,CP174864.1,1835275.0,1836129.0,-,100.0,100.0,1,accepted_present,1,unchanged_B3_status
GCA_050485625.1,Bacteraemia,ace,accepted_present,One distinct genomic locus meets >=80% identity and >=80% reference coverage,ace,WP_010714416,CP174859.1,1633107.0,1635131.0,-,94.81632541396688,100.0,1,accepted_present,1,unchanged_B3_status
GCA_050485625.1,Bacteraemia,aggregation_substance_family_detected,accepted_present,At least one accepted aggregation-substance-family locus detected,EF0485,WP_010710127,CP174859.1,2237238,2241131,-,94.67,100.0,1,accepted_present,1,approved_broad_aggregation_substance_family_rule
GCA_050485625.1,Bacteraemia,asa1_specific,review_required,Accepted-threshold asa1 query match is better supported by a related aggregation-substance reference,asa1,WP_010785625,CP174859.1,2237238,2241130,-,93.37354225352112,80.10794140323824,1,accepted_present,0,approved_competitive_best_reference_rule
GCA_050485625.1,Bacteraemia,cylA,not_detected,No candidate met a retained detection-status threshold,,,,,,,,,0,not_detected,0,unchanged_B3_status
GCA_050485625.1,Bacteraemia,ebpA,accepted_present,One distinct genomic locus meets >=80% identity and >=80% reference coverage,ebpA,WP_154081516,CP174859.1,1642475.0,1645939.0,-,99.913,100.0,1,accepted_present,1,unchanged_B3_status
GCA_050485625.1,Bacteraemia,ebpB,accepted_present,One distinct genomic locus meets >=80% identity and >=80% reference coverage,ebpB,WP_002379309,CP174859.1,1641041.0,1642471.0,-,100.0,100.0,1,accepted_present,1,unchanged_B3_status
GCA_050485625.1,Bacteraemia,ebpC,accepted_present,One distinct genomic locus meets >=80% identity and >=80% reference coverage,ebpC,WP_011109477,CP174859.1,1639161.0,1641044.0,-,99.682,100.0,1,accepted_present,1,unchanged_B3_status
GCA_050485625.1,Bacteraemia,efaA,accepted_present,One distinct genomic locus meets >=80% identity and >=80% reference coverage,efaA,WP_002356954,CP174859.1,689687.0,690613.0,-,99.892,100.0,2,accepted_present,1,unchanged_B3_status
GCA_050485625.1,Bacteraemia,esp,not_detected,No candidate met a retained detection-status threshold,,,,,,,,,0,not_detected,0,unchanged_B3_status
GCA_050485625.1,Bacteraemia,gelE,accepted_present,One distinct genomic locus meets >=80% identity and >=80% reference coverage,gelE,WP_002369251,CP174859.1,927911.0,929443.0,+,100.0,100.0,1,accepted_present,1,unchanged_B3_status
GCA_050485625.1,Bacteraemia,sprE,accepted_present,One distinct genomic locus meets >=80% identity and >=80% reference coverage,sprE,WP_002369252,CP174859.1,929492.0,930346.0,+,100.0,100.0,1,accepted_present,1,unchanged_B3_status
GCA_050485635.1,Bacteraemia,ace,accepted_present,One distinct genomic locus meets >=80% identity and >=80% reference coverage,ace,WP_010714416,CP174856.1,1107573.0,1109597.0,+,93.49629949604032,100.0,1,accepted_present,1,unchanged_B3_status
GCA_050485635.1,Bacteraemia,aggregation_substance_family_detected,accepted_present,At least one accepted aggregation-substance-family locus detected,EF0485,WP_010710127,CP174856.1,502681,506599,+,97.092,100.0,1,accepted_present,1,approved_broad_aggregation_substance_family_rule
GCA_050485635.1,Bacteraemia,asa1_specific,review_required,Accepted-threshold asa1 query match is better supported by a related aggregation-substance reference,asa1,WP_010785625,CP174856.1,502682,506599,+,94.2665797565663,80.10794140323824,1,accepted_present,0,approved_competitive_best_reference_rule
GCA_050485635.1,Bacteraemia,cylA,not_detected,No candidate met a retained detection-status threshold,,,,,,,,,0,not_detected,0,unchanged_B3_status
GCA_050485635.1,Bacteraemia,ebpA,accepted_present,One distinct genomic locus meets >=80% identity and >=80% reference coverage,ebpA,WP_154081516,CP174856.1,1096765.0,1100229.0,+,99.365,100.0,1,accepted_present,1,unchanged_B3_status
GCA_050485635.1,Bacteraemia,ebpB,accepted_present,One distinct genomic locus meets >=80% identity and >=80% reference coverage,ebpB,WP_002379309,CP174856.1,1100233.0,1101663.0,+,99.371,100.0,1,accepted_present,1,unchanged_B3_status
GCA_050485635.1,Bacteraemia,ebpC,accepted_present,One distinct genomic locus meets >=80% identity and >=80% reference coverage,ebpC,WP_011109477,CP174856.1,1101660.0,1103543.0,+,99.045,100.0,1,accepted_present,1,unchanged_B3_status
GCA_050485635.1,Bacteraemia,efaA,accepted_present,One distinct genomic locus meets >=80% identity and >=80% reference coverage,efaA,WP_002356954,CP174856.1,2049566.0,2050492.0,+,99.676,100.0,2,accepted_present,1,unchanged_B3_status
GCA_050485635.1,Bacteraemia,esp,not_detected,No candidate met a retained detection-status threshold,,,,,,,,,0,not_detected,0,unchanged_B3_status
GCA_050485635.1,Bacteraemia,gelE,accepted_present,One distinct genomic locus meets >=80% identity and >=80% reference coverage,gelE,WP_002369251,CP174856.1,1812081.0,1813613.0,-,100.0,100.0,1,accepted_present,1,unchanged_B3_status
GCA_050485635.1,Bacteraemia,sprE,accepted_present,One distinct genomic locus meets >=80% identity and >=80% reference coverage,sprE,WP_002369252,CP174856.1,1811178.0,1812032.0,-,100.0,100.0,1,accepted_present,1,unchanged_B3_status
GCA_050486705.1,Bacteraemia,ace,accepted_present,One distinct genomic locus meets >=80% identity and >=80% reference coverage,ace,WP_010714416,CP174842.1,2888090.0,2890114.0,-,93.29633904027008,100.0,1,accepted_present,1,unchanged_B3_status
GCA_050486705.1,Bacteraemia,aggregation_substance_family_detected,accepted_present,At least one accepted aggregation-substance-family locus detected,asa1,WP_010785625,CP174840.1,123324,127214,+,98.047,100.0,4,accepted_present,1,approved_broad_aggregation_substance_family_rule
GCA_050486705.1,Bacteraemia,asa1_specific,accepted_present,Explicit asa1 reference is the competitive best match at at least one accepted locus,asa1,WP_010785625,CP174840.1,123324,127214,+,98.047,100.0,3,accepted_present,1,approved_competitive_best_reference_rule
GCA_050486705.1,Bacteraemia,cylA,accepted_present,One distinct genomic locus meets >=80% identity and >=80% reference coverage,cylA,AAM75253,CP174840.1,26404.0,27642.0,+,99.516,100.0,1,accepted_present,1,unchanged_B3_status
GCA_050486705.1,Bacteraemia,ebpA,accepted_present,One distinct genomic locus meets >=80% identity and >=80% reference coverage,ebpA,WP_154081516,CP174842.1,2930000.0,2933464.0,-,99.481,100.0,1,accepted_present,1,unchanged_B3_status
GCA_050486705.1,Bacteraemia,ebpB,accepted_present,One distinct genomic locus meets >=80% identity and >=80% reference coverage,ebpB,WP_002379309,CP174842.1,2928566.0,2929996.0,-,99.371,100.0,1,accepted_present,1,unchanged_B3_status
GCA_050486705.1,Bacteraemia,ebpC,accepted_present,One distinct genomic locus meets >=80% identity and >=80% reference coverage,ebpC,WP_011109477,CP174842.1,2926686.0,2928569.0,-,99.045,100.0,1,accepted_present,1,unchanged_B3_status
GCA_050486705.1,Bacteraemia,efaA,accepted_present,One distinct genomic locus meets >=80% identity and >=80% reference coverage,efaA,WP_002356954,CP174842.1,2043239.0,2044165.0,-,99.569,100.0,2,accepted_present,1,unchanged_B3_status
GCA_050486705.1,Bacteraemia,esp,accepted_present,One distinct genomic locus meets >=80% identity and >=80% reference coverage,esp,AAD09858,CP174842.1,527194.0,532317.0,-,96.0511720250522,100.0,1,accepted_present,1,unchanged_B3_status
GCA_050486705.1,Bacteraemia,gelE,accepted_present,One distinct genomic locus meets >=80% identity and >=80% reference coverage,gelE,WP_002369251,CP174842.1,2224459.0,2225991.0,+,98.761,100.0,1,accepted_present,1,unchanged_B3_status
GCA_050486705.1,Bacteraemia,sprE,accepted_present,One distinct genomic locus meets >=80% identity and >=80% reference coverage,sprE,WP_002369252,CP174842.1,2226040.0,2226894.0,+,98.83,100.0,1,accepted_present,1,unchanged_B3_status
GCA_050486715.1,Bacteraemia,ace,accepted_present,One distinct genomic locus meets >=80% identity and >=80% reference coverage,ace,WP_010714416,CP174839.1,978780.0,980663.0,+,93.99111649659864,100.0,1,accepted_present,1,unchanged_B3_status
GCA_050486715.1,Bacteraemia,aggregation_substance_family_detected,accepted_present,At least one accepted aggregation-substance-family locus detected,EF0485,WP_010710127,CP174839.1,370682,374599,+,96.299,100.0,1,accepted_present,1,approved_broad_aggregation_substance_family_rule
GCA_050486715.1,Bacteraemia,asa1_specific,review_required,Accepted-threshold asa1 query match is better supported by a related aggregation-substance reference,asa1,WP_010785625,CP174839.1,370683,374599,+,94.5526600448574,80.10794140323824,1,accepted_present,0,approved_competitive_best_reference_rule
GCA_050486715.1,Bacteraemia,cylA,accepted_present,One distinct genomic locus meets >=80% identity and >=80% reference coverage,cylA,AAM75253,CP174839.1,410766.0,412004.0,+,99.839,100.0,1,accepted_present,1,unchanged_B3_status
GCA_050486715.1,Bacteraemia,ebpA,accepted_present,One distinct genomic locus meets >=80% identity and >=80% reference coverage,ebpA,WP_154081516,CP174839.1,964777.0,968241.0,+,99.538,100.0,1,accepted_present,1,unchanged_B3_status
GCA_050486715.1,Bacteraemia,ebpB,accepted_present,One distinct genomic locus meets >=80% identity and >=80% reference coverage,ebpB,WP_002379309,CP174839.1,968245.0,969675.0,+,99.441,100.0,1,accepted_present,1,unchanged_B3_status
GCA_050486715.1,Bacteraemia,ebpC,accepted_present,One distinct genomic locus meets >=80% identity and >=80% reference coverage,ebpC,WP_011109477,CP174839.1,969672.0,971555.0,+,99.363,100.0,1,accepted_present,1,unchanged_B3_status
GCA_050486715.1,Bacteraemia,efaA,accepted_present,One distinct genomic locus meets >=80% identity and >=80% reference coverage,efaA,WP_002356954,CP174839.1,1785613.0,1786539.0,+,99.676,100.0,2,accepted_present,1,unchanged_B3_status
GCA_050486715.1,Bacteraemia,esp,not_detected,No candidate met a retained detection-status threshold,,,,,,,,,0,not_detected,0,unchanged_B3_status
GCA_050486715.1,Bacteraemia,gelE,not_detected,No candidate met a retained detection-status threshold,,,,,,,,,0,not_detected,0,unchanged_B3_status
GCA_050486715.1,Bacteraemia,sprE,not_detected,No candidate met a retained detection-status threshold,,,,,,,,,0,not_detected,0,unchanged_B3_status
GCA_050491675.1,Bacteraemia,ace,accepted_present,One distinct genomic locus meets >=80% identity and >=80% reference coverage,ace,WP_010714416,CP175116.1,937885.0,939768.0,+,93.81397947295424,100.0,1,accepted_present,1,unchanged_B3_status
GCA_050491675.1,Bacteraemia,aggregation_substance_family_detected,accepted_present,At least one accepted aggregation-substance-family locus detected,asa1,WP_010785625,CP175117.1,2870,6760,+,97.353,100.0,2,ambiguous_multiple_hit,2,approved_broad_aggregation_substance_family_rule
GCA_050491675.1,Bacteraemia,asa1_specific,accepted_present,Explicit asa1 reference is the competitive best match at at least one accepted locus,asa1,WP_010785625,CP175117.1,2870,6760,+,97.353,100.0,2,ambiguous_multiple_hit,1,approved_competitive_best_reference_rule
GCA_050491675.1,Bacteraemia,cylA,not_detected,No candidate met a retained detection-status threshold,,,,,,,,,0,not_detected,0,unchanged_B3_status
GCA_050491675.1,Bacteraemia,ebpA,accepted_present,One distinct genomic locus meets >=80% identity and >=80% reference coverage,ebpA,WP_154081516,CP175116.1,926829.0,930293.0,+,99.481,100.0,1,accepted_present,1,unchanged_B3_status
GCA_050491675.1,Bacteraemia,ebpB,accepted_present,One distinct genomic locus meets >=80% identity and >=80% reference coverage,ebpB,WP_002379309,CP175116.1,930297.0,931727.0,+,99.371,100.0,1,accepted_present,1,unchanged_B3_status
GCA_050491675.1,Bacteraemia,ebpC,accepted_present,One distinct genomic locus meets >=80% identity and >=80% reference coverage,ebpC,WP_011109477,CP175116.1,931724.0,933607.0,+,99.363,100.0,1,accepted_present,1,unchanged_B3_status
GCA_050491675.1,Bacteraemia,efaA,accepted_present,One distinct genomic locus meets >=80% identity and >=80% reference coverage,efaA,WP_002356954,CP175116.1,1774138.0,1775064.0,+,99.676,100.0,2,accepted_present,1,unchanged_B3_status
GCA_050491675.1,Bacteraemia,esp,not_detected,No candidate met a retained detection-status threshold,,,,,,,,,0,not_detected,0,unchanged_B3_status
GCA_050491675.1,Bacteraemia,gelE,not_detected,No candidate met a retained detection-status threshold,,,,,,,,,0,not_detected,0,unchanged_B3_status
GCA_050491675.1,Bacteraemia,sprE,not_detected,No candidate met a retained detection-status threshold,,,,,,,,,0,not_detected,0,unchanged_B3_status
GCA_050491685.1,Bacteraemia,ace,accepted_present,One distinct genomic locus meets >=80% identity and >=80% reference coverage,ace,WP_010714416,CP175113.1,937885.0,939768.0,+,93.81397947295424,100.0,1,accepted_present,1,unchanged_B3_status
GCA_050491685.1,Bacteraemia,aggregation_substance_family_detected,accepted_present,At least one accepted aggregation-substance-family locus detected,asa1,WP_010785625,CP175114.1,4136,8026,+,97.353,100.0,2,ambiguous_multiple_hit,2,approved_broad_aggregation_substance_family_rule
GCA_050491685.1,Bacteraemia,asa1_specific,accepted_present,Explicit asa1 reference is the competitive best match at at least one accepted locus,asa1,WP_010785625,CP175114.1,4136,8026,+,97.353,100.0,2,ambiguous_multiple_hit,1,approved_competitive_best_reference_rule
GCA_050491685.1,Bacteraemia,cylA,not_detected,No candidate met a retained detection-status threshold,,,,,,,,,0,not_detected,0,unchanged_B3_status
GCA_050491685.1,Bacteraemia,ebpA,accepted_present,One distinct genomic locus meets >=80% identity and >=80% reference coverage,ebpA,WP_154081516,CP175113.1,926829.0,930293.0,+,99.481,100.0,1,accepted_present,1,unchanged_B3_status
GCA_050491685.1,Bacteraemia,ebpB,accepted_present,One distinct genomic locus meets >=80% identity and >=80% reference coverage,ebpB,WP_002379309,CP175113.1,930297.0,931727.0,+,99.371,100.0,1,accepted_present,1,unchanged_B3_status
GCA_050491685.1,Bacteraemia,ebpC,accepted_present,One distinct genomic locus meets >=80% identity and >=80% reference coverage,ebpC,WP_011109477,CP175113.1,931724.0,933607.0,+,99.363,100.0,1,accepted_present,1,unchanged_B3_status
GCA_050491685.1,Bacteraemia,efaA,accepted_present,One distinct genomic locus meets >=80% identity and >=80% reference coverage,efaA,WP_002356954,CP175113.1,1774138.0,1775064.0,+,99.676,100.0,2,accepted_present,1,unchanged_B3_status
GCA_050491685.1,Bacteraemia,esp,not_detected,No candidate met a retained detection-status threshold,,,,,,,,,0,not_detected,0,unchanged_B3_status
GCA_050491685.1,Bacteraemia,gelE,not_detected,No candidate met a retained detection-status threshold,,,,,,,,,0,not_detected,0,unchanged_B3_status
GCA_050491685.1,Bacteraemia,sprE,not_detected,No candidate met a retained detection-status threshold,,,,,,,,,0,not_detected,0,unchanged_B3_status
GCA_050492125.1,Bacteraemia,ace,accepted_present,One distinct genomic locus meets >=80% identity and >=80% reference coverage,ace,WP_010714416,CP175110.1,952720.0,954744.0,+,94.79255579553636,100.0,1,accepted_present,1,unchanged_B3_status
GCA_050492125.1,Bacteraemia,aggregation_substance_family_detected,accepted_present,At least one accepted aggregation-substance-family locus detected,EF0149,WP_011109430,CP175110.1,185943,189860,+,99.77,100.0,3,accepted_present,3,approved_broad_aggregation_substance_family_rule
GCA_050492125.1,Bacteraemia,asa1_specific,review_required,Accepted-threshold asa1 query match is better supported by a related aggregation-substance reference,asa1,WP_010785625,CP175110.1,451197,455089,+,93.37354225352112,80.10794140323824,3,accepted_present,0,approved_competitive_best_reference_rule
GCA_050492125.1,Bacteraemia,cylA,accepted_present,One distinct genomic locus meets >=80% identity and >=80% reference coverage,cylA,AAM75253,CP175112.1,18947.0,20185.0,+,99.839,100.0,1,accepted_present,1,unchanged_B3_status
GCA_050492125.1,Bacteraemia,ebpA,accepted_present,One distinct genomic locus meets >=80% identity and >=80% reference coverage,ebpA,WP_154081516,CP175110.1,941912.0,945376.0,+,99.942,100.0,1,accepted_present,1,unchanged_B3_status
GCA_050492125.1,Bacteraemia,ebpB,accepted_present,One distinct genomic locus meets >=80% identity and >=80% reference coverage,ebpB,WP_002379309,CP175110.1,945380.0,946810.0,+,100.0,100.0,1,accepted_present,1,unchanged_B3_status
GCA_050492125.1,Bacteraemia,ebpC,accepted_present,One distinct genomic locus meets >=80% identity and >=80% reference coverage,ebpC,WP_011109477,CP175110.1,946807.0,948690.0,+,99.682,100.0,1,accepted_present,1,unchanged_B3_status
GCA_050492125.1,Bacteraemia,efaA,accepted_present,One distinct genomic locus meets >=80% identity and >=80% reference coverage,efaA,WP_002356954,CP175110.1,1852849.0,1853775.0,+,99.892,100.0,1,accepted_present,1,unchanged_B3_status
GCA_050492125.1,Bacteraemia,esp,not_detected,No candidate met a retained detection-status threshold,,,,,,,,,0,not_detected,0,unchanged_B3_status
GCA_050492125.1,Bacteraemia,gelE,accepted_present,One distinct genomic locus meets >=80% identity and >=80% reference coverage,gelE,WP_002369251,CP175110.1,1656583.0,1658115.0,-,100.0,100.0,1,accepted_present,1,unchanged_B3_status
GCA_050492125.1,Bacteraemia,sprE,accepted_present,One distinct genomic locus meets >=80% identity and >=80% reference coverage,sprE,WP_002369252,CP175110.1,1655680.0,1656534.0,-,100.0,100.0,1,accepted_present,1,unchanged_B3_status
GCA_050492135.1,Bacteraemia,ace,accepted_present,One distinct genomic locus meets >=80% identity and >=80% reference coverage,ace,WP_010714416,CP175106.1,987322.0,989346.0,+,94.79255579553636,100.0,1,accepted_present,1,unchanged_B3_status
GCA_050492135.1,Bacteraemia,aggregation_substance_family_detected,accepted_present,At least one accepted aggregation-substance-family locus detected,EF0149,WP_011109430,CP175106.1,185943,189860,+,99.872,100.0,3,accepted_present,3,approved_broad_aggregation_substance_family_rule
GCA_050492135.1,Bacteraemia,asa1_specific,review_required,Accepted-threshold asa1 query match is better supported by a related aggregation-substance reference,asa1,WP_010785625,CP175106.1,451197,455089,+,93.37354225352112,80.10794140323824,3,accepted_present,0,approved_competitive_best_reference_rule
GCA_050492135.1,Bacteraemia,cylA,accepted_present,One distinct genomic locus meets >=80% identity and >=80% reference coverage,cylA,AAM75253,CP175108.1,12237.0,13475.0,+,99.839,100.0,1,accepted_present,1,unchanged_B3_status
GCA_050492135.1,Bacteraemia,ebpA,accepted_present,One distinct genomic locus meets >=80% identity and >=80% reference coverage,ebpA,WP_154081516,CP175106.1,976514.0,979978.0,+,99.942,100.0,1,accepted_present,1,unchanged_B3_status
GCA_050492135.1,Bacteraemia,ebpB,accepted_present,One distinct genomic locus meets >=80% identity and >=80% reference coverage,ebpB,WP_002379309,CP175106.1,979982.0,981412.0,+,100.0,100.0,1,accepted_present,1,unchanged_B3_status
GCA_050492135.1,Bacteraemia,ebpC,accepted_present,One distinct genomic locus meets >=80% identity and >=80% reference coverage,ebpC,WP_011109477,CP175106.1,981409.0,983292.0,+,99.682,100.0,1,accepted_present,1,unchanged_B3_status
GCA_050492135.1,Bacteraemia,efaA,accepted_present,One distinct genomic locus meets >=80% identity and >=80% reference coverage,efaA,WP_002356954,CP175106.1,1887451.0,1888377.0,+,99.892,100.0,1,accepted_present,1,unchanged_B3_status
GCA_050492135.1,Bacteraemia,esp,not_detected,No candidate met a retained detection-status threshold,,,,,,,,,0,not_detected,0,unchanged_B3_status
GCA_050492135.1,Bacteraemia,gelE,accepted_present,One distinct genomic locus meets >=80% identity and >=80% reference coverage,gelE,WP_002369251,CP175106.1,1691185.0,1692717.0,-,100.0,100.0,1,accepted_present,1,unchanged_B3_status
GCA_050492135.1,Bacteraemia,sprE,accepted_present,One distinct genomic locus meets >=80% identity and >=80% reference coverage,sprE,WP_002369252,CP175106.1,1690282.0,1691136.0,-,100.0,100.0,1,accepted_present,1,unchanged_B3_status
GCA_050505635.1,Bacteraemia,ace,accepted_present,One distinct genomic locus meets >=80% identity and >=80% reference coverage,ace,WP_010714416,CP175162.1,1408669.0,1410552.0,-,93.99111649659862,100.0,1,accepted_present,1,unchanged_B3_status
GCA_050505635.1,Bacteraemia,aggregation_substance_family_detected,accepted_present,At least one accepted aggregation-substance-family locus detected,EF0485,WP_010710127,CP175162.1,2057430,2061347,-,100.0,100.0,1,accepted_present,1,approved_broad_aggregation_substance_family_rule
GCA_050505635.1,Bacteraemia,asa1_specific,review_required,Accepted-threshold asa1 query match is better supported by a related aggregation-substance reference,asa1,WP_010785625,CP175162.1,2057430,2061346,-,93.59147644985582,80.10794140323824,1,accepted_present,0,approved_competitive_best_reference_rule
GCA_050505635.1,Bacteraemia,cylA,accepted_present,One distinct genomic locus meets >=80% identity and >=80% reference coverage,cylA,AAM75253,CP175162.1,2020025.0,2021263.0,-,99.839,100.0,2,accepted_present,1,unchanged_B3_status
GCA_050505635.1,Bacteraemia,ebpA,accepted_present,One distinct genomic locus meets >=80% identity and >=80% reference coverage,ebpA,WP_154081516,CP175162.1,1421091.0,1424555.0,-,99.538,100.0,1,accepted_present,1,unchanged_B3_status
GCA_050505635.1,Bacteraemia,ebpB,accepted_present,One distinct genomic locus meets >=80% identity and >=80% reference coverage,ebpB,WP_002379309,CP175162.1,1419657.0,1421087.0,-,99.441,100.0,1,accepted_present,1,unchanged_B3_status
GCA_050505635.1,Bacteraemia,ebpC,accepted_present,One distinct genomic locus meets >=80% identity and >=80% reference coverage,ebpC,WP_011109477,CP175162.1,1417777.0,1419660.0,-,99.363,100.0,1,accepted_present,1,unchanged_B3_status
GCA_050505635.1,Bacteraemia,efaA,accepted_present,One distinct genomic locus meets >=80% identity and >=80% reference coverage,efaA,WP_002356954,CP175162.1,575798.0,576724.0,-,99.676,100.0,2,accepted_present,1,unchanged_B3_status
GCA_050505635.1,Bacteraemia,esp,accepted_present,One distinct genomic locus meets >=80% identity and >=80% reference coverage,esp,AAD09858,CP175162.1,2008756.0,2014377.0,-,96.83420225532797,100.0,1,accepted_present,1,unchanged_B3_status
GCA_050505635.1,Bacteraemia,gelE,not_detected,No candidate met a retained detection-status threshold,,,,,,,,,0,not_detected,0,unchanged_B3_status
GCA_050505635.1,Bacteraemia,sprE,not_detected,No candidate met a retained detection-status threshold,,,,,,,,,0,not_detected,0,unchanged_B3_status
GCA_050505645.1,Bacteraemia,ace,accepted_present,One distinct genomic locus meets >=80% identity and >=80% reference coverage,ace,WP_010714416,CP175163.1,53825.0,55708.0,+,93.99111649659864,100.0,1,accepted_present,1,unchanged_B3_status
GCA_050505645.1,Bacteraemia,aggregation_substance_family_detected,accepted_present,At least one accepted aggregation-substance-family locus detected,EF0485,WP_010710127,CP175163.1,2276556,2280473,+,100.0,100.0,1,accepted_present,1,approved_broad_aggregation_substance_family_rule
GCA_050505645.1,Bacteraemia,asa1_specific,review_required,Accepted-threshold asa1 query match is better supported by a related aggregation-substance reference,asa1,WP_010785625,CP175163.1,2276557,2280473,+,93.59147644985582,80.10794140323824,1,accepted_present,0,approved_competitive_best_reference_rule
GCA_050505645.1,Bacteraemia,cylA,accepted_present,One distinct genomic locus meets >=80% identity and >=80% reference coverage,cylA,AAM75253,CP175163.1,2316640.0,2317878.0,+,99.839,100.0,2,accepted_present,1,unchanged_B3_status
GCA_050505645.1,Bacteraemia,ebpA,accepted_present,One distinct genomic locus meets >=80% identity and >=80% reference coverage,ebpA,WP_154081516,CP175163.1,39822.0,43286.0,+,99.538,100.0,1,accepted_present,1,unchanged_B3_status
GCA_050505645.1,Bacteraemia,ebpB,accepted_present,One distinct genomic locus meets >=80% identity and >=80% reference coverage,ebpB,WP_002379309,CP175163.1,43290.0,44720.0,+,99.441,100.0,1,accepted_present,1,unchanged_B3_status
GCA_050505645.1,Bacteraemia,ebpC,accepted_present,One distinct genomic locus meets >=80% identity and >=80% reference coverage,ebpC,WP_011109477,CP175163.1,44717.0,46600.0,+,99.363,100.0,1,accepted_present,1,unchanged_B3_status
GCA_050505645.1,Bacteraemia,efaA,accepted_present,One distinct genomic locus meets >=80% identity and >=80% reference coverage,efaA,WP_002356954,CP175163.1,887653.0,888579.0,+,99.676,100.0,2,accepted_present,1,unchanged_B3_status
GCA_050505645.1,Bacteraemia,esp,accepted_present,One distinct genomic locus meets >=80% identity and >=80% reference coverage,esp,AAD09858,CP175163.1,2323526.0,2329147.0,+,96.83420225532797,100.0,1,accepted_present,1,unchanged_B3_status
GCA_050505645.1,Bacteraemia,gelE,not_detected,No candidate met a retained detection-status threshold,,,,,,,,,0,not_detected,0,unchanged_B3_status
GCA_050505645.1,Bacteraemia,sprE,not_detected,No candidate met a retained detection-status threshold,,,,,,,,,0,not_detected,0,unchanged_B3_status
GCA_050506665.1,Bacteraemia,ace,accepted_present,One distinct genomic locus meets >=80% identity and >=80% reference coverage,ace,WP_010714416,CP175301.1,1019485.0,1021368.0,+,93.99111649659864,100.0,1,accepted_present,1,unchanged_B3_status
GCA_050506665.1,Bacteraemia,aggregation_substance_family_detected,accepted_present,At least one accepted aggregation-substance-family locus detected,EF0485,WP_010710127,CP175301.1,367539,371456,+,100.0,100.0,1,accepted_present,1,approved_broad_aggregation_substance_family_rule
GCA_050506665.1,Bacteraemia,asa1_specific,review_required,Accepted-threshold asa1 query match is better supported by a related aggregation-substance reference,asa1,WP_010785625,CP175301.1,367540,371456,+,93.59147644985582,80.10794140323824,1,accepted_present,0,approved_competitive_best_reference_rule
GCA_050506665.1,Bacteraemia,cylA,accepted_present,One distinct genomic locus meets >=80% identity and >=80% reference coverage,cylA,AAM75253,CP175301.1,407623.0,408861.0,+,99.839,100.0,2,accepted_present,1,unchanged_B3_status
GCA_050506665.1,Bacteraemia,ebpA,accepted_present,One distinct genomic locus meets >=80% identity and >=80% reference coverage,ebpA,WP_154081516,CP175301.1,1005482.0,1008946.0,+,99.538,100.0,1,accepted_present,1,unchanged_B3_status
GCA_050506665.1,Bacteraemia,ebpB,accepted_present,One distinct genomic locus meets >=80% identity and >=80% reference coverage,ebpB,WP_002379309,CP175301.1,1008950.0,1010380.0,+,99.441,100.0,1,accepted_present,1,unchanged_B3_status
GCA_050506665.1,Bacteraemia,ebpC,accepted_present,One distinct genomic locus meets >=80% identity and >=80% reference coverage,ebpC,WP_011109477,CP175301.1,1010377.0,1012260.0,+,99.363,100.0,1,accepted_present,1,unchanged_B3_status
GCA_050506665.1,Bacteraemia,efaA,accepted_present,One distinct genomic locus meets >=80% identity and >=80% reference coverage,efaA,WP_002356954,CP175301.1,1844660.0,1845586.0,+,99.676,100.0,2,accepted_present,1,unchanged_B3_status
GCA_050506665.1,Bacteraemia,esp,accepted_present,One distinct genomic locus meets >=80% identity and >=80% reference coverage,esp,AAD09858,CP175301.1,414509.0,420130.0,+,96.83420225532797,100.0,1,accepted_present,1,unchanged_B3_status
GCA_050506665.1,Bacteraemia,gelE,not_detected,No candidate met a retained detection-status threshold,,,,,,,,,0,not_detected,0,unchanged_B3_status
GCA_050506665.1,Bacteraemia,sprE,not_detected,No candidate met a retained detection-status threshold,,,,,,,,,0,not_detected,0,unchanged_B3_status
GCA_050506675.1,Bacteraemia,ace,accepted_present,One distinct genomic locus meets >=80% identity and >=80% reference coverage,ace,WP_010714416,CP175300.1,1019485.0,1021368.0,+,93.99111649659864,100.0,1,accepted_present,1,unchanged_B3_status
GCA_050506675.1,Bacteraemia,aggregation_substance_family_detected,accepted_present,At least one accepted aggregation-substance-family locus detected,EF0485,WP_010710127,CP175300.1,367539,371456,+,100.0,100.0,1,accepted_present,1,approved_broad_aggregation_substance_family_rule
GCA_050506675.1,Bacteraemia,asa1_specific,review_required,Accepted-threshold asa1 query match is better supported by a related aggregation-substance reference,asa1,WP_010785625,CP175300.1,367540,371456,+,93.59147644985582,80.10794140323824,1,accepted_present,0,approved_competitive_best_reference_rule
GCA_050506675.1,Bacteraemia,cylA,accepted_present,One distinct genomic locus meets >=80% identity and >=80% reference coverage,cylA,AAM75253,CP175300.1,407623.0,408861.0,+,99.839,100.0,2,accepted_present,1,unchanged_B3_status
GCA_050506675.1,Bacteraemia,ebpA,accepted_present,One distinct genomic locus meets >=80% identity and >=80% reference coverage,ebpA,WP_154081516,CP175300.1,1005482.0,1008946.0,+,99.538,100.0,1,accepted_present,1,unchanged_B3_status
GCA_050506675.1,Bacteraemia,ebpB,accepted_present,One distinct genomic locus meets >=80% identity and >=80% reference coverage,ebpB,WP_002379309,CP175300.1,1008950.0,1010380.0,+,99.441,100.0,1,accepted_present,1,unchanged_B3_status
GCA_050506675.1,Bacteraemia,ebpC,accepted_present,One distinct genomic locus meets >=80% identity and >=80% reference coverage,ebpC,WP_011109477,CP175300.1,1010377.0,1012260.0,+,99.363,100.0,1,accepted_present,1,unchanged_B3_status
GCA_050506675.1,Bacteraemia,efaA,accepted_present,One distinct genomic locus meets >=80% identity and >=80% reference coverage,efaA,WP_002356954,CP175300.1,1844660.0,1845586.0,+,99.676,100.0,2,accepted_present,1,unchanged_B3_status
GCA_050506675.1,Bacteraemia,esp,accepted_present,One distinct genomic locus meets >=80% identity and >=80% reference coverage,esp,AAD09858,CP175300.1,414509.0,420130.0,+,96.83420225532797,100.0,1,accepted_present,1,unchanged_B3_status
GCA_050506675.1,Bacteraemia,gelE,not_detected,No candidate met a retained detection-status threshold,,,,,,,,,0,not_detected,0,unchanged_B3_status
GCA_050506675.1,Bacteraemia,sprE,not_detected,No candidate met a retained detection-status threshold,,,,,,,,,0,not_detected,0,unchanged_B3_status
GCA_050506685.1,Bacteraemia,ace,accepted_present,One distinct genomic locus meets >=80% identity and >=80% reference coverage,ace,WP_010714416,CP175298.1,1051415.0,1053298.0,+,93.99111649659864,100.0,1,accepted_present,1,unchanged_B3_status
GCA_050506685.1,Bacteraemia,aggregation_substance_family_detected,accepted_present,At least one accepted aggregation-substance-family locus detected,EF0485,WP_010710127,CP175298.1,399994,403911,+,100.0,100.0,2,accepted_present,2,approved_broad_aggregation_substance_family_rule
GCA_050506685.1,Bacteraemia,asa1_specific,review_required,Accepted-threshold asa1 query match is better supported by a related aggregation-substance reference,asa1,WP_010785625,CP175298.1,399995,403911,+,93.59147644985582,80.10794140323824,2,accepted_present,0,approved_competitive_best_reference_rule
GCA_050506685.1,Bacteraemia,cylA,accepted_present,One distinct genomic locus meets >=80% identity and >=80% reference coverage,cylA,AAM75253,CP175298.1,440079.0,441317.0,+,99.839,100.0,1,accepted_present,1,unchanged_B3_status
GCA_050506685.1,Bacteraemia,ebpA,accepted_present,One distinct genomic locus meets >=80% identity and >=80% reference coverage,ebpA,WP_154081516,CP175298.1,1037412.0,1040876.0,+,99.509,100.0,1,accepted_present,1,unchanged_B3_status
GCA_050506685.1,Bacteraemia,ebpB,accepted_present,One distinct genomic locus meets >=80% identity and >=80% reference coverage,ebpB,WP_002379309,CP175298.1,1040880.0,1042310.0,+,99.441,100.0,1,accepted_present,1,unchanged_B3_status
GCA_050506685.1,Bacteraemia,ebpC,accepted_present,One distinct genomic locus meets >=80% identity and >=80% reference coverage,ebpC,WP_011109477,CP175298.1,1042307.0,1044190.0,+,99.363,100.0,1,accepted_present,1,unchanged_B3_status
GCA_050506685.1,Bacteraemia,efaA,accepted_present,One distinct genomic locus meets >=80% identity and >=80% reference coverage,efaA,WP_002356954,CP175298.1,2034685.0,2035611.0,+,99.461,100.0,2,accepted_present,1,unchanged_B3_status
GCA_050506685.1,Bacteraemia,esp,accepted_present,One distinct genomic locus meets >=80% identity and >=80% reference coverage,esp,AAD09858,CP175298.1,446965.0,452586.0,+,96.83420225532797,100.0,1,accepted_present,1,unchanged_B3_status
GCA_050506685.1,Bacteraemia,gelE,accepted_present,One distinct genomic locus meets >=80% identity and >=80% reference coverage,gelE,WP_002369251,CP175298.1,1806878.0,1808410.0,-,98.89100000000002,100.0,1,accepted_present,1,unchanged_B3_status
GCA_050506685.1,Bacteraemia,sprE,accepted_present,One distinct genomic locus meets >=80% identity and >=80% reference coverage,sprE,WP_002369252,CP175298.1,1805975.0,1806829.0,-,98.48,100.0,1,accepted_present,1,unchanged_B3_status
GCA_050506695.1,Bacteraemia,ace,accepted_present,One distinct genomic locus meets >=80% identity and >=80% reference coverage,ace,WP_010714416,CP175296.1,1051415.0,1053298.0,+,93.99111649659864,100.0,1,accepted_present,1,unchanged_B3_status
GCA_050506695.1,Bacteraemia,aggregation_substance_family_detected,accepted_present,At least one accepted aggregation-substance-family locus detected,EF0485,WP_010710127,CP175296.1,399994,403911,+,100.0,100.0,2,accepted_present,2,approved_broad_aggregation_substance_family_rule
GCA_050506695.1,Bacteraemia,asa1_specific,review_required,Accepted-threshold asa1 query match is better supported by a related aggregation-substance reference,asa1,WP_010785625,CP175296.1,399995,403911,+,93.59147644985582,80.10794140323824,2,accepted_present,0,approved_competitive_best_reference_rule
GCA_050506695.1,Bacteraemia,cylA,accepted_present,One distinct genomic locus meets >=80% identity and >=80% reference coverage,cylA,AAM75253,CP175296.1,440079.0,441317.0,+,99.839,100.0,1,accepted_present,1,unchanged_B3_status
GCA_050506695.1,Bacteraemia,ebpA,accepted_present,One distinct genomic locus meets >=80% identity and >=80% reference coverage,ebpA,WP_154081516,CP175296.1,1037412.0,1040876.0,+,99.509,100.0,1,accepted_present,1,unchanged_B3_status
GCA_050506695.1,Bacteraemia,ebpB,accepted_present,One distinct genomic locus meets >=80% identity and >=80% reference coverage,ebpB,WP_002379309,CP175296.1,1040880.0,1042310.0,+,99.441,100.0,1,accepted_present,1,unchanged_B3_status
GCA_050506695.1,Bacteraemia,ebpC,accepted_present,One distinct genomic locus meets >=80% identity and >=80% reference coverage,ebpC,WP_011109477,CP175296.1,1042307.0,1044190.0,+,99.363,100.0,1,accepted_present,1,unchanged_B3_status
GCA_050506695.1,Bacteraemia,efaA,accepted_present,One distinct genomic locus meets >=80% identity and >=80% reference coverage,efaA,WP_002356954,CP175296.1,2034683.0,2035609.0,+,99.461,100.0,2,accepted_present,1,unchanged_B3_status
GCA_050506695.1,Bacteraemia,esp,accepted_present,One distinct genomic locus meets >=80% identity and >=80% reference coverage,esp,AAD09858,CP175296.1,446965.0,452586.0,+,96.83420225532797,100.0,1,accepted_present,1,unchanged_B3_status
GCA_050506695.1,Bacteraemia,gelE,accepted_present,One distinct genomic locus meets >=80% identity and >=80% reference coverage,gelE,WP_002369251,CP175296.1,1806876.0,1808408.0,-,98.89100000000002,100.0,1,accepted_present,1,unchanged_B3_status
GCA_050506695.1,Bacteraemia,sprE,accepted_present,One distinct genomic locus meets >=80% identity and >=80% reference coverage,sprE,WP_002369252,CP175296.1,1805973.0,1806827.0,-,98.48,100.0,1,accepted_present,1,unchanged_B3_status
GCA_050506725.1,Bacteraemia,ace,accepted_present,One distinct genomic locus meets >=80% identity and >=80% reference coverage,ace,WP_010714416,CP175283.1,885518.0,887542.0,+,93.24823510971788,100.0,1,accepted_present,1,unchanged_B3_status
GCA_050506725.1,Bacteraemia,aggregation_substance_family_detected,accepted_present,At least one accepted aggregation-substance-family locus detected,asa1,WP_010785625,CP175285.1,118238,122128,+,97.353,100.0,2,ambiguous_multiple_hit,2,approved_broad_aggregation_substance_family_rule
GCA_050506725.1,Bacteraemia,asa1_specific,accepted_present,Explicit asa1 reference is the competitive best match at at least one accepted locus,asa1,WP_010785625,CP175285.1,118238,122128,+,97.353,100.0,2,ambiguous_multiple_hit,2,approved_competitive_best_reference_rule
GCA_050506725.1,Bacteraemia,cylA,not_detected,No candidate met a retained detection-status threshold,,,,,,,,,0,not_detected,0,unchanged_B3_status
GCA_050506725.1,Bacteraemia,ebpA,accepted_present,One distinct genomic locus meets >=80% identity and >=80% reference coverage,ebpA,WP_154081516,CP175283.1,872506.0,875970.0,+,99.481,100.0,1,accepted_present,1,unchanged_B3_status
GCA_050506725.1,Bacteraemia,ebpB,accepted_present,One distinct genomic locus meets >=80% identity and >=80% reference coverage,ebpB,WP_002379309,CP175283.1,875974.0,877404.0,+,99.371,100.0,1,accepted_present,1,unchanged_B3_status
GCA_050506725.1,Bacteraemia,ebpC,accepted_present,One distinct genomic locus meets >=80% identity and >=80% reference coverage,ebpC,WP_011109477,CP175283.1,877401.0,879284.0,+,99.045,100.0,1,accepted_present,1,unchanged_B3_status
GCA_050506725.1,Bacteraemia,efaA,accepted_present,One distinct genomic locus meets >=80% identity and >=80% reference coverage,efaA,WP_002356954,CP175283.1,1718882.0,1719808.0,+,99.569,100.0,1,accepted_present,1,unchanged_B3_status
GCA_050506725.1,Bacteraemia,esp,not_detected,No candidate met a retained detection-status threshold,,,,,,,,,0,not_detected,0,unchanged_B3_status
GCA_050506725.1,Bacteraemia,gelE,accepted_present,One distinct genomic locus meets >=80% identity and >=80% reference coverage,gelE,WP_002369251,CP175283.1,1549825.0,1551357.0,-,98.761,100.0,1,accepted_present,1,unchanged_B3_status
GCA_050506725.1,Bacteraemia,sprE,accepted_present,One distinct genomic locus meets >=80% identity and >=80% reference coverage,sprE,WP_002369252,CP175283.1,1548922.0,1549776.0,-,98.83,100.0,1,accepted_present,1,unchanged_B3_status
GCA_050506735.1,Bacteraemia,ace,accepted_present,One distinct genomic locus meets >=80% identity and >=80% reference coverage,ace,WP_010714416,CP175280.1,885518.0,887542.0,+,93.24823510971788,100.0,1,accepted_present,1,unchanged_B3_status
GCA_050506735.1,Bacteraemia,aggregation_substance_family_detected,accepted_present,At least one accepted aggregation-substance-family locus detected,asa1,WP_010785625,CP175282.1,1112,5002,+,97.353,100.0,1,accepted_present,1,approved_broad_aggregation_substance_family_rule
GCA_050506735.1,Bacteraemia,asa1_specific,accepted_present,Explicit asa1 reference is the competitive best match at at least one accepted locus,asa1,WP_010785625,CP175282.1,1112,5002,+,97.353,100.0,1,accepted_present,1,approved_competitive_best_reference_rule
GCA_050506735.1,Bacteraemia,cylA,not_detected,No candidate met a retained detection-status threshold,,,,,,,,,0,not_detected,0,unchanged_B3_status
GCA_050506735.1,Bacteraemia,ebpA,accepted_present,One distinct genomic locus meets >=80% identity and >=80% reference coverage,ebpA,WP_154081516,CP175280.1,872506.0,875970.0,+,99.481,100.0,1,accepted_present,1,unchanged_B3_status
GCA_050506735.1,Bacteraemia,ebpB,accepted_present,One distinct genomic locus meets >=80% identity and >=80% reference coverage,ebpB,WP_002379309,CP175280.1,875974.0,877404.0,+,99.371,100.0,1,accepted_present,1,unchanged_B3_status
GCA_050506735.1,Bacteraemia,ebpC,accepted_present,One distinct genomic locus meets >=80% identity and >=80% reference coverage,ebpC,WP_011109477,CP175280.1,877401.0,879284.0,+,99.045,100.0,1,accepted_present,1,unchanged_B3_status
GCA_050506735.1,Bacteraemia,efaA,accepted_present,One distinct genomic locus meets >=80% identity and >=80% reference coverage,efaA,WP_002356954,CP175280.1,1718882.0,1719808.0,+,99.569,100.0,1,accepted_present,1,unchanged_B3_status
GCA_050506735.1,Bacteraemia,esp,not_detected,No candidate met a retained detection-status threshold,,,,,,,,,0,not_detected,0,unchanged_B3_status
GCA_050506735.1,Bacteraemia,gelE,accepted_present,One distinct genomic locus meets >=80% identity and >=80% reference coverage,gelE,WP_002369251,CP175280.1,1549825.0,1551357.0,-,98.761,100.0,1,accepted_present,1,unchanged_B3_status
GCA_050506735.1,Bacteraemia,sprE,accepted_present,One distinct genomic locus meets >=80% identity and >=80% reference coverage,sprE,WP_002369252,CP175280.1,1548922.0,1549776.0,-,98.83,100.0,1,accepted_present,1,unchanged_B3_status
GCA_050506745.1,Bacteraemia,ace,accepted_present,One distinct genomic locus meets >=80% identity and >=80% reference coverage,ace,WP_010714416,CP175276.1,1549542.0,1551566.0,-,94.79255579553636,100.0,1,accepted_present,1,unchanged_B3_status
GCA_050506745.1,Bacteraemia,aggregation_substance_family_detected,accepted_present,At least one accepted aggregation-substance-family locus detected,EF0485,WP_010710127,CP175276.1,2190259,2194152,-,94.67,100.0,2,accepted_present,2,approved_broad_aggregation_substance_family_rule
GCA_050506745.1,Bacteraemia,asa1_specific,review_required,Accepted-threshold asa1 query match is better supported by a related aggregation-substance reference,asa1,WP_010785625,CP175276.1,2190259,2194151,-,93.37354225352112,80.10794140323824,2,accepted_present,0,approved_competitive_best_reference_rule
GCA_050506745.1,Bacteraemia,cylA,accepted_present,One distinct genomic locus meets >=80% identity and >=80% reference coverage,cylA,AAM75253,CP175277.1,18947.0,20185.0,+,99.839,100.0,1,accepted_present,1,unchanged_B3_status
GCA_050506745.1,Bacteraemia,ebpA,accepted_present,One distinct genomic locus meets >=80% identity and >=80% reference coverage,ebpA,WP_154081516,CP175276.1,1558910.0,1562374.0,-,99.942,100.0,1,accepted_present,1,unchanged_B3_status
GCA_050506745.1,Bacteraemia,ebpB,accepted_present,One distinct genomic locus meets >=80% identity and >=80% reference coverage,ebpB,WP_002379309,CP175276.1,1557476.0,1558906.0,-,100.0,100.0,1,accepted_present,1,unchanged_B3_status
GCA_050506745.1,Bacteraemia,ebpC,accepted_present,One distinct genomic locus meets >=80% identity and >=80% reference coverage,ebpC,WP_011109477,CP175276.1,1555596.0,1557479.0,-,99.682,100.0,1,accepted_present,1,unchanged_B3_status
GCA_050506745.1,Bacteraemia,efaA,accepted_present,One distinct genomic locus meets >=80% identity and >=80% reference coverage,efaA,WP_002356954,CP175276.1,649247.0,650173.0,-,99.892,100.0,2,accepted_present,1,unchanged_B3_status
GCA_050506745.1,Bacteraemia,esp,not_detected,No candidate met a retained detection-status threshold,,,,,,,,,0,not_detected,0,unchanged_B3_status
GCA_050506745.1,Bacteraemia,gelE,accepted_present,One distinct genomic locus meets >=80% identity and >=80% reference coverage,gelE,WP_002369251,CP175276.1,846239.0,847771.0,+,100.0,100.0,1,accepted_present,1,unchanged_B3_status
GCA_050506745.1,Bacteraemia,sprE,accepted_present,One distinct genomic locus meets >=80% identity and >=80% reference coverage,sprE,WP_002369252,CP175276.1,847820.0,848674.0,+,100.0,100.0,1,accepted_present,1,unchanged_B3_status
GCA_050506755.1,Bacteraemia,ace,accepted_present,One distinct genomic locus meets >=80% identity and >=80% reference coverage,ace,WP_010714416,CP175273.1,807277.0,809301.0,+,94.79255579553636,100.0,1,accepted_present,1,unchanged_B3_status
GCA_050506755.1,Bacteraemia,aggregation_substance_family_detected,accepted_present,At least one accepted aggregation-substance-family locus detected,EF0485,WP_010710127,CP175273.1,165376,169269,+,94.67,100.0,2,accepted_present,2,approved_broad_aggregation_substance_family_rule
GCA_050506755.1,Bacteraemia,asa1_specific,review_required,Accepted-threshold asa1 query match is better supported by a related aggregation-substance reference,asa1,WP_010785625,CP175273.1,165377,169269,+,93.37354225352112,80.10794140323824,2,accepted_present,0,approved_competitive_best_reference_rule
GCA_050506755.1,Bacteraemia,cylA,accepted_present,One distinct genomic locus meets >=80% identity and >=80% reference coverage,cylA,AAM75253,CP175274.1,51331.0,52569.0,+,99.839,100.0,1,accepted_present,1,unchanged_B3_status
GCA_050506755.1,Bacteraemia,ebpA,accepted_present,One distinct genomic locus meets >=80% identity and >=80% reference coverage,ebpA,WP_154081516,CP175273.1,796469.0,799933.0,+,99.942,100.0,1,accepted_present,1,unchanged_B3_status
GCA_050506755.1,Bacteraemia,ebpB,accepted_present,One distinct genomic locus meets >=80% identity and >=80% reference coverage,ebpB,WP_002379309,CP175273.1,799937.0,801367.0,+,100.0,100.0,1,accepted_present,1,unchanged_B3_status
GCA_050506755.1,Bacteraemia,ebpC,accepted_present,One distinct genomic locus meets >=80% identity and >=80% reference coverage,ebpC,WP_011109477,CP175273.1,801364.0,803247.0,+,99.682,100.0,1,accepted_present,1,unchanged_B3_status
GCA_050506755.1,Bacteraemia,efaA,accepted_present,One distinct genomic locus meets >=80% identity and >=80% reference coverage,efaA,WP_002356954,CP175273.1,1707336.0,1708262.0,+,99.892,100.0,2,accepted_present,1,unchanged_B3_status
GCA_050506755.1,Bacteraemia,esp,not_detected,No candidate met a retained detection-status threshold,,,,,,,,,0,not_detected,0,unchanged_B3_status
GCA_050506755.1,Bacteraemia,gelE,accepted_present,One distinct genomic locus meets >=80% identity and >=80% reference coverage,gelE,WP_002369251,CP175273.1,1511070.0,1512602.0,-,100.0,100.0,1,accepted_present,1,unchanged_B3_status
GCA_050506755.1,Bacteraemia,sprE,accepted_present,One distinct genomic locus meets >=80% identity and >=80% reference coverage,sprE,WP_002369252,CP175273.1,1510167.0,1511021.0,-,100.0,100.0,1,accepted_present,1,unchanged_B3_status
GCA_050506765.1,Bacteraemia,ace,accepted_present,One distinct genomic locus meets >=80% identity and >=80% reference coverage,ace,WP_010714416,CP175271.1,942930.0,944954.0,+,93.24823510971788,100.0,1,accepted_present,1,unchanged_B3_status
GCA_050506765.1,Bacteraemia,aggregation_substance_family_detected,accepted_present,At least one accepted aggregation-substance-family locus detected,EF0149,WP_011109430,CP175269.1,18644,22543,+,95.134,99.5405819295559,2,flagged_partial,1,approved_broad_aggregation_substance_family_rule
GCA_050506765.1,Bacteraemia,asa1_specific,flagged_partial,Identity is >=80% but reference coverage is 50-<80%,asa1,WP_010785625,CP175269.1,18644,22483,+,94.30553346653346,77.07530197892572,2,flagged_partial,0,approved_competitive_best_reference_rule
GCA_050506765.1,Bacteraemia,cylA,not_detected,No candidate met a retained detection-status threshold,,,,,,,,,0,not_detected,0,unchanged_B3_status
GCA_050506765.1,Bacteraemia,ebpA,accepted_present,One distinct genomic locus meets >=80% identity and >=80% reference coverage,ebpA,WP_154081516,CP175271.1,929918.0,933382.0,+,99.481,100.0,1,accepted_present,1,unchanged_B3_status
GCA_050506765.1,Bacteraemia,ebpB,accepted_present,One distinct genomic locus meets >=80% identity and >=80% reference coverage,ebpB,WP_002379309,CP175271.1,933386.0,934816.0,+,99.301,100.0,1,accepted_present,1,unchanged_B3_status
GCA_050506765.1,Bacteraemia,ebpC,accepted_present,One distinct genomic locus meets >=80% identity and >=80% reference coverage,ebpC,WP_011109477,CP175271.1,934813.0,936696.0,+,99.045,100.0,1,accepted_present,1,unchanged_B3_status
GCA_050506765.1,Bacteraemia,efaA,accepted_present,One distinct genomic locus meets >=80% identity and >=80% reference coverage,efaA,WP_002356954,CP175271.1,1788878.0,1789804.0,+,99.569,100.0,2,accepted_present,1,unchanged_B3_status
GCA_050506765.1,Bacteraemia,esp,not_detected,No candidate met a retained detection-status threshold,,,,,,,,,0,not_detected,0,unchanged_B3_status
GCA_050506765.1,Bacteraemia,gelE,accepted_present,One distinct genomic locus meets >=80% identity and >=80% reference coverage,gelE,WP_002369251,CP175271.1,1607052.0,1608584.0,-,98.761,100.0,1,accepted_present,1,unchanged_B3_status
GCA_050506765.1,Bacteraemia,sprE,accepted_present,One distinct genomic locus meets >=80% identity and >=80% reference coverage,sprE,WP_002369252,CP175271.1,1606149.0,1607003.0,-,98.83,100.0,1,accepted_present,1,unchanged_B3_status
GCA_050506775.1,Bacteraemia,ace,accepted_present,One distinct genomic locus meets >=80% identity and >=80% reference coverage,ace,WP_010714416,CP175268.1,946659.0,948542.0,+,92.98823466214306,100.0,1,accepted_present,1,unchanged_B3_status
GCA_050506775.1,Bacteraemia,aggregation_substance_family_detected,accepted_present,At least one accepted aggregation-substance-family locus detected,prgB/asc10,WP_002395058,CP175266.1,72841,76758,+,96.835,100.0,1,accepted_present,1,approved_broad_aggregation_substance_family_rule
GCA_050506775.1,Bacteraemia,asa1_specific,review_required,Accepted-threshold asa1 query match is better supported by a related aggregation-substance reference,asa1,WP_010785625,CP175266.1,72841,76758,+,94.90731550288277,80.13364173734259,1,accepted_present,0,approved_competitive_best_reference_rule
GCA_050506775.1,Bacteraemia,cylA,not_detected,No candidate met a retained detection-status threshold,,,,,,,,,0,not_detected,0,unchanged_B3_status
GCA_050506775.1,Bacteraemia,ebpA,accepted_present,One distinct genomic locus meets >=80% identity and >=80% reference coverage,ebpA,WP_154081516,CP175268.1,925998.0,929462.0,+,99.192,100.0,1,accepted_present,1,unchanged_B3_status
GCA_050506775.1,Bacteraemia,ebpB,accepted_present,One distinct genomic locus meets >=80% identity and >=80% reference coverage,ebpB,WP_002379309,CP175268.1,929466.0,930896.0,+,99.441,100.0,1,accepted_present,1,unchanged_B3_status
GCA_050506775.1,Bacteraemia,ebpC,accepted_present,One distinct genomic locus meets >=80% identity and >=80% reference coverage,ebpC,WP_011109477,CP175268.1,930893.0,932776.0,+,98.514,100.0,1,accepted_present,1,unchanged_B3_status
GCA_050506775.1,Bacteraemia,efaA,accepted_present,One distinct genomic locus meets >=80% identity and >=80% reference coverage,efaA,WP_002356954,CP175268.1,1797208.0,1798134.0,+,99.784,100.0,1,accepted_present,1,unchanged_B3_status
GCA_050506775.1,Bacteraemia,esp,not_detected,No candidate met a retained detection-status threshold,,,,,,,,,0,not_detected,0,unchanged_B3_status
GCA_050506775.1,Bacteraemia,gelE,accepted_present,One distinct genomic locus meets >=80% identity and >=80% reference coverage,gelE,WP_002369251,CP175268.1,1596558.0,1598088.0,-,98.955,99.86953685583822,1,accepted_present,1,unchanged_B3_status
GCA_050506775.1,Bacteraemia,sprE,accepted_present,One distinct genomic locus meets >=80% identity and >=80% reference coverage,sprE,WP_002369252,CP175268.1,1595653.0,1596507.0,-,98.596,100.0,1,accepted_present,1,unchanged_B3_status
GCA_050506815.1,Bacteraemia,ace,accepted_present,One distinct genomic locus meets >=80% identity and >=80% reference coverage,ace,WP_010714416,CP175260.1,1030417.0,1032300.0,+,93.99111649659864,100.0,1,accepted_present,1,unchanged_B3_status
GCA_050506815.1,Bacteraemia,aggregation_substance_family_detected,accepted_present,At least one accepted aggregation-substance-family locus detected,EF0485,WP_010710127,CP175260.1,400241,404158,+,100.0,100.0,3,accepted_present,3,approved_broad_aggregation_substance_family_rule
GCA_050506815.1,Bacteraemia,asa1_specific,review_required,Accepted-threshold asa1 query match is better supported by a related aggregation-substance reference,asa1,WP_010785625,CP175259.1,1,3927,+,94.246698125404,79.23413004369057,3,accepted_present,0,approved_competitive_best_reference_rule
GCA_050506815.1,Bacteraemia,cylA,accepted_present,One distinct genomic locus meets >=80% identity and >=80% reference coverage,cylA,AAM75253,CP175260.1,438708.0,439946.0,+,99.839,100.0,1,accepted_present,1,unchanged_B3_status
GCA_050506815.1,Bacteraemia,ebpA,accepted_present,One distinct genomic locus meets >=80% identity and >=80% reference coverage,ebpA,WP_154081516,CP175260.1,1016407.0,1019871.0,+,99.509,100.0,1,accepted_present,1,unchanged_B3_status
GCA_050506815.1,Bacteraemia,ebpB,accepted_present,One distinct genomic locus meets >=80% identity and >=80% reference coverage,ebpB,WP_002379309,CP175260.1,1019875.0,1021305.0,+,99.441,100.0,1,accepted_present,1,unchanged_B3_status
GCA_050506815.1,Bacteraemia,ebpC,accepted_present,One distinct genomic locus meets >=80% identity and >=80% reference coverage,ebpC,WP_011109477,CP175260.1,1021302.0,1023185.0,+,99.363,100.0,1,accepted_present,1,unchanged_B3_status
GCA_050506815.1,Bacteraemia,efaA,accepted_present,One distinct genomic locus meets >=80% identity and >=80% reference coverage,efaA,WP_002356954,CP175260.1,1908091.0,1909017.0,+,99.461,100.0,2,accepted_present,1,unchanged_B3_status
GCA_050506815.1,Bacteraemia,esp,accepted_present,One distinct genomic locus meets >=80% identity and >=80% reference coverage,esp,AAD09858,CP175260.1,445594.0,451215.0,+,96.82896761845646,100.0,1,accepted_present,1,unchanged_B3_status
GCA_050506815.1,Bacteraemia,gelE,accepted_present,One distinct genomic locus meets >=80% identity and >=80% reference coverage,gelE,WP_002369251,CP175260.1,1698327.0,1699859.0,-,98.89100000000002,100.0,1,accepted_present,1,unchanged_B3_status
GCA_050506815.1,Bacteraemia,sprE,accepted_present,One distinct genomic locus meets >=80% identity and >=80% reference coverage,sprE,WP_002369252,CP175260.1,1697424.0,1698278.0,-,98.48,100.0,1,accepted_present,1,unchanged_B3_status
GCA_050506825.1,Bacteraemia,ace,accepted_present,One distinct genomic locus meets >=80% identity and >=80% reference coverage,ace,WP_010714416,CP175258.1,1052453.0,1054477.0,+,93.24823510971788,100.0,1,accepted_present,1,unchanged_B3_status
GCA_050506825.1,Bacteraemia,aggregation_substance_family_detected,not_detected,No retained aggregation-substance-family candidate,,,,,,,,,0,not_detected,0,approved_broad_aggregation_substance_family_rule
GCA_050506825.1,Bacteraemia,asa1_specific,not_detected,No candidate met a retained detection-status threshold,,,,,,,,,0,not_detected,0,approved_competitive_best_reference_rule
GCA_050506825.1,Bacteraemia,cylA,not_detected,No candidate met a retained detection-status threshold,,,,,,,,,0,not_detected,0,unchanged_B3_status
GCA_050506825.1,Bacteraemia,ebpA,accepted_present,One distinct genomic locus meets >=80% identity and >=80% reference coverage,ebpA,WP_154081516,CP175258.1,999438.0,1005307.0,+,99.5571694163999,100.0,1,accepted_present,1,unchanged_B3_status
GCA_050506825.1,Bacteraemia,ebpB,accepted_present,One distinct genomic locus meets >=80% identity and >=80% reference coverage,ebpB,WP_002379309,CP175258.1,1005311.0,1006741.0,+,99.371,100.0,1,accepted_present,1,unchanged_B3_status
GCA_050506825.1,Bacteraemia,ebpC,accepted_present,One distinct genomic locus meets >=80% identity and >=80% reference coverage,ebpC,WP_011109477,CP175258.1,1006738.0,1008621.0,+,99.045,100.0,1,accepted_present,1,unchanged_B3_status
GCA_050506825.1,Bacteraemia,efaA,accepted_present,One distinct genomic locus meets >=80% identity and >=80% reference coverage,efaA,WP_002356954,CP175258.1,1898405.0,1899331.0,+,99.569,100.0,2,accepted_present,1,unchanged_B3_status
GCA_050506825.1,Bacteraemia,esp,not_detected,No candidate met a retained detection-status threshold,,,,,,,,,0,not_detected,0,unchanged_B3_status
GCA_050506825.1,Bacteraemia,gelE,accepted_present,One distinct genomic locus meets >=80% identity and >=80% reference coverage,gelE,WP_002369251,CP175258.1,1716579.0,1718111.0,-,98.761,100.0,1,accepted_present,1,unchanged_B3_status
GCA_050506825.1,Bacteraemia,sprE,accepted_present,One distinct genomic locus meets >=80% identity and >=80% reference coverage,sprE,WP_002369252,CP175258.1,1715676.0,1716530.0,-,98.83,100.0,1,accepted_present,1,unchanged_B3_status
GCA_050506865.1,Bacteraemia,ace,accepted_present,One distinct genomic locus meets >=80% identity and >=80% reference coverage,ace,WP_010714416,CP175257.1,1013341.0,1015224.0,+,93.99111649659864,100.0,1,accepted_present,1,unchanged_B3_status
GCA_050506865.1,Bacteraemia,aggregation_substance_family_detected,accepted_present,At least one accepted aggregation-substance-family locus detected,EF0485,WP_010710127,CP175257.1,405177,409094,+,100.0,100.0,1,accepted_present,1,approved_broad_aggregation_substance_family_rule
GCA_050506865.1,Bacteraemia,asa1_specific,review_required,Accepted-threshold asa1 query match is better supported by a related aggregation-substance reference,asa1,WP_010785625,CP175257.1,405178,409094,+,93.59147644985582,80.10794140323824,1,accepted_present,0,approved_competitive_best_reference_rule
GCA_050506865.1,Bacteraemia,cylA,accepted_present,One distinct genomic locus meets >=80% identity and >=80% reference coverage,cylA,AAM75253,CP175257.1,445261.0,446499.0,+,99.839,100.0,1,accepted_present,1,unchanged_B3_status
GCA_050506865.1,Bacteraemia,ebpA,accepted_present,One distinct genomic locus meets >=80% identity and >=80% reference coverage,ebpA,WP_154081516,CP175257.1,999338.0,1002802.0,+,99.538,100.0,1,accepted_present,1,unchanged_B3_status
GCA_050506865.1,Bacteraemia,ebpB,accepted_present,One distinct genomic locus meets >=80% identity and >=80% reference coverage,ebpB,WP_002379309,CP175257.1,1002806.0,1004236.0,+,99.441,100.0,1,accepted_present,1,unchanged_B3_status
GCA_050506865.1,Bacteraemia,ebpC,accepted_present,One distinct genomic locus meets >=80% identity and >=80% reference coverage,ebpC,WP_011109477,CP175257.1,1004233.0,1006116.0,+,99.363,100.0,1,accepted_present,1,unchanged_B3_status
GCA_050506865.1,Bacteraemia,efaA,accepted_present,One distinct genomic locus meets >=80% identity and >=80% reference coverage,efaA,WP_002356954,CP175257.1,1848326.0,1849252.0,+,99.676,100.0,2,accepted_present,1,unchanged_B3_status
GCA_050506865.1,Bacteraemia,esp,not_detected,No candidate met a retained detection-status threshold,,,,,,,,,0,not_detected,0,unchanged_B3_status
GCA_050506865.1,Bacteraemia,gelE,not_detected,No candidate met a retained detection-status threshold,,,,,,,,,0,not_detected,0,unchanged_B3_status
GCA_050506865.1,Bacteraemia,sprE,not_detected,No candidate met a retained detection-status threshold,,,,,,,,,0,not_detected,0,unchanged_B3_status
GCA_050506875.1,Bacteraemia,ace,accepted_present,One distinct genomic locus meets >=80% identity and >=80% reference coverage,ace,WP_010714416,CP175255.1,1085325.0,1087208.0,+,93.72277608695651,100.0,1,accepted_present,1,unchanged_B3_status
GCA_050506875.1,Bacteraemia,aggregation_substance_family_detected,accepted_present,At least one accepted aggregation-substance-family locus detected,EF0485,WP_010710127,CP175255.1,478795,482685,+,95.712,100.0,1,accepted_present,1,approved_broad_aggregation_substance_family_rule
GCA_050506875.1,Bacteraemia,asa1_specific,review_required,Accepted-threshold asa1 query match is better supported by a related aggregation-substance reference,asa1,WP_010785625,CP175255.1,478796,482685,+,93.62396988144825,80.10794140323824,1,accepted_present,0,approved_competitive_best_reference_rule
GCA_050506875.1,Bacteraemia,cylA,not_detected,No candidate met a retained detection-status threshold,,,,,,,,,0,not_detected,0,unchanged_B3_status
GCA_050506875.1,Bacteraemia,ebpA,accepted_present,One distinct genomic locus meets >=80% identity and >=80% reference coverage,ebpA,WP_154081516,CP175255.1,1074379.0,1077843.0,+,99.278,100.0,1,accepted_present,1,unchanged_B3_status
GCA_050506875.1,Bacteraemia,ebpB,accepted_present,One distinct genomic locus meets >=80% identity and >=80% reference coverage,ebpB,WP_002379309,CP175255.1,1077847.0,1079277.0,+,99.161,100.0,1,accepted_present,1,unchanged_B3_status
GCA_050506875.1,Bacteraemia,ebpC,accepted_present,One distinct genomic locus meets >=80% identity and >=80% reference coverage,ebpC,WP_011109477,CP175255.1,1079274.0,1081157.0,+,98.885,100.0,1,accepted_present,1,unchanged_B3_status
GCA_050506875.1,Bacteraemia,efaA,accepted_present,One distinct genomic locus meets >=80% identity and >=80% reference coverage,efaA,WP_002356954,CP175255.1,1944684.0,1945610.0,+,99.461,100.0,2,accepted_present,1,unchanged_B3_status
GCA_050506875.1,Bacteraemia,esp,not_detected,No candidate met a retained detection-status threshold,,,,,,,,,0,not_detected,0,unchanged_B3_status
GCA_050506875.1,Bacteraemia,gelE,accepted_present,One distinct genomic locus meets >=80% identity and >=80% reference coverage,gelE,WP_002369251,CP175255.1,1759385.0,1760917.0,-,99.022,100.0,1,accepted_present,1,unchanged_B3_status
GCA_050506875.1,Bacteraemia,sprE,accepted_present,One distinct genomic locus meets >=80% identity and >=80% reference coverage,sprE,WP_002369252,CP175255.1,1758482.0,1759336.0,-,98.596,100.0,1,accepted_present,1,unchanged_B3_status
GCA_050506885.1,Bacteraemia,ace,accepted_present,One distinct genomic locus meets >=80% identity and >=80% reference coverage,ace,WP_010714416,CP175254.1,983410.0,985293.0,+,93.7229179347826,100.0,1,accepted_present,1,unchanged_B3_status
GCA_050506885.1,Bacteraemia,aggregation_substance_family_detected,accepted_present,At least one accepted aggregation-substance-family locus detected,EF0485,WP_010710127,CP175254.1,364786,368676,+,95.789,100.0,2,accepted_present,2,approved_broad_aggregation_substance_family_rule
GCA_050506885.1,Bacteraemia,asa1_specific,review_required,Accepted-threshold asa1 query match is better supported by a related aggregation-substance reference,asa1,WP_010785625,CP175254.1,364787,368676,+,93.91245530278756,80.10794140323824,2,accepted_present,0,approved_competitive_best_reference_rule
GCA_050506885.1,Bacteraemia,cylA,accepted_present,One distinct genomic locus meets >=80% identity and >=80% reference coverage,cylA,AAM75253,CP175252.1,33356.0,34594.0,+,99.839,100.0,1,accepted_present,1,unchanged_B3_status
GCA_050506885.1,Bacteraemia,ebpA,accepted_present,One distinct genomic locus meets >=80% identity and >=80% reference coverage,ebpA,WP_154081516,CP175254.1,972464.0,975928.0,+,99.192,100.0,1,accepted_present,1,unchanged_B3_status
GCA_050506885.1,Bacteraemia,ebpB,accepted_present,One distinct genomic locus meets >=80% identity and >=80% reference coverage,ebpB,WP_002379309,CP175254.1,975932.0,977362.0,+,99.161,100.0,1,accepted_present,1,unchanged_B3_status
GCA_050506885.1,Bacteraemia,ebpC,accepted_present,One distinct genomic locus meets >=80% identity and >=80% reference coverage,ebpC,WP_011109477,CP175254.1,977359.0,979242.0,+,98.885,100.0,1,accepted_present,1,unchanged_B3_status
GCA_050506885.1,Bacteraemia,efaA,accepted_present,One distinct genomic locus meets >=80% identity and >=80% reference coverage,efaA,WP_002356954,CP175254.1,1920161.0,1921087.0,+,100.0,100.0,2,accepted_present,1,unchanged_B3_status
GCA_050506885.1,Bacteraemia,esp,not_detected,No candidate met a retained detection-status threshold,,,,,,,,,0,not_detected,0,unchanged_B3_status
GCA_050506885.1,Bacteraemia,gelE,accepted_present,One distinct genomic locus meets >=80% identity and >=80% reference coverage,gelE,WP_002369251,CP175254.1,1691519.0,1693051.0,-,100.0,100.0,1,accepted_present,1,unchanged_B3_status
GCA_050506885.1,Bacteraemia,sprE,accepted_present,One distinct genomic locus meets >=80% identity and >=80% reference coverage,sprE,WP_002369252,CP175254.1,1690616.0,1691470.0,-,100.0,100.0,1,accepted_present,1,unchanged_B3_status
GCA_050506905.1,Bacteraemia,ace,accepted_present,One distinct genomic locus meets >=80% identity and >=80% reference coverage,ace,WP_010714416,CP175239.1,979870.0,981894.0,+,94.81632541396688,100.0,1,accepted_present,1,unchanged_B3_status
GCA_050506905.1,Bacteraemia,aggregation_substance_family_detected,accepted_present,At least one accepted aggregation-substance-family locus detected,EF0485,WP_010710127,CP175243.1,11670,15595,+,95.34,99.9744767738642,3,flagged_partial,3,approved_broad_aggregation_substance_family_rule
GCA_050506905.1,Bacteraemia,asa1_specific,flagged_partial,Identity is >=80% but reference coverage is 50-<80%,asa1,WP_010785625,CP175243.1,11669,15595,+,94.246698125404,79.23413004369057,3,flagged_partial,0,approved_competitive_best_reference_rule
GCA_050506905.1,Bacteraemia,cylA,accepted_present,One distinct genomic locus meets >=80% identity and >=80% reference coverage,cylA,AAM75253,CP175242.1,39416.0,40654.0,+,99.839,100.0,1,accepted_present,1,unchanged_B3_status
GCA_050506905.1,Bacteraemia,ebpA,accepted_present,One distinct genomic locus meets >=80% identity and >=80% reference coverage,ebpA,WP_154081516,CP175239.1,969062.0,972526.0,+,99.942,100.0,1,accepted_present,1,unchanged_B3_status
GCA_050506905.1,Bacteraemia,ebpB,accepted_present,One distinct genomic locus meets >=80% identity and >=80% reference coverage,ebpB,WP_002379309,CP175239.1,972530.0,973960.0,+,100.0,100.0,1,accepted_present,1,unchanged_B3_status
GCA_050506905.1,Bacteraemia,ebpC,accepted_present,One distinct genomic locus meets >=80% identity and >=80% reference coverage,ebpC,WP_011109477,CP175239.1,973957.0,975840.0,+,99.682,100.0,1,accepted_present,1,unchanged_B3_status
GCA_050506905.1,Bacteraemia,efaA,accepted_present,One distinct genomic locus meets >=80% identity and >=80% reference coverage,efaA,WP_002356954,CP175239.1,1874195.0,1875121.0,+,99.892,100.0,2,accepted_present,1,unchanged_B3_status
GCA_050506905.1,Bacteraemia,esp,accepted_present,One distinct genomic locus meets >=80% identity and >=80% reference coverage,esp,AAD09858,CP175239.1,2977416.0,2982056.0,-,87.87061730195097,82.37282106012096,1,accepted_present,1,unchanged_B3_status
GCA_050506905.1,Bacteraemia,gelE,accepted_present,One distinct genomic locus meets >=80% identity and >=80% reference coverage,gelE,WP_002369251,CP175239.1,1681150.0,1682682.0,-,100.0,100.0,1,accepted_present,1,unchanged_B3_status
GCA_050506905.1,Bacteraemia,sprE,accepted_present,One distinct genomic locus meets >=80% identity and >=80% reference coverage,sprE,WP_002369252,CP175239.1,1680247.0,1681101.0,-,100.0,100.0,1,accepted_present,1,unchanged_B3_status
GCA_050506915.1,Bacteraemia,ace,accepted_present,One distinct genomic locus meets >=80% identity and >=80% reference coverage,ace,WP_010714416,CP175237.1,968943.0,970826.0,+,94.59083093231855,100.0,1,accepted_present,1,unchanged_B3_status
GCA_050506915.1,Bacteraemia,aggregation_substance_family_detected,not_detected,No retained aggregation-substance-family candidate,,,,,,,,,0,not_detected,0,approved_broad_aggregation_substance_family_rule
GCA_050506915.1,Bacteraemia,asa1_specific,not_detected,No candidate met a retained detection-status threshold,,,,,,,,,0,not_detected,0,approved_competitive_best_reference_rule
GCA_050506915.1,Bacteraemia,cylA,not_detected,No candidate met a retained detection-status threshold,,,,,,,,,0,not_detected,0,unchanged_B3_status
GCA_050506915.1,Bacteraemia,ebpA,accepted_present,One distinct genomic locus meets >=80% identity and >=80% reference coverage,ebpA,WP_154081516,CP175237.1,923274.0,926738.0,+,99.942,100.0,1,accepted_present,1,unchanged_B3_status
GCA_050506915.1,Bacteraemia,ebpB,accepted_present,One distinct genomic locus meets >=80% identity and >=80% reference coverage,ebpB,WP_002379309,CP175237.1,926742.0,928172.0,+,99.161,100.0,1,accepted_present,1,unchanged_B3_status
GCA_050506915.1,Bacteraemia,ebpC,accepted_present,One distinct genomic locus meets >=80% identity and >=80% reference coverage,ebpC,WP_011109477,CP175237.1,928169.0,930052.0,+,99.045,100.0,1,accepted_present,1,unchanged_B3_status
GCA_050506915.1,Bacteraemia,efaA,accepted_present,One distinct genomic locus meets >=80% identity and >=80% reference coverage,efaA,WP_002356954,CP175237.1,1769761.0,1770687.0,+,99.569,100.0,2,accepted_present,1,unchanged_B3_status
GCA_050506915.1,Bacteraemia,esp,accepted_present,One distinct genomic locus meets >=80% identity and >=80% reference coverage,esp,AAD09858,CP175237.1,356266.0,361389.0,+,96.30768347472817,100.0,1,accepted_present,1,unchanged_B3_status
GCA_050506915.1,Bacteraemia,gelE,accepted_present,One distinct genomic locus meets >=80% identity and >=80% reference coverage,gelE,WP_002369251,CP175237.1,1649975.0,1651507.0,-,98.956,100.0,1,accepted_present,1,unchanged_B3_status
GCA_050506915.1,Bacteraemia,sprE,accepted_present,One distinct genomic locus meets >=80% identity and >=80% reference coverage,sprE,WP_002369252,CP175237.1,1649072.0,1649926.0,-,98.48,100.0,1,accepted_present,1,unchanged_B3_status
GCA_050506925.1,Bacteraemia,ace,accepted_present,One distinct genomic locus meets >=80% identity and >=80% reference coverage,ace,WP_010714416,CP175233.1,1904300.0,1906183.0,-,94.59083093231855,100.0,1,accepted_present,1,unchanged_B3_status
GCA_050506925.1,Bacteraemia,aggregation_substance_family_detected,not_detected,No retained aggregation-substance-family candidate,,,,,,,,,0,not_detected,0,approved_broad_aggregation_substance_family_rule
GCA_050506925.1,Bacteraemia,asa1_specific,not_detected,No candidate met a retained detection-status threshold,,,,,,,,,0,not_detected,0,approved_competitive_best_reference_rule
GCA_050506925.1,Bacteraemia,cylA,not_detected,No candidate met a retained detection-status threshold,,,,,,,,,0,not_detected,0,unchanged_B3_status
GCA_050506925.1,Bacteraemia,ebpA,accepted_present,One distinct genomic locus meets >=80% identity and >=80% reference coverage,ebpA,WP_154081516,CP175233.1,1948603.0,1952067.0,-,99.942,100.0,1,accepted_present,1,unchanged_B3_status
GCA_050506925.1,Bacteraemia,ebpB,accepted_present,One distinct genomic locus meets >=80% identity and >=80% reference coverage,ebpB,WP_002379309,CP175233.1,1947169.0,1948599.0,-,99.161,100.0,1,accepted_present,1,unchanged_B3_status
GCA_050506925.1,Bacteraemia,ebpC,accepted_present,One distinct genomic locus meets >=80% identity and >=80% reference coverage,ebpC,WP_011109477,CP175233.1,1945289.0,1947172.0,-,99.045,100.0,1,accepted_present,1,unchanged_B3_status
GCA_050506925.1,Bacteraemia,efaA,accepted_present,One distinct genomic locus meets >=80% identity and >=80% reference coverage,efaA,WP_002356954,CP175233.1,1104439.0,1105365.0,-,99.569,100.0,2,accepted_present,1,unchanged_B3_status
GCA_050506925.1,Bacteraemia,esp,accepted_present,One distinct genomic locus meets >=80% identity and >=80% reference coverage,esp,AAD09858,CP175233.1,2513952.0,2519075.0,-,96.30768347472818,100.0,1,accepted_present,1,unchanged_B3_status
GCA_050506925.1,Bacteraemia,gelE,accepted_present,One distinct genomic locus meets >=80% identity and >=80% reference coverage,gelE,WP_002369251,CP175233.1,1223619.0,1225151.0,+,98.956,100.0,1,accepted_present,1,unchanged_B3_status
GCA_050506925.1,Bacteraemia,sprE,accepted_present,One distinct genomic locus meets >=80% identity and >=80% reference coverage,sprE,WP_002369252,CP175233.1,1225200.0,1226054.0,+,98.48,100.0,1,accepted_present,1,unchanged_B3_status
GCA_050506935.1,Bacteraemia,ace,accepted_present,One distinct genomic locus meets >=80% identity and >=80% reference coverage,ace,WP_010714416,CP175230.1,1844200.0,1846083.0,-,94.59083093231855,100.0,1,accepted_present,1,unchanged_B3_status
GCA_050506935.1,Bacteraemia,aggregation_substance_family_detected,not_detected,No retained aggregation-substance-family candidate,,,,,,,,,0,not_detected,0,approved_broad_aggregation_substance_family_rule
GCA_050506935.1,Bacteraemia,asa1_specific,not_detected,No candidate met a retained detection-status threshold,,,,,,,,,0,not_detected,0,approved_competitive_best_reference_rule
GCA_050506935.1,Bacteraemia,cylA,not_detected,No candidate met a retained detection-status threshold,,,,,,,,,0,not_detected,0,unchanged_B3_status
GCA_050506935.1,Bacteraemia,ebpA,accepted_present,One distinct genomic locus meets >=80% identity and >=80% reference coverage,ebpA,WP_154081516,CP175230.1,1888503.0,1891967.0,-,99.942,100.0,1,accepted_present,1,unchanged_B3_status
GCA_050506935.1,Bacteraemia,ebpB,accepted_present,One distinct genomic locus meets >=80% identity and >=80% reference coverage,ebpB,WP_002379309,CP175230.1,1887069.0,1888499.0,-,99.161,100.0,1,accepted_present,1,unchanged_B3_status
GCA_050506935.1,Bacteraemia,ebpC,accepted_present,One distinct genomic locus meets >=80% identity and >=80% reference coverage,ebpC,WP_011109477,CP175230.1,1885189.0,1887072.0,-,99.045,100.0,1,accepted_present,1,unchanged_B3_status
GCA_050506935.1,Bacteraemia,efaA,accepted_present,One distinct genomic locus meets >=80% identity and >=80% reference coverage,efaA,WP_002356954,CP175230.1,1044337.0,1045263.0,-,99.569,100.0,2,accepted_present,1,unchanged_B3_status
GCA_050506935.1,Bacteraemia,esp,accepted_present,One distinct genomic locus meets >=80% identity and >=80% reference coverage,esp,AAD09858,CP175230.1,2453852.0,2458975.0,-,96.30768347472818,100.0,1,accepted_present,1,unchanged_B3_status
GCA_050506935.1,Bacteraemia,gelE,accepted_present,One distinct genomic locus meets >=80% identity and >=80% reference coverage,gelE,WP_002369251,CP175230.1,1163517.0,1165049.0,+,98.956,100.0,1,accepted_present,1,unchanged_B3_status
GCA_050506935.1,Bacteraemia,sprE,accepted_present,One distinct genomic locus meets >=80% identity and >=80% reference coverage,sprE,WP_002369252,CP175230.1,1165098.0,1165952.0,+,98.48,100.0,1,accepted_present,1,unchanged_B3_status
GCA_050506985.1,Bacteraemia,ace,accepted_present,One distinct genomic locus meets >=80% identity and >=80% reference coverage,ace,WP_010714416,CP175228.1,1844198.0,1846081.0,-,94.59083093231855,100.0,1,accepted_present,1,unchanged_B3_status
GCA_050506985.1,Bacteraemia,aggregation_substance_family_detected,not_detected,No retained aggregation-substance-family candidate,,,,,,,,,0,not_detected,0,approved_broad_aggregation_substance_family_rule
GCA_050506985.1,Bacteraemia,asa1_specific,not_detected,No candidate met a retained detection-status threshold,,,,,,,,,0,not_detected,0,approved_competitive_best_reference_rule
GCA_050506985.1,Bacteraemia,cylA,not_detected,No candidate met a retained detection-status threshold,,,,,,,,,0,not_detected,0,unchanged_B3_status
GCA_050506985.1,Bacteraemia,ebpA,accepted_present,One distinct genomic locus meets >=80% identity and >=80% reference coverage,ebpA,WP_154081516,CP175228.1,1888501.0,1891965.0,-,99.942,100.0,1,accepted_present,1,unchanged_B3_status
GCA_050506985.1,Bacteraemia,ebpB,accepted_present,One distinct genomic locus meets >=80% identity and >=80% reference coverage,ebpB,WP_002379309,CP175228.1,1887067.0,1888497.0,-,99.161,100.0,1,accepted_present,1,unchanged_B3_status
GCA_050506985.1,Bacteraemia,ebpC,accepted_present,One distinct genomic locus meets >=80% identity and >=80% reference coverage,ebpC,WP_011109477,CP175228.1,1885187.0,1887070.0,-,99.045,100.0,1,accepted_present,1,unchanged_B3_status
GCA_050506985.1,Bacteraemia,efaA,accepted_present,One distinct genomic locus meets >=80% identity and >=80% reference coverage,efaA,WP_002356954,CP175228.1,1044337.0,1045263.0,-,99.569,100.0,2,accepted_present,1,unchanged_B3_status
GCA_050506985.1,Bacteraemia,esp,accepted_present,One distinct genomic locus meets >=80% identity and >=80% reference coverage,esp,AAD09858,CP175228.1,2453850.0,2458973.0,-,96.30768347472818,100.0,1,accepted_present,1,unchanged_B3_status
GCA_050506985.1,Bacteraemia,gelE,accepted_present,One distinct genomic locus meets >=80% identity and >=80% reference coverage,gelE,WP_002369251,CP175228.1,1163517.0,1165049.0,+,98.956,100.0,1,accepted_present,1,unchanged_B3_status
GCA_050506985.1,Bacteraemia,sprE,accepted_present,One distinct genomic locus meets >=80% identity and >=80% reference coverage,sprE,WP_002369252,CP175228.1,1165098.0,1165952.0,+,98.48,100.0,1,accepted_present,1,unchanged_B3_status
GCA_050506995.1,Bacteraemia,ace,accepted_present,One distinct genomic locus meets >=80% identity and >=80% reference coverage,ace,WP_010714416,CP175225.1,790919.0,792802.0,+,93.99111649659864,100.0,1,accepted_present,1,unchanged_B3_status
GCA_050506995.1,Bacteraemia,aggregation_substance_family_detected,accepted_present,At least one accepted aggregation-substance-family locus detected,EF0485,WP_010710127,CP175225.1,155852,159770,+,99.49,100.0,2,accepted_present,2,approved_broad_aggregation_substance_family_rule
GCA_050506995.1,Bacteraemia,asa1_specific,review_required,Accepted-threshold asa1 query match is better supported by a related aggregation-substance reference,asa1,WP_010785625,CP175225.1,155853,159770,+,93.62560794362588,80.10794140323824,2,accepted_present,0,approved_competitive_best_reference_rule
GCA_050506995.1,Bacteraemia,cylA,accepted_present,One distinct genomic locus meets >=80% identity and >=80% reference coverage,cylA,AAM75253,CP175225.1,197625.0,198863.0,+,99.839,100.0,1,accepted_present,1,unchanged_B3_status
GCA_050506995.1,Bacteraemia,ebpA,accepted_present,One distinct genomic locus meets >=80% identity and >=80% reference coverage,ebpA,WP_154081516,CP175225.1,776916.0,780380.0,+,99.509,100.0,1,accepted_present,1,unchanged_B3_status
GCA_050506995.1,Bacteraemia,ebpB,accepted_present,One distinct genomic locus meets >=80% identity and >=80% reference coverage,ebpB,WP_002379309,CP175225.1,780384.0,781814.0,+,99.441,100.0,1,accepted_present,1,unchanged_B3_status
GCA_050506995.1,Bacteraemia,ebpC,accepted_present,One distinct genomic locus meets >=80% identity and >=80% reference coverage,ebpC,WP_011109477,CP175225.1,781811.0,783694.0,+,99.363,100.0,1,accepted_present,1,unchanged_B3_status
GCA_050506995.1,Bacteraemia,efaA,accepted_present,One distinct genomic locus meets >=80% identity and >=80% reference coverage,efaA,WP_002356954,CP175225.1,1655574.0,1656500.0,+,99.461,100.0,2,accepted_present,1,unchanged_B3_status
GCA_050506995.1,Bacteraemia,esp,accepted_present,One distinct genomic locus meets >=80% identity and >=80% reference coverage,esp,AAD09858,CP175225.1,204511.0,210132.0,+,96.83420225532797,100.0,1,accepted_present,1,unchanged_B3_status
GCA_050506995.1,Bacteraemia,gelE,accepted_present,One distinct genomic locus meets >=80% identity and >=80% reference coverage,gelE,WP_002369251,CP175225.1,1445808.0,1447340.0,-,98.89100000000002,100.0,1,accepted_present,1,unchanged_B3_status
GCA_050506995.1,Bacteraemia,sprE,accepted_present,One distinct genomic locus meets >=80% identity and >=80% reference coverage,sprE,WP_002369252,CP175225.1,1444905.0,1445759.0,-,98.48,100.0,1,accepted_present,1,unchanged_B3_status
GCA_050507065.1,Bacteraemia,ace,accepted_present,One distinct genomic locus meets >=80% identity and >=80% reference coverage,ace,WP_010714416,CP175224.1,55511.0,57394.0,+,93.99111649659864,100.0,1,accepted_present,1,unchanged_B3_status
GCA_050507065.1,Bacteraemia,aggregation_substance_family_detected,accepted_present,At least one accepted aggregation-substance-family locus detected,EF0485,WP_010710127,CP175224.1,2319130,2323047,+,100.0,100.0,3,accepted_present,3,approved_broad_aggregation_substance_family_rule
GCA_050507065.1,Bacteraemia,asa1_specific,review_required,Accepted-threshold asa1 query match is better supported by a related aggregation-substance reference,asa1,WP_010785625,CP175223.1,1,3927,+,94.246698125404,79.23413004369057,3,accepted_present,0,approved_competitive_best_reference_rule
GCA_050507065.1,Bacteraemia,cylA,accepted_present,One distinct genomic locus meets >=80% identity and >=80% reference coverage,cylA,AAM75253,CP175224.1,2360902.0,2362140.0,+,99.839,100.0,1,accepted_present,1,unchanged_B3_status
GCA_050507065.1,Bacteraemia,ebpA,accepted_present,One distinct genomic locus meets >=80% identity and >=80% reference coverage,ebpA,WP_154081516,CP175224.1,41508.0,44972.0,+,99.509,100.0,1,accepted_present,1,unchanged_B3_status
GCA_050507065.1,Bacteraemia,ebpB,accepted_present,One distinct genomic locus meets >=80% identity and >=80% reference coverage,ebpB,WP_002379309,CP175224.1,44976.0,46406.0,+,99.441,100.0,1,accepted_present,1,unchanged_B3_status
GCA_050507065.1,Bacteraemia,ebpC,accepted_present,One distinct genomic locus meets >=80% identity and >=80% reference coverage,ebpC,WP_011109477,CP175224.1,46403.0,48286.0,+,99.363,100.0,1,accepted_present,1,unchanged_B3_status
GCA_050507065.1,Bacteraemia,efaA,accepted_present,One distinct genomic locus meets >=80% identity and >=80% reference coverage,efaA,WP_002356954,CP175224.1,920163.0,921089.0,+,99.461,100.0,2,accepted_present,1,unchanged_B3_status
GCA_050507065.1,Bacteraemia,esp,accepted_present,One distinct genomic locus meets >=80% identity and >=80% reference coverage,esp,AAD09858,CP175224.1,2367788.0,2373409.0,+,96.83420225532797,100.0,1,accepted_present,1,unchanged_B3_status
GCA_050507065.1,Bacteraemia,gelE,accepted_present,One distinct genomic locus meets >=80% identity and >=80% reference coverage,gelE,WP_002369251,CP175224.1,710397.0,711929.0,-,98.89100000000002,100.0,1,accepted_present,1,unchanged_B3_status
GCA_050507065.1,Bacteraemia,sprE,accepted_present,One distinct genomic locus meets >=80% identity and >=80% reference coverage,sprE,WP_002369252,CP175224.1,709494.0,710348.0,-,98.48,100.0,1,accepted_present,1,unchanged_B3_status
GCA_050507075.1,Bacteraemia,ace,accepted_present,One distinct genomic locus meets >=80% identity and >=80% reference coverage,ace,WP_010714416,CP175221.1,1037958.0,1039982.0,+,94.79255579553636,100.0,1,accepted_present,1,unchanged_B3_status
GCA_050507075.1,Bacteraemia,aggregation_substance_family_detected,accepted_present,At least one accepted aggregation-substance-family locus detected,EF0485,WP_010710127,CP175221.1,431905,435798,+,94.67,100.0,1,accepted_present,1,approved_broad_aggregation_substance_family_rule
GCA_050507075.1,Bacteraemia,asa1_specific,review_required,Accepted-threshold asa1 query match is better supported by a related aggregation-substance reference,asa1,WP_010785625,CP175221.1,431906,435798,+,93.37354225352112,80.10794140323824,1,accepted_present,0,approved_competitive_best_reference_rule
GCA_050507075.1,Bacteraemia,cylA,not_detected,No candidate met a retained detection-status threshold,,,,,,,,,0,not_detected,0,unchanged_B3_status
GCA_050507075.1,Bacteraemia,ebpA,accepted_present,One distinct genomic locus meets >=80% identity and >=80% reference coverage,ebpA,WP_154081516,CP175221.1,1027150.0,1030614.0,+,99.913,100.0,1,accepted_present,1,unchanged_B3_status
GCA_050507075.1,Bacteraemia,ebpB,accepted_present,One distinct genomic locus meets >=80% identity and >=80% reference coverage,ebpB,WP_002379309,CP175221.1,1030618.0,1032048.0,+,100.0,100.0,1,accepted_present,1,unchanged_B3_status
GCA_050507075.1,Bacteraemia,ebpC,accepted_present,One distinct genomic locus meets >=80% identity and >=80% reference coverage,ebpC,WP_011109477,CP175221.1,1032045.0,1033928.0,+,99.682,100.0,1,accepted_present,1,unchanged_B3_status
GCA_050507075.1,Bacteraemia,efaA,accepted_present,One distinct genomic locus meets >=80% identity and >=80% reference coverage,efaA,WP_002356954,CP175221.1,2019407.0,2020333.0,+,99.892,100.0,2,accepted_present,1,unchanged_B3_status
GCA_050507075.1,Bacteraemia,esp,not_detected,No candidate met a retained detection-status threshold,,,,,,,,,0,not_detected,0,unchanged_B3_status
GCA_050507075.1,Bacteraemia,gelE,accepted_present,One distinct genomic locus meets >=80% identity and >=80% reference coverage,gelE,WP_002369251,CP175221.1,1782351.0,1783883.0,-,100.0,100.0,1,accepted_present,1,unchanged_B3_status
GCA_050507075.1,Bacteraemia,sprE,accepted_present,One distinct genomic locus meets >=80% identity and >=80% reference coverage,sprE,WP_002369252,CP175221.1,1781448.0,1782302.0,-,100.0,100.0,1,accepted_present,1,unchanged_B3_status
GCA_050507105.1,Bacteraemia,ace,accepted_present,One distinct genomic locus meets >=80% identity and >=80% reference coverage,ace,WP_010714416,CP175219.1,1106549.0,1108573.0,+,94.79255579553636,100.0,1,accepted_present,1,unchanged_B3_status
GCA_050507105.1,Bacteraemia,aggregation_substance_family_detected,accepted_present,At least one accepted aggregation-substance-family locus detected,EF0485,WP_010710127,CP175219.1,500491,504384,+,94.67,100.0,1,accepted_present,1,approved_broad_aggregation_substance_family_rule
GCA_050507105.1,Bacteraemia,asa1_specific,review_required,Accepted-threshold asa1 query match is better supported by a related aggregation-substance reference,asa1,WP_010785625,CP175219.1,500492,504384,+,93.37354225352112,80.10794140323824,1,accepted_present,0,approved_competitive_best_reference_rule
GCA_050507105.1,Bacteraemia,cylA,not_detected,No candidate met a retained detection-status threshold,,,,,,,,,0,not_detected,0,unchanged_B3_status
GCA_050507105.1,Bacteraemia,ebpA,accepted_present,One distinct genomic locus meets >=80% identity and >=80% reference coverage,ebpA,WP_154081516,CP175219.1,1095741.0,1099205.0,+,99.913,100.0,1,accepted_present,1,unchanged_B3_status
GCA_050507105.1,Bacteraemia,ebpB,accepted_present,One distinct genomic locus meets >=80% identity and >=80% reference coverage,ebpB,WP_002379309,CP175219.1,1099209.0,1100639.0,+,100.0,100.0,1,accepted_present,1,unchanged_B3_status
GCA_050507105.1,Bacteraemia,ebpC,accepted_present,One distinct genomic locus meets >=80% identity and >=80% reference coverage,ebpC,WP_011109477,CP175219.1,1100636.0,1102519.0,+,99.682,100.0,1,accepted_present,1,unchanged_B3_status
GCA_050507105.1,Bacteraemia,efaA,accepted_present,One distinct genomic locus meets >=80% identity and >=80% reference coverage,efaA,WP_002356954,CP175219.1,2088000.0,2088926.0,+,99.892,100.0,2,accepted_present,1,unchanged_B3_status
GCA_050507105.1,Bacteraemia,esp,not_detected,No candidate met a retained detection-status threshold,,,,,,,,,0,not_detected,0,unchanged_B3_status
GCA_050507105.1,Bacteraemia,gelE,accepted_present,One distinct genomic locus meets >=80% identity and >=80% reference coverage,gelE,WP_002369251,CP175219.1,1850943.0,1852475.0,-,100.0,100.0,1,accepted_present,1,unchanged_B3_status
GCA_050507105.1,Bacteraemia,sprE,accepted_present,One distinct genomic locus meets >=80% identity and >=80% reference coverage,sprE,WP_002369252,CP175219.1,1850040.0,1850894.0,-,100.0,100.0,1,accepted_present,1,unchanged_B3_status
GCA_050516645.1,Bacteraemia,ace,accepted_present,One distinct genomic locus meets >=80% identity and >=80% reference coverage,ace,WP_010714416,CP175406.1,732476.0,734500.0,+,93.1623339731286,100.0,1,accepted_present,1,unchanged_B3_status
GCA_050516645.1,Bacteraemia,aggregation_substance_family_detected,accepted_present,At least one accepted aggregation-substance-family locus detected,prgB/asc10,WP_002395058,CP175404.1,48457,52374,+,96.759,100.0,2,accepted_present,2,approved_broad_aggregation_substance_family_rule
GCA_050516645.1,Bacteraemia,asa1_specific,review_required,Accepted-threshold asa1 query match is better supported by a related aggregation-substance reference,asa1,WP_010785625,CP175405.1,20928,24846,+,95.948456726094,79.23413004369057,2,accepted_present,0,approved_competitive_best_reference_rule
GCA_050516645.1,Bacteraemia,cylA,accepted_present,One distinct genomic locus meets >=80% identity and >=80% reference coverage,cylA,AAM75253,CP175405.1,60870.0,62108.0,+,99.596,100.0,1,accepted_present,1,unchanged_B3_status
GCA_050516645.1,Bacteraemia,ebpA,accepted_present,One distinct genomic locus meets >=80% identity and >=80% reference coverage,ebpA,WP_154081516,CP175406.1,719081.0,722545.0,+,99.423,100.0,1,accepted_present,1,unchanged_B3_status
GCA_050516645.1,Bacteraemia,ebpB,accepted_present,One distinct genomic locus meets >=80% identity and >=80% reference coverage,ebpB,WP_002379309,CP175406.1,722549.0,723979.0,+,99.161,100.0,1,accepted_present,1,unchanged_B3_status
GCA_050516645.1,Bacteraemia,ebpC,accepted_present,One distinct genomic locus meets >=80% identity and >=80% reference coverage,ebpC,WP_011109477,CP175406.1,723976.0,725859.0,+,99.151,100.0,1,accepted_present,1,unchanged_B3_status
GCA_050516645.1,Bacteraemia,efaA,accepted_present,One distinct genomic locus meets >=80% identity and >=80% reference coverage,efaA,WP_002356954,CP175406.1,1588403.0,1589329.0,+,99.569,100.0,2,accepted_present,1,unchanged_B3_status
GCA_050516645.1,Bacteraemia,esp,not_detected,No candidate met a retained detection-status threshold,,,,,,,,,0,not_detected,0,unchanged_B3_status
GCA_050516645.1,Bacteraemia,gelE,accepted_present,One distinct genomic locus meets >=80% identity and >=80% reference coverage,gelE,WP_002369251,CP175406.1,1405062.0,1406594.0,-,98.695,100.0,1,accepted_present,1,unchanged_B3_status
GCA_050516645.1,Bacteraemia,sprE,accepted_present,One distinct genomic locus meets >=80% identity and >=80% reference coverage,sprE,WP_002369252,CP175406.1,1404159.0,1405013.0,-,98.83,100.0,1,accepted_present,1,unchanged_B3_status
GCA_050516655.1,Bacteraemia,ace,accepted_present,One distinct genomic locus meets >=80% identity and >=80% reference coverage,ace,WP_010714416,CP175400.1,787966.0,789990.0,-,93.1623339731286,100.0,1,accepted_present,1,unchanged_B3_status
GCA_050516655.1,Bacteraemia,aggregation_substance_family_detected,accepted_present,At least one accepted aggregation-substance-family locus detected,prgB/asc10,WP_002395058,CP175401.1,48457,52374,+,96.759,100.0,2,accepted_present,2,approved_broad_aggregation_substance_family_rule
GCA_050516655.1,Bacteraemia,asa1_specific,review_required,Accepted-threshold asa1 query match is better supported by a related aggregation-substance reference,asa1,WP_010785625,CP175398.1,88355,92273,+,95.948456726094,79.23413004369057,2,accepted_present,0,approved_competitive_best_reference_rule
GCA_050516655.1,Bacteraemia,cylA,accepted_present,One distinct genomic locus meets >=80% identity and >=80% reference coverage,cylA,AAM75253,CP175398.1,62073.0,63311.0,+,99.596,100.0,1,accepted_present,1,unchanged_B3_status
GCA_050516655.1,Bacteraemia,ebpA,accepted_present,One distinct genomic locus meets >=80% identity and >=80% reference coverage,ebpA,WP_154081516,CP175400.1,799921.0,803385.0,-,99.423,100.0,1,accepted_present,1,unchanged_B3_status
GCA_050516655.1,Bacteraemia,ebpB,accepted_present,One distinct genomic locus meets >=80% identity and >=80% reference coverage,ebpB,WP_002379309,CP175400.1,798487.0,799917.0,-,99.161,100.0,1,accepted_present,1,unchanged_B3_status
GCA_050516655.1,Bacteraemia,ebpC,accepted_present,One distinct genomic locus meets >=80% identity and >=80% reference coverage,ebpC,WP_011109477,CP175400.1,796607.0,798490.0,-,99.151,100.0,1,accepted_present,1,unchanged_B3_status
GCA_050516655.1,Bacteraemia,efaA,accepted_present,One distinct genomic locus meets >=80% identity and >=80% reference coverage,efaA,WP_002356954,CP175400.1,2902216.0,2903142.0,-,99.569,100.0,2,accepted_present,1,unchanged_B3_status
GCA_050516655.1,Bacteraemia,esp,not_detected,No candidate met a retained detection-status threshold,,,,,,,,,0,not_detected,0,unchanged_B3_status
GCA_050516655.1,Bacteraemia,gelE,accepted_present,One distinct genomic locus meets >=80% identity and >=80% reference coverage,gelE,WP_002369251,CP175400.1,115872.0,117404.0,+,98.695,100.0,1,accepted_present,1,unchanged_B3_status
GCA_050516655.1,Bacteraemia,sprE,accepted_present,One distinct genomic locus meets >=80% identity and >=80% reference coverage,sprE,WP_002369252,CP175400.1,117453.0,118307.0,+,98.83,100.0,1,accepted_present,1,unchanged_B3_status
GCA_050516665.1,Bacteraemia,ace,accepted_present,One distinct genomic locus meets >=80% identity and >=80% reference coverage,ace,WP_010714416,CP175397.1,1034423.0,1036306.0,+,93.99111649659864,100.0,1,accepted_present,1,unchanged_B3_status
GCA_050516665.1,Bacteraemia,aggregation_substance_family_detected,accepted_present,At least one accepted aggregation-substance-family locus detected,EF0485,WP_010710127,CP175397.1,400277,404194,+,100.0,100.0,3,accepted_present,3,approved_broad_aggregation_substance_family_rule
GCA_050516665.1,Bacteraemia,asa1_specific,review_required,Accepted-threshold asa1 query match is better supported by a related aggregation-substance reference,asa1,WP_010785625,CP175396.1,67651,71577,-,94.246698125404,79.23413004369057,3,accepted_present,0,approved_competitive_best_reference_rule
GCA_050516665.1,Bacteraemia,cylA,accepted_present,One distinct genomic locus meets >=80% identity and >=80% reference coverage,cylA,AAM75253,CP175397.1,440362.0,441600.0,+,99.839,100.0,1,accepted_present,1,unchanged_B3_status
GCA_050516665.1,Bacteraemia,ebpA,accepted_present,One distinct genomic locus meets >=80% identity and >=80% reference coverage,ebpA,WP_154081516,CP175397.1,1020420.0,1023884.0,+,99.481,100.0,1,accepted_present,1,unchanged_B3_status
GCA_050516665.1,Bacteraemia,ebpB,accepted_present,One distinct genomic locus meets >=80% identity and >=80% reference coverage,ebpB,WP_002379309,CP175397.1,1023888.0,1025318.0,+,99.441,100.0,1,accepted_present,1,unchanged_B3_status
GCA_050516665.1,Bacteraemia,ebpC,accepted_present,One distinct genomic locus meets >=80% identity and >=80% reference coverage,ebpC,WP_011109477,CP175397.1,1025315.0,1027198.0,+,99.363,100.0,1,accepted_present,1,unchanged_B3_status
GCA_050516665.1,Bacteraemia,efaA,accepted_present,One distinct genomic locus meets >=80% identity and >=80% reference coverage,efaA,WP_002356954,CP175397.1,1905903.0,1906829.0,+,99.461,100.0,2,accepted_present,1,unchanged_B3_status
GCA_050516665.1,Bacteraemia,esp,accepted_present,One distinct genomic locus meets >=80% identity and >=80% reference coverage,esp,AAD09858,CP175397.1,447248.0,452119.0,+,96.49681521331163,99.85770188545,1,accepted_present,1,unchanged_B3_status
GCA_050516665.1,Bacteraemia,gelE,accepted_present,One distinct genomic locus meets >=80% identity and >=80% reference coverage,gelE,WP_002369251,CP175397.1,1696137.0,1697669.0,-,98.89100000000002,100.0,1,accepted_present,1,unchanged_B3_status
GCA_050516665.1,Bacteraemia,sprE,accepted_present,One distinct genomic locus meets >=80% identity and >=80% reference coverage,sprE,WP_002369252,CP175397.1,1695234.0,1696088.0,-,98.48,100.0,1,accepted_present,1,unchanged_B3_status
GCA_050516675.1,Bacteraemia,ace,accepted_present,One distinct genomic locus meets >=80% identity and >=80% reference coverage,ace,WP_010714416,CP175395.1,1031777.0,1033660.0,+,93.99111649659864,100.0,1,accepted_present,1,unchanged_B3_status
GCA_050516675.1,Bacteraemia,aggregation_substance_family_detected,accepted_present,At least one accepted aggregation-substance-family locus detected,EF0485,WP_010710127,CP175395.1,400090,404007,+,100.0,100.0,3,accepted_present,3,approved_broad_aggregation_substance_family_rule
GCA_050516675.1,Bacteraemia,asa1_specific,review_required,Accepted-threshold asa1 query match is better supported by a related aggregation-substance reference,asa1,WP_010785625,CP175394.1,1,3927,+,94.246698125404,79.23413004369057,3,accepted_present,0,approved_competitive_best_reference_rule
GCA_050516675.1,Bacteraemia,cylA,accepted_present,One distinct genomic locus meets >=80% identity and >=80% reference coverage,cylA,AAM75253,CP175395.1,440175.0,441413.0,+,99.839,100.0,1,accepted_present,1,unchanged_B3_status
GCA_050516675.1,Bacteraemia,ebpA,accepted_present,One distinct genomic locus meets >=80% identity and >=80% reference coverage,ebpA,WP_154081516,CP175395.1,1017774.0,1021238.0,+,99.509,100.0,1,accepted_present,1,unchanged_B3_status
GCA_050516675.1,Bacteraemia,ebpB,accepted_present,One distinct genomic locus meets >=80% identity and >=80% reference coverage,ebpB,WP_002379309,CP175395.1,1021242.0,1022672.0,+,99.441,100.0,1,accepted_present,1,unchanged_B3_status
GCA_050516675.1,Bacteraemia,ebpC,accepted_present,One distinct genomic locus meets >=80% identity and >=80% reference coverage,ebpC,WP_011109477,CP175395.1,1022669.0,1024552.0,+,99.363,100.0,1,accepted_present,1,unchanged_B3_status
GCA_050516675.1,Bacteraemia,efaA,accepted_present,One distinct genomic locus meets >=80% identity and >=80% reference coverage,efaA,WP_002356954,CP175395.1,1903176.0,1904102.0,+,99.461,100.0,2,accepted_present,1,unchanged_B3_status
GCA_050516675.1,Bacteraemia,esp,accepted_present,One distinct genomic locus meets >=80% identity and >=80% reference coverage,esp,AAD09858,CP175395.1,447061.0,452682.0,+,96.83420225532797,100.0,1,accepted_present,1,unchanged_B3_status
GCA_050516675.1,Bacteraemia,gelE,accepted_present,One distinct genomic locus meets >=80% identity and >=80% reference coverage,gelE,WP_002369251,CP175395.1,1693416.0,1694948.0,-,98.89100000000002,100.0,1,accepted_present,1,unchanged_B3_status
GCA_050516675.1,Bacteraemia,sprE,accepted_present,One distinct genomic locus meets >=80% identity and >=80% reference coverage,sprE,WP_002369252,CP175395.1,1692513.0,1693367.0,-,98.48,100.0,1,accepted_present,1,unchanged_B3_status
GCF_049262565.1,Reproductive,ace,accepted_present,One distinct genomic locus meets >=80% identity and >=80% reference coverage,ace,WP_010714416,NZ_CP185997.1,994614.0,996215.0,+,95.9159445399828,100.0,1,accepted_present,1,unchanged_B3_status
GCF_049262565.1,Reproductive,aggregation_substance_family_detected,accepted_present,At least one accepted aggregation-substance-family locus detected,prgB/asc10,WP_002395058,NZ_CP185998.1,10543,14460,+,96.759,100.0,1,accepted_present,1,approved_broad_aggregation_substance_family_rule
GCF_049262565.1,Reproductive,asa1_specific,review_required,Accepted-threshold asa1 query match is better supported by a related aggregation-substance reference,asa1,WP_010785625,NZ_CP185998.1,10543,14460,+,94.6509051889814,80.13364173734259,1,accepted_present,0,approved_competitive_best_reference_rule
GCF_049262565.1,Reproductive,cylA,not_detected,No candidate met a retained detection-status threshold,,,,,,,,,0,not_detected,0,unchanged_B3_status
GCF_049262565.1,Reproductive,ebpA,accepted_present,One distinct genomic locus meets >=80% identity and >=80% reference coverage,ebpA,WP_154081516,NZ_CP185997.1,983806.0,987270.0,+,99.913,100.0,1,accepted_present,1,unchanged_B3_status
GCF_049262565.1,Reproductive,ebpB,accepted_present,One distinct genomic locus meets >=80% identity and >=80% reference coverage,ebpB,WP_002379309,NZ_CP185997.1,987274.0,988704.0,+,99.161,100.0,1,accepted_present,1,unchanged_B3_status
GCF_049262565.1,Reproductive,ebpC,accepted_present,One distinct genomic locus meets >=80% identity and >=80% reference coverage,ebpC,WP_011109477,NZ_CP185997.1,988701.0,990584.0,+,99.045,100.0,1,accepted_present,1,unchanged_B3_status
GCF_049262565.1,Reproductive,efaA,accepted_present,One distinct genomic locus meets >=80% identity and >=80% reference coverage,efaA,WP_002356954,NZ_CP185997.1,1868762.0,1869687.0,+,99.784,100.0,2,accepted_present,1,unchanged_B3_status
GCF_049262565.1,Reproductive,esp,accepted_present,One distinct genomic locus meets >=80% identity and >=80% reference coverage,esp,AAD09858,NZ_CP185997.1,386609.0,390501.0,+,95.57363938141582,100.0,1,accepted_present,1,unchanged_B3_status
GCF_049262565.1,Reproductive,gelE,accepted_present,One distinct genomic locus meets >=80% identity and >=80% reference coverage,gelE,WP_002369251,NZ_CP185997.1,1661402.0,1662934.0,-,98.956,100.0,1,accepted_present,1,unchanged_B3_status
GCF_049262565.1,Reproductive,sprE,accepted_present,One distinct genomic locus meets >=80% identity and >=80% reference coverage,sprE,WP_002369252,NZ_CP185997.1,1660499.0,1661353.0,-,98.363,100.0,1,accepted_present,1,unchanged_B3_status
GCF_053117575.1,Reproductive,ace,accepted_present,One distinct genomic locus meets >=80% identity and >=80% reference coverage,ace,WP_010714416,NZ_CP181216.1,1031826.0,1033709.0,+,93.99111649659864,100.0,1,accepted_present,1,unchanged_B3_status
GCF_053117575.1,Reproductive,aggregation_substance_family_detected,accepted_present,At least one accepted aggregation-substance-family locus detected,EF0485,WP_010710127,NZ_CP181216.1,400134,404051,+,100.0,100.0,4,ambiguous_multiple_hit,4,approved_broad_aggregation_substance_family_rule
GCF_053117575.1,Reproductive,asa1_specific,review_required,Accepted-threshold asa1 query match is better supported by a related aggregation-substance reference,asa1,WP_010785625,NZ_CP181217.1,11053,14979,+,94.2147330316742,79.23413004369057,4,ambiguous_multiple_hit,0,approved_competitive_best_reference_rule
GCF_053117575.1,Reproductive,cylA,accepted_present,One distinct genomic locus meets >=80% identity and >=80% reference coverage,cylA,AAM75253,NZ_CP181216.1,440219.0,441457.0,+,99.839,100.0,1,accepted_present,1,unchanged_B3_status
GCF_053117575.1,Reproductive,ebpA,accepted_present,One distinct genomic locus meets >=80% identity and >=80% reference coverage,ebpA,WP_154081516,NZ_CP181216.1,1017823.0,1021287.0,+,99.509,100.0,1,accepted_present,1,unchanged_B3_status
GCF_053117575.1,Reproductive,ebpB,accepted_present,One distinct genomic locus meets >=80% identity and >=80% reference coverage,ebpB,WP_002379309,NZ_CP181216.1,1021291.0,1022721.0,+,99.441,100.0,1,accepted_present,1,unchanged_B3_status
GCF_053117575.1,Reproductive,ebpC,accepted_present,One distinct genomic locus meets >=80% identity and >=80% reference coverage,ebpC,WP_011109477,NZ_CP181216.1,1022718.0,1024601.0,+,99.363,100.0,1,accepted_present,1,unchanged_B3_status
GCF_053117575.1,Reproductive,efaA,accepted_present,One distinct genomic locus meets >=80% identity and >=80% reference coverage,efaA,WP_002356954,NZ_CP181216.1,1913977.0,1914903.0,+,99.461,100.0,2,accepted_present,1,unchanged_B3_status
GCF_053117575.1,Reproductive,esp,accepted_present,One distinct genomic locus meets >=80% identity and >=80% reference coverage,esp,AAD09858,NZ_CP181216.1,447105.0,452726.0,+,97.11467852887851,100.0,1,accepted_present,1,unchanged_B3_status
GCF_053117575.1,Reproductive,gelE,accepted_present,One distinct genomic locus meets >=80% identity and >=80% reference coverage,gelE,WP_002369251,NZ_CP181216.1,1704210.0,1705742.0,-,98.89100000000002,100.0,1,accepted_present,1,unchanged_B3_status
GCF_053117575.1,Reproductive,sprE,accepted_present,One distinct genomic locus meets >=80% identity and >=80% reference coverage,sprE,WP_002369252,NZ_CP181216.1,1703307.0,1704161.0,-,98.48,100.0,1,accepted_present,1,unchanged_B3_status
GCF_053117585.1,Reproductive,ace,accepted_present,One distinct genomic locus meets >=80% identity and >=80% reference coverage,ace,WP_010714416,NZ_CP181214.1,1057603.0,1059486.0,+,93.99111649659864,100.0,1,accepted_present,1,unchanged_B3_status
GCF_053117585.1,Reproductive,aggregation_substance_family_detected,accepted_present,At least one accepted aggregation-substance-family locus detected,EF0485,WP_010710127,NZ_CP181214.1,405556,409473,+,100.0,100.0,3,ambiguous_multiple_hit,3,approved_broad_aggregation_substance_family_rule
GCF_053117585.1,Reproductive,asa1_specific,review_required,Accepted-threshold asa1 query match is better supported by a related aggregation-substance reference,asa1,WP_010785625,NZ_CP181215.1,19973,24302,+,91.9231165020337,80.13364173734259,3,ambiguous_multiple_hit,0,approved_competitive_best_reference_rule
GCF_053117585.1,Reproductive,cylA,accepted_present,One distinct genomic locus meets >=80% identity and >=80% reference coverage,cylA,AAM75253,NZ_CP181214.1,445640.0,446878.0,+,99.839,100.0,2,accepted_present,1,unchanged_B3_status
GCF_053117585.1,Reproductive,ebpA,accepted_present,One distinct genomic locus meets >=80% identity and >=80% reference coverage,ebpA,WP_154081516,NZ_CP181214.1,1043600.0,1047064.0,+,99.538,100.0,1,accepted_present,1,unchanged_B3_status
GCF_053117585.1,Reproductive,ebpB,accepted_present,One distinct genomic locus meets >=80% identity and >=80% reference coverage,ebpB,WP_002379309,NZ_CP181214.1,1047068.0,1048498.0,+,99.441,100.0,1,accepted_present,1,unchanged_B3_status
GCF_053117585.1,Reproductive,ebpC,accepted_present,One distinct genomic locus meets >=80% identity and >=80% reference coverage,ebpC,WP_011109477,NZ_CP181214.1,1048495.0,1050378.0,+,99.363,100.0,1,accepted_present,1,unchanged_B3_status
GCF_053117585.1,Reproductive,efaA,accepted_present,One distinct genomic locus meets >=80% identity and >=80% reference coverage,efaA,WP_002356954,NZ_CP181214.1,1888428.0,1889354.0,+,99.676,100.0,2,accepted_present,1,unchanged_B3_status
GCF_053117585.1,Reproductive,esp,accepted_present,One distinct genomic locus meets >=80% identity and >=80% reference coverage,esp,AAD09858,NZ_CP181214.1,452526.0,458393.0,+,96.72186802509316,100.0,1,accepted_present,1,unchanged_B3_status
GCF_053117585.1,Reproductive,gelE,not_detected,No candidate met a retained detection-status threshold,,,,,,,,,0,not_detected,0,unchanged_B3_status
GCF_053117585.1,Reproductive,sprE,not_detected,No candidate met a retained detection-status threshold,,,,,,,,,0,not_detected,0,unchanged_B3_status
GCF_053117655.1,Reproductive,ace,accepted_present,One distinct genomic locus meets >=80% identity and >=80% reference coverage,ace,WP_010714416,NZ_CP181220.1,968358.0,970241.0,+,93.99111649659864,100.0,1,accepted_present,1,unchanged_B3_status
GCF_053117655.1,Reproductive,aggregation_substance_family_detected,accepted_present,At least one accepted aggregation-substance-family locus detected,EF0485,WP_010710127,NZ_CP181220.1,367199,371116,+,99.413,100.0,2,flagged_partial,2,approved_broad_aggregation_substance_family_rule
GCF_053117655.1,Reproductive,asa1_specific,flagged_partial,Identity is >=80% but reference coverage is 50-<80%,asa1,WP_010785625,NZ_CP181220.1,367200,371116,+,93.77434987029832,79.20842970958623,2,flagged_partial,0,approved_competitive_best_reference_rule
GCF_053117655.1,Reproductive,cylA,accepted_present,One distinct genomic locus meets >=80% identity and >=80% reference coverage,cylA,AAM75253,NZ_CP181220.1,407282.0,408520.0,+,99.839,100.0,1,accepted_present,1,unchanged_B3_status
GCF_053117655.1,Reproductive,ebpA,accepted_present,One distinct genomic locus meets >=80% identity and >=80% reference coverage,ebpA,WP_154081516,NZ_CP181220.1,954355.0,957819.0,+,99.509,100.0,1,accepted_present,1,unchanged_B3_status
GCF_053117655.1,Reproductive,ebpB,accepted_present,One distinct genomic locus meets >=80% identity and >=80% reference coverage,ebpB,WP_002379309,NZ_CP181220.1,957823.0,959253.0,+,99.441,100.0,1,accepted_present,1,unchanged_B3_status
GCF_053117655.1,Reproductive,ebpC,accepted_present,One distinct genomic locus meets >=80% identity and >=80% reference coverage,ebpC,WP_011109477,NZ_CP181220.1,959250.0,961133.0,+,99.363,100.0,1,accepted_present,1,unchanged_B3_status
GCF_053117655.1,Reproductive,efaA,accepted_present,One distinct genomic locus meets >=80% identity and >=80% reference coverage,efaA,WP_002356954,NZ_CP181220.1,1814892.0,1815818.0,+,99.461,100.0,2,accepted_present,1,unchanged_B3_status
GCF_053117655.1,Reproductive,esp,not_detected,No candidate met a retained detection-status threshold,,,,,,,,,0,not_detected,0,unchanged_B3_status
GCF_053117655.1,Reproductive,gelE,not_detected,No candidate met a retained detection-status threshold,,,,,,,,,0,not_detected,0,unchanged_B3_status
GCF_053117655.1,Reproductive,sprE,not_detected,No candidate met a retained detection-status threshold,,,,,,,,,0,not_detected,0,unchanged_B3_status
GCF_053117665.1,Reproductive,ace,accepted_present,One distinct genomic locus meets >=80% identity and >=80% reference coverage,ace,WP_010714416,NZ_CP181222.1,2060265.0,2062289.0,-,93.24823510971788,100.0,1,accepted_present,1,unchanged_B3_status
GCF_053117665.1,Reproductive,aggregation_substance_family_detected,accepted_present,At least one accepted aggregation-substance-family locus detected,asa1,WP_010785625,NZ_CP181222.1,1309740,1313631,+,96.557,100.0,1,accepted_present,1,approved_broad_aggregation_substance_family_rule
GCF_053117665.1,Reproductive,asa1_specific,accepted_present,Explicit asa1 reference is the competitive best match at at least one accepted locus,asa1,WP_010785625,NZ_CP181222.1,1309740,1313631,+,96.557,100.0,1,accepted_present,1,approved_competitive_best_reference_rule
GCF_053117665.1,Reproductive,cylA,accepted_present,One distinct genomic locus meets >=80% identity and >=80% reference coverage,cylA,AAM75253,NZ_CP181222.1,2057208.0,2058446.0,-,98.789,100.0,1,accepted_present,1,unchanged_B3_status
GCF_053117665.1,Reproductive,ebpA,accepted_present,One distinct genomic locus meets >=80% identity and >=80% reference coverage,ebpA,WP_154081516,NZ_CP181222.1,2071837.0,2075301.0,-,99.481,100.0,1,accepted_present,1,unchanged_B3_status
GCF_053117665.1,Reproductive,ebpB,accepted_present,One distinct genomic locus meets >=80% identity and >=80% reference coverage,ebpB,WP_002379309,NZ_CP181222.1,2070403.0,2071833.0,-,99.371,100.0,1,accepted_present,1,unchanged_B3_status
GCF_053117665.1,Reproductive,ebpC,accepted_present,One distinct genomic locus meets >=80% identity and >=80% reference coverage,ebpC,WP_011109477,NZ_CP181222.1,2068523.0,2070406.0,-,99.045,100.0,1,accepted_present,1,unchanged_B3_status
GCF_053117665.1,Reproductive,efaA,accepted_present,One distinct genomic locus meets >=80% identity and >=80% reference coverage,efaA,WP_002356954,NZ_CP181222.1,1151631.0,1152557.0,-,99.569,100.0,2,accepted_present,1,unchanged_B3_status
GCF_053117665.1,Reproductive,esp,accepted_present,One distinct genomic locus meets >=80% identity and >=80% reference coverage,esp,AAD09858,NZ_CP181222.1,424224.0,429839.0,+,96.25417110861166,100.0,1,accepted_present,1,unchanged_B3_status
GCF_053117665.1,Reproductive,gelE,accepted_present,One distinct genomic locus meets >=80% identity and >=80% reference coverage,gelE,WP_002369251,NZ_CP181222.1,2028601.0,2030133.0,-,98.826,100.0,1,accepted_present,1,unchanged_B3_status
GCF_053117665.1,Reproductive,sprE,accepted_present,One distinct genomic locus meets >=80% identity and >=80% reference coverage,sprE,WP_002369252,NZ_CP181222.1,2027698.0,2028552.0,-,98.363,100.0,1,accepted_present,1,unchanged_B3_status
GCF_053117675.1,Reproductive,ace,accepted_present,One distinct genomic locus meets >=80% identity and >=80% reference coverage,ace,WP_010714416,NZ_CP181226.1,1039797.0,1041680.0,+,93.81397947295424,100.0,1,accepted_present,1,unchanged_B3_status
GCF_053117675.1,Reproductive,aggregation_substance_family_detected,accepted_present,At least one accepted aggregation-substance-family locus detected,prgB/asc10,WP_002395058,NZ_CP181227.1,23471,27388,+,96.35,100.0,3,accepted_present,3,approved_broad_aggregation_substance_family_rule
GCF_053117675.1,Reproductive,asa1_specific,review_required,Accepted-threshold asa1 query match is better supported by a related aggregation-substance reference,asa1,WP_010785625,NZ_CP181227.1,23471,27388,+,96.28474567584882,80.13364173734259,3,accepted_present,0,approved_competitive_best_reference_rule
GCF_053117675.1,Reproductive,cylA,not_detected,No candidate met a retained detection-status threshold,,,,,,,,,0,not_detected,0,unchanged_B3_status
GCF_053117675.1,Reproductive,ebpA,accepted_present,One distinct genomic locus meets >=80% identity and >=80% reference coverage,ebpA,WP_154081516,NZ_CP181226.1,991772.0,995236.0,+,99.481,100.0,1,accepted_present,1,unchanged_B3_status
GCF_053117675.1,Reproductive,ebpB,accepted_present,One distinct genomic locus meets >=80% identity and >=80% reference coverage,ebpB,WP_002379309,NZ_CP181226.1,995240.0,996670.0,+,99.371,100.0,1,accepted_present,1,unchanged_B3_status
GCF_053117675.1,Reproductive,ebpC,accepted_present,One distinct genomic locus meets >=80% identity and >=80% reference coverage,ebpC,WP_011109477,NZ_CP181226.1,996667.0,998550.0,+,99.363,100.0,1,accepted_present,1,unchanged_B3_status
GCF_053117675.1,Reproductive,efaA,accepted_present,One distinct genomic locus meets >=80% identity and >=80% reference coverage,efaA,WP_002356954,NZ_CP181226.1,1845288.0,1846214.0,+,99.676,100.0,2,accepted_present,1,unchanged_B3_status
GCF_053117675.1,Reproductive,esp,accepted_present,One distinct genomic locus meets >=80% identity and >=80% reference coverage,esp,AAD09858,NZ_CP181226.1,417140.0,422502.0,+,96.23293653855916,99.85770188545,1,accepted_present,1,unchanged_B3_status
GCF_053117675.1,Reproductive,gelE,not_detected,No candidate met a retained detection-status threshold,,,,,,,,,0,not_detected,0,unchanged_B3_status
GCF_053117675.1,Reproductive,sprE,not_detected,No candidate met a retained detection-status threshold,,,,,,,,,0,not_detected,0,unchanged_B3_status
GCF_053117685.1,Reproductive,ace,accepted_present,One distinct genomic locus meets >=80% identity and >=80% reference coverage,ace,WP_010714416,NZ_CP181229.1,2074589.0,2076471.0,-,93.96243622448978,100.0,1,accepted_present,1,unchanged_B3_status
GCF_053117685.1,Reproductive,aggregation_substance_family_detected,accepted_present,At least one accepted aggregation-substance-family locus detected,EF0485,WP_010710127,NZ_CP181229.1,2702314,2706231,-,100.0,100.0,4,ambiguous_multiple_hit,4,approved_broad_aggregation_substance_family_rule
GCF_053117685.1,Reproductive,asa1_specific,accepted_present,Explicit asa1 reference is the competitive best match at at least one accepted locus,asa1,WP_010785625,NZ_CP181231.1,10593,14483,+,96.942,100.0,4,ambiguous_multiple_hit,1,approved_competitive_best_reference_rule
GCF_053117685.1,Reproductive,cylA,accepted_present,One distinct genomic locus meets >=80% identity and >=80% reference coverage,cylA,AAM75253,NZ_CP181229.1,2664909.0,2666147.0,-,99.839,100.0,1,accepted_present,1,unchanged_B3_status
GCF_053117685.1,Reproductive,ebpA,accepted_present,One distinct genomic locus meets >=80% identity and >=80% reference coverage,ebpA,WP_154081516,NZ_CP181229.1,2087010.0,2090474.0,-,99.538,100.0,1,accepted_present,1,unchanged_B3_status
GCF_053117685.1,Reproductive,ebpB,accepted_present,One distinct genomic locus meets >=80% identity and >=80% reference coverage,ebpB,WP_002379309,NZ_CP181229.1,2085576.0,2087006.0,-,99.441,100.0,1,accepted_present,1,unchanged_B3_status
GCF_053117685.1,Reproductive,ebpC,accepted_present,One distinct genomic locus meets >=80% identity and >=80% reference coverage,ebpC,WP_011109477,NZ_CP181229.1,2083696.0,2085579.0,-,99.363,100.0,1,accepted_present,1,unchanged_B3_status
GCF_053117685.1,Reproductive,efaA,accepted_present,One distinct genomic locus meets >=80% identity and >=80% reference coverage,efaA,WP_002356954,NZ_CP181229.1,1188580.0,1189506.0,-,99.461,100.0,2,accepted_present,1,unchanged_B3_status
GCF_053117685.1,Reproductive,esp,accepted_present,One distinct genomic locus meets >=80% identity and >=80% reference coverage,esp,AAD09858,NZ_CP181229.1,2653880.0,2659261.0,-,96.78051731707316,100.0,1,accepted_present,1,unchanged_B3_status
GCF_053117685.1,Reproductive,gelE,accepted_present,One distinct genomic locus meets >=80% identity and >=80% reference coverage,gelE,WP_002369251,NZ_CP181229.1,1397739.0,1399271.0,+,98.89100000000002,100.0,1,accepted_present,1,unchanged_B3_status
GCF_053117685.1,Reproductive,sprE,accepted_present,One distinct genomic locus meets >=80% identity and >=80% reference coverage,sprE,WP_002369252,NZ_CP181229.1,1399320.0,1400174.0,+,98.48,100.0,1,accepted_present,1,unchanged_B3_status
GCF_053117695.1,Reproductive,ace,accepted_present,One distinct genomic locus meets >=80% identity and >=80% reference coverage,ace,WP_010714416,NZ_CP181234.1,2074354.0,2076378.0,-,94.69581400282888,100.0,1,accepted_present,1,unchanged_B3_status
GCF_053117695.1,Reproductive,aggregation_substance_family_detected,accepted_present,At least one accepted aggregation-substance-family locus detected,asa1,WP_010785625,NZ_CP181235.1,24696,28586,-,96.967,100.0,1,accepted_present,1,approved_broad_aggregation_substance_family_rule
GCF_053117695.1,Reproductive,asa1_specific,accepted_present,Explicit asa1 reference is the competitive best match at at least one accepted locus,asa1,WP_010785625,NZ_CP181235.1,24696,28586,-,96.967,100.0,1,accepted_present,1,approved_competitive_best_reference_rule
GCF_053117695.1,Reproductive,cylA,not_detected,No candidate met a retained detection-status threshold,,,,,,,,,0,not_detected,0,unchanged_B3_status
GCF_053117695.1,Reproductive,ebpA,accepted_present,One distinct genomic locus meets >=80% identity and >=80% reference coverage,ebpA,WP_154081516,NZ_CP181234.1,2086309.0,2089773.0,-,99.307,100.0,1,accepted_present,1,unchanged_B3_status
GCF_053117695.1,Reproductive,ebpB,accepted_present,One distinct genomic locus meets >=80% identity and >=80% reference coverage,ebpB,WP_002379309,NZ_CP181234.1,2084875.0,2086305.0,-,99.092,100.0,1,accepted_present,1,unchanged_B3_status
GCF_053117695.1,Reproductive,ebpC,accepted_present,One distinct genomic locus meets >=80% identity and >=80% reference coverage,ebpC,WP_011109477,NZ_CP181234.1,2082995.0,2084878.0,-,98.992,100.0,1,accepted_present,1,unchanged_B3_status
GCF_053117695.1,Reproductive,efaA,accepted_present,One distinct genomic locus meets >=80% identity and >=80% reference coverage,efaA,WP_002356954,NZ_CP181234.1,1268423.0,1269349.0,-,99.892,100.0,2,accepted_present,1,unchanged_B3_status
GCF_053117695.1,Reproductive,esp,accepted_present,One distinct genomic locus meets >=80% identity and >=80% reference coverage,esp,AAD09858,NZ_CP181234.1,2677316.0,2682439.0,-,96.21815790417016,100.0,1,accepted_present,1,unchanged_B3_status
GCF_053117695.1,Reproductive,gelE,accepted_present,One distinct genomic locus meets >=80% identity and >=80% reference coverage,gelE,WP_002369251,NZ_CP181234.1,1426455.0,1427986.0,+,98.89100000000002,100.0,1,accepted_present,1,unchanged_B3_status
GCF_053117695.1,Reproductive,sprE,accepted_present,One distinct genomic locus meets >=80% identity and >=80% reference coverage,sprE,WP_002369252,NZ_CP181234.1,1428035.0,1428889.0,+,98.48,100.0,1,accepted_present,1,unchanged_B3_status
GCF_053117705.1,Reproductive,ace,accepted_present,One distinct genomic locus meets >=80% identity and >=80% reference coverage,ace,WP_010714416,NZ_CP181238.1,1029756.0,1031639.0,+,93.99111649659864,100.0,1,accepted_present,1,unchanged_B3_status
GCF_053117705.1,Reproductive,aggregation_substance_family_detected,accepted_present,At least one accepted aggregation-substance-family locus detected,EF0485,WP_010710127,NZ_CP181238.1,400258,404175,+,100.0,100.0,4,accepted_present,4,approved_broad_aggregation_substance_family_rule
GCF_053117705.1,Reproductive,asa1_specific,review_required,Accepted-threshold asa1 query match is better supported by a related aggregation-substance reference,asa1,WP_010785625,NZ_CP181239.1,11053,14979,+,94.246698125404,79.23413004369057,4,accepted_present,0,approved_competitive_best_reference_rule
GCF_053117705.1,Reproductive,cylA,accepted_present,One distinct genomic locus meets >=80% identity and >=80% reference coverage,cylA,AAM75253,NZ_CP181238.1,440343.0,441581.0,+,99.839,100.0,1,accepted_present,1,unchanged_B3_status
GCF_053117705.1,Reproductive,ebpA,accepted_present,One distinct genomic locus meets >=80% identity and >=80% reference coverage,ebpA,WP_154081516,NZ_CP181238.1,1015753.0,1019217.0,+,99.538,100.0,1,accepted_present,1,unchanged_B3_status
GCF_053117705.1,Reproductive,ebpB,accepted_present,One distinct genomic locus meets >=80% identity and >=80% reference coverage,ebpB,WP_002379309,NZ_CP181238.1,1019221.0,1020651.0,+,99.441,100.0,1,accepted_present,1,unchanged_B3_status
GCF_053117705.1,Reproductive,ebpC,accepted_present,One distinct genomic locus meets >=80% identity and >=80% reference coverage,ebpC,WP_011109477,NZ_CP181238.1,1020648.0,1022531.0,+,99.363,100.0,1,accepted_present,1,unchanged_B3_status
GCF_053117705.1,Reproductive,efaA,accepted_present,One distinct genomic locus meets >=80% identity and >=80% reference coverage,efaA,WP_002356954,NZ_CP181238.1,1927366.0,1928292.0,+,99.461,100.0,2,accepted_present,1,unchanged_B3_status
GCF_053117705.1,Reproductive,esp,accepted_present,One distinct genomic locus meets >=80% identity and >=80% reference coverage,esp,AAD09858,NZ_CP181238.1,447229.0,452346.0,+,96.92135571035334,99.85770188545,1,accepted_present,1,unchanged_B3_status
GCF_053117705.1,Reproductive,gelE,accepted_present,One distinct genomic locus meets >=80% identity and >=80% reference coverage,gelE,WP_002369251,NZ_CP181238.1,1717602.0,1719134.0,-,98.89100000000002,100.0,1,accepted_present,1,unchanged_B3_status
GCF_053117705.1,Reproductive,sprE,accepted_present,One distinct genomic locus meets >=80% identity and >=80% reference coverage,sprE,WP_002369252,NZ_CP181238.1,1716699.0,1717553.0,-,98.48,100.0,1,accepted_present,1,unchanged_B3_status
GCF_906464925.1,Reproductive,ace,accepted_present,One distinct genomic locus meets >=80% identity and >=80% reference coverage,ace,WP_010714416,NZ_OD940434.1,968925.0,970808.0,+,93.81397947295424,100.0,1,accepted_present,1,unchanged_B3_status
GCF_906464925.1,Reproductive,aggregation_substance_family_detected,accepted_present,At least one accepted aggregation-substance-family locus detected,EF0149,WP_011109430,NZ_OD940434.1,140416,144333,+,99.974,100.0,2,accepted_present,2,approved_broad_aggregation_substance_family_rule
GCF_906464925.1,Reproductive,asa1_specific,review_required,Accepted-threshold asa1 query match is better supported by a related aggregation-substance reference,asa1,WP_010785625,NZ_OD940435.1,11806,15723,+,95.63828640153945,80.13364173734259,2,accepted_present,0,approved_competitive_best_reference_rule
GCF_906464925.1,Reproductive,cylA,not_detected,No candidate met a retained detection-status threshold,,,,,,,,,0,not_detected,0,unchanged_B3_status
GCF_906464925.1,Reproductive,ebpA,accepted_present,One distinct genomic locus meets >=80% identity and >=80% reference coverage,ebpA,WP_154081516,NZ_OD940434.1,957869.0,961333.0,+,99.481,100.0,1,accepted_present,1,unchanged_B3_status
GCF_906464925.1,Reproductive,ebpB,accepted_present,One distinct genomic locus meets >=80% identity and >=80% reference coverage,ebpB,WP_002379309,NZ_OD940434.1,961337.0,962767.0,+,99.371,100.0,1,accepted_present,1,unchanged_B3_status
GCF_906464925.1,Reproductive,ebpC,accepted_present,One distinct genomic locus meets >=80% identity and >=80% reference coverage,ebpC,WP_011109477,NZ_OD940434.1,962764.0,964647.0,+,99.363,100.0,1,accepted_present,1,unchanged_B3_status
GCF_906464925.1,Reproductive,efaA,accepted_present,One distinct genomic locus meets >=80% identity and >=80% reference coverage,efaA,WP_002356954,NZ_OD940434.1,1806480.0,1807406.0,+,99.676,100.0,2,accepted_present,1,unchanged_B3_status
GCF_906464925.1,Reproductive,esp,accepted_present,One distinct genomic locus meets >=80% identity and >=80% reference coverage,esp,AAD09858,NZ_OD940434.1,436612.0,441729.0,+,96.60684439076456,99.85770188545,1,accepted_present,1,unchanged_B3_status
GCF_906464925.1,Reproductive,gelE,accepted_present,One distinct genomic locus meets >=80% identity and >=80% reference coverage,gelE,WP_002369251,NZ_OD940434.1,1634297.0,1635829.0,-,99.739,100.0,1,accepted_present,1,unchanged_B3_status
GCF_906464925.1,Reproductive,sprE,accepted_present,One distinct genomic locus meets >=80% identity and >=80% reference coverage,sprE,WP_002369252,NZ_OD940434.1,1633394.0,1634248.0,-,99.766,100.0,1,accepted_present,1,unchanged_B3_status
