Genome,Query_ID,Target_gene,Database_gene_symbol,Reference_accession,Reference_name,Mapping_status,Contig_ID,Locus_number_on_contig,Start,Stop,Strand,Identity,Coverage,HSP_count,Best_bitscore,Distinct_target_locus_number_on_contig,Distinct_target_locus_ID
GCA_029011255.1,VFG002165|WP_002356954|efaA|efaA,efaA,efaA,WP_002356954,endocarditis specific antigen,approved_primary,CP118048.1,1,1696626,1697552,+,99.569,100.0,1,1654.0,1,CP118048.1|+|1
GCA_029011255.1,VFG002166|WP_010714416|ace|ace,ace,ace,WP_010714416,collagen adhesin protein,approved_primary,CP118048.1,1,863332,865074,+,94.04790825386385,100.0,7,2327.0,1,CP118048.1|+|1
GCA_029011255.1,VFG002174|WP_002369251|gelE|gelE,gelE,gelE,WP_002369251,coccolysin,approved_primary,CP118048.1,1,1539882,1541414,-,98.89100000000002,100.0,1,2689.0,1,CP118048.1|-|1
GCA_029011255.1,VFG002191|WP_002369252|sprE|sprE,sprE,sprE,WP_002369252,"serine proteinase, V8 family",approved_primary,CP118048.1,1,1538979,1539833,-,98.48,100.0,1,1484.0,1,CP118048.1|-|1
GCA_029011255.1,VFG042976|WP_154081516|ebpA|ebpA,ebpA,ebpA,WP_154081516,endocarditis and biofilm-associated pilus tip protein EbpA,approved_primary,CP118048.1,1,852136,855600,+,99.076,100.0,1,6105.0,1,CP118048.1|+|1
GCA_029011255.1,VFG042977|WP_002379309|ebpB|ebpB,ebpB,ebpB,WP_002379309,endocarditis and biofilm-associated pilus minor subunit EbpB,approved_primary,CP118048.1,1,855604,857034,+,99.02200000000002,100.0,1,2518.0,1,CP118048.1|+|1
GCA_029011255.1,VFG042978|WP_011109477|ebpC|ebpC,ebpC,ebpC,WP_011109477,endocarditis and biofilm-associated pilus major subunit EbpC,approved_primary,CP118048.1,1,857031,858914,+,98.779,100.0,1,3296.0,1,CP118048.1|+|1
GCA_029011395.1,VFG002164|WP_002395058|prgB/asc10|aggregation_substance_context,aggregation_substance_context,prgB/asc10,WP_002395058,aggregation substance PrgB/Asc10,review_required_context,CP118057.1,1,435637,439529,+,93.956,99.97447677386421,1,6010.0,1,CP118057.1|+|1
GCA_029011395.1,VFG002164|WP_002395058|prgB/asc10|aggregation_substance_context,aggregation_substance_context,prgB/asc10,WP_002395058,aggregation substance PrgB/Asc10,review_required_context,CP118057.1,2,1327859,1331750,+,93.72437111751522,79.58141909137315,2,3554.0,2,CP118057.1|+|2
GCA_029011395.1,VFG002165|WP_002356954|efaA|efaA,efaA,efaA,WP_002356954,endocarditis specific antigen,approved_primary,CP118057.1,1,1171206,1172132,-,99.569,100.0,1,1654.0,1,CP118057.1|-|1
GCA_029011395.1,VFG002165|WP_002356954|efaA|efaA,efaA,efaA,WP_002356954,endocarditis specific antigen,approved_primary,CP118057.1,2,2588244,2589053,-,68.237,87.37864077669903,1,269.0,2,CP118057.1|-|2
GCA_029011395.1,VFG002166|WP_010714416|ace|ace,ace,ace,WP_010714416,collagen adhesin protein,approved_primary,CP118057.1,1,2077341,2079224,-,94.44903830141548,100.0,7,2676.0,1,CP118057.1|-|1
GCA_029011395.1,VFG002171|WP_011109430|EF0149|aggregation_substance_context,aggregation_substance_context,EF0149,WP_011109430,aggregation substance,review_required_context,CP118057.1,1,435637,439460,+,87.565,98.36651352730985,1,4801.0,1,CP118057.1|+|1
GCA_029011395.1,VFG002171|WP_011109430|EF0149|aggregation_substance_context,aggregation_substance_context,EF0149,WP_011109430,aggregation substance,review_required_context,CP118057.1,2,1327859,1331681,+,94.12932338308458,76.92700357325165,2,3594.0,2,CP118057.1|+|2
GCA_029011395.1,VFG002172|WP_010710127|EF0485|aggregation_substance_context,aggregation_substance_context,EF0485,WP_010710127,aggregation substance,review_required_context,CP118057.1,1,435636,439529,+,93.702,100.0,1,5966.0,1,CP118057.1|+|1
GCA_029011395.1,VFG002172|WP_010710127|EF0485|aggregation_substance_context,aggregation_substance_context,EF0485,WP_010710127,aggregation substance,review_required_context,CP118057.1,2,1327860,1331750,+,93.01709449071109,79.55589586523736,2,3545.0,2,CP118057.1|+|2
GCA_029011395.1,VFG002173|WP_010785625|asa1|asa1_or_validated_equivalent,asa1_or_validated_equivalent,asa1,WP_010785625,aggregation substance Asa1,approved_primary,CP118057.1,1,435637,439529,+,91.9973056978233,80.10794140323824,2,3523.0,1,CP118057.1|+|1
GCA_029011395.1,VFG002173|WP_010785625|asa1|asa1_or_validated_equivalent,asa1_or_validated_equivalent,asa1,WP_010785625,aggregation substance Asa1,approved_primary,CP118057.1,2,1327859,1331750,+,96.557,100.0,1,6412.0,2,CP118057.1|+|2
GCA_029011395.1,VFG002174|WP_002369251|gelE|gelE,gelE,gelE,WP_002369251,coccolysin,approved_primary,CP118057.1,1,1425222,1426754,+,98.82600000000001,100.0,1,2684.0,1,CP118057.1|+|1
GCA_029011395.1,VFG002175|AAM75248|cylR1|cytolysin_operon_context,cytolysin_operon_context,cylR1,AAM75248,cytolysin regulator R1,context_only,CP118057.1,1,1380647,1380931,-,98.596,100.0,1,497.0,2,CP118057.1|-|2
GCA_029011395.1,VFG002175|AAM75248|cylR1|cytolysin_operon_context,cytolysin_operon_context,cylR1,AAM75248,cytolysin regulator R1,context_only,CP118058.1,1,18129,18413,-,98.596,100.0,1,497.0,2,CP118058.1|-|2
GCA_029011395.1,VFG002176|AAM75252|cylB|cytolysin_operon_context,cytolysin_operon_context,cylB,AAM75252,ABC-type transporter,context_only,CP118057.1,1,1384535,1386679,+,99.674,100.0,1,3837.0,3,CP118057.1|+|3
GCA_029011395.1,VFG002176|AAM75252|cylB|cytolysin_operon_context,cytolysin_operon_context,cylB,AAM75252,ABC-type transporter,context_only,CP118058.1,1,22017,24161,+,99.674,100.0,1,3837.0,3,CP118058.1|+|3
GCA_029011395.1,VFG002177|AAM75253|cylA|cylA,cylA,cylA,AAM75253,cytolysin activator,approved_primary,CP118057.1,1,1386676,1387914,+,99.516,100.0,1,2208.0,1,CP118057.1|+|1
GCA_029011395.1,VFG002177|AAM75253|cylA|cylA,cylA,cylA,AAM75253,cytolysin activator,approved_primary,CP118058.1,1,24158,25396,+,99.516,100.0,1,2208.0,1,CP118058.1|+|1
GCA_029011395.1,VFG002178|AAM75254|cylI|cytolysin_operon_context,cytolysin_operon_context,cylI,AAM75254,cytolysin immunity protein,context_only,CP118057.1,1,1387915,1388481,+,98.947,57.926829268292686,1,1000.0,4,CP118057.1|+|4
GCA_029011395.1,VFG002178|AAM75254|cylI|cytolysin_operon_context,cytolysin_operon_context,cylI,AAM75254,cytolysin immunity protein,context_only,CP118058.1,1,25397,26380,+,99.898,100.0,1,1771.0,4,CP118058.1|+|4
GCA_029011395.1,VFG002191|WP_002369252|sprE|sprE,sprE,sprE,WP_002369252,"serine proteinase, V8 family",approved_primary,CP118057.1,1,1426803,1427657,+,98.363,100.0,1,1480.0,1,CP118057.1|+|1
GCA_029011395.1,VFG042976|WP_154081516|ebpA|ebpA,ebpA,ebpA,WP_154081516,endocarditis and biofilm-associated pilus tip protein EbpA,approved_primary,CP118057.1,1,2086767,2090231,-,99.423,100.0,1,6159.0,1,CP118057.1|-|1
GCA_029011395.1,VFG042977|WP_002379309|ebpB|ebpB,ebpB,ebpB,WP_002379309,endocarditis and biofilm-associated pilus minor subunit EbpB,approved_primary,CP118057.1,1,2085333,2086763,-,99.72,100.0,1,2563.0,1,CP118057.1|-|1
GCA_029011395.1,VFG042978|WP_011109477|ebpC|ebpC,ebpC,ebpC,WP_011109477,endocarditis and biofilm-associated pilus major subunit EbpC,approved_primary,CP118057.1,1,2083453,2085336,-,99.045,100.0,1,3318.0,1,CP118057.1|-|1
GCA_029011395.1,VFG045470|AAM75247|cylR2|cytolysin_operon_context,cytolysin_operon_context,cylR2,AAM75247,cytolysin regulator R2,context_only,CP118057.1,1,1380446,1380646,-,99.502,100.0,1,359.0,1,CP118057.1|-|1
GCA_029011395.1,VFG045470|AAM75247|cylR2|cytolysin_operon_context,cytolysin_operon_context,cylR2,AAM75247,cytolysin regulator R2,context_only,CP118058.1,1,17928,18128,-,99.502,100.0,1,359.0,1,CP118058.1|-|1
GCA_029011395.1,VFG045472|AAM75249|cylL|cytolysin_operon_context,cytolysin_operon_context,cylL,AAM75249,CylL; cytolysin subunit,context_only,CP118057.1,1,1381050,1381423,+,96.56350515463917,100.0,2,374.0,1,CP118057.1|+|1
GCA_029011395.1,VFG045472|AAM75249|cylL|cytolysin_operon_context,cytolysin_operon_context,cylL,AAM75249,CylL; cytolysin subunit,context_only,CP118058.1,1,18532,18905,+,96.56350515463917,100.0,2,374.0,1,CP118058.1|+|1
GCA_029011395.1,VFG045473|AAM75250|cylS|cytolysin_operon_context,cytolysin_operon_context,cylS,AAM75250,CylS; cytolysin subunit,context_only,CP118057.1,1,1381064,1381481,+,96.37673913043479,100.0,2,347.0,1,CP118057.1|+|1
GCA_029011395.1,VFG045473|AAM75250|cylS|cytolysin_operon_context,cytolysin_operon_context,cylS,AAM75250,CylS; cytolysin subunit,context_only,CP118058.1,1,18546,18963,+,96.37673913043479,100.0,2,347.0,1,CP118058.1|+|1
GCA_029011395.1,VFG045474|AAM75251|cylM|cytolysin_operon_context,cytolysin_operon_context,cylM,AAM75251,CylM; cytolysin subunit modifier,context_only,CP118057.1,1,1381542,1384523,+,99.02700000000002,100.0,1,5248.0,2,CP118057.1|+|2
GCA_029011395.1,VFG045474|AAM75251|cylM|cytolysin_operon_context,cytolysin_operon_context,cylM,AAM75251,CylM; cytolysin subunit modifier,context_only,CP118058.1,1,19024,22005,+,99.02700000000002,100.0,1,5248.0,2,CP118058.1|+|2
GCA_029011535.1,VFG002164|WP_002395058|prgB/asc10|aggregation_substance_context,aggregation_substance_context,prgB/asc10,WP_002395058,aggregation substance PrgB/Asc10,review_required_context,CP118073.1,1,9856,13772,+,95.662,100.0,1,6291.0,1,CP118073.1|+|1
GCA_029011535.1,VFG002164|WP_002395058|prgB/asc10|aggregation_substance_context,aggregation_substance_context,prgB/asc10,WP_002395058,aggregation substance PrgB/Asc10,review_required_context,CP118075.1,1,41237,45154,+,89.492,100.0,1,5225.0,1,CP118075.1|+|1
GCA_029011535.1,VFG002165|WP_002356954|efaA|efaA,efaA,efaA,WP_002356954,endocarditis specific antigen,approved_primary,CP118072.1,1,1140007,1140933,-,99.569,100.0,1,1654.0,1,CP118072.1|-|1
GCA_029011535.1,VFG002165|WP_002356954|efaA|efaA,efaA,efaA,WP_002356954,endocarditis specific antigen,approved_primary,CP118072.1,2,2525958,2526767,-,68.237,87.37864077669903,1,269.0,2,CP118072.1|-|2
GCA_029011535.1,VFG002166|WP_010714416|ace|ace,ace,ace,WP_010714416,collagen adhesin protein,approved_primary,CP118072.1,1,2009292,2011175,-,94.59083093231857,100.0,8,2626.0,1,CP118072.1|-|1
GCA_029011535.1,VFG002171|WP_011109430|EF0149|aggregation_substance_context,aggregation_substance_context,EF0149,WP_011109430,aggregation substance,review_required_context,CP118073.1,1,9856,13703,+,90.119,98.39203675344564,1,5227.0,1,CP118073.1|+|1
GCA_029011535.1,VFG002171|WP_011109430|EF0149|aggregation_substance_context,aggregation_substance_context,EF0149,WP_011109430,aggregation substance,review_required_context,CP118075.1,1,41237,45136,+,95.109,99.5405819295559,1,6168.0,1,CP118075.1|+|1
GCA_029011535.1,VFG002172|WP_010710127|EF0485|aggregation_substance_context,aggregation_substance_context,EF0485,WP_010710127,aggregation substance,review_required_context,CP118073.1,1,9857,13772,+,94.564,99.97447677386421,1,6095.0,1,CP118073.1|+|1
GCA_029011535.1,VFG002172|WP_010710127|EF0485|aggregation_substance_context,aggregation_substance_context,EF0485,WP_010710127,aggregation substance,review_required_context,CP118075.1,1,41238,45076,+,89.849,97.8305257784584,1,5173.0,1,CP118075.1|+|1
GCA_029011535.1,VFG002173|WP_010785625|asa1|asa1_or_validated_equivalent,asa1_or_validated_equivalent,asa1,WP_010785625,aggregation substance Asa1,approved_primary,CP118073.1,1,9856,13772,+,95.41944170403586,80.13364173734259,2,3712.0,1,CP118073.1|+|1
GCA_029011535.1,VFG002173|WP_010785625|asa1|asa1_or_validated_equivalent,asa1_or_validated_equivalent,asa1,WP_010785625,aggregation substance Asa1,approved_primary,CP118075.1,1,41237,45076,+,94.30553346653346,77.07530197892572,2,3478.0,1,CP118075.1|+|1
GCA_029011535.1,VFG002174|WP_002369251|gelE|gelE,gelE,gelE,WP_002369251,coccolysin,approved_primary,CP118072.1,1,1296181,1297713,+,98.956,100.0,1,2693.0,1,CP118072.1|+|1
GCA_029011535.1,VFG002175|AAM75248|cylR1|cytolysin_operon_context,cytolysin_operon_context,cylR1,AAM75248,cytolysin regulator R1,context_only,CP118074.1,1,18130,18414,-,98.246,100.0,1,492.0,2,CP118074.1|-|2
GCA_029011535.1,VFG002176|AAM75252|cylB|cytolysin_operon_context,cytolysin_operon_context,cylB,AAM75252,ABC-type transporter,context_only,CP118074.1,1,22018,24162,+,99.674,100.0,1,3837.0,3,CP118074.1|+|3
GCA_029011535.1,VFG002177|AAM75253|cylA|cylA,cylA,cylA,AAM75253,cytolysin activator,approved_primary,CP118074.1,1,24159,25397,+,99.435,100.0,1,2204.0,1,CP118074.1|+|1
GCA_029011535.1,VFG002178|AAM75254|cylI|cytolysin_operon_context,cytolysin_operon_context,cylI,AAM75254,cytolysin immunity protein,context_only,CP118074.1,1,25398,26380,+,99.797,100.0,1,1763.0,4,CP118074.1|+|4
GCA_029011535.1,VFG002191|WP_002369252|sprE|sprE,sprE,sprE,WP_002369252,"serine proteinase, V8 family",approved_primary,CP118072.1,1,1297762,1298616,+,98.48,100.0,1,1484.0,1,CP118072.1|+|1
GCA_029011535.1,VFG042976|WP_154081516|ebpA|ebpA,ebpA,ebpA,WP_154081516,endocarditis and biofilm-associated pilus tip protein EbpA,approved_primary,CP118072.1,1,2018518,2021982,-,99.913,100.0,1,6236.0,1,CP118072.1|-|1
GCA_029011535.1,VFG042977|WP_002379309|ebpB|ebpB,ebpB,ebpB,WP_002379309,endocarditis and biofilm-associated pilus minor subunit EbpB,approved_primary,CP118072.1,1,2017084,2018514,-,99.161,100.0,1,2527.0,1,CP118072.1|-|1
GCA_029011535.1,VFG042978|WP_011109477|ebpC|ebpC,ebpC,ebpC,WP_011109477,endocarditis and biofilm-associated pilus major subunit EbpC,approved_primary,CP118072.1,1,2015204,2017087,-,98.992,100.0,1,3314.0,1,CP118072.1|-|1
GCA_029011535.1,VFG045470|AAM75247|cylR2|cytolysin_operon_context,cytolysin_operon_context,cylR2,AAM75247,cytolysin regulator R2,context_only,CP118074.1,1,17929,18129,-,99.502,100.0,1,359.0,1,CP118074.1|-|1
GCA_029011535.1,VFG045472|AAM75249|cylL|cytolysin_operon_context,cytolysin_operon_context,cylL,AAM75249,CylL; cytolysin subunit,context_only,CP118074.1,1,18533,18906,+,96.56350515463917,100.0,2,374.0,1,CP118074.1|+|1
GCA_029011535.1,VFG045473|AAM75250|cylS|cytolysin_operon_context,cytolysin_operon_context,cylS,AAM75250,CylS; cytolysin subunit,context_only,CP118074.1,1,18547,18964,+,96.37673913043479,100.0,2,347.0,1,CP118074.1|+|1
GCA_029011535.1,VFG045474|AAM75251|cylM|cytolysin_operon_context,cytolysin_operon_context,cylM,AAM75251,CylM; cytolysin subunit modifier,context_only,CP118074.1,1,19025,22006,+,99.02700000000002,100.0,1,5248.0,2,CP118074.1|+|2
GCA_029011745.1,VFG002164|WP_002395058|prgB/asc10|aggregation_substance_context,aggregation_substance_context,prgB/asc10,WP_002395058,aggregation substance PrgB/Asc10,review_required_context,CP118085.1,1,390488,394379,+,93.93,99.97447677386421,1,6001.0,1,CP118085.1|+|1
GCA_029011745.1,VFG002164|WP_002395058|prgB/asc10|aggregation_substance_context,aggregation_substance_context,prgB/asc10,WP_002395058,aggregation substance PrgB/Asc10,review_required_context,CP118085.1,2,1213182,1217073,+,93.72437111751522,79.58141909137315,2,3554.0,2,CP118085.1|+|2
GCA_029011745.1,VFG002165|WP_002356954|efaA|efaA,efaA,efaA,WP_002356954,endocarditis specific antigen,approved_primary,CP118085.1,1,447716,448525,+,68.237,87.37864077669903,1,269.0,1,CP118085.1|+|1
GCA_029011745.1,VFG002165|WP_002356954|efaA|efaA,efaA,efaA,WP_002356954,endocarditis specific antigen,approved_primary,CP118085.1,1,1052053,1052979,-,99.569,100.0,1,1654.0,1,CP118085.1|-|1
GCA_029011745.1,VFG002166|WP_010714416|ace|ace,ace,ace,WP_010714416,collagen adhesin protein,approved_primary,CP118085.1,1,2023771,2025654,-,94.44903830141548,100.0,7,2676.0,1,CP118085.1|-|1
GCA_029011745.1,VFG002171|WP_011109430|EF0149|aggregation_substance_context,aggregation_substance_context,EF0149,WP_011109430,aggregation substance,review_required_context,CP118085.1,1,390488,394310,+,87.594,98.36651352730985,1,4801.0,1,CP118085.1|+|1
GCA_029011745.1,VFG002171|WP_011109430|EF0149|aggregation_substance_context,aggregation_substance_context,EF0149,WP_011109430,aggregation substance,review_required_context,CP118085.1,2,1213182,1217004,+,94.12932338308458,76.92700357325165,2,3594.0,2,CP118085.1|+|2
GCA_029011745.1,VFG002172|WP_010710127|EF0485|aggregation_substance_context,aggregation_substance_context,EF0485,WP_010710127,aggregation substance,review_required_context,CP118085.1,1,390487,394379,+,93.702,100.0,1,5963.0,1,CP118085.1|+|1
GCA_029011745.1,VFG002172|WP_010710127|EF0485|aggregation_substance_context,aggregation_substance_context,EF0485,WP_010710127,aggregation substance,review_required_context,CP118085.1,2,1213183,1217073,+,93.01709449071109,79.55589586523736,2,3545.0,2,CP118085.1|+|2
GCA_029011745.1,VFG002173|WP_010785625|asa1|asa1_or_validated_equivalent,asa1_or_validated_equivalent,asa1,WP_010785625,aggregation substance Asa1,approved_primary,CP118085.1,1,390488,394379,+,91.96530825864278,80.10794140323824,2,3523.0,1,CP118085.1|+|1
GCA_029011745.1,VFG002173|WP_010785625|asa1|asa1_or_validated_equivalent,asa1_or_validated_equivalent,asa1,WP_010785625,aggregation substance Asa1,approved_primary,CP118085.1,2,1213182,1217073,+,96.557,100.0,1,6412.0,2,CP118085.1|+|2
GCA_029011745.1,VFG002174|WP_002369251|gelE|gelE,gelE,gelE,WP_002369251,coccolysin,approved_primary,CP118085.1,1,1371894,1373426,+,98.82600000000001,100.0,1,2684.0,1,CP118085.1|+|1
GCA_029011745.1,VFG002175|AAM75248|cylR1|cytolysin_operon_context,cytolysin_operon_context,cylR1,AAM75248,cytolysin regulator R1,context_only,CP118085.1,1,1315776,1316060,-,99.649,100.0,1,510.0,2,CP118085.1|-|2
GCA_029011745.1,VFG002176|AAM75252|cylB|cytolysin_operon_context,cytolysin_operon_context,cylB,AAM75252,ABC-type transporter,context_only,CP118085.1,1,1319664,1321808,+,99.114,100.0,1,3783.0,3,CP118085.1|+|3
GCA_029011745.1,VFG002177|AAM75253|cylA|cylA,cylA,cylA,AAM75253,cytolysin activator,approved_primary,CP118085.1,1,1321805,1323043,+,98.789,100.0,1,2168.0,1,CP118085.1|+|1
GCA_029011745.1,VFG002178|AAM75254|cylI|cytolysin_operon_context,cytolysin_operon_context,cylI,AAM75254,cytolysin immunity protein,context_only,CP118085.1,1,1323044,1324027,+,97.764,100.0,1,1676.0,4,CP118085.1|+|4
GCA_029011745.1,VFG002191|WP_002369252|sprE|sprE,sprE,sprE,WP_002369252,"serine proteinase, V8 family",approved_primary,CP118085.1,1,1373475,1374329,+,98.246,100.0,1,1475.0,1,CP118085.1|+|1
GCA_029011745.1,VFG042976|WP_154081516|ebpA|ebpA,ebpA,ebpA,WP_154081516,endocarditis and biofilm-associated pilus tip protein EbpA,approved_primary,CP118085.1,1,2033194,2036657,-,99.423,100.0,1,6156.0,1,CP118085.1|-|1
GCA_029011745.1,VFG042977|WP_002379309|ebpB|ebpB,ebpB,ebpB,WP_002379309,endocarditis and biofilm-associated pilus minor subunit EbpB,approved_primary,CP118085.1,1,2031761,2033190,-,99.65100000000001,100.0,1,2555.0,1,CP118085.1|-|1
GCA_029011745.1,VFG042978|WP_011109477|ebpC|ebpC,ebpC,ebpC,WP_011109477,endocarditis and biofilm-associated pilus major subunit EbpC,approved_primary,CP118085.1,1,2029881,2031764,-,99.045,100.0,1,3318.0,1,CP118085.1|-|1
GCA_029011745.1,VFG045470|AAM75247|cylR2|cytolysin_operon_context,cytolysin_operon_context,cylR2,AAM75247,cytolysin regulator R2,context_only,CP118085.1,1,1315576,1315775,-,97.512,100.0,1,337.0,1,CP118085.1|-|1
GCA_029011745.1,VFG045472|AAM75249|cylL|cytolysin_operon_context,cytolysin_operon_context,cylL,AAM75249,CylL; cytolysin subunit,context_only,CP118085.1,1,1316179,1316552,+,95.87642268041238,100.0,2,370.0,1,CP118085.1|+|1
GCA_029011745.1,VFG045473|AAM75250|cylS|cytolysin_operon_context,cytolysin_operon_context,cylS,AAM75250,CylS; cytolysin subunit,context_only,CP118085.1,1,1316193,1316610,+,96.01430434782608,100.0,2,343.0,1,CP118085.1|+|1
GCA_029011745.1,VFG045474|AAM75251|cylM|cytolysin_operon_context,cytolysin_operon_context,cylM,AAM75251,CylM; cytolysin subunit modifier,context_only,CP118085.1,1,1316671,1319652,+,98.793,100.0,1,5216.0,2,CP118085.1|+|2
GCA_050469755.1,VFG002164|WP_002395058|prgB/asc10|aggregation_substance_context,aggregation_substance_context,prgB/asc10,WP_002395058,aggregation substance PrgB/Asc10,review_required_context,CP175100.1,1,20404,24321,-,96.605,100.0,1,6467.0,1,CP175100.1|-|1
GCA_050469755.1,VFG002164|WP_002395058|prgB/asc10|aggregation_substance_context,aggregation_substance_context,prgB/asc10,WP_002395058,aggregation substance PrgB/Asc10,review_required_context,CP175101.1,1,2491355,2495247,+,94.469,99.97447677386421,1,6107.0,1,CP175101.1|+|1
GCA_050469755.1,VFG002165|WP_002356954|efaA|efaA,efaA,efaA,WP_002356954,endocarditis specific antigen,approved_primary,CP175101.1,1,940831,941757,+,99.892,100.0,1,1668.0,1,CP175101.1|+|1
GCA_050469755.1,VFG002165|WP_002356954|efaA|efaA,efaA,efaA,WP_002356954,endocarditis specific antigen,approved_primary,CP175101.1,2,2573034,2573843,+,68.237,87.37864077669903,1,269.0,2,CP175101.1|+|2
GCA_050469755.1,VFG002166|WP_010714416|ace|ace,ace,ace,WP_010714416,collagen adhesin protein,approved_primary,CP175101.1,1,52017,54041,+,94.79255579553636,100.0,7,3639.0,1,CP175101.1|+|1
GCA_050469755.1,VFG002171|WP_011109430|EF0149|aggregation_substance_context,aggregation_substance_context,EF0149,WP_011109430,aggregation substance,review_required_context,CP175100.1,1,20473,24321,-,90.31,98.39203675344564,1,5268.0,1,CP175100.1|-|1
GCA_050469755.1,VFG002171|WP_011109430|EF0149|aggregation_substance_context,aggregation_substance_context,EF0149,WP_011109430,aggregation substance,review_required_context,CP175101.1,1,2491355,2495178,+,89.105,98.36651352730985,1,5071.0,1,CP175101.1|+|1
GCA_050469755.1,VFG002172|WP_010710127|EF0485|aggregation_substance_context,aggregation_substance_context,EF0485,WP_010710127,aggregation substance,review_required_context,CP175100.1,1,20404,24320,-,96.017,99.97447677386421,1,6361.0,1,CP175100.1|-|1
GCA_050469755.1,VFG002172|WP_010710127|EF0485|aggregation_substance_context,aggregation_substance_context,EF0485,WP_010710127,aggregation substance,review_required_context,CP175101.1,1,2491354,2495247,+,94.67,100.0,1,6143.0,1,CP175101.1|+|1
GCA_050469755.1,VFG002173|WP_010785625|asa1|asa1_or_validated_equivalent,asa1_or_validated_equivalent,asa1,WP_010785625,aggregation substance Asa1,approved_primary,CP175100.1,1,20404,24321,-,95.41986995515695,80.13364173734259,2,3721.0,1,CP175100.1|-|1
GCA_050469755.1,VFG002173|WP_010785625|asa1|asa1_or_validated_equivalent,asa1_or_validated_equivalent,asa1,WP_010785625,aggregation substance Asa1,approved_primary,CP175101.1,1,2491355,2495247,+,93.37354225352112,80.10794140323824,2,3712.0,1,CP175101.1|+|1
GCA_050469755.1,VFG002174|WP_002369251|gelE|gelE,gelE,gelE,WP_002369251,coccolysin,approved_primary,CP175101.1,1,705834,707366,-,100.0,100.0,1,2765.0,1,CP175101.1|-|1
GCA_050469755.1,VFG002191|WP_002369252|sprE|sprE,sprE,sprE,WP_002369252,"serine proteinase, V8 family",approved_primary,CP175101.1,1,704931,705785,-,100.0,100.0,1,1543.0,1,CP175101.1|-|1
GCA_050469755.1,VFG042976|WP_154081516|ebpA|ebpA,ebpA,ebpA,WP_154081516,endocarditis and biofilm-associated pilus tip protein EbpA,approved_primary,CP175101.1,1,41209,44673,+,99.942,100.0,1,6240.0,1,CP175101.1|+|1
GCA_050469755.1,VFG042977|WP_002379309|ebpB|ebpB,ebpB,ebpB,WP_002379309,endocarditis and biofilm-associated pilus minor subunit EbpB,approved_primary,CP175101.1,1,44677,46107,+,100.0,100.0,1,2581.0,1,CP175101.1|+|1
GCA_050469755.1,VFG042978|WP_011109477|ebpC|ebpC,ebpC,ebpC,WP_011109477,endocarditis and biofilm-associated pilus major subunit EbpC,approved_primary,CP175101.1,1,46104,47987,+,99.682,100.0,1,3372.0,1,CP175101.1|+|1
GCA_050471105.1,VFG002165|WP_002356954|efaA|efaA,efaA,efaA,WP_002356954,endocarditis specific antigen,approved_primary,CP175093.1,1,861641,862567,+,99.569,100.0,1,1654.0,1,CP175093.1|+|1
GCA_050471105.1,VFG002165|WP_002356954|efaA|efaA,efaA,efaA,WP_002356954,endocarditis specific antigen,approved_primary,CP175093.1,2,2470268,2471077,+,68.237,87.37864077669903,1,269.0,2,CP175093.1|+|2
GCA_050471105.1,VFG002166|WP_010714416|ace|ace,ace,ace,WP_010714416,collagen adhesin protein,approved_primary,CP175093.1,1,54002,56026,+,93.2238198697854,100.0,7,3373.0,1,CP175093.1|+|1
GCA_050471105.1,VFG042976|WP_154081516|ebpA|ebpA,ebpA,ebpA,WP_154081516,endocarditis and biofilm-associated pilus tip protein EbpA,approved_primary,CP175093.1,1,40990,44454,+,99.509,100.0,1,6173.0,1,CP175093.1|+|1
GCA_050471105.1,VFG042977|WP_002379309|ebpB|ebpB,ebpB,ebpB,WP_002379309,endocarditis and biofilm-associated pilus minor subunit EbpB,approved_primary,CP175093.1,1,44458,45888,+,99.371,100.0,1,2541.0,1,CP175093.1|+|1
GCA_050471105.1,VFG042978|WP_011109477|ebpC|ebpC,ebpC,ebpC,WP_011109477,endocarditis and biofilm-associated pilus major subunit EbpC,approved_primary,CP175093.1,1,45885,47768,+,99.045,100.0,1,3318.0,1,CP175093.1|+|1
GCA_050472745.1,VFG002164|WP_002395058|prgB/asc10|aggregation_substance_context,aggregation_substance_context,prgB/asc10,WP_002395058,aggregation substance PrgB/Asc10,review_required_context,CP175062.1,1,433241,437133,+,94.469,99.97447677386421,1,6107.0,1,CP175062.1|+|1
GCA_050472745.1,VFG002165|WP_002356954|efaA|efaA,efaA,efaA,WP_002356954,endocarditis specific antigen,approved_primary,CP175062.1,1,527323,528132,+,68.237,87.37864077669903,1,269.0,1,CP175062.1|+|1
GCA_050472745.1,VFG002165|WP_002356954|efaA|efaA,efaA,efaA,WP_002356954,endocarditis specific antigen,approved_primary,CP175062.1,2,2294418,2295344,+,99.892,100.0,1,1668.0,2,CP175062.1|+|2
GCA_050472745.1,VFG002166|WP_010714416|ace|ace,ace,ace,WP_010714416,collagen adhesin protein,approved_primary,CP175062.1,1,1354392,1356416,+,94.79255579553636,100.0,7,3639.0,1,CP175062.1|+|1
GCA_050472745.1,VFG002171|WP_011109430|EF0149|aggregation_substance_context,aggregation_substance_context,EF0149,WP_011109430,aggregation substance,review_required_context,CP175062.1,1,433241,437064,+,89.105,98.36651352730985,1,5071.0,1,CP175062.1|+|1
GCA_050472745.1,VFG002172|WP_010710127|EF0485|aggregation_substance_context,aggregation_substance_context,EF0485,WP_010710127,aggregation substance,review_required_context,CP175062.1,1,433240,437133,+,94.67,100.0,1,6143.0,1,CP175062.1|+|1
GCA_050472745.1,VFG002173|WP_010785625|asa1|asa1_or_validated_equivalent,asa1_or_validated_equivalent,asa1,WP_010785625,aggregation substance Asa1,approved_primary,CP175062.1,1,433241,437133,+,93.37354225352112,80.10794140323824,2,3712.0,1,CP175062.1|+|1
GCA_050472745.1,VFG002174|WP_002369251|gelE|gelE,gelE,gelE,WP_002369251,coccolysin,approved_primary,CP175062.1,1,2057359,2058891,-,100.0,100.0,1,2765.0,1,CP175062.1|-|1
GCA_050472745.1,VFG002191|WP_002369252|sprE|sprE,sprE,sprE,WP_002369252,"serine proteinase, V8 family",approved_primary,CP175062.1,1,2056456,2057310,-,100.0,100.0,1,1543.0,1,CP175062.1|-|1
GCA_050472745.1,VFG042976|WP_154081516|ebpA|ebpA,ebpA,ebpA,WP_154081516,endocarditis and biofilm-associated pilus tip protein EbpA,approved_primary,CP175062.1,1,1343584,1347048,+,99.913,100.0,1,6236.0,1,CP175062.1|+|1
GCA_050472745.1,VFG042977|WP_002379309|ebpB|ebpB,ebpB,ebpB,WP_002379309,endocarditis and biofilm-associated pilus minor subunit EbpB,approved_primary,CP175062.1,1,1347052,1348482,+,100.0,100.0,1,2581.0,1,CP175062.1|+|1
GCA_050472745.1,VFG042978|WP_011109477|ebpC|ebpC,ebpC,ebpC,WP_011109477,endocarditis and biofilm-associated pilus major subunit EbpC,approved_primary,CP175062.1,1,1348479,1350362,+,99.682,100.0,1,3372.0,1,CP175062.1|+|1
GCA_050472755.1,VFG002165|WP_002356954|efaA|efaA,efaA,efaA,WP_002356954,endocarditis specific antigen,approved_primary,CP175060.1,1,1722909,1723835,+,99.784,100.0,1,1663.0,1,CP175060.1|+|1
GCA_050472755.1,VFG002166|WP_010714416|ace|ace,ace,ace,WP_010714416,collagen adhesin protein,approved_primary,CP175060.1,1,880130,882154,+,93.89461032531824,100.0,8,3355.0,1,CP175060.1|+|1
GCA_050472755.1,VFG002174|WP_002369251|gelE|gelE,gelE,gelE,WP_002369251,coccolysin,approved_primary,CP175060.1,1,1555363,1556895,-,98.956,100.0,1,2693.0,1,CP175060.1|-|1
GCA_050472755.1,VFG002191|WP_002369252|sprE|sprE,sprE,sprE,WP_002369252,"serine proteinase, V8 family",approved_primary,CP175060.1,1,1554460,1555314,-,99.649,100.0,1,1529.0,1,CP175060.1|-|1
GCA_050472755.1,VFG042976|WP_154081516|ebpA|ebpA,ebpA,ebpA,WP_154081516,endocarditis and biofilm-associated pilus tip protein EbpA,approved_primary,CP175060.1,1,866189,869653,+,99.134,100.0,1,6114.0,1,CP175060.1|+|1
GCA_050472755.1,VFG042977|WP_002379309|ebpB|ebpB,ebpB,ebpB,WP_002379309,endocarditis and biofilm-associated pilus minor subunit EbpB,approved_primary,CP175060.1,1,869657,871087,+,99.371,100.0,1,2541.0,1,CP175060.1|+|1
GCA_050472755.1,VFG042978|WP_011109477|ebpC|ebpC,ebpC,ebpC,WP_011109477,endocarditis and biofilm-associated pilus major subunit EbpC,approved_primary,CP175060.1,1,871084,872967,+,98.938,100.0,1,3309.0,1,CP175060.1|+|1
GCA_050473345.1,VFG002165|WP_002356954|efaA|efaA,efaA,efaA,WP_002356954,endocarditis specific antigen,approved_primary,CP175058.1,1,1219082,1220008,-,99.676,100.0,1,1659.0,1,CP175058.1|-|1
GCA_050473345.1,VFG002166|WP_010714416|ace|ace,ace,ace,WP_010714416,collagen adhesin protein,approved_primary,CP175058.1,1,2045566,2047308,-,95.0988907894737,100.0,7,2413.0,1,CP175058.1|-|1
GCA_050473345.1,VFG002174|WP_002369251|gelE|gelE,gelE,gelE,WP_002369251,coccolysin,approved_primary,CP175058.1,1,1380189,1381721,+,98.82600000000001,100.0,1,2684.0,1,CP175058.1|+|1
GCA_050473345.1,VFG002191|WP_002369252|sprE|sprE,sprE,sprE,WP_002369252,"serine proteinase, V8 family",approved_primary,CP175058.1,1,1381770,1382624,+,98.83,100.0,1,1498.0,1,CP175058.1|+|1
GCA_050473345.1,VFG042976|WP_154081516|ebpA|ebpA,ebpA,ebpA,WP_154081516,endocarditis and biofilm-associated pilus tip protein EbpA,approved_primary,CP175058.1,1,2054651,2058115,-,99.942,100.0,1,6240.0,1,CP175058.1|-|1
GCA_050473345.1,VFG042977|WP_002379309|ebpB|ebpB,ebpB,ebpB,WP_002379309,endocarditis and biofilm-associated pilus minor subunit EbpB,approved_primary,CP175058.1,1,2053217,2054647,-,99.161,100.0,1,2527.0,1,CP175058.1|-|1
GCA_050473345.1,VFG042978|WP_011109477|ebpC|ebpC,ebpC,ebpC,WP_011109477,endocarditis and biofilm-associated pilus major subunit EbpC,approved_primary,CP175058.1,1,2051337,2053220,-,99.045,100.0,1,3318.0,1,CP175058.1|-|1
GCA_050473355.1,VFG002165|WP_002356954|efaA|efaA,efaA,efaA,WP_002356954,endocarditis specific antigen,approved_primary,CP175057.1,1,415002,415811,+,68.237,87.37864077669903,1,269.0,1,CP175057.1|+|1
GCA_050473355.1,VFG002165|WP_002356954|efaA|efaA,efaA,efaA,WP_002356954,endocarditis specific antigen,approved_primary,CP175057.1,2,1747042,1747968,+,99.676,100.0,1,1659.0,2,CP175057.1|+|2
GCA_050473355.1,VFG002166|WP_010714416|ace|ace,ace,ace,WP_010714416,collagen adhesin protein,approved_primary,CP175057.1,1,919619,921502,+,94.59083093231857,100.0,8,2626.0,1,CP175057.1|+|1
GCA_050473355.1,VFG002174|WP_002369251|gelE|gelE,gelE,gelE,WP_002369251,coccolysin,approved_primary,CP175057.1,1,1585323,1586293,-,98.867,63.33985649054142,1,1702.0,1,CP175057.1|-|1
GCA_050473355.1,VFG002191|WP_002369252|sprE|sprE,sprE,sprE,WP_002369252,"serine proteinase, V8 family",approved_primary,CP175057.1,1,1584420,1585274,-,98.713,100.0,1,1493.0,1,CP175057.1|-|1
GCA_050473355.1,VFG042976|WP_154081516|ebpA|ebpA,ebpA,ebpA,WP_154081516,endocarditis and biofilm-associated pilus tip protein EbpA,approved_primary,CP175057.1,1,908812,912276,+,99.913,100.0,1,6236.0,1,CP175057.1|+|1
GCA_050473355.1,VFG042977|WP_002379309|ebpB|ebpB,ebpB,ebpB,WP_002379309,endocarditis and biofilm-associated pilus minor subunit EbpB,approved_primary,CP175057.1,1,912280,913710,+,99.02200000000002,100.0,1,2518.0,1,CP175057.1|+|1
GCA_050473355.1,VFG042978|WP_011109477|ebpC|ebpC,ebpC,ebpC,WP_011109477,endocarditis and biofilm-associated pilus major subunit EbpC,approved_primary,CP175057.1,1,913707,915590,+,98.992,100.0,1,3314.0,1,CP175057.1|+|1
GCA_050473905.1,VFG002164|WP_002395058|prgB/asc10|aggregation_substance_context,aggregation_substance_context,prgB/asc10,WP_002395058,aggregation substance PrgB/Asc10,review_required_context,CP175055.1,1,1381,5307,+,94.857,100.0,1,6170.0,1,CP175055.1|+|1
GCA_050473905.1,VFG002164|WP_002395058|prgB/asc10|aggregation_substance_context,aggregation_substance_context,prgB/asc10,WP_002395058,aggregation substance PrgB/Asc10,review_required_context,CP175056.1,1,392282,396174,+,94.469,99.97447677386421,1,6107.0,1,CP175056.1|+|1
GCA_050473905.1,VFG002165|WP_002356954|efaA|efaA,efaA,efaA,WP_002356954,endocarditis specific antigen,approved_primary,CP175056.1,1,483564,484373,+,68.237,87.37864077669903,1,269.0,1,CP175056.1|+|1
GCA_050473905.1,VFG002165|WP_002356954|efaA|efaA,efaA,efaA,WP_002356954,endocarditis specific antigen,approved_primary,CP175056.1,1,933922,934848,-,99.892,100.0,1,1668.0,1,CP175056.1|-|1
GCA_050473905.1,VFG002166|WP_010714416|ace|ace,ace,ace,WP_010714416,collagen adhesin protein,approved_primary,CP175056.1,1,1862188,1864212,-,94.69622606191504,100.0,7,3635.0,1,CP175056.1|-|1
GCA_050473905.1,VFG002171|WP_011109430|EF0149|aggregation_substance_context,aggregation_substance_context,EF0149,WP_011109430,aggregation substance,review_required_context,CP175055.1,1,1381,5238,+,89.235,98.39203675344564,1,5094.0,1,CP175055.1|+|1
GCA_050473905.1,VFG002171|WP_011109430|EF0149|aggregation_substance_context,aggregation_substance_context,EF0149,WP_011109430,aggregation substance,review_required_context,CP175056.1,1,392282,396105,+,89.105,98.36651352730985,1,5071.0,1,CP175056.1|+|1
GCA_050473905.1,VFG002172|WP_010710127|EF0485|aggregation_substance_context,aggregation_substance_context,EF0485,WP_010710127,aggregation substance,review_required_context,CP175055.1,1,1382,5307,+,95.289,99.97447677386421,1,6245.0,1,CP175055.1|+|1
GCA_050473905.1,VFG002172|WP_010710127|EF0485|aggregation_substance_context,aggregation_substance_context,EF0485,WP_010710127,aggregation substance,review_required_context,CP175056.1,1,392281,396174,+,94.67,100.0,1,6143.0,1,CP175056.1|+|1
GCA_050473905.1,VFG002173|WP_010785625|asa1|asa1_or_validated_equivalent,asa1_or_validated_equivalent,asa1,WP_010785625,aggregation substance Asa1,approved_primary,CP175055.1,1,1381,5307,+,94.3113716871364,79.23413004369057,2,3660.0,1,CP175055.1|+|1
GCA_050473905.1,VFG002173|WP_010785625|asa1|asa1_or_validated_equivalent,asa1_or_validated_equivalent,asa1,WP_010785625,aggregation substance Asa1,approved_primary,CP175056.1,1,392282,396174,+,93.37354225352112,80.10794140323824,2,3712.0,1,CP175056.1|+|1
GCA_050473905.1,VFG002174|WP_002369251|gelE|gelE,gelE,gelE,WP_002369251,coccolysin,approved_primary,CP175056.1,1,1158360,1159892,+,100.0,100.0,1,2765.0,1,CP175056.1|+|1
GCA_050473905.1,VFG002191|WP_002369252|sprE|sprE,sprE,sprE,WP_002369252,"serine proteinase, V8 family",approved_primary,CP175056.1,1,1159941,1160795,+,100.0,100.0,1,1543.0,1,CP175056.1|+|1
GCA_050473905.1,VFG042976|WP_154081516|ebpA|ebpA,ebpA,ebpA,WP_154081516,endocarditis and biofilm-associated pilus tip protein EbpA,approved_primary,CP175056.1,1,1871556,1875020,-,99.942,100.0,1,6240.0,1,CP175056.1|-|1
GCA_050473905.1,VFG042977|WP_002379309|ebpB|ebpB,ebpB,ebpB,WP_002379309,endocarditis and biofilm-associated pilus minor subunit EbpB,approved_primary,CP175056.1,1,1870122,1871552,-,100.0,100.0,1,2581.0,1,CP175056.1|-|1
GCA_050473905.1,VFG042978|WP_011109477|ebpC|ebpC,ebpC,ebpC,WP_011109477,endocarditis and biofilm-associated pilus major subunit EbpC,approved_primary,CP175056.1,1,1868242,1870125,-,99.682,100.0,1,3372.0,1,CP175056.1|-|1
GCA_050474485.1,VFG002165|WP_002356954|efaA|efaA,efaA,efaA,WP_002356954,endocarditis specific antigen,approved_primary,CP175046.1,1,1803256,1804182,+,99.569,100.0,1,1654.0,1,CP175046.1|+|1
GCA_050474485.1,VFG002166|WP_010714416|ace|ace,ace,ace,WP_010714416,collagen adhesin protein,approved_primary,CP175046.1,1,955267,957432,+,93.48740324594256,100.0,8,2849.0,1,CP175046.1|+|1
GCA_050474485.1,VFG002174|WP_002369251|gelE|gelE,gelE,gelE,WP_002369251,coccolysin,approved_primary,CP175046.1,1,1606538,1608070,-,98.62999999999998,100.0,1,2671.0,1,CP175046.1|-|1
GCA_050474485.1,VFG002191|WP_002369252|sprE|sprE,sprE,sprE,WP_002369252,"serine proteinase, V8 family",approved_primary,CP175046.1,1,1605635,1606489,-,99.18100000000001,100.0,1,1511.0,1,CP175046.1|-|1
GCA_050474485.1,VFG042976|WP_154081516|ebpA|ebpA,ebpA,ebpA,WP_154081516,endocarditis and biofilm-associated pilus tip protein EbpA,approved_primary,CP175046.1,1,942255,945719,+,99.365,100.0,1,6150.0,1,CP175046.1|+|1
GCA_050474485.1,VFG042977|WP_002379309|ebpB|ebpB,ebpB,ebpB,WP_002379309,endocarditis and biofilm-associated pilus minor subunit EbpB,approved_primary,CP175046.1,1,945723,947153,+,99.301,100.0,1,2536.0,1,CP175046.1|+|1
GCA_050474485.1,VFG042978|WP_011109477|ebpC|ebpC,ebpC,ebpC,WP_011109477,endocarditis and biofilm-associated pilus major subunit EbpC,approved_primary,CP175046.1,1,947150,949033,+,99.045,100.0,1,3318.0,1,CP175046.1|+|1
GCA_050474495.1,VFG002164|WP_002395058|prgB/asc10|aggregation_substance_context,aggregation_substance_context,prgB/asc10,WP_002395058,aggregation substance PrgB/Asc10,review_required_context,CP175043.1,1,18994,22910,+,89.746,100.0,1,5267.0,1,CP175043.1|+|1
GCA_050474495.1,VFG002164|WP_002395058|prgB/asc10|aggregation_substance_context,aggregation_substance_context,prgB/asc10,WP_002395058,aggregation substance PrgB/Asc10,review_required_context,CP175045.1,1,2259767,2263659,-,93.981,99.97447677386421,1,6014.0,1,CP175045.1|-|1
GCA_050474495.1,VFG002165|WP_002356954|efaA|efaA,efaA,efaA,WP_002356954,endocarditis specific antigen,approved_primary,CP175045.1,1,2793540,2794324,+,68.493,84.68176914778857,1,269.0,1,CP175045.1|+|1
GCA_050474495.1,VFG002165|WP_002356954|efaA|efaA,efaA,efaA,WP_002356954,endocarditis specific antigen,approved_primary,CP175045.1,1,710891,711817,-,99.892,100.0,1,1668.0,1,CP175045.1|-|1
GCA_050474495.1,VFG002165|WP_002356954|efaA|efaA,efaA,efaA,WP_002356954,endocarditis specific antigen,approved_primary,CP175045.1,2,2196663,2197472,-,68.237,87.37864077669903,1,269.0,2,CP175045.1|-|2
GCA_050474495.1,VFG002166|WP_010714416|ace|ace,ace,ace,WP_010714416,collagen adhesin protein,approved_primary,CP175045.1,1,1601231,1603255,-,94.81632541396688,100.0,7,3653.0,1,CP175045.1|-|1
GCA_050474495.1,VFG002171|WP_011109430|EF0149|aggregation_substance_context,aggregation_substance_context,EF0149,WP_011109430,aggregation substance,review_required_context,CP175043.1,1,18994,22892,+,95.159,99.5405819295559,1,6179.0,1,CP175043.1|+|1
GCA_050474495.1,VFG002171|WP_011109430|EF0149|aggregation_substance_context,aggregation_substance_context,EF0149,WP_011109430,aggregation substance,review_required_context,CP175045.1,1,2259836,2263659,-,87.59,98.36651352730985,1,4806.0,1,CP175045.1|-|1
GCA_050474495.1,VFG002172|WP_010710127|EF0485|aggregation_substance_context,aggregation_substance_context,EF0485,WP_010710127,aggregation substance,review_required_context,CP175043.1,1,18995,22832,+,89.772,97.8305257784584,1,5156.0,1,CP175043.1|+|1
GCA_050474495.1,VFG002172|WP_010710127|EF0485|aggregation_substance_context,aggregation_substance_context,EF0485,WP_010710127,aggregation substance,review_required_context,CP175045.1,1,2259767,2263660,-,93.728,100.0,1,5971.0,1,CP175045.1|-|1
GCA_050474495.1,VFG002173|WP_010785625|asa1|asa1_or_validated_equivalent,asa1_or_validated_equivalent,asa1,WP_010785625,aggregation substance Asa1,approved_primary,CP175043.1,1,18994,22832,+,94.93828138528139,77.07530197892572,2,3510.0,1,CP175043.1|+|1
GCA_050474495.1,VFG002173|WP_010785625|asa1|asa1_or_validated_equivalent,asa1_or_validated_equivalent,asa1,WP_010785625,aggregation substance Asa1,approved_primary,CP175045.1,1,2259767,2263659,-,91.9973056978233,80.10794140323824,2,3523.0,1,CP175045.1|-|1
GCA_050474495.1,VFG002174|WP_002369251|gelE|gelE,gelE,gelE,WP_002369251,coccolysin,approved_primary,CP175045.1,1,903328,904860,+,100.0,100.0,1,2765.0,1,CP175045.1|+|1
GCA_050474495.1,VFG002175|AAM75248|cylR1|cytolysin_operon_context,cytolysin_operon_context,cylR1,AAM75248,cytolysin regulator R1,context_only,CP175044.1,1,36793,37077,-,100.0,100.0,1,515.0,2,CP175044.1|-|2
GCA_050474495.1,VFG002176|AAM75252|cylB|cytolysin_operon_context,cytolysin_operon_context,cylB,AAM75252,ABC-type transporter,context_only,CP175044.1,1,40681,42825,+,99.767,100.0,1,3846.0,3,CP175044.1|+|3
GCA_050474495.1,VFG002177|AAM75253|cylA|cylA,cylA,cylA,AAM75253,cytolysin activator,approved_primary,CP175044.1,1,42822,44060,+,99.839,100.0,1,2226.0,1,CP175044.1|+|1
GCA_050474495.1,VFG002178|AAM75254|cylI|cytolysin_operon_context,cytolysin_operon_context,cylI,AAM75254,cytolysin immunity protein,context_only,CP175044.1,1,44061,45044,+,97.256,100.0,1,1654.0,4,CP175044.1|+|4
GCA_050474495.1,VFG002179|AAD09858|esp|esp,esp,esp,AAD09858,Enterococcal surface protein; Esp,approved_primary,CP175045.1,1,2815988,2820628,+,87.87061730195097,82.37282106012096,15,2784.0,1,CP175045.1|+|1
GCA_050474495.1,VFG002191|WP_002369252|sprE|sprE,sprE,sprE,WP_002369252,"serine proteinase, V8 family",approved_primary,CP175045.1,1,904909,905763,+,100.0,100.0,1,1543.0,1,CP175045.1|+|1
GCA_050474495.1,VFG042976|WP_154081516|ebpA|ebpA,ebpA,ebpA,WP_154081516,endocarditis and biofilm-associated pilus tip protein EbpA,approved_primary,CP175045.1,1,1610599,1614063,-,99.942,100.0,1,6240.0,1,CP175045.1|-|1
GCA_050474495.1,VFG042977|WP_002379309|ebpB|ebpB,ebpB,ebpB,WP_002379309,endocarditis and biofilm-associated pilus minor subunit EbpB,approved_primary,CP175045.1,1,1609165,1610595,-,100.0,100.0,1,2581.0,1,CP175045.1|-|1
GCA_050474495.1,VFG042978|WP_011109477|ebpC|ebpC,ebpC,ebpC,WP_011109477,endocarditis and biofilm-associated pilus major subunit EbpC,approved_primary,CP175045.1,1,1607285,1609168,-,99.682,100.0,1,3372.0,1,CP175045.1|-|1
GCA_050474495.1,VFG045470|AAM75247|cylR2|cytolysin_operon_context,cytolysin_operon_context,cylR2,AAM75247,cytolysin regulator R2,context_only,CP175044.1,1,36592,36792,-,100.0,100.0,1,363.0,1,CP175044.1|-|1
GCA_050474495.1,VFG045472|AAM75249|cylL|cytolysin_operon_context,cytolysin_operon_context,cylL,AAM75249,CylL; cytolysin subunit,context_only,CP175044.1,1,37196,37569,+,96.56350515463917,100.0,2,374.0,1,CP175044.1|+|1
GCA_050474495.1,VFG045473|AAM75250|cylS|cytolysin_operon_context,cytolysin_operon_context,cylS,AAM75250,CylS; cytolysin subunit,context_only,CP175044.1,1,37210,37627,+,96.37673913043479,100.0,2,347.0,1,CP175044.1|+|1
GCA_050474495.1,VFG045474|AAM75251|cylM|cytolysin_operon_context,cytolysin_operon_context,cylM,AAM75251,CylM; cytolysin subunit modifier,context_only,CP175044.1,1,37688,40669,+,99.698,100.0,1,5338.0,2,CP175044.1|+|2
GCA_050475565.1,VFG002164|WP_002395058|prgB/asc10|aggregation_substance_context,aggregation_substance_context,prgB/asc10,WP_002395058,aggregation substance PrgB/Asc10,review_required_context,CP175028.1,1,22201,26091,+,92.66512043561819,79.58141909137315,2,3451.0,1,CP175028.1|+|1
GCA_050475565.1,VFG002164|WP_002395058|prgB/asc10|aggregation_substance_context,aggregation_substance_context,prgB/asc10,WP_002395058,aggregation substance PrgB/Asc10,review_required_context,CP175029.1,1,3912,7802,+,94.01062363869315,79.58141909137315,2,3554.0,1,CP175029.1|+|1
GCA_050475565.1,VFG002164|WP_002395058|prgB/asc10|aggregation_substance_context,aggregation_substance_context,prgB/asc10,WP_002395058,aggregation substance PrgB/Asc10,review_required_context,CP175030.1,1,2739666,2743581,-,94.032,99.97447677386421,1,6002.0,1,CP175030.1|-|1
GCA_050475565.1,VFG002165|WP_002356954|efaA|efaA,efaA,efaA,WP_002356954,endocarditis specific antigen,approved_primary,CP175030.1,1,1157634,1158560,-,99.569,100.0,1,1654.0,1,CP175030.1|-|1
GCA_050475565.1,VFG002165|WP_002356954|efaA|efaA,efaA,efaA,WP_002356954,endocarditis specific antigen,approved_primary,CP175030.1,2,2558450,2559234,-,68.244,84.68176914778857,1,260.0,2,CP175030.1|-|2
GCA_050475565.1,VFG002166|WP_010714416|ace|ace,ace,ace,WP_010714416,collagen adhesin protein,approved_primary,CP175030.1,1,1977931,1979955,-,93.92847516198704,100.0,7,3405.0,1,CP175030.1|-|1
GCA_050475565.1,VFG002171|WP_011109430|EF0149|aggregation_substance_context,aggregation_substance_context,EF0149,WP_011109430,aggregation substance,review_required_context,CP175028.1,1,22201,26022,+,92.20577611940298,76.92700357325165,2,3296.0,1,CP175028.1|+|1
GCA_050475565.1,VFG002171|WP_011109430|EF0149|aggregation_substance_context,aggregation_substance_context,EF0149,WP_011109430,aggregation substance,review_required_context,CP175029.1,1,3912,7733,+,93.3645799601858,76.92700357325165,2,3454.0,1,CP175029.1|+|1
GCA_050475565.1,VFG002171|WP_011109430|EF0149|aggregation_substance_context,aggregation_substance_context,EF0149,WP_011109430,aggregation substance,review_required_context,CP175030.1,1,2739735,2743581,-,88.8,98.36651352730985,1,4990.0,1,CP175030.1|-|1
GCA_050475565.1,VFG002172|WP_010710127|EF0485|aggregation_substance_context,aggregation_substance_context,EF0485,WP_010710127,aggregation substance,review_required_context,CP175028.1,1,22202,26091,+,92.27842358218518,79.55589586523736,2,3360.0,1,CP175028.1|+|1
GCA_050475565.1,VFG002172|WP_010710127|EF0485|aggregation_substance_context,aggregation_substance_context,EF0485,WP_010710127,aggregation substance,review_required_context,CP175029.1,1,3913,7802,+,93.87991316885615,79.55589586523736,2,3595.0,1,CP175029.1|+|1
GCA_050475565.1,VFG002172|WP_010710127|EF0485|aggregation_substance_context,aggregation_substance_context,EF0485,WP_010710127,aggregation substance,review_required_context,CP175030.1,1,2739666,2743582,-,95.203,100.0,1,6210.0,1,CP175030.1|-|1
GCA_050475565.1,VFG002173|WP_010785625|asa1|asa1_or_validated_equivalent,asa1_or_validated_equivalent,asa1,WP_010785625,aggregation substance Asa1,approved_primary,CP175028.1,1,22201,26091,+,95.631,100.0,1,6251.0,1,CP175028.1|+|1
GCA_050475565.1,VFG002173|WP_010785625|asa1|asa1_or_validated_equivalent,asa1_or_validated_equivalent,asa1,WP_010785625,aggregation substance Asa1,approved_primary,CP175029.1,1,3912,7802,+,99.126,100.0,1,6864.0,1,CP175029.1|+|1
GCA_050475565.1,VFG002173|WP_010785625|asa1|asa1_or_validated_equivalent,asa1_or_validated_equivalent,asa1,WP_010785625,aggregation substance Asa1,approved_primary,CP175030.1,1,2739666,2743581,-,92.66259147709067,80.10794140323824,2,3482.0,1,CP175030.1|-|1
GCA_050475565.1,VFG002174|WP_002369251|gelE|gelE,gelE,gelE,WP_002369251,coccolysin,approved_primary,CP175030.1,1,1327326,1328858,+,98.956,100.0,1,2693.0,1,CP175030.1|+|1
GCA_050475565.1,VFG002175|AAM75248|cylR1|cytolysin_operon_context,cytolysin_operon_context,cylR1,AAM75248,cytolysin regulator R1,context_only,CP175030.1,1,2642991,2643275,+,98.596,100.0,1,497.0,1,CP175030.1|+|1
GCA_050475565.1,VFG002176|AAM75252|cylB|cytolysin_operon_context,cytolysin_operon_context,cylB,AAM75252,ABC-type transporter,context_only,CP175030.1,1,2637243,2639387,-,98.322,100.0,1,3707.0,3,CP175030.1|-|3
GCA_050475565.1,VFG002177|AAM75253|cylA|cylA,cylA,cylA,AAM75253,cytolysin activator,approved_primary,CP175030.1,1,2579357,2579427,-,95.775,5.73042776432607,1,115.0,1,CP175030.1|-|1
GCA_050475565.1,VFG002177|AAM75253|cylA|cylA,cylA,cylA,AAM75253,cytolysin activator,approved_primary,CP175030.1,2,2636008,2637246,-,98.87,100.0,1,2172.0,2,CP175030.1|-|2
GCA_050475565.1,VFG002178|AAM75254|cylI|cytolysin_operon_context,cytolysin_operon_context,cylI,AAM75254,cytolysin immunity protein,context_only,CP175030.1,1,2578372,2579356,-,96.247,100.0,1,1606.0,1,CP175030.1|-|1
GCA_050475565.1,VFG002178|AAM75254|cylI|cytolysin_operon_context,cytolysin_operon_context,cylI,AAM75254,cytolysin immunity protein,context_only,CP175030.1,2,2635024,2636007,-,97.154,100.0,1,1649.0,2,CP175030.1|-|2
GCA_050475565.1,VFG002179|AAD09858|esp|esp,esp,esp,AAD09858,Enterococcal surface protein; Esp,approved_primary,CP175030.1,1,2610075,2615969,-,96.6128376523253,100.0,20,5956.0,1,CP175030.1|-|1
GCA_050475565.1,VFG002191|WP_002369252|sprE|sprE,sprE,sprE,WP_002369252,"serine proteinase, V8 family",approved_primary,CP175030.1,1,1328907,1329761,+,98.246,100.0,1,1475.0,1,CP175030.1|+|1
GCA_050475565.1,VFG042976|WP_154081516|ebpA|ebpA,ebpA,ebpA,WP_154081516,endocarditis and biofilm-associated pilus tip protein EbpA,approved_primary,CP175030.1,1,1990492,1993956,-,99.134,100.0,1,6114.0,1,CP175030.1|-|1
GCA_050475565.1,VFG042977|WP_002379309|ebpB|ebpB,ebpB,ebpB,WP_002379309,endocarditis and biofilm-associated pilus minor subunit EbpB,approved_primary,CP175030.1,1,1989058,1990488,-,99.092,100.0,1,2523.0,1,CP175030.1|-|1
GCA_050475565.1,VFG042978|WP_011109477|ebpC|ebpC,ebpC,ebpC,WP_011109477,endocarditis and biofilm-associated pilus major subunit EbpC,approved_primary,CP175030.1,1,1987178,1989061,-,98.938,100.0,1,3309.0,1,CP175030.1|-|1
GCA_050475565.1,VFG045470|AAM75247|cylR2|cytolysin_operon_context,cytolysin_operon_context,cylR2,AAM75247,cytolysin regulator R2,context_only,CP175030.1,1,2643276,2643476,+,99.502,100.0,1,359.0,2,CP175030.1|+|2
GCA_050475565.1,VFG045472|AAM75249|cylL|cytolysin_operon_context,cytolysin_operon_context,cylL,AAM75249,CylL; cytolysin subunit,context_only,CP175030.1,1,2642499,2642872,-,95.87642268041238,100.0,2,370.0,5,CP175030.1|-|5
GCA_050475565.1,VFG045473|AAM75250|cylS|cytolysin_operon_context,cytolysin_operon_context,cylS,AAM75250,CylS; cytolysin subunit,context_only,CP175030.1,1,2642441,2642858,-,96.01430434782608,100.0,2,343.0,5,CP175030.1|-|5
GCA_050475565.1,VFG045474|AAM75251|cylM|cytolysin_operon_context,cytolysin_operon_context,cylM,AAM75251,CylM; cytolysin subunit modifier,context_only,CP175030.1,1,2639399,2642380,-,98.759,100.0,1,5212.0,4,CP175030.1|-|4
GCA_050475575.1,VFG002164|WP_002395058|prgB/asc10|aggregation_substance_context,aggregation_substance_context,prgB/asc10,WP_002395058,aggregation substance PrgB/Asc10,review_required_context,CP175024.1,1,640,4557,+,95.433,100.0,1,6254.0,1,CP175024.1|+|1
GCA_050475575.1,VFG002164|WP_002395058|prgB/asc10|aggregation_substance_context,aggregation_substance_context,prgB/asc10,WP_002395058,aggregation substance PrgB/Asc10,review_required_context,CP175025.1,1,1,3927,+,95.239,100.0,1,6238.0,1,CP175025.1|+|1
GCA_050475575.1,VFG002164|WP_002395058|prgB/asc10|aggregation_substance_context,aggregation_substance_context,prgB/asc10,WP_002395058,aggregation substance PrgB/Asc10,review_required_context,CP175027.1,1,134848,138708,+,89.703,98.39203675344564,1,5176.0,1,CP175027.1|+|1
GCA_050475575.1,VFG002164|WP_002395058|prgB/asc10|aggregation_substance_context,aggregation_substance_context,prgB/asc10,WP_002395058,aggregation substance PrgB/Asc10,review_required_context,CP175027.1,2,401960,405876,+,95.459,99.97447677386421,1,6264.0,2,CP175027.1|+|2
GCA_050475575.1,VFG002165|WP_002356954|efaA|efaA,efaA,efaA,WP_002356954,endocarditis specific antigen,approved_primary,CP175027.1,1,502155,502964,+,68.237,87.37864077669903,1,269.0,1,CP175027.1|+|1
GCA_050475575.1,VFG002165|WP_002356954|efaA|efaA,efaA,efaA,WP_002356954,endocarditis specific antigen,approved_primary,CP175027.1,2,1951945,1952871,+,99.461,100.0,1,1650.0,2,CP175027.1|+|2
GCA_050475575.1,VFG002166|WP_010714416|ace|ace,ace,ace,WP_010714416,collagen adhesin protein,approved_primary,CP175027.1,1,1072712,1074595,+,93.99111649659864,100.0,6,2577.0,1,CP175027.1|+|1
GCA_050475575.1,VFG002171|WP_011109430|EF0149|aggregation_substance_context,aggregation_substance_context,EF0149,WP_011109430,aggregation substance,review_required_context,CP175024.1,1,640,4488,+,89.553,98.39203675344564,1,5126.0,1,CP175024.1|+|1
GCA_050475575.1,VFG002171|WP_011109430|EF0149|aggregation_substance_context,aggregation_substance_context,EF0149,WP_011109430,aggregation substance,review_required_context,CP175025.1,1,1,3858,+,89.49899999999998,98.39203675344564,1,5132.0,1,CP175025.1|+|1
GCA_050475575.1,VFG002171|WP_011109430|EF0149|aggregation_substance_context,aggregation_substance_context,EF0149,WP_011109430,aggregation substance,review_required_context,CP175027.1,1,134848,138765,+,99.974,100.0,1,7062.0,1,CP175027.1|+|1
GCA_050475575.1,VFG002171|WP_011109430|EF0149|aggregation_substance_context,aggregation_substance_context,EF0149,WP_011109430,aggregation substance,review_required_context,CP175027.1,2,401960,405807,+,89.61000000000001,98.36651352730985,1,5144.0,2,CP175027.1|+|2
GCA_050475575.1,VFG002172|WP_010710127|EF0485|aggregation_substance_context,aggregation_substance_context,EF0485,WP_010710127,aggregation substance,review_required_context,CP175024.1,1,641,4557,+,95.253,99.97447677386421,1,6221.0,1,CP175024.1|+|1
GCA_050475575.1,VFG002172|WP_010710127|EF0485|aggregation_substance_context,aggregation_substance_context,EF0485,WP_010710127,aggregation substance,review_required_context,CP175025.1,1,2,3927,+,95.136,99.97447677386421,1,6218.0,1,CP175025.1|+|1
GCA_050475575.1,VFG002172|WP_010710127|EF0485|aggregation_substance_context,aggregation_substance_context,EF0485,WP_010710127,aggregation substance,review_required_context,CP175027.1,1,134849,138702,+,89.61000000000001,98.21337417049516,1,5144.0,1,CP175027.1|+|1
GCA_050475575.1,VFG002172|WP_010710127|EF0485|aggregation_substance_context,aggregation_substance_context,EF0485,WP_010710127,aggregation substance,review_required_context,CP175027.1,2,401959,405876,+,99.974,100.0,1,7062.0,2,CP175027.1|+|2
GCA_050475575.1,VFG002173|WP_010785625|asa1|asa1_or_validated_equivalent,asa1_or_validated_equivalent,asa1,WP_010785625,aggregation substance Asa1,approved_primary,CP175024.1,1,640,4557,+,94.84304228058937,80.13364173734259,2,3626.0,1,CP175024.1|+|1
GCA_050475575.1,VFG002173|WP_010785625|asa1|asa1_or_validated_equivalent,asa1_or_validated_equivalent,asa1,WP_010785625,aggregation substance Asa1,approved_primary,CP175025.1,1,1,3927,+,94.50676237623763,80.13364173734259,2,3597.0,1,CP175025.1|+|1
GCA_050475575.1,VFG002173|WP_010785625|asa1|asa1_or_validated_equivalent,asa1_or_validated_equivalent,asa1,WP_010785625,aggregation substance Asa1,approved_primary,CP175027.1,1,134848,138702,+,93.63002919708029,77.46080699049088,2,3463.0,1,CP175027.1|+|1
GCA_050475575.1,VFG002173|WP_010785625|asa1|asa1_or_validated_equivalent,asa1_or_validated_equivalent,asa1,WP_010785625,aggregation substance Asa1,approved_primary,CP175027.1,2,401960,405876,+,93.62338929830183,80.10794140323824,2,3581.0,2,CP175027.1|+|2
GCA_050475575.1,VFG002174|WP_002369251|gelE|gelE,gelE,gelE,WP_002369251,coccolysin,approved_primary,CP175027.1,1,1740847,1742379,-,98.89100000000002,100.0,1,2689.0,1,CP175027.1|-|1
GCA_050475575.1,VFG002175|AAM75248|cylR1|cytolysin_operon_context,cytolysin_operon_context,cylR1,AAM75248,cytolysin regulator R1,context_only,CP175027.1,1,435936,436220,-,100.0,100.0,1,515.0,2,CP175027.1|-|2
GCA_050475575.1,VFG002176|AAM75252|cylB|cytolysin_operon_context,cytolysin_operon_context,cylB,AAM75252,ABC-type transporter,context_only,CP175027.1,1,439824,441968,+,99.814,100.0,1,3851.0,3,CP175027.1|+|3
GCA_050475575.1,VFG002177|AAM75253|cylA|cylA,cylA,cylA,AAM75253,cytolysin activator,approved_primary,CP175027.1,1,441965,443203,+,99.839,100.0,1,2226.0,1,CP175027.1|+|1
GCA_050475575.1,VFG002178|AAM75254|cylI|cytolysin_operon_context,cytolysin_operon_context,cylI,AAM75254,cytolysin immunity protein,context_only,CP175024.1,1,31098,31330,+,99.57099999999998,23.678861788617887,1,416.0,1,CP175024.1|+|1
GCA_050475575.1,VFG002178|AAM75254|cylI|cytolysin_operon_context,cytolysin_operon_context,cylI,AAM75254,cytolysin immunity protein,context_only,CP175027.1,1,443204,444187,+,97.256,100.0,1,1654.0,4,CP175027.1|+|4
GCA_050475575.1,VFG002179|AAD09858|esp|esp,esp,esp,AAD09858,Enterococcal surface protein; Esp,approved_primary,CP175027.1,1,448851,454472,+,96.83420225532797,100.0,19,10121.0,1,CP175027.1|+|1
GCA_050475575.1,VFG002191|WP_002369252|sprE|sprE,sprE,sprE,WP_002369252,"serine proteinase, V8 family",approved_primary,CP175027.1,1,1739944,1740798,-,98.48,100.0,1,1484.0,1,CP175027.1|-|1
GCA_050475575.1,VFG042976|WP_154081516|ebpA|ebpA,ebpA,ebpA,WP_154081516,endocarditis and biofilm-associated pilus tip protein EbpA,approved_primary,CP175027.1,1,1022265,1025729,+,99.509,100.0,1,6173.0,1,CP175027.1|+|1
GCA_050475575.1,VFG042977|WP_002379309|ebpB|ebpB,ebpB,ebpB,WP_002379309,endocarditis and biofilm-associated pilus minor subunit EbpB,approved_primary,CP175027.1,1,1025733,1027163,+,99.441,100.0,1,2545.0,1,CP175027.1|+|1
GCA_050475575.1,VFG042978|WP_011109477|ebpC|ebpC,ebpC,ebpC,WP_011109477,endocarditis and biofilm-associated pilus major subunit EbpC,approved_primary,CP175027.1,1,1027160,1029043,+,99.363,100.0,1,3345.0,1,CP175027.1|+|1
GCA_050475575.1,VFG045470|AAM75247|cylR2|cytolysin_operon_context,cytolysin_operon_context,cylR2,AAM75247,cytolysin regulator R2,context_only,CP175027.1,1,435735,435935,-,100.0,100.0,1,363.0,1,CP175027.1|-|1
GCA_050475575.1,VFG045472|AAM75249|cylL|cytolysin_operon_context,cytolysin_operon_context,cylL,AAM75249,CylL; cytolysin subunit,context_only,CP175027.1,1,436339,436712,+,96.56350515463917,100.0,2,374.0,1,CP175027.1|+|1
GCA_050475575.1,VFG045473|AAM75250|cylS|cytolysin_operon_context,cytolysin_operon_context,cylS,AAM75250,CylS; cytolysin subunit,context_only,CP175027.1,1,436353,436770,+,96.37673913043479,100.0,2,347.0,1,CP175027.1|+|1
GCA_050475575.1,VFG045474|AAM75251|cylM|cytolysin_operon_context,cytolysin_operon_context,cylM,AAM75251,CylM; cytolysin subunit modifier,context_only,CP175027.1,1,436831,439812,+,99.698,100.0,1,5338.0,2,CP175027.1|+|2
GCA_050476085.1,VFG002165|WP_002356954|efaA|efaA,efaA,efaA,WP_002356954,endocarditis specific antigen,approved_primary,CP175020.1,1,1981498,1982424,+,99.676,100.0,1,1659.0,1,CP175020.1|+|1
GCA_050476085.1,VFG002166|WP_010714416|ace|ace,ace,ace,WP_010714416,collagen adhesin protein,approved_primary,CP175020.1,1,1039861,1041603,+,95.0987605263158,100.0,7,2413.0,1,CP175020.1|+|1
GCA_050476085.1,VFG002174|WP_002369251|gelE|gelE,gelE,gelE,WP_002369251,coccolysin,approved_primary,CP175020.1,1,1750137,1751669,-,98.82600000000001,100.0,1,2684.0,1,CP175020.1|-|1
GCA_050476085.1,VFG002191|WP_002369252|sprE|sprE,sprE,sprE,WP_002369252,"serine proteinase, V8 family",approved_primary,CP175020.1,1,1749234,1750088,-,98.596,100.0,1,1489.0,1,CP175020.1|-|1
GCA_050476085.1,VFG042976|WP_154081516|ebpA|ebpA,ebpA,ebpA,WP_154081516,endocarditis and biofilm-associated pilus tip protein EbpA,approved_primary,CP175020.1,1,1029054,1032518,+,99.942,100.0,1,6240.0,1,CP175020.1|+|1
GCA_050476085.1,VFG042977|WP_002379309|ebpB|ebpB,ebpB,ebpB,WP_002379309,endocarditis and biofilm-associated pilus minor subunit EbpB,approved_primary,CP175020.1,1,1032522,1033952,+,99.161,100.0,1,2527.0,1,CP175020.1|+|1
GCA_050476085.1,VFG042978|WP_011109477|ebpC|ebpC,ebpC,ebpC,WP_011109477,endocarditis and biofilm-associated pilus major subunit EbpC,approved_primary,CP175020.1,1,1033949,1035832,+,98.992,100.0,1,3314.0,1,CP175020.1|+|1
GCA_050480515.1,VFG002164|WP_002395058|prgB/asc10|aggregation_substance_context,aggregation_substance_context,prgB/asc10,WP_002395058,aggregation substance PrgB/Asc10,review_required_context,CP174929.1,1,41089,44979,+,94.01062363869315,79.58141909137315,2,3554.0,1,CP174929.1|+|1
GCA_050480515.1,VFG002165|WP_002356954|efaA|efaA,efaA,efaA,WP_002356954,endocarditis specific antigen,approved_primary,CP174930.1,1,897237,898163,+,99.569,100.0,1,1654.0,1,CP174930.1|+|1
GCA_050480515.1,VFG002165|WP_002356954|efaA|efaA,efaA,efaA,WP_002356954,endocarditis specific antigen,approved_primary,CP174930.1,2,2459655,2460464,+,68.237,87.37864077669903,1,269.0,2,CP174930.1|+|2
GCA_050480515.1,VFG002166|WP_010714416|ace|ace,ace,ace,WP_010714416,collagen adhesin protein,approved_primary,CP174930.1,1,54002,56026,+,93.2238198697854,100.0,7,3373.0,1,CP174930.1|+|1
GCA_050480515.1,VFG002171|WP_011109430|EF0149|aggregation_substance_context,aggregation_substance_context,EF0149,WP_011109430,aggregation substance,review_required_context,CP174929.1,1,41089,44910,+,93.29819376244194,76.92700357325165,2,3454.0,1,CP174929.1|+|1
GCA_050480515.1,VFG002172|WP_010710127|EF0485|aggregation_substance_context,aggregation_substance_context,EF0485,WP_010710127,aggregation substance,review_required_context,CP174929.1,1,41090,44979,+,93.87991316885615,79.55589586523736,2,3595.0,1,CP174929.1|+|1
GCA_050480515.1,VFG002173|WP_010785625|asa1|asa1_or_validated_equivalent,asa1_or_validated_equivalent,asa1,WP_010785625,aggregation substance Asa1,approved_primary,CP174929.1,1,41089,44979,+,99.1,100.0,1,6860.0,1,CP174929.1|+|1
GCA_050480515.1,VFG002174|WP_002369251|gelE|gelE,gelE,gelE,WP_002369251,coccolysin,approved_primary,CP174930.1,1,718099,719631,-,98.761,100.0,1,2680.0,1,CP174930.1|-|1
GCA_050480515.1,VFG002179|AAD09858|esp|esp,esp,esp,AAD09858,Enterococcal surface protein; Esp,approved_primary,CP174930.1,1,2435190,2440313,+,96.06919027736355,100.0,17,4846.0,1,CP174930.1|+|1
GCA_050480515.1,VFG002191|WP_002369252|sprE|sprE,sprE,sprE,WP_002369252,"serine proteinase, V8 family",approved_primary,CP174930.1,1,717196,718050,-,98.83,100.0,1,1498.0,1,CP174930.1|-|1
GCA_050480515.1,VFG042976|WP_154081516|ebpA|ebpA,ebpA,ebpA,WP_154081516,endocarditis and biofilm-associated pilus tip protein EbpA,approved_primary,CP174930.1,1,40990,44454,+,99.509,100.0,1,6173.0,1,CP174930.1|+|1
GCA_050480515.1,VFG042977|WP_002379309|ebpB|ebpB,ebpB,ebpB,WP_002379309,endocarditis and biofilm-associated pilus minor subunit EbpB,approved_primary,CP174930.1,1,44458,45888,+,99.371,100.0,1,2541.0,1,CP174930.1|+|1
GCA_050480515.1,VFG042978|WP_011109477|ebpC|ebpC,ebpC,ebpC,WP_011109477,endocarditis and biofilm-associated pilus major subunit EbpC,approved_primary,CP174930.1,1,45885,47768,+,99.045,100.0,1,3318.0,1,CP174930.1|+|1
GCA_050481105.1,VFG002164|WP_002395058|prgB/asc10|aggregation_substance_context,aggregation_substance_context,prgB/asc10,WP_002395058,aggregation substance PrgB/Asc10,review_required_context,CP174926.1,1,41089,44979,+,94.01062363869315,79.58141909137315,2,3554.0,1,CP174926.1|+|1
GCA_050481105.1,VFG002165|WP_002356954|efaA|efaA,efaA,efaA,WP_002356954,endocarditis specific antigen,approved_primary,CP174928.1,1,1049948,1050874,-,99.569,100.0,1,1654.0,1,CP174928.1|-|1
GCA_050481105.1,VFG002165|WP_002356954|efaA|efaA,efaA,efaA,WP_002356954,endocarditis specific antigen,approved_primary,CP174928.1,2,2434956,2435765,-,68.237,87.37864077669903,1,269.0,2,CP174928.1|-|2
GCA_050481105.1,VFG002166|WP_010714416|ace|ace,ace,ace,WP_010714416,collagen adhesin protein,approved_primary,CP174928.1,1,1892085,1894109,-,93.22381986978539,100.0,7,3373.0,1,CP174928.1|-|1
GCA_050481105.1,VFG002171|WP_011109430|EF0149|aggregation_substance_context,aggregation_substance_context,EF0149,WP_011109430,aggregation substance,review_required_context,CP174926.1,1,41089,44910,+,93.29819376244194,76.92700357325165,2,3454.0,1,CP174926.1|+|1
GCA_050481105.1,VFG002172|WP_010710127|EF0485|aggregation_substance_context,aggregation_substance_context,EF0485,WP_010710127,aggregation substance,review_required_context,CP174926.1,1,41090,44979,+,93.87991316885615,79.55589586523736,2,3595.0,1,CP174926.1|+|1
GCA_050481105.1,VFG002173|WP_010785625|asa1|asa1_or_validated_equivalent,asa1_or_validated_equivalent,asa1,WP_010785625,aggregation substance Asa1,approved_primary,CP174926.1,1,41089,44979,+,99.1,100.0,1,6860.0,1,CP174926.1|+|1
GCA_050481105.1,VFG002174|WP_002369251|gelE|gelE,gelE,gelE,WP_002369251,coccolysin,approved_primary,CP174928.1,1,1228480,1230012,+,98.761,100.0,1,2680.0,1,CP174928.1|+|1
GCA_050481105.1,VFG002179|AAD09858|esp|esp,esp,esp,AAD09858,Enterococcal surface protein; Esp,approved_primary,CP174928.1,1,2481924,2487047,-,96.06919027736355,100.0,17,4846.0,1,CP174928.1|-|1
GCA_050481105.1,VFG002191|WP_002369252|sprE|sprE,sprE,sprE,WP_002369252,"serine proteinase, V8 family",approved_primary,CP174928.1,1,1230061,1230915,+,98.83,100.0,1,1498.0,1,CP174928.1|+|1
GCA_050481105.1,VFG042976|WP_154081516|ebpA|ebpA,ebpA,ebpA,WP_154081516,endocarditis and biofilm-associated pilus tip protein EbpA,approved_primary,CP174928.1,1,1903657,1907121,-,99.509,100.0,1,6173.0,1,CP174928.1|-|1
GCA_050481105.1,VFG042977|WP_002379309|ebpB|ebpB,ebpB,ebpB,WP_002379309,endocarditis and biofilm-associated pilus minor subunit EbpB,approved_primary,CP174928.1,1,1902223,1903653,-,99.371,100.0,1,2541.0,1,CP174928.1|-|1
GCA_050481105.1,VFG042978|WP_011109477|ebpC|ebpC,ebpC,ebpC,WP_011109477,endocarditis and biofilm-associated pilus major subunit EbpC,approved_primary,CP174928.1,1,1900343,1902226,-,99.045,100.0,1,3318.0,1,CP174928.1|-|1
GCA_050481115.1,VFG002165|WP_002356954|efaA|efaA,efaA,efaA,WP_002356954,endocarditis specific antigen,approved_primary,CP174925.1,1,474702,475511,+,68.237,87.37864077669903,1,269.0,1,CP174925.1|+|1
GCA_050481115.1,VFG002165|WP_002356954|efaA|efaA,efaA,efaA,WP_002356954,endocarditis specific antigen,approved_primary,CP174925.1,2,1844264,1845190,+,99.569,100.0,1,1654.0,2,CP174925.1|+|2
GCA_050481115.1,VFG002166|WP_010714416|ace|ace,ace,ace,WP_010714416,collagen adhesin protein,approved_primary,CP174925.1,1,1001033,1003057,+,93.2238198697854,100.0,7,3373.0,1,CP174925.1|+|1
GCA_050481115.1,VFG002174|WP_002369251|gelE|gelE,gelE,gelE,WP_002369251,coccolysin,approved_primary,CP174925.1,1,1665130,1666662,-,98.761,100.0,1,2680.0,1,CP174925.1|-|1
GCA_050481115.1,VFG002179|AAD09858|esp|esp,esp,esp,AAD09858,Enterococcal surface protein; Esp,approved_primary,CP174925.1,1,423459,428582,+,96.218061895089,100.0,17,4846.0,1,CP174925.1|+|1
GCA_050481115.1,VFG002191|WP_002369252|sprE|sprE,sprE,sprE,WP_002369252,"serine proteinase, V8 family",approved_primary,CP174925.1,1,1664227,1665081,-,98.83,100.0,1,1498.0,1,CP174925.1|-|1
GCA_050481115.1,VFG042976|WP_154081516|ebpA|ebpA,ebpA,ebpA,WP_154081516,endocarditis and biofilm-associated pilus tip protein EbpA,approved_primary,CP174925.1,1,988021,991485,+,99.509,100.0,1,6173.0,1,CP174925.1|+|1
GCA_050481115.1,VFG042977|WP_002379309|ebpB|ebpB,ebpB,ebpB,WP_002379309,endocarditis and biofilm-associated pilus minor subunit EbpB,approved_primary,CP174925.1,1,991489,992919,+,99.371,100.0,1,2541.0,1,CP174925.1|+|1
GCA_050481115.1,VFG042978|WP_011109477|ebpC|ebpC,ebpC,ebpC,WP_011109477,endocarditis and biofilm-associated pilus major subunit EbpC,approved_primary,CP174925.1,1,992916,994799,+,99.045,100.0,1,3318.0,1,CP174925.1|+|1
GCA_050481685.1,VFG002165|WP_002356954|efaA|efaA,efaA,efaA,WP_002356954,endocarditis specific antigen,approved_primary,CP174922.1,1,474702,475511,+,68.237,87.37864077669903,1,269.0,1,CP174922.1|+|1
GCA_050481685.1,VFG002165|WP_002356954|efaA|efaA,efaA,efaA,WP_002356954,endocarditis specific antigen,approved_primary,CP174922.1,2,1844267,1845193,+,99.569,100.0,1,1654.0,2,CP174922.1|+|2
GCA_050481685.1,VFG002166|WP_010714416|ace|ace,ace,ace,WP_010714416,collagen adhesin protein,approved_primary,CP174922.1,1,1001033,1003057,+,93.2238198697854,100.0,7,3373.0,1,CP174922.1|+|1
GCA_050481685.1,VFG002174|WP_002369251|gelE|gelE,gelE,gelE,WP_002369251,coccolysin,approved_primary,CP174922.1,1,1665133,1666665,-,98.761,100.0,1,2680.0,1,CP174922.1|-|1
GCA_050481685.1,VFG002179|AAD09858|esp|esp,esp,esp,AAD09858,Enterococcal surface protein; Esp,approved_primary,CP174922.1,1,423459,428582,+,96.218061895089,100.0,17,4846.0,1,CP174922.1|+|1
GCA_050481685.1,VFG002191|WP_002369252|sprE|sprE,sprE,sprE,WP_002369252,"serine proteinase, V8 family",approved_primary,CP174922.1,1,1664230,1665084,-,98.83,100.0,1,1498.0,1,CP174922.1|-|1
GCA_050481685.1,VFG042976|WP_154081516|ebpA|ebpA,ebpA,ebpA,WP_154081516,endocarditis and biofilm-associated pilus tip protein EbpA,approved_primary,CP174922.1,1,988021,991485,+,99.509,100.0,1,6173.0,1,CP174922.1|+|1
GCA_050481685.1,VFG042977|WP_002379309|ebpB|ebpB,ebpB,ebpB,WP_002379309,endocarditis and biofilm-associated pilus minor subunit EbpB,approved_primary,CP174922.1,1,991489,992919,+,99.371,100.0,1,2541.0,1,CP174922.1|+|1
GCA_050481685.1,VFG042978|WP_011109477|ebpC|ebpC,ebpC,ebpC,WP_011109477,endocarditis and biofilm-associated pilus major subunit EbpC,approved_primary,CP174922.1,1,992916,994799,+,99.045,100.0,1,3318.0,1,CP174922.1|+|1
GCA_050481695.1,VFG002164|WP_002395058|prgB/asc10|aggregation_substance_context,aggregation_substance_context,prgB/asc10,WP_002395058,aggregation substance PrgB/Asc10,review_required_context,CP174920.1,1,35724,39641,-,89.569,100.0,1,5239.0,1,CP174920.1|-|1
GCA_050481695.1,VFG002164|WP_002395058|prgB/asc10|aggregation_substance_context,aggregation_substance_context,prgB/asc10,WP_002395058,aggregation substance PrgB/Asc10,review_required_context,CP174921.1,1,2202591,2206483,-,94.469,99.97447677386421,1,6107.0,1,CP174921.1|-|1
GCA_050481695.1,VFG002165|WP_002356954|efaA|efaA,efaA,efaA,WP_002356954,endocarditis specific antigen,approved_primary,CP174921.1,1,663277,664203,-,99.892,100.0,1,1668.0,1,CP174921.1|-|1
GCA_050481695.1,VFG002165|WP_002356954|efaA|efaA,efaA,efaA,WP_002356954,endocarditis specific antigen,approved_primary,CP174921.1,2,2124064,2124873,-,68.237,87.37864077669903,1,269.0,2,CP174921.1|-|2
GCA_050481695.1,VFG002166|WP_010714416|ace|ace,ace,ace,WP_010714416,collagen adhesin protein,approved_primary,CP174921.1,1,1608040,1610064,-,94.81632541396688,100.0,7,3653.0,1,CP174921.1|-|1
GCA_050481695.1,VFG002171|WP_011109430|EF0149|aggregation_substance_context,aggregation_substance_context,EF0149,WP_011109430,aggregation substance,review_required_context,CP174920.1,1,35742,39641,-,95.077,99.5405819295559,1,6168.0,1,CP174920.1|-|1
GCA_050481695.1,VFG002171|WP_011109430|EF0149|aggregation_substance_context,aggregation_substance_context,EF0149,WP_011109430,aggregation substance,review_required_context,CP174921.1,1,2202660,2206483,-,89.105,98.36651352730985,1,5071.0,1,CP174921.1|-|1
GCA_050481695.1,VFG002172|WP_010710127|EF0485|aggregation_substance_context,aggregation_substance_context,EF0485,WP_010710127,aggregation substance,review_required_context,CP174920.1,1,35802,39640,-,89.564,97.8305257784584,1,5123.0,1,CP174920.1|-|1
GCA_050481695.1,VFG002172|WP_010710127|EF0485|aggregation_substance_context,aggregation_substance_context,EF0485,WP_010710127,aggregation substance,review_required_context,CP174921.1,1,2202591,2206484,-,94.67,100.0,1,6143.0,1,CP174921.1|-|1
GCA_050481695.1,VFG002173|WP_010785625|asa1|asa1_or_validated_equivalent,asa1_or_validated_equivalent,asa1,WP_010785625,aggregation substance Asa1,approved_primary,CP174920.1,1,35802,39641,-,94.96476458819608,77.07530197892572,2,3508.0,1,CP174920.1|-|1
GCA_050481695.1,VFG002173|WP_010785625|asa1|asa1_or_validated_equivalent,asa1_or_validated_equivalent,asa1,WP_010785625,aggregation substance Asa1,approved_primary,CP174921.1,1,2202591,2206483,-,93.37354225352112,80.10794140323824,2,3712.0,1,CP174921.1|-|1
GCA_050481695.1,VFG002174|WP_002369251|gelE|gelE,gelE,gelE,WP_002369251,coccolysin,approved_primary,CP174921.1,1,902806,904338,+,100.0,100.0,1,2765.0,1,CP174921.1|+|1
GCA_050481695.1,VFG002191|WP_002369252|sprE|sprE,sprE,sprE,WP_002369252,"serine proteinase, V8 family",approved_primary,CP174921.1,1,904387,905241,+,100.0,100.0,1,1543.0,1,CP174921.1|+|1
GCA_050481695.1,VFG042976|WP_154081516|ebpA|ebpA,ebpA,ebpA,WP_154081516,endocarditis and biofilm-associated pilus tip protein EbpA,approved_primary,CP174921.1,1,1617408,1620872,-,99.913,100.0,1,6236.0,1,CP174921.1|-|1
GCA_050481695.1,VFG042977|WP_002379309|ebpB|ebpB,ebpB,ebpB,WP_002379309,endocarditis and biofilm-associated pilus minor subunit EbpB,approved_primary,CP174921.1,1,1615974,1617404,-,100.0,100.0,1,2581.0,1,CP174921.1|-|1
GCA_050481695.1,VFG042978|WP_011109477|ebpC|ebpC,ebpC,ebpC,WP_011109477,endocarditis and biofilm-associated pilus major subunit EbpC,approved_primary,CP174921.1,1,1614094,1615977,-,99.682,100.0,1,3372.0,1,CP174921.1|-|1
GCA_050482265.1,VFG002164|WP_002395058|prgB/asc10|aggregation_substance_context,aggregation_substance_context,prgB/asc10,WP_002395058,aggregation substance PrgB/Asc10,review_required_context,CP174914.1,1,280096,283988,+,94.469,99.97447677386421,1,6107.0,1,CP174914.1|+|1
GCA_050482265.1,VFG002164|WP_002395058|prgB/asc10|aggregation_substance_context,aggregation_substance_context,prgB/asc10,WP_002395058,aggregation substance PrgB/Asc10,review_required_context,CP174915.1,1,13147,17064,+,89.569,100.0,1,5239.0,1,CP174915.1|+|1
GCA_050482265.1,VFG002165|WP_002356954|efaA|efaA,efaA,efaA,WP_002356954,endocarditis specific antigen,approved_primary,CP174914.1,1,361706,362515,+,68.237,87.37864077669903,1,269.0,1,CP174914.1|+|1
GCA_050482265.1,VFG002165|WP_002356954|efaA|efaA,efaA,efaA,WP_002356954,endocarditis specific antigen,approved_primary,CP174914.1,2,1822384,1823310,+,99.892,100.0,1,1668.0,2,CP174914.1|+|2
GCA_050482265.1,VFG002166|WP_010714416|ace|ace,ace,ace,WP_010714416,collagen adhesin protein,approved_primary,CP174914.1,1,876518,878542,+,94.81632541396688,100.0,7,3653.0,1,CP174914.1|+|1
GCA_050482265.1,VFG002171|WP_011109430|EF0149|aggregation_substance_context,aggregation_substance_context,EF0149,WP_011109430,aggregation substance,review_required_context,CP174914.1,1,280096,283919,+,89.105,98.36651352730985,1,5071.0,1,CP174914.1|+|1
GCA_050482265.1,VFG002171|WP_011109430|EF0149|aggregation_substance_context,aggregation_substance_context,EF0149,WP_011109430,aggregation substance,review_required_context,CP174915.1,1,13147,17046,+,95.077,99.5405819295559,1,6168.0,1,CP174915.1|+|1
GCA_050482265.1,VFG002172|WP_010710127|EF0485|aggregation_substance_context,aggregation_substance_context,EF0485,WP_010710127,aggregation substance,review_required_context,CP174914.1,1,280095,283988,+,94.67,100.0,1,6143.0,1,CP174914.1|+|1
GCA_050482265.1,VFG002172|WP_010710127|EF0485|aggregation_substance_context,aggregation_substance_context,EF0485,WP_010710127,aggregation substance,review_required_context,CP174915.1,1,13148,16986,+,89.564,97.8305257784584,1,5123.0,1,CP174915.1|+|1
GCA_050482265.1,VFG002173|WP_010785625|asa1|asa1_or_validated_equivalent,asa1_or_validated_equivalent,asa1,WP_010785625,aggregation substance Asa1,approved_primary,CP174914.1,1,280096,283988,+,93.37354225352112,80.10794140323824,2,3712.0,1,CP174914.1|+|1
GCA_050482265.1,VFG002173|WP_010785625|asa1|asa1_or_validated_equivalent,asa1_or_validated_equivalent,asa1,WP_010785625,aggregation substance Asa1,approved_primary,CP174915.1,1,13147,16986,+,94.96476458819608,77.07530197892572,2,3508.0,1,CP174915.1|+|1
GCA_050482265.1,VFG002174|WP_002369251|gelE|gelE,gelE,gelE,WP_002369251,coccolysin,approved_primary,CP174914.1,1,1582246,1583778,-,100.0,100.0,1,2765.0,1,CP174914.1|-|1
GCA_050482265.1,VFG002191|WP_002369252|sprE|sprE,sprE,sprE,WP_002369252,"serine proteinase, V8 family",approved_primary,CP174914.1,1,1581343,1582197,-,100.0,100.0,1,1543.0,1,CP174914.1|-|1
GCA_050482265.1,VFG042976|WP_154081516|ebpA|ebpA,ebpA,ebpA,WP_154081516,endocarditis and biofilm-associated pilus tip protein EbpA,approved_primary,CP174914.1,1,865710,869174,+,99.913,100.0,1,6236.0,1,CP174914.1|+|1
GCA_050482265.1,VFG042977|WP_002379309|ebpB|ebpB,ebpB,ebpB,WP_002379309,endocarditis and biofilm-associated pilus minor subunit EbpB,approved_primary,CP174914.1,1,869178,870608,+,100.0,100.0,1,2581.0,1,CP174914.1|+|1
GCA_050482265.1,VFG042978|WP_011109477|ebpC|ebpC,ebpC,ebpC,WP_011109477,endocarditis and biofilm-associated pilus major subunit EbpC,approved_primary,CP174914.1,1,870605,872488,+,99.682,100.0,1,3372.0,1,CP174914.1|+|1
GCA_050485045.1,VFG002164|WP_002395058|prgB/asc10|aggregation_substance_context,aggregation_substance_context,prgB/asc10,WP_002395058,aggregation substance PrgB/Asc10,review_required_context,CP174865.1,1,643,4569,+,94.857,100.0,1,6170.0,1,CP174865.1|+|1
GCA_050485045.1,VFG002164|WP_002395058|prgB/asc10|aggregation_substance_context,aggregation_substance_context,prgB/asc10,WP_002395058,aggregation substance PrgB/Asc10,review_required_context,CP174868.1,1,16723,20640,+,89.492,100.0,1,5225.0,1,CP174868.1|+|1
GCA_050485045.1,VFG002164|WP_002395058|prgB/asc10|aggregation_substance_context,aggregation_substance_context,prgB/asc10,WP_002395058,aggregation substance PrgB/Asc10,review_required_context,CP174869.1,1,2326500,2330392,-,94.469,99.97447677386421,1,6107.0,1,CP174869.1|-|1
GCA_050485045.1,VFG002165|WP_002356954|efaA|efaA,efaA,efaA,WP_002356954,endocarditis specific antigen,approved_primary,CP174869.1,1,746127,747053,-,99.892,100.0,1,1668.0,1,CP174869.1|-|1
GCA_050485045.1,VFG002165|WP_002356954|efaA|efaA,efaA,efaA,WP_002356954,endocarditis specific antigen,approved_primary,CP174869.1,2,2247973,2248782,-,68.237,87.37864077669903,1,269.0,2,CP174869.1|-|2
GCA_050485045.1,VFG002166|WP_010714416|ace|ace,ace,ace,WP_010714416,collagen adhesin protein,approved_primary,CP174869.1,1,1649697,1651721,-,94.81632541396688,100.0,7,3653.0,1,CP174869.1|-|1
GCA_050485045.1,VFG002171|WP_011109430|EF0149|aggregation_substance_context,aggregation_substance_context,EF0149,WP_011109430,aggregation substance,review_required_context,CP174865.1,1,643,4500,+,89.184,98.39203675344564,1,5085.0,1,CP174865.1|+|1
GCA_050485045.1,VFG002171|WP_011109430|EF0149|aggregation_substance_context,aggregation_substance_context,EF0149,WP_011109430,aggregation substance,review_required_context,CP174868.1,1,16723,20622,+,95.697,99.5405819295559,1,6277.0,1,CP174868.1|+|1
GCA_050485045.1,VFG002171|WP_011109430|EF0149|aggregation_substance_context,aggregation_substance_context,EF0149,WP_011109430,aggregation substance,review_required_context,CP174869.1,1,2326569,2330392,-,89.105,98.36651352730985,1,5071.0,1,CP174869.1|-|1
GCA_050485045.1,VFG002172|WP_010710127|EF0485|aggregation_substance_context,aggregation_substance_context,EF0485,WP_010710127,aggregation substance,review_required_context,CP174865.1,1,644,4569,+,95.34,99.97447677386421,1,6254.0,1,CP174865.1|+|1
GCA_050485045.1,VFG002172|WP_010710127|EF0485|aggregation_substance_context,aggregation_substance_context,EF0485,WP_010710127,aggregation substance,review_required_context,CP174868.1,1,16724,20562,+,89.67,97.8305257784584,1,5136.0,1,CP174868.1|+|1
GCA_050485045.1,VFG002172|WP_010710127|EF0485|aggregation_substance_context,aggregation_substance_context,EF0485,WP_010710127,aggregation substance,review_required_context,CP174869.1,1,2326500,2330393,-,94.67,100.0,1,6143.0,1,CP174869.1|-|1
GCA_050485045.1,VFG002173|WP_010785625|asa1|asa1_or_validated_equivalent,asa1_or_validated_equivalent,asa1,WP_010785625,aggregation substance Asa1,approved_primary,CP174865.1,1,643,4569,+,94.24669812540401,79.23413004369057,2,3651.0,1,CP174865.1|+|1
GCA_050485045.1,VFG002173|WP_010785625|asa1|asa1_or_validated_equivalent,asa1_or_validated_equivalent,asa1,WP_010785625,aggregation substance Asa1,approved_primary,CP174868.1,1,16723,20562,+,94.43913553113553,77.07530197892572,2,3523.0,1,CP174868.1|+|1
GCA_050485045.1,VFG002173|WP_010785625|asa1|asa1_or_validated_equivalent,asa1_or_validated_equivalent,asa1,WP_010785625,aggregation substance Asa1,approved_primary,CP174869.1,1,2326500,2330392,-,93.37354225352112,80.10794140323824,2,3712.0,1,CP174869.1|-|1
GCA_050485045.1,VFG002174|WP_002369251|gelE|gelE,gelE,gelE,WP_002369251,coccolysin,approved_primary,CP174869.1,1,944462,945994,+,100.0,100.0,1,2765.0,1,CP174869.1|+|1
GCA_050485045.1,VFG002191|WP_002369252|sprE|sprE,sprE,sprE,WP_002369252,"serine proteinase, V8 family",approved_primary,CP174869.1,1,946043,946897,+,100.0,100.0,1,1543.0,1,CP174869.1|+|1
GCA_050485045.1,VFG042976|WP_154081516|ebpA|ebpA,ebpA,ebpA,WP_154081516,endocarditis and biofilm-associated pilus tip protein EbpA,approved_primary,CP174869.1,1,1659065,1662529,-,99.913,100.0,1,6236.0,1,CP174869.1|-|1
GCA_050485045.1,VFG042977|WP_002379309|ebpB|ebpB,ebpB,ebpB,WP_002379309,endocarditis and biofilm-associated pilus minor subunit EbpB,approved_primary,CP174869.1,1,1657631,1659061,-,100.0,100.0,1,2581.0,1,CP174869.1|-|1
GCA_050485045.1,VFG042978|WP_011109477|ebpC|ebpC,ebpC,ebpC,WP_011109477,endocarditis and biofilm-associated pilus major subunit EbpC,approved_primary,CP174869.1,1,1655751,1657634,-,99.682,100.0,1,3372.0,1,CP174869.1|-|1
GCA_050485055.1,VFG002164|WP_002395058|prgB/asc10|aggregation_substance_context,aggregation_substance_context,prgB/asc10,WP_002395058,aggregation substance PrgB/Asc10,review_required_context,CP174860.1,1,1,3769,+,95.78114513133457,96.19703930576824,2,3593.0,1,CP174860.1|+|1
GCA_050485055.1,VFG002164|WP_002395058|prgB/asc10|aggregation_substance_context,aggregation_substance_context,prgB/asc10,WP_002395058,aggregation substance PrgB/Asc10,review_required_context,CP174861.1,1,37846,41763,+,90.838,100.0,1,5464.0,1,CP174861.1|+|1
GCA_050485055.1,VFG002164|WP_002395058|prgB/asc10|aggregation_substance_context,aggregation_substance_context,prgB/asc10,WP_002395058,aggregation substance PrgB/Asc10,review_required_context,CP174864.1,1,456377,460069,+,96.643,94.28279734558448,1,6100.0,1,CP174864.1|+|1
GCA_050485055.1,VFG002165|WP_002356954|efaA|efaA,efaA,efaA,WP_002356954,endocarditis specific antigen,approved_primary,CP174864.1,1,537031,537815,+,68.244,84.68176914778857,1,260.0,1,CP174864.1|+|1
GCA_050485055.1,VFG002165|WP_002356954|efaA|efaA,efaA,efaA,WP_002356954,endocarditis specific antigen,approved_primary,CP174864.1,2,2032520,2033446,+,99.676,100.0,1,1659.0,2,CP174864.1|+|2
GCA_050485055.1,VFG002166|WP_010714416|ace|ace,ace,ace,WP_010714416,collagen adhesin protein,approved_primary,CP174864.1,1,1131673,1133697,+,93.59257307415406,100.0,7,3391.0,1,CP174864.1|+|1
GCA_050485055.1,VFG002171|WP_011109430|EF0149|aggregation_substance_context,aggregation_substance_context,EF0149,WP_011109430,aggregation substance,review_required_context,CP174860.1,1,1,3700,+,90.4439932705249,94.58907605921388,2,3455.0,1,CP174860.1|+|1
GCA_050485055.1,VFG002171|WP_011109430|EF0149|aggregation_substance_context,aggregation_substance_context,EF0149,WP_011109430,aggregation substance,review_required_context,CP174861.1,1,37846,41745,+,93.77599999999998,99.5405819295559,1,5935.0,1,CP174861.1|+|1
GCA_050485055.1,VFG002171|WP_011109430|EF0149|aggregation_substance_context,aggregation_substance_context,EF0149,WP_011109430,aggregation substance,review_required_context,CP174864.1,1,456377,460000,+,90.288,92.67483409903012,1,4960.0,1,CP174864.1|+|1
GCA_050485055.1,VFG002172|WP_010710127|EF0485|aggregation_substance_context,aggregation_substance_context,EF0485,WP_010710127,aggregation substance,review_required_context,CP174860.1,1,2,3769,+,98.43451061571126,96.17151607963247,2,3841.0,1,CP174860.1|+|1
GCA_050485055.1,VFG002172|WP_010710127|EF0485|aggregation_substance_context,aggregation_substance_context,EF0485,WP_010710127,aggregation substance,review_required_context,CP174861.1,1,37847,41685,+,92.549,97.8305257784584,1,5642.0,1,CP174861.1|+|1
GCA_050485055.1,VFG002172|WP_010710127|EF0485|aggregation_substance_context,aggregation_substance_context,EF0485,WP_010710127,aggregation substance,review_required_context,CP174864.1,1,456377,460069,+,98.403,94.28279734558448,1,6393.0,1,CP174864.1|+|1
GCA_050485055.1,VFG002173|WP_010785625|asa1|asa1_or_validated_equivalent,asa1_or_validated_equivalent,asa1,WP_010785625,aggregation substance Asa1,approved_primary,CP174860.1,1,1,3769,+,95.05231618610748,78.38601901824724,2,3637.0,1,CP174860.1|+|1
GCA_050485055.1,VFG002173|WP_010785625|asa1|asa1_or_validated_equivalent,asa1_or_validated_equivalent,asa1,WP_010785625,aggregation substance Asa1,approved_primary,CP174861.1,1,37846,41685,+,94.56507269089697,77.07530197892572,2,3445.0,1,CP174861.1|+|1
GCA_050485055.1,VFG002173|WP_010785625|asa1|asa1_or_validated_equivalent,asa1_or_validated_equivalent,asa1,WP_010785625,aggregation substance Asa1,approved_primary,CP174864.1,1,456377,460069,+,95.169466873706,74.37676689796967,2,3627.0,1,CP174864.1|+|1
GCA_050485055.1,VFG002174|WP_002369251|gelE|gelE,gelE,gelE,WP_002369251,coccolysin,approved_primary,CP174864.1,1,1836178,1837710,-,100.0,100.0,1,2765.0,1,CP174864.1|-|1
GCA_050485055.1,VFG002191|WP_002369252|sprE|sprE,sprE,sprE,WP_002369252,"serine proteinase, V8 family",approved_primary,CP174864.1,1,1835275,1836129,-,100.0,100.0,1,1543.0,1,CP174864.1|-|1
GCA_050485055.1,VFG042976|WP_154081516|ebpA|ebpA,ebpA,ebpA,WP_154081516,endocarditis and biofilm-associated pilus tip protein EbpA,approved_primary,CP174864.1,1,1120864,1124328,+,99.509,100.0,1,6173.0,1,CP174864.1|+|1
GCA_050485055.1,VFG042977|WP_002379309|ebpB|ebpB,ebpB,ebpB,WP_002379309,endocarditis and biofilm-associated pilus minor subunit EbpB,approved_primary,CP174864.1,1,1124332,1125762,+,99.441,100.0,1,2545.0,1,CP174864.1|+|1
GCA_050485055.1,VFG042978|WP_011109477|ebpC|ebpC,ebpC,ebpC,WP_011109477,endocarditis and biofilm-associated pilus major subunit EbpC,approved_primary,CP174864.1,1,1125759,1127642,+,99.363,100.0,1,3345.0,1,CP174864.1|+|1
GCA_050485625.1,VFG002164|WP_002395058|prgB/asc10|aggregation_substance_context,aggregation_substance_context,prgB/asc10,WP_002395058,aggregation substance PrgB/Asc10,review_required_context,CP174859.1,1,2237238,2241130,-,94.469,99.97447677386421,1,6107.0,1,CP174859.1|-|1
GCA_050485625.1,VFG002165|WP_002356954|efaA|efaA,efaA,efaA,WP_002356954,endocarditis specific antigen,approved_primary,CP174859.1,1,689687,690613,-,99.892,100.0,1,1668.0,1,CP174859.1|-|1
GCA_050485625.1,VFG002165|WP_002356954|efaA|efaA,efaA,efaA,WP_002356954,endocarditis specific antigen,approved_primary,CP174859.1,2,2149140,2149949,-,68.237,87.37864077669903,1,269.0,2,CP174859.1|-|2
GCA_050485625.1,VFG002166|WP_010714416|ace|ace,ace,ace,WP_010714416,collagen adhesin protein,approved_primary,CP174859.1,1,1633107,1635131,-,94.81632541396688,100.0,7,3653.0,1,CP174859.1|-|1
GCA_050485625.1,VFG002171|WP_011109430|EF0149|aggregation_substance_context,aggregation_substance_context,EF0149,WP_011109430,aggregation substance,review_required_context,CP174859.1,1,2237307,2241130,-,89.105,98.36651352730985,1,5071.0,1,CP174859.1|-|1
GCA_050485625.1,VFG002172|WP_010710127|EF0485|aggregation_substance_context,aggregation_substance_context,EF0485,WP_010710127,aggregation substance,review_required_context,CP174859.1,1,2237238,2241131,-,94.67,100.0,1,6143.0,1,CP174859.1|-|1
GCA_050485625.1,VFG002173|WP_010785625|asa1|asa1_or_validated_equivalent,asa1_or_validated_equivalent,asa1,WP_010785625,aggregation substance Asa1,approved_primary,CP174859.1,1,2237238,2241130,-,93.37354225352112,80.10794140323824,2,3712.0,1,CP174859.1|-|1
GCA_050485625.1,VFG002174|WP_002369251|gelE|gelE,gelE,gelE,WP_002369251,coccolysin,approved_primary,CP174859.1,1,927911,929443,+,100.0,100.0,1,2765.0,1,CP174859.1|+|1
GCA_050485625.1,VFG002191|WP_002369252|sprE|sprE,sprE,sprE,WP_002369252,"serine proteinase, V8 family",approved_primary,CP174859.1,1,929492,930346,+,100.0,100.0,1,1543.0,1,CP174859.1|+|1
GCA_050485625.1,VFG042976|WP_154081516|ebpA|ebpA,ebpA,ebpA,WP_154081516,endocarditis and biofilm-associated pilus tip protein EbpA,approved_primary,CP174859.1,1,1642475,1645939,-,99.913,100.0,1,6236.0,1,CP174859.1|-|1
GCA_050485625.1,VFG042977|WP_002379309|ebpB|ebpB,ebpB,ebpB,WP_002379309,endocarditis and biofilm-associated pilus minor subunit EbpB,approved_primary,CP174859.1,1,1641041,1642471,-,100.0,100.0,1,2581.0,1,CP174859.1|-|1
GCA_050485625.1,VFG042978|WP_011109477|ebpC|ebpC,ebpC,ebpC,WP_011109477,endocarditis and biofilm-associated pilus major subunit EbpC,approved_primary,CP174859.1,1,1639161,1641044,-,99.682,100.0,1,3372.0,1,CP174859.1|-|1
GCA_050485635.1,VFG002164|WP_002395058|prgB/asc10|aggregation_substance_context,aggregation_substance_context,prgB/asc10,WP_002395058,aggregation substance PrgB/Asc10,review_required_context,CP174856.1,1,502682,506599,+,95.664,99.97447677386421,1,6298.0,1,CP174856.1|+|1
GCA_050485635.1,VFG002165|WP_002356954|efaA|efaA,efaA,efaA,WP_002356954,endocarditis specific antigen,approved_primary,CP174856.1,1,593181,593990,+,68.237,87.37864077669903,1,269.0,1,CP174856.1|+|1
GCA_050485635.1,VFG002165|WP_002356954|efaA|efaA,efaA,efaA,WP_002356954,endocarditis specific antigen,approved_primary,CP174856.1,2,2049566,2050492,+,99.676,100.0,1,1659.0,2,CP174856.1|+|2
GCA_050485635.1,VFG002166|WP_010714416|ace|ace,ace,ace,WP_010714416,collagen adhesin protein,approved_primary,CP174856.1,1,1107573,1109597,+,93.49629949604031,100.0,7,3445.0,1,CP174856.1|+|1
GCA_050485635.1,VFG002171|WP_011109430|EF0149|aggregation_substance_context,aggregation_substance_context,EF0149,WP_011109430,aggregation substance,review_required_context,CP174856.1,1,502682,506530,+,90.644,98.36651352730985,1,5328.0,1,CP174856.1|+|1
GCA_050485635.1,VFG002172|WP_010710127|EF0485|aggregation_substance_context,aggregation_substance_context,EF0485,WP_010710127,aggregation substance,review_required_context,CP174856.1,1,502681,506599,+,97.092,100.0,1,6545.0,1,CP174856.1|+|1
GCA_050485635.1,VFG002173|WP_010785625|asa1|asa1_or_validated_equivalent,asa1_or_validated_equivalent,asa1,WP_010785625,aggregation substance Asa1,approved_primary,CP174856.1,1,502682,506599,+,94.2665797565663,80.10794140323824,2,3760.0,1,CP174856.1|+|1
GCA_050485635.1,VFG002174|WP_002369251|gelE|gelE,gelE,gelE,WP_002369251,coccolysin,approved_primary,CP174856.1,1,1812081,1813613,-,100.0,100.0,1,2765.0,1,CP174856.1|-|1
GCA_050485635.1,VFG002191|WP_002369252|sprE|sprE,sprE,sprE,WP_002369252,"serine proteinase, V8 family",approved_primary,CP174856.1,1,1811178,1812032,-,100.0,100.0,1,1543.0,1,CP174856.1|-|1
GCA_050485635.1,VFG042976|WP_154081516|ebpA|ebpA,ebpA,ebpA,WP_154081516,endocarditis and biofilm-associated pilus tip protein EbpA,approved_primary,CP174856.1,1,1096765,1100229,+,99.365,100.0,1,6150.0,1,CP174856.1|+|1
GCA_050485635.1,VFG042977|WP_002379309|ebpB|ebpB,ebpB,ebpB,WP_002379309,endocarditis and biofilm-associated pilus minor subunit EbpB,approved_primary,CP174856.1,1,1100233,1101663,+,99.371,100.0,1,2541.0,1,CP174856.1|+|1
GCA_050485635.1,VFG042978|WP_011109477|ebpC|ebpC,ebpC,ebpC,WP_011109477,endocarditis and biofilm-associated pilus major subunit EbpC,approved_primary,CP174856.1,1,1101660,1103543,+,99.045,100.0,1,3318.0,1,CP174856.1|+|1
GCA_050486705.1,VFG002164|WP_002395058|prgB/asc10|aggregation_substance_context,aggregation_substance_context,prgB/asc10,WP_002395058,aggregation substance PrgB/Asc10,review_required_context,CP174840.1,1,61871,63076,+,96.02,30.781010719754978,1,1959.0,1,CP174840.1|+|1
GCA_050486705.1,VFG002164|WP_002395058|prgB/asc10|aggregation_substance_context,aggregation_substance_context,prgB/asc10,WP_002395058,aggregation substance PrgB/Asc10,review_required_context,CP174840.1,2,123324,127214,+,94.71462299807816,79.58141909137315,2,3608.0,2,CP174840.1|+|2
GCA_050486705.1,VFG002165|WP_002356954|efaA|efaA,efaA,efaA,WP_002356954,endocarditis specific antigen,approved_primary,CP174842.1,1,480225,481034,-,68.237,87.37864077669903,1,269.0,1,CP174842.1|-|1
GCA_050486705.1,VFG002165|WP_002356954|efaA|efaA,efaA,efaA,WP_002356954,endocarditis specific antigen,approved_primary,CP174842.1,2,2043239,2044165,-,99.569,100.0,1,1654.0,2,CP174842.1|-|2
GCA_050486705.1,VFG002166|WP_010714416|ace|ace,ace,ace,WP_010714416,collagen adhesin protein,approved_primary,CP174842.1,1,2888090,2890114,-,93.29633904027007,100.0,7,3382.0,1,CP174842.1|-|1
GCA_050486705.1,VFG002171|WP_011109430|EF0149|aggregation_substance_context,aggregation_substance_context,EF0149,WP_011109430,aggregation substance,review_required_context,CP174840.1,1,61871,63007,+,94.547,29.01990811638591,1,1772.0,1,CP174840.1|+|1
GCA_050486705.1,VFG002171|WP_011109430|EF0149|aggregation_substance_context,aggregation_substance_context,EF0149,WP_011109430,aggregation substance,review_required_context,CP174840.1,2,123324,127145,+,93.76261048440611,76.92700357325165,2,3481.0,2,CP174840.1|+|2
GCA_050486705.1,VFG002171|WP_011109430|EF0149|aggregation_substance_context,aggregation_substance_context,EF0149,WP_011109430,aggregation substance,review_required_context,CP174841.1,1,9669,9807,+,93.525,3.547728432873915,1,211.0,1,CP174841.1|+|1
GCA_050486705.1,VFG002172|WP_010710127|EF0485|aggregation_substance_context,aggregation_substance_context,EF0485,WP_010710127,aggregation substance,review_required_context,CP174840.1,1,61874,63076,+,95.594,30.704441041347625,1,1931.0,1,CP174840.1|+|1
GCA_050486705.1,VFG002172|WP_010710127|EF0485|aggregation_substance_context,aggregation_substance_context,EF0485,WP_010710127,aggregation substance,review_required_context,CP174840.1,2,123325,127214,+,93.97612367830824,79.55589586523736,2,3635.0,2,CP174840.1|+|2
GCA_050486705.1,VFG002173|WP_010785625|asa1|asa1_or_validated_equivalent,asa1_or_validated_equivalent,asa1,WP_010785625,aggregation substance Asa1,approved_primary,CP174840.1,1,61871,63076,+,99.751,30.994602929838088,1,2162.0,1,CP174840.1|+|1
GCA_050486705.1,VFG002173|WP_010785625|asa1|asa1_or_validated_equivalent,asa1_or_validated_equivalent,asa1,WP_010785625,aggregation substance Asa1,approved_primary,CP174840.1,2,123324,127214,+,98.047,100.0,1,6675.0,2,CP174840.1|+|2
GCA_050486705.1,VFG002173|WP_010785625|asa1|asa1_or_validated_equivalent,asa1_or_validated_equivalent,asa1,WP_010785625,aggregation substance Asa1,approved_primary,CP174841.1,1,9035,9447,+,68.029,10.537136982780776,1,141.0,1,CP174841.1|+|1
GCA_050486705.1,VFG002174|WP_002369251|gelE|gelE,gelE,gelE,WP_002369251,coccolysin,approved_primary,CP174842.1,1,2224459,2225991,+,98.761,100.0,1,2680.0,1,CP174842.1|+|1
GCA_050486705.1,VFG002175|AAM75248|cylR1|cytolysin_operon_context,cytolysin_operon_context,cylR1,AAM75248,cytolysin regulator R1,context_only,CP174840.1,1,20375,20659,-,98.246,100.0,1,492.0,2,CP174840.1|-|2
GCA_050486705.1,VFG002176|AAM75252|cylB|cytolysin_operon_context,cytolysin_operon_context,cylB,AAM75252,ABC-type transporter,context_only,CP174840.1,1,24263,26407,+,99.674,100.0,1,3837.0,3,CP174840.1|+|3
GCA_050486705.1,VFG002177|AAM75253|cylA|cylA,cylA,cylA,AAM75253,cytolysin activator,approved_primary,CP174840.1,1,26404,27642,+,99.516,100.0,1,2208.0,1,CP174840.1|+|1
GCA_050486705.1,VFG002178|AAM75254|cylI|cytolysin_operon_context,cytolysin_operon_context,cylI,AAM75254,cytolysin immunity protein,context_only,CP174840.1,1,27643,28626,+,99.898,100.0,1,1771.0,4,CP174840.1|+|4
GCA_050486705.1,VFG002179|AAD09858|esp|esp,esp,esp,AAD09858,Enterococcal surface protein; Esp,approved_primary,CP174842.1,1,527194,532317,-,96.0511720250522,100.0,17,4846.0,1,CP174842.1|-|1
GCA_050486705.1,VFG002191|WP_002369252|sprE|sprE,sprE,sprE,WP_002369252,"serine proteinase, V8 family",approved_primary,CP174842.1,1,2226040,2226894,+,98.83,100.0,1,1498.0,1,CP174842.1|+|1
GCA_050486705.1,VFG042976|WP_154081516|ebpA|ebpA,ebpA,ebpA,WP_154081516,endocarditis and biofilm-associated pilus tip protein EbpA,approved_primary,CP174842.1,1,2930000,2933464,-,99.481,100.0,1,6168.0,1,CP174842.1|-|1
GCA_050486705.1,VFG042977|WP_002379309|ebpB|ebpB,ebpB,ebpB,WP_002379309,endocarditis and biofilm-associated pilus minor subunit EbpB,approved_primary,CP174842.1,1,2928566,2929996,-,99.371,100.0,1,2541.0,1,CP174842.1|-|1
GCA_050486705.1,VFG042978|WP_011109477|ebpC|ebpC,ebpC,ebpC,WP_011109477,endocarditis and biofilm-associated pilus major subunit EbpC,approved_primary,CP174842.1,1,2926686,2928569,-,99.045,100.0,1,3318.0,1,CP174842.1|-|1
GCA_050486705.1,VFG045470|AAM75247|cylR2|cytolysin_operon_context,cytolysin_operon_context,cylR2,AAM75247,cytolysin regulator R2,context_only,CP174840.1,1,20174,20374,-,99.502,100.0,1,359.0,1,CP174840.1|-|1
GCA_050486705.1,VFG045472|AAM75249|cylL|cytolysin_operon_context,cytolysin_operon_context,cylL,AAM75249,CylL; cytolysin subunit,context_only,CP174840.1,1,20778,21151,+,96.56350515463917,100.0,2,374.0,1,CP174840.1|+|1
GCA_050486705.1,VFG045473|AAM75250|cylS|cytolysin_operon_context,cytolysin_operon_context,cylS,AAM75250,CylS; cytolysin subunit,context_only,CP174840.1,1,20792,21209,+,96.37673913043479,100.0,2,347.0,1,CP174840.1|+|1
GCA_050486705.1,VFG045474|AAM75251|cylM|cytolysin_operon_context,cytolysin_operon_context,cylM,AAM75251,CylM; cytolysin subunit modifier,context_only,CP174840.1,1,21270,24251,+,99.59799999999998,100.0,1,5324.0,2,CP174840.1|+|2
GCA_050486715.1,VFG002164|WP_002395058|prgB/asc10|aggregation_substance_context,aggregation_substance_context,prgB/asc10,WP_002395058,aggregation substance PrgB/Asc10,review_required_context,CP174839.1,1,370683,374599,+,96.122,99.97447677386421,1,6381.0,1,CP174839.1|+|1
GCA_050486715.1,VFG002165|WP_002356954|efaA|efaA,efaA,efaA,WP_002356954,endocarditis specific antigen,approved_primary,CP174839.1,1,431629,432413,+,68.244,84.68176914778857,1,260.0,1,CP174839.1|+|1
GCA_050486715.1,VFG002165|WP_002356954|efaA|efaA,efaA,efaA,WP_002356954,endocarditis specific antigen,approved_primary,CP174839.1,2,1785613,1786539,+,99.676,100.0,1,1659.0,2,CP174839.1|+|2
GCA_050486715.1,VFG002166|WP_010714416|ace|ace,ace,ace,WP_010714416,collagen adhesin protein,approved_primary,CP174839.1,1,978780,980663,+,93.99111649659864,100.0,6,2577.0,1,CP174839.1|+|1
GCA_050486715.1,VFG002171|WP_011109430|EF0149|aggregation_substance_context,aggregation_substance_context,EF0149,WP_011109430,aggregation substance,review_required_context,CP174839.1,1,370683,374530,+,89.661,98.36651352730985,1,5153.0,1,CP174839.1|+|1
GCA_050486715.1,VFG002172|WP_010710127|EF0485|aggregation_substance_context,aggregation_substance_context,EF0485,WP_010710127,aggregation substance,review_required_context,CP174839.1,1,370682,374599,+,96.299,100.0,1,6413.0,1,CP174839.1|+|1
GCA_050486715.1,VFG002173|WP_010785625|asa1|asa1_or_validated_equivalent,asa1_or_validated_equivalent,asa1,WP_010785625,aggregation substance Asa1,approved_primary,CP174839.1,1,370683,374599,+,94.5526600448574,80.10794140323824,2,3685.0,1,CP174839.1|+|1
GCA_050486715.1,VFG002175|AAM75248|cylR1|cytolysin_operon_context,cytolysin_operon_context,cylR1,AAM75248,cytolysin regulator R1,context_only,CP174839.1,1,404737,405021,-,100.0,100.0,1,515.0,2,CP174839.1|-|2
GCA_050486715.1,VFG002176|AAM75252|cylB|cytolysin_operon_context,cytolysin_operon_context,cylB,AAM75252,ABC-type transporter,context_only,CP174839.1,1,408625,410769,+,99.814,100.0,1,3851.0,3,CP174839.1|+|3
GCA_050486715.1,VFG002177|AAM75253|cylA|cylA,cylA,cylA,AAM75253,cytolysin activator,approved_primary,CP174839.1,1,410766,412004,+,99.839,100.0,1,2226.0,1,CP174839.1|+|1
GCA_050486715.1,VFG002178|AAM75254|cylI|cytolysin_operon_context,cytolysin_operon_context,cylI,AAM75254,cytolysin immunity protein,context_only,CP174839.1,1,412005,412988,+,96.24,100.0,1,1608.0,4,CP174839.1|+|4
GCA_050486715.1,VFG042976|WP_154081516|ebpA|ebpA,ebpA,ebpA,WP_154081516,endocarditis and biofilm-associated pilus tip protein EbpA,approved_primary,CP174839.1,1,964777,968241,+,99.538,100.0,1,6177.0,1,CP174839.1|+|1
GCA_050486715.1,VFG042977|WP_002379309|ebpB|ebpB,ebpB,ebpB,WP_002379309,endocarditis and biofilm-associated pilus minor subunit EbpB,approved_primary,CP174839.1,1,968245,969675,+,99.441,100.0,1,2545.0,1,CP174839.1|+|1
GCA_050486715.1,VFG042978|WP_011109477|ebpC|ebpC,ebpC,ebpC,WP_011109477,endocarditis and biofilm-associated pilus major subunit EbpC,approved_primary,CP174839.1,1,969672,971555,+,99.363,100.0,1,3345.0,1,CP174839.1|+|1
GCA_050486715.1,VFG045470|AAM75247|cylR2|cytolysin_operon_context,cytolysin_operon_context,cylR2,AAM75247,cytolysin regulator R2,context_only,CP174839.1,1,404536,404736,-,100.0,100.0,1,363.0,1,CP174839.1|-|1
GCA_050486715.1,VFG045472|AAM75249|cylL|cytolysin_operon_context,cytolysin_operon_context,cylL,AAM75249,CylL; cytolysin subunit,context_only,CP174839.1,1,405140,405513,+,96.56350515463917,100.0,2,374.0,1,CP174839.1|+|1
GCA_050486715.1,VFG045473|AAM75250|cylS|cytolysin_operon_context,cytolysin_operon_context,cylS,AAM75250,CylS; cytolysin subunit,context_only,CP174839.1,1,405154,405571,+,96.37673913043479,100.0,2,347.0,1,CP174839.1|+|1
GCA_050486715.1,VFG045474|AAM75251|cylM|cytolysin_operon_context,cytolysin_operon_context,cylM,AAM75251,CylM; cytolysin subunit modifier,context_only,CP174839.1,1,405632,408613,+,99.698,100.0,1,5338.0,2,CP174839.1|+|2
GCA_050491675.1,VFG002164|WP_002395058|prgB/asc10|aggregation_substance_context,aggregation_substance_context,prgB/asc10,WP_002395058,aggregation substance PrgB/Asc10,review_required_context,CP175117.1,1,2870,6760,+,95.35634793982997,77.99897907095456,2,3634.0,1,CP175117.1|+|1
GCA_050491675.1,VFG002164|WP_002395058|prgB/asc10|aggregation_substance_context,aggregation_substance_context,prgB/asc10,WP_002395058,aggregation substance PrgB/Asc10,review_required_context,CP175118.1,1,57183,61100,-,95.484,100.0,1,6263.0,1,CP175118.1|-|1
GCA_050491675.1,VFG002165|WP_002356954|efaA|efaA,efaA,efaA,WP_002356954,endocarditis specific antigen,approved_primary,CP175116.1,1,428248,429057,+,68.237,87.37864077669903,1,269.0,1,CP175116.1|+|1
GCA_050491675.1,VFG002165|WP_002356954|efaA|efaA,efaA,efaA,WP_002356954,endocarditis specific antigen,approved_primary,CP175116.1,2,1774138,1775064,+,99.676,100.0,1,1659.0,2,CP175116.1|+|2
GCA_050491675.1,VFG002166|WP_010714416|ace|ace,ace,ace,WP_010714416,collagen adhesin protein,approved_primary,CP175116.1,1,937885,939768,+,93.81397947295423,100.0,7,2536.0,1,CP175116.1|+|1
GCA_050491675.1,VFG002171|WP_011109430|EF0149|aggregation_substance_context,aggregation_substance_context,EF0149,WP_011109430,aggregation substance,review_required_context,CP175117.1,1,2870,6691,+,94.52533510285335,76.92700357325165,2,3549.0,1,CP175117.1|+|1
GCA_050491675.1,VFG002171|WP_011109430|EF0149|aggregation_substance_context,aggregation_substance_context,EF0149,WP_011109430,aggregation substance,review_required_context,CP175118.1,1,57252,61100,-,89.837,98.39203675344564,1,5176.0,1,CP175118.1|-|1
GCA_050491675.1,VFG002172|WP_010710127|EF0485|aggregation_substance_context,aggregation_substance_context,EF0485,WP_010710127,aggregation substance,review_required_context,CP175117.1,1,2871,6760,+,94.00803652675427,79.55589586523736,2,3635.0,1,CP175117.1|+|1
GCA_050491675.1,VFG002172|WP_010710127|EF0485|aggregation_substance_context,aggregation_substance_context,EF0485,WP_010710127,aggregation substance,review_required_context,CP175118.1,1,57183,61099,-,94.946,99.97447677386421,1,6167.0,1,CP175118.1|-|1
GCA_050491675.1,VFG002173|WP_010785625|asa1|asa1_or_validated_equivalent,asa1_or_validated_equivalent,asa1,WP_010785625,aggregation substance Asa1,approved_primary,CP175117.1,1,2870,6760,+,97.353,100.0,1,6553.0,1,CP175117.1|+|1
GCA_050491675.1,VFG002173|WP_010785625|asa1|asa1_or_validated_equivalent,asa1_or_validated_equivalent,asa1,WP_010785625,aggregation substance Asa1,approved_primary,CP175118.1,1,57183,61100,-,94.74711947469571,80.13364173734259,2,3681.0,1,CP175118.1|-|1
GCA_050491675.1,VFG042976|WP_154081516|ebpA|ebpA,ebpA,ebpA,WP_154081516,endocarditis and biofilm-associated pilus tip protein EbpA,approved_primary,CP175116.1,1,926829,930293,+,99.481,100.0,1,6168.0,1,CP175116.1|+|1
GCA_050491675.1,VFG042977|WP_002379309|ebpB|ebpB,ebpB,ebpB,WP_002379309,endocarditis and biofilm-associated pilus minor subunit EbpB,approved_primary,CP175116.1,1,930297,931727,+,99.371,100.0,1,2541.0,1,CP175116.1|+|1
GCA_050491675.1,VFG042978|WP_011109477|ebpC|ebpC,ebpC,ebpC,WP_011109477,endocarditis and biofilm-associated pilus major subunit EbpC,approved_primary,CP175116.1,1,931724,933607,+,99.363,100.0,1,3345.0,1,CP175116.1|+|1
GCA_050491685.1,VFG002164|WP_002395058|prgB/asc10|aggregation_substance_context,aggregation_substance_context,prgB/asc10,WP_002395058,aggregation substance PrgB/Asc10,review_required_context,CP175114.1,1,4136,8026,+,95.35634793982997,77.99897907095456,2,3634.0,1,CP175114.1|+|1
GCA_050491685.1,VFG002164|WP_002395058|prgB/asc10|aggregation_substance_context,aggregation_substance_context,prgB/asc10,WP_002395058,aggregation substance PrgB/Asc10,review_required_context,CP175115.1,1,4467,8384,+,95.484,100.0,1,6263.0,1,CP175115.1|+|1
GCA_050491685.1,VFG002165|WP_002356954|efaA|efaA,efaA,efaA,WP_002356954,endocarditis specific antigen,approved_primary,CP175113.1,1,428248,429057,+,68.237,87.37864077669903,1,269.0,1,CP175113.1|+|1
GCA_050491685.1,VFG002165|WP_002356954|efaA|efaA,efaA,efaA,WP_002356954,endocarditis specific antigen,approved_primary,CP175113.1,2,1774138,1775064,+,99.676,100.0,1,1659.0,2,CP175113.1|+|2
GCA_050491685.1,VFG002166|WP_010714416|ace|ace,ace,ace,WP_010714416,collagen adhesin protein,approved_primary,CP175113.1,1,937885,939768,+,93.81397947295423,100.0,7,2536.0,1,CP175113.1|+|1
GCA_050491685.1,VFG002171|WP_011109430|EF0149|aggregation_substance_context,aggregation_substance_context,EF0149,WP_011109430,aggregation substance,review_required_context,CP175114.1,1,4136,7957,+,94.52533510285335,76.92700357325165,2,3549.0,1,CP175114.1|+|1
GCA_050491685.1,VFG002171|WP_011109430|EF0149|aggregation_substance_context,aggregation_substance_context,EF0149,WP_011109430,aggregation substance,review_required_context,CP175115.1,1,4467,8315,+,89.837,98.39203675344564,1,5176.0,1,CP175115.1|+|1
GCA_050491685.1,VFG002172|WP_010710127|EF0485|aggregation_substance_context,aggregation_substance_context,EF0485,WP_010710127,aggregation substance,review_required_context,CP175114.1,1,4137,8026,+,94.00803652675427,79.55589586523736,2,3635.0,1,CP175114.1|+|1
GCA_050491685.1,VFG002172|WP_010710127|EF0485|aggregation_substance_context,aggregation_substance_context,EF0485,WP_010710127,aggregation substance,review_required_context,CP175115.1,1,4468,8384,+,94.946,99.97447677386421,1,6167.0,1,CP175115.1|+|1
GCA_050491685.1,VFG002173|WP_010785625|asa1|asa1_or_validated_equivalent,asa1_or_validated_equivalent,asa1,WP_010785625,aggregation substance Asa1,approved_primary,CP175114.1,1,4136,8026,+,97.353,100.0,1,6553.0,1,CP175114.1|+|1
GCA_050491685.1,VFG002173|WP_010785625|asa1|asa1_or_validated_equivalent,asa1_or_validated_equivalent,asa1,WP_010785625,aggregation substance Asa1,approved_primary,CP175115.1,1,4467,8384,+,94.74711947469571,80.13364173734259,2,3681.0,1,CP175115.1|+|1
GCA_050491685.1,VFG042976|WP_154081516|ebpA|ebpA,ebpA,ebpA,WP_154081516,endocarditis and biofilm-associated pilus tip protein EbpA,approved_primary,CP175113.1,1,926829,930293,+,99.481,100.0,1,6168.0,1,CP175113.1|+|1
GCA_050491685.1,VFG042977|WP_002379309|ebpB|ebpB,ebpB,ebpB,WP_002379309,endocarditis and biofilm-associated pilus minor subunit EbpB,approved_primary,CP175113.1,1,930297,931727,+,99.371,100.0,1,2541.0,1,CP175113.1|+|1
GCA_050491685.1,VFG042978|WP_011109477|ebpC|ebpC,ebpC,ebpC,WP_011109477,endocarditis and biofilm-associated pilus major subunit EbpC,approved_primary,CP175113.1,1,931724,933607,+,99.363,100.0,1,3345.0,1,CP175113.1|+|1
GCA_050492125.1,VFG002164|WP_002395058|prgB/asc10|aggregation_substance_context,aggregation_substance_context,prgB/asc10,WP_002395058,aggregation substance PrgB/Asc10,review_required_context,CP175110.1,1,185943,189803,+,89.523,98.39203675344564,1,5144.0,1,CP175110.1|+|1
GCA_050492125.1,VFG002164|WP_002395058|prgB/asc10|aggregation_substance_context,aggregation_substance_context,prgB/asc10,WP_002395058,aggregation substance PrgB/Asc10,review_required_context,CP175110.1,2,451197,455089,+,94.469,99.97447677386421,1,6107.0,2,CP175110.1|+|2
GCA_050492125.1,VFG002164|WP_002395058|prgB/asc10|aggregation_substance_context,aggregation_substance_context,prgB/asc10,WP_002395058,aggregation substance PrgB/Asc10,review_required_context,CP175111.1,1,1,3918,+,89.492,100.0,1,5225.0,1,CP175111.1|+|1
GCA_050492125.1,VFG002165|WP_002356954|efaA|efaA,efaA,efaA,WP_002356954,endocarditis specific antigen,approved_primary,CP175110.1,1,1852849,1853775,+,99.892,100.0,1,1668.0,1,CP175110.1|+|1
GCA_050492125.1,VFG002166|WP_010714416|ace|ace,ace,ace,WP_010714416,collagen adhesin protein,approved_primary,CP175110.1,1,952720,954744,+,94.79255579553636,100.0,7,3639.0,1,CP175110.1|+|1
GCA_050492125.1,VFG002171|WP_011109430|EF0149|aggregation_substance_context,aggregation_substance_context,EF0149,WP_011109430,aggregation substance,review_required_context,CP175110.1,1,185943,189860,+,99.77,100.0,1,7026.0,1,CP175110.1|+|1
GCA_050492125.1,VFG002171|WP_011109430|EF0149|aggregation_substance_context,aggregation_substance_context,EF0149,WP_011109430,aggregation substance,review_required_context,CP175110.1,2,451197,455020,+,89.105,98.36651352730985,1,5071.0,2,CP175110.1|+|2
GCA_050492125.1,VFG002171|WP_011109430|EF0149|aggregation_substance_context,aggregation_substance_context,EF0149,WP_011109430,aggregation substance,review_required_context,CP175111.1,1,1,3900,+,95.0,99.5405819295559,1,6155.0,1,CP175111.1|+|1
GCA_050492125.1,VFG002172|WP_010710127|EF0485|aggregation_substance_context,aggregation_substance_context,EF0485,WP_010710127,aggregation substance,review_required_context,CP175110.1,1,185944,189797,+,89.558,98.21337417049516,1,5135.0,1,CP175110.1|+|1
GCA_050492125.1,VFG002172|WP_010710127|EF0485|aggregation_substance_context,aggregation_substance_context,EF0485,WP_010710127,aggregation substance,review_required_context,CP175110.1,2,451196,455089,+,94.67,100.0,1,6143.0,2,CP175110.1|+|2
GCA_050492125.1,VFG002172|WP_010710127|EF0485|aggregation_substance_context,aggregation_substance_context,EF0485,WP_010710127,aggregation substance,review_required_context,CP175111.1,1,2,3840,+,89.538,97.8305257784584,1,5119.0,1,CP175111.1|+|1
GCA_050492125.1,VFG002173|WP_010785625|asa1|asa1_or_validated_equivalent,asa1_or_validated_equivalent,asa1,WP_010785625,aggregation substance Asa1,approved_primary,CP175110.1,1,185943,189797,+,93.72946516257466,77.46080699049088,2,3477.0,1,CP175110.1|+|1
GCA_050492125.1,VFG002173|WP_010785625|asa1|asa1_or_validated_equivalent,asa1_or_validated_equivalent,asa1,WP_010785625,aggregation substance Asa1,approved_primary,CP175110.1,2,451197,455089,+,93.37354225352112,80.10794140323824,2,3712.0,2,CP175110.1|+|2
GCA_050492125.1,VFG002173|WP_010785625|asa1|asa1_or_validated_equivalent,asa1_or_validated_equivalent,asa1,WP_010785625,aggregation substance Asa1,approved_primary,CP175111.1,1,1,3840,+,94.99831277092365,77.07530197892572,2,3517.0,1,CP175111.1|+|1
GCA_050492125.1,VFG002174|WP_002369251|gelE|gelE,gelE,gelE,WP_002369251,coccolysin,approved_primary,CP175110.1,1,1656583,1658115,-,100.0,100.0,1,2765.0,1,CP175110.1|-|1
GCA_050492125.1,VFG002175|AAM75248|cylR1|cytolysin_operon_context,cytolysin_operon_context,cylR1,AAM75248,cytolysin regulator R1,context_only,CP175112.1,1,12918,13202,-,100.0,100.0,1,515.0,2,CP175112.1|-|2
GCA_050492125.1,VFG002176|AAM75252|cylB|cytolysin_operon_context,cytolysin_operon_context,cylB,AAM75252,ABC-type transporter,context_only,CP175112.1,1,16806,18950,+,99.767,100.0,1,3846.0,3,CP175112.1|+|3
GCA_050492125.1,VFG002177|AAM75253|cylA|cylA,cylA,cylA,AAM75253,cytolysin activator,approved_primary,CP175112.1,1,18947,20185,+,99.839,100.0,1,2226.0,1,CP175112.1|+|1
GCA_050492125.1,VFG002178|AAM75254|cylI|cytolysin_operon_context,cytolysin_operon_context,cylI,AAM75254,cytolysin immunity protein,context_only,CP175112.1,1,20186,21169,+,97.256,100.0,1,1654.0,4,CP175112.1|+|4
GCA_050492125.1,VFG002191|WP_002369252|sprE|sprE,sprE,sprE,WP_002369252,"serine proteinase, V8 family",approved_primary,CP175110.1,1,1655680,1656534,-,100.0,100.0,1,1543.0,1,CP175110.1|-|1
GCA_050492125.1,VFG042976|WP_154081516|ebpA|ebpA,ebpA,ebpA,WP_154081516,endocarditis and biofilm-associated pilus tip protein EbpA,approved_primary,CP175110.1,1,941912,945376,+,99.942,100.0,1,6240.0,1,CP175110.1|+|1
GCA_050492125.1,VFG042977|WP_002379309|ebpB|ebpB,ebpB,ebpB,WP_002379309,endocarditis and biofilm-associated pilus minor subunit EbpB,approved_primary,CP175110.1,1,945380,946810,+,100.0,100.0,1,2581.0,1,CP175110.1|+|1
GCA_050492125.1,VFG042978|WP_011109477|ebpC|ebpC,ebpC,ebpC,WP_011109477,endocarditis and biofilm-associated pilus major subunit EbpC,approved_primary,CP175110.1,1,946807,948690,+,99.682,100.0,1,3372.0,1,CP175110.1|+|1
GCA_050492125.1,VFG045470|AAM75247|cylR2|cytolysin_operon_context,cytolysin_operon_context,cylR2,AAM75247,cytolysin regulator R2,context_only,CP175112.1,1,12717,12917,-,100.0,100.0,1,363.0,1,CP175112.1|-|1
GCA_050492125.1,VFG045472|AAM75249|cylL|cytolysin_operon_context,cytolysin_operon_context,cylL,AAM75249,CylL; cytolysin subunit,context_only,CP175112.1,1,13321,13694,+,96.56350515463917,100.0,2,374.0,1,CP175112.1|+|1
GCA_050492125.1,VFG045473|AAM75250|cylS|cytolysin_operon_context,cytolysin_operon_context,cylS,AAM75250,CylS; cytolysin subunit,context_only,CP175112.1,1,13335,13752,+,96.37673913043479,100.0,2,347.0,1,CP175112.1|+|1
GCA_050492125.1,VFG045474|AAM75251|cylM|cytolysin_operon_context,cytolysin_operon_context,cylM,AAM75251,CylM; cytolysin subunit modifier,context_only,CP175112.1,1,13813,16794,+,99.665,100.0,1,5333.0,2,CP175112.1|+|2
GCA_050492135.1,VFG002164|WP_002395058|prgB/asc10|aggregation_substance_context,aggregation_substance_context,prgB/asc10,WP_002395058,aggregation substance PrgB/Asc10,review_required_context,CP175106.1,1,185943,189803,+,89.626,98.39203675344564,1,5162.0,1,CP175106.1|+|1
GCA_050492135.1,VFG002164|WP_002395058|prgB/asc10|aggregation_substance_context,aggregation_substance_context,prgB/asc10,WP_002395058,aggregation substance PrgB/Asc10,review_required_context,CP175106.1,2,451197,455089,+,94.469,99.97447677386421,1,6107.0,2,CP175106.1|+|2
GCA_050492135.1,VFG002164|WP_002395058|prgB/asc10|aggregation_substance_context,aggregation_substance_context,prgB/asc10,WP_002395058,aggregation substance PrgB/Asc10,review_required_context,CP175107.1,1,30692,34609,+,89.492,100.0,1,5225.0,1,CP175107.1|+|1
GCA_050492135.1,VFG002165|WP_002356954|efaA|efaA,efaA,efaA,WP_002356954,endocarditis specific antigen,approved_primary,CP175106.1,1,1887451,1888377,+,99.892,100.0,1,1668.0,1,CP175106.1|+|1
GCA_050492135.1,VFG002166|WP_010714416|ace|ace,ace,ace,WP_010714416,collagen adhesin protein,approved_primary,CP175106.1,1,987322,989346,+,94.79255579553636,100.0,7,3639.0,1,CP175106.1|+|1
GCA_050492135.1,VFG002171|WP_011109430|EF0149|aggregation_substance_context,aggregation_substance_context,EF0149,WP_011109430,aggregation substance,review_required_context,CP175106.1,1,185943,189860,+,99.872,100.0,1,7044.0,1,CP175106.1|+|1
GCA_050492135.1,VFG002171|WP_011109430|EF0149|aggregation_substance_context,aggregation_substance_context,EF0149,WP_011109430,aggregation substance,review_required_context,CP175106.1,2,451197,455020,+,89.105,98.36651352730985,1,5071.0,2,CP175106.1|+|2
GCA_050492135.1,VFG002171|WP_011109430|EF0149|aggregation_substance_context,aggregation_substance_context,EF0149,WP_011109430,aggregation substance,review_required_context,CP175107.1,1,30692,34591,+,95.0,99.5405819295559,1,6155.0,1,CP175107.1|+|1
GCA_050492135.1,VFG002172|WP_010710127|EF0485|aggregation_substance_context,aggregation_substance_context,EF0485,WP_010710127,aggregation substance,review_required_context,CP175106.1,1,185944,189797,+,89.61000000000001,98.21337417049516,1,5144.0,1,CP175106.1|+|1
GCA_050492135.1,VFG002172|WP_010710127|EF0485|aggregation_substance_context,aggregation_substance_context,EF0485,WP_010710127,aggregation substance,review_required_context,CP175106.1,2,451196,455089,+,94.67,100.0,1,6143.0,2,CP175106.1|+|2
GCA_050492135.1,VFG002172|WP_010710127|EF0485|aggregation_substance_context,aggregation_substance_context,EF0485,WP_010710127,aggregation substance,review_required_context,CP175107.1,1,30693,34531,+,89.538,97.8305257784584,1,5119.0,1,CP175107.1|+|1
GCA_050492135.1,VFG002173|WP_010785625|asa1|asa1_or_validated_equivalent,asa1_or_validated_equivalent,asa1,WP_010785625,aggregation substance Asa1,approved_primary,CP175106.1,1,185943,189797,+,93.72946516257466,77.46080699049088,2,3477.0,1,CP175106.1|+|1
GCA_050492135.1,VFG002173|WP_010785625|asa1|asa1_or_validated_equivalent,asa1_or_validated_equivalent,asa1,WP_010785625,aggregation substance Asa1,approved_primary,CP175106.1,2,451197,455089,+,93.37354225352112,80.10794140323824,2,3712.0,2,CP175106.1|+|2
GCA_050492135.1,VFG002173|WP_010785625|asa1|asa1_or_validated_equivalent,asa1_or_validated_equivalent,asa1,WP_010785625,aggregation substance Asa1,approved_primary,CP175107.1,1,30692,34531,+,94.99831277092365,77.07530197892572,2,3517.0,1,CP175107.1|+|1
GCA_050492135.1,VFG002174|WP_002369251|gelE|gelE,gelE,gelE,WP_002369251,coccolysin,approved_primary,CP175106.1,1,1691185,1692717,-,100.0,100.0,1,2765.0,1,CP175106.1|-|1
GCA_050492135.1,VFG002175|AAM75248|cylR1|cytolysin_operon_context,cytolysin_operon_context,cylR1,AAM75248,cytolysin regulator R1,context_only,CP175108.1,1,6208,6492,-,100.0,100.0,1,515.0,2,CP175108.1|-|2
GCA_050492135.1,VFG002176|AAM75252|cylB|cytolysin_operon_context,cytolysin_operon_context,cylB,AAM75252,ABC-type transporter,context_only,CP175108.1,1,10096,12240,+,99.767,100.0,1,3846.0,3,CP175108.1|+|3
GCA_050492135.1,VFG002177|AAM75253|cylA|cylA,cylA,cylA,AAM75253,cytolysin activator,approved_primary,CP175108.1,1,12237,13475,+,99.839,100.0,1,2226.0,1,CP175108.1|+|1
GCA_050492135.1,VFG002178|AAM75254|cylI|cytolysin_operon_context,cytolysin_operon_context,cylI,AAM75254,cytolysin immunity protein,context_only,CP175108.1,1,13476,14459,+,97.256,100.0,1,1654.0,4,CP175108.1|+|4
GCA_050492135.1,VFG002191|WP_002369252|sprE|sprE,sprE,sprE,WP_002369252,"serine proteinase, V8 family",approved_primary,CP175106.1,1,1690282,1691136,-,100.0,100.0,1,1543.0,1,CP175106.1|-|1
GCA_050492135.1,VFG042976|WP_154081516|ebpA|ebpA,ebpA,ebpA,WP_154081516,endocarditis and biofilm-associated pilus tip protein EbpA,approved_primary,CP175106.1,1,976514,979978,+,99.942,100.0,1,6240.0,1,CP175106.1|+|1
GCA_050492135.1,VFG042977|WP_002379309|ebpB|ebpB,ebpB,ebpB,WP_002379309,endocarditis and biofilm-associated pilus minor subunit EbpB,approved_primary,CP175106.1,1,979982,981412,+,100.0,100.0,1,2581.0,1,CP175106.1|+|1
GCA_050492135.1,VFG042978|WP_011109477|ebpC|ebpC,ebpC,ebpC,WP_011109477,endocarditis and biofilm-associated pilus major subunit EbpC,approved_primary,CP175106.1,1,981409,983292,+,99.682,100.0,1,3372.0,1,CP175106.1|+|1
GCA_050492135.1,VFG045470|AAM75247|cylR2|cytolysin_operon_context,cytolysin_operon_context,cylR2,AAM75247,cytolysin regulator R2,context_only,CP175108.1,1,6007,6207,-,100.0,100.0,1,363.0,1,CP175108.1|-|1
GCA_050492135.1,VFG045472|AAM75249|cylL|cytolysin_operon_context,cytolysin_operon_context,cylL,AAM75249,CylL; cytolysin subunit,context_only,CP175108.1,1,6611,6984,+,96.56350515463917,100.0,2,374.0,1,CP175108.1|+|1
GCA_050492135.1,VFG045473|AAM75250|cylS|cytolysin_operon_context,cytolysin_operon_context,cylS,AAM75250,CylS; cytolysin subunit,context_only,CP175108.1,1,6625,7042,+,96.37673913043479,100.0,2,347.0,1,CP175108.1|+|1
GCA_050492135.1,VFG045474|AAM75251|cylM|cytolysin_operon_context,cytolysin_operon_context,cylM,AAM75251,CylM; cytolysin subunit modifier,context_only,CP175108.1,1,7103,10084,+,99.665,100.0,1,5333.0,2,CP175108.1|+|2
GCA_050505635.1,VFG002164|WP_002395058|prgB/asc10|aggregation_substance_context,aggregation_substance_context,prgB/asc10,WP_002395058,aggregation substance PrgB/Asc10,review_required_context,CP175162.1,1,2057430,2061346,-,95.434,99.97447677386421,1,6259.0,1,CP175162.1|-|1
GCA_050505635.1,VFG002165|WP_002356954|efaA|efaA,efaA,efaA,WP_002356954,endocarditis specific antigen,approved_primary,CP175162.1,1,575798,576724,-,99.676,100.0,1,1659.0,1,CP175162.1|-|1
GCA_050505635.1,VFG002165|WP_002356954|efaA|efaA,efaA,efaA,WP_002356954,endocarditis specific antigen,approved_primary,CP175162.1,2,1958970,1959754,-,68.244,84.68176914778857,1,260.0,2,CP175162.1|-|2
GCA_050505635.1,VFG002166|WP_010714416|ace|ace,ace,ace,WP_010714416,collagen adhesin protein,approved_primary,CP175162.1,1,1408669,1410552,-,93.99111649659862,100.0,6,2577.0,1,CP175162.1|-|1
GCA_050505635.1,VFG002171|WP_011109430|EF0149|aggregation_substance_context,aggregation_substance_context,EF0149,WP_011109430,aggregation substance,review_required_context,CP175162.1,1,2057499,2061346,-,89.58399999999999,98.36651352730985,1,5139.0,1,CP175162.1|-|1
GCA_050505635.1,VFG002172|WP_010710127|EF0485|aggregation_substance_context,aggregation_substance_context,EF0485,WP_010710127,aggregation substance,review_required_context,CP175162.1,1,2057430,2061347,-,100.0,100.0,1,7066.0,1,CP175162.1|-|1
GCA_050505635.1,VFG002173|WP_010785625|asa1|asa1_or_validated_equivalent,asa1_or_validated_equivalent,asa1,WP_010785625,aggregation substance Asa1,approved_primary,CP175162.1,1,2057430,2061346,-,93.59147644985582,80.10794140323824,2,3581.0,1,CP175162.1|-|1
GCA_050505635.1,VFG002175|AAM75248|cylR1|cytolysin_operon_context,cytolysin_operon_context,cylR1,AAM75248,cytolysin regulator R1,context_only,CP175162.1,1,2027008,2027292,+,100.0,100.0,1,515.0,1,CP175162.1|+|1
GCA_050505635.1,VFG002176|AAM75252|cylB|cytolysin_operon_context,cytolysin_operon_context,cylB,AAM75252,ABC-type transporter,context_only,CP175162.1,1,2021260,2023404,-,99.814,100.0,1,3851.0,3,CP175162.1|-|3
GCA_050505635.1,VFG002177|AAM75253|cylA|cylA,cylA,cylA,AAM75253,cytolysin activator,approved_primary,CP175162.1,1,1979379,1979449,-,95.775,5.73042776432607,1,115.0,1,CP175162.1|-|1
GCA_050505635.1,VFG002177|AAM75253|cylA|cylA,cylA,cylA,AAM75253,cytolysin activator,approved_primary,CP175162.1,2,2020025,2021263,-,99.839,100.0,1,2226.0,2,CP175162.1|-|2
GCA_050505635.1,VFG002178|AAM75254|cylI|cytolysin_operon_context,cytolysin_operon_context,cylI,AAM75254,cytolysin immunity protein,context_only,CP175162.1,1,1978395,1979378,-,96.447,100.0,1,1612.0,1,CP175162.1|-|1
GCA_050505635.1,VFG002178|AAM75254|cylI|cytolysin_operon_context,cytolysin_operon_context,cylI,AAM75254,cytolysin immunity protein,context_only,CP175162.1,2,2019041,2020024,-,97.154,100.0,1,1649.0,2,CP175162.1|-|2
GCA_050505635.1,VFG002179|AAD09858|esp|esp,esp,esp,AAD09858,Enterococcal surface protein; Esp,approved_primary,CP175162.1,1,2008756,2014377,-,96.83420225532795,100.0,19,10121.0,1,CP175162.1|-|1
GCA_050505635.1,VFG042976|WP_154081516|ebpA|ebpA,ebpA,ebpA,WP_154081516,endocarditis and biofilm-associated pilus tip protein EbpA,approved_primary,CP175162.1,1,1421091,1424555,-,99.538,100.0,1,6177.0,1,CP175162.1|-|1
GCA_050505635.1,VFG042977|WP_002379309|ebpB|ebpB,ebpB,ebpB,WP_002379309,endocarditis and biofilm-associated pilus minor subunit EbpB,approved_primary,CP175162.1,1,1419657,1421087,-,99.441,100.0,1,2545.0,1,CP175162.1|-|1
GCA_050505635.1,VFG042978|WP_011109477|ebpC|ebpC,ebpC,ebpC,WP_011109477,endocarditis and biofilm-associated pilus major subunit EbpC,approved_primary,CP175162.1,1,1417777,1419660,-,99.363,100.0,1,3345.0,1,CP175162.1|-|1
GCA_050505635.1,VFG045470|AAM75247|cylR2|cytolysin_operon_context,cytolysin_operon_context,cylR2,AAM75247,cytolysin regulator R2,context_only,CP175162.1,1,2027293,2027493,+,100.0,100.0,1,363.0,2,CP175162.1|+|2
GCA_050505635.1,VFG045472|AAM75249|cylL|cytolysin_operon_context,cytolysin_operon_context,cylL,AAM75249,CylL; cytolysin subunit,context_only,CP175162.1,1,2026516,2026889,-,96.56350515463917,100.0,2,374.0,5,CP175162.1|-|5
GCA_050505635.1,VFG045473|AAM75250|cylS|cytolysin_operon_context,cytolysin_operon_context,cylS,AAM75250,CylS; cytolysin subunit,context_only,CP175162.1,1,2026458,2026875,-,96.37673913043479,100.0,2,347.0,5,CP175162.1|-|5
GCA_050505635.1,VFG045474|AAM75251|cylM|cytolysin_operon_context,cytolysin_operon_context,cylM,AAM75251,CylM; cytolysin subunit modifier,context_only,CP175162.1,1,2023416,2026397,-,99.698,100.0,1,5338.0,4,CP175162.1|-|4
GCA_050505645.1,VFG002164|WP_002395058|prgB/asc10|aggregation_substance_context,aggregation_substance_context,prgB/asc10,WP_002395058,aggregation substance PrgB/Asc10,review_required_context,CP175163.1,1,2276557,2280473,+,95.434,99.97447677386421,1,6259.0,1,CP175163.1|+|1
GCA_050505645.1,VFG002165|WP_002356954|efaA|efaA,efaA,efaA,WP_002356954,endocarditis specific antigen,approved_primary,CP175163.1,1,887653,888579,+,99.676,100.0,1,1659.0,1,CP175163.1|+|1
GCA_050505645.1,VFG002165|WP_002356954|efaA|efaA,efaA,efaA,WP_002356954,endocarditis specific antigen,approved_primary,CP175163.1,2,2378149,2378933,+,68.244,84.68176914778857,1,260.0,2,CP175163.1|+|2
GCA_050505645.1,VFG002166|WP_010714416|ace|ace,ace,ace,WP_010714416,collagen adhesin protein,approved_primary,CP175163.1,1,53825,55708,+,93.99111649659864,100.0,6,2577.0,1,CP175163.1|+|1
GCA_050505645.1,VFG002171|WP_011109430|EF0149|aggregation_substance_context,aggregation_substance_context,EF0149,WP_011109430,aggregation substance,review_required_context,CP175163.1,1,2276557,2280404,+,89.58399999999999,98.36651352730985,1,5139.0,1,CP175163.1|+|1
GCA_050505645.1,VFG002172|WP_010710127|EF0485|aggregation_substance_context,aggregation_substance_context,EF0485,WP_010710127,aggregation substance,review_required_context,CP175163.1,1,2276556,2280473,+,100.0,100.0,1,7066.0,1,CP175163.1|+|1
GCA_050505645.1,VFG002173|WP_010785625|asa1|asa1_or_validated_equivalent,asa1_or_validated_equivalent,asa1,WP_010785625,aggregation substance Asa1,approved_primary,CP175163.1,1,2276557,2280473,+,93.59147644985582,80.10794140323824,2,3581.0,1,CP175163.1|+|1
GCA_050505645.1,VFG002175|AAM75248|cylR1|cytolysin_operon_context,cytolysin_operon_context,cylR1,AAM75248,cytolysin regulator R1,context_only,CP175163.1,1,2310611,2310895,-,100.0,100.0,1,515.0,2,CP175163.1|-|2
GCA_050505645.1,VFG002176|AAM75252|cylB|cytolysin_operon_context,cytolysin_operon_context,cylB,AAM75252,ABC-type transporter,context_only,CP175163.1,1,2314499,2316643,+,99.814,100.0,1,3851.0,3,CP175163.1|+|3
GCA_050505645.1,VFG002177|AAM75253|cylA|cylA,cylA,cylA,AAM75253,cytolysin activator,approved_primary,CP175163.1,1,2316640,2317878,+,99.839,100.0,1,2226.0,1,CP175163.1|+|1
GCA_050505645.1,VFG002177|AAM75253|cylA|cylA,cylA,cylA,AAM75253,cytolysin activator,approved_primary,CP175163.1,2,2358454,2358524,+,95.775,5.73042776432607,1,115.0,2,CP175163.1|+|2
GCA_050505645.1,VFG002178|AAM75254|cylI|cytolysin_operon_context,cytolysin_operon_context,cylI,AAM75254,cytolysin immunity protein,context_only,CP175163.1,1,2317879,2318862,+,97.154,100.0,1,1649.0,4,CP175163.1|+|4
GCA_050505645.1,VFG002178|AAM75254|cylI|cytolysin_operon_context,cytolysin_operon_context,cylI,AAM75254,cytolysin immunity protein,context_only,CP175163.1,2,2358525,2359508,+,96.447,100.0,1,1612.0,5,CP175163.1|+|5
GCA_050505645.1,VFG002179|AAD09858|esp|esp,esp,esp,AAD09858,Enterococcal surface protein; Esp,approved_primary,CP175163.1,1,2323526,2329147,+,96.83420225532797,100.0,19,10121.0,1,CP175163.1|+|1
GCA_050505645.1,VFG042976|WP_154081516|ebpA|ebpA,ebpA,ebpA,WP_154081516,endocarditis and biofilm-associated pilus tip protein EbpA,approved_primary,CP175163.1,1,39822,43286,+,99.538,100.0,1,6177.0,1,CP175163.1|+|1
GCA_050505645.1,VFG042977|WP_002379309|ebpB|ebpB,ebpB,ebpB,WP_002379309,endocarditis and biofilm-associated pilus minor subunit EbpB,approved_primary,CP175163.1,1,43290,44720,+,99.441,100.0,1,2545.0,1,CP175163.1|+|1
GCA_050505645.1,VFG042978|WP_011109477|ebpC|ebpC,ebpC,ebpC,WP_011109477,endocarditis and biofilm-associated pilus major subunit EbpC,approved_primary,CP175163.1,1,44717,46600,+,99.363,100.0,1,3345.0,1,CP175163.1|+|1
GCA_050505645.1,VFG045470|AAM75247|cylR2|cytolysin_operon_context,cytolysin_operon_context,cylR2,AAM75247,cytolysin regulator R2,context_only,CP175163.1,1,2310410,2310610,-,100.0,100.0,1,363.0,1,CP175163.1|-|1
GCA_050505645.1,VFG045472|AAM75249|cylL|cytolysin_operon_context,cytolysin_operon_context,cylL,AAM75249,CylL; cytolysin subunit,context_only,CP175163.1,1,2311014,2311387,+,96.56350515463917,100.0,2,374.0,1,CP175163.1|+|1
GCA_050505645.1,VFG045473|AAM75250|cylS|cytolysin_operon_context,cytolysin_operon_context,cylS,AAM75250,CylS; cytolysin subunit,context_only,CP175163.1,1,2311028,2311445,+,96.37673913043479,100.0,2,347.0,1,CP175163.1|+|1
GCA_050505645.1,VFG045474|AAM75251|cylM|cytolysin_operon_context,cytolysin_operon_context,cylM,AAM75251,CylM; cytolysin subunit modifier,context_only,CP175163.1,1,2311506,2314487,+,99.698,100.0,1,5338.0,2,CP175163.1|+|2
GCA_050506665.1,VFG002164|WP_002395058|prgB/asc10|aggregation_substance_context,aggregation_substance_context,prgB/asc10,WP_002395058,aggregation substance PrgB/Asc10,review_required_context,CP175301.1,1,367540,371456,+,95.434,99.97447677386421,1,6259.0,1,CP175301.1|+|1
GCA_050506665.1,VFG002165|WP_002356954|efaA|efaA,efaA,efaA,WP_002356954,endocarditis specific antigen,approved_primary,CP175301.1,1,469132,469916,+,68.244,84.68176914778857,1,260.0,1,CP175301.1|+|1
GCA_050506665.1,VFG002165|WP_002356954|efaA|efaA,efaA,efaA,WP_002356954,endocarditis specific antigen,approved_primary,CP175301.1,2,1844660,1845586,+,99.676,100.0,1,1659.0,2,CP175301.1|+|2
GCA_050506665.1,VFG002166|WP_010714416|ace|ace,ace,ace,WP_010714416,collagen adhesin protein,approved_primary,CP175301.1,1,1019485,1021368,+,93.99111649659864,100.0,6,2577.0,1,CP175301.1|+|1
GCA_050506665.1,VFG002171|WP_011109430|EF0149|aggregation_substance_context,aggregation_substance_context,EF0149,WP_011109430,aggregation substance,review_required_context,CP175301.1,1,367540,371387,+,89.58399999999999,98.36651352730985,1,5139.0,1,CP175301.1|+|1
GCA_050506665.1,VFG002172|WP_010710127|EF0485|aggregation_substance_context,aggregation_substance_context,EF0485,WP_010710127,aggregation substance,review_required_context,CP175301.1,1,367539,371456,+,100.0,100.0,1,7066.0,1,CP175301.1|+|1
GCA_050506665.1,VFG002173|WP_010785625|asa1|asa1_or_validated_equivalent,asa1_or_validated_equivalent,asa1,WP_010785625,aggregation substance Asa1,approved_primary,CP175301.1,1,367540,371456,+,93.59147644985582,80.10794140323824,2,3581.0,1,CP175301.1|+|1
GCA_050506665.1,VFG002175|AAM75248|cylR1|cytolysin_operon_context,cytolysin_operon_context,cylR1,AAM75248,cytolysin regulator R1,context_only,CP175301.1,1,401594,401878,-,100.0,100.0,1,515.0,2,CP175301.1|-|2
GCA_050506665.1,VFG002176|AAM75252|cylB|cytolysin_operon_context,cytolysin_operon_context,cylB,AAM75252,ABC-type transporter,context_only,CP175301.1,1,405482,407626,+,99.814,100.0,1,3851.0,3,CP175301.1|+|3
GCA_050506665.1,VFG002177|AAM75253|cylA|cylA,cylA,cylA,AAM75253,cytolysin activator,approved_primary,CP175301.1,1,407623,408861,+,99.839,100.0,1,2226.0,1,CP175301.1|+|1
GCA_050506665.1,VFG002177|AAM75253|cylA|cylA,cylA,cylA,AAM75253,cytolysin activator,approved_primary,CP175301.1,2,449437,449507,+,95.775,5.73042776432607,1,115.0,2,CP175301.1|+|2
GCA_050506665.1,VFG002178|AAM75254|cylI|cytolysin_operon_context,cytolysin_operon_context,cylI,AAM75254,cytolysin immunity protein,context_only,CP175301.1,1,408862,409845,+,97.154,100.0,1,1649.0,4,CP175301.1|+|4
GCA_050506665.1,VFG002178|AAM75254|cylI|cytolysin_operon_context,cytolysin_operon_context,cylI,AAM75254,cytolysin immunity protein,context_only,CP175301.1,2,449508,450491,+,96.447,100.0,1,1612.0,5,CP175301.1|+|5
GCA_050506665.1,VFG002179|AAD09858|esp|esp,esp,esp,AAD09858,Enterococcal surface protein; Esp,approved_primary,CP175301.1,1,414509,420130,+,96.83420225532797,100.0,19,10121.0,1,CP175301.1|+|1
GCA_050506665.1,VFG042976|WP_154081516|ebpA|ebpA,ebpA,ebpA,WP_154081516,endocarditis and biofilm-associated pilus tip protein EbpA,approved_primary,CP175301.1,1,1005482,1008946,+,99.538,100.0,1,6177.0,1,CP175301.1|+|1
GCA_050506665.1,VFG042977|WP_002379309|ebpB|ebpB,ebpB,ebpB,WP_002379309,endocarditis and biofilm-associated pilus minor subunit EbpB,approved_primary,CP175301.1,1,1008950,1010380,+,99.441,100.0,1,2545.0,1,CP175301.1|+|1
GCA_050506665.1,VFG042978|WP_011109477|ebpC|ebpC,ebpC,ebpC,WP_011109477,endocarditis and biofilm-associated pilus major subunit EbpC,approved_primary,CP175301.1,1,1010377,1012260,+,99.363,100.0,1,3345.0,1,CP175301.1|+|1
GCA_050506665.1,VFG045470|AAM75247|cylR2|cytolysin_operon_context,cytolysin_operon_context,cylR2,AAM75247,cytolysin regulator R2,context_only,CP175301.1,1,401393,401593,-,100.0,100.0,1,363.0,1,CP175301.1|-|1
GCA_050506665.1,VFG045472|AAM75249|cylL|cytolysin_operon_context,cytolysin_operon_context,cylL,AAM75249,CylL; cytolysin subunit,context_only,CP175301.1,1,401997,402370,+,96.56350515463917,100.0,2,374.0,1,CP175301.1|+|1
GCA_050506665.1,VFG045473|AAM75250|cylS|cytolysin_operon_context,cytolysin_operon_context,cylS,AAM75250,CylS; cytolysin subunit,context_only,CP175301.1,1,402011,402428,+,96.37673913043479,100.0,2,347.0,1,CP175301.1|+|1
GCA_050506665.1,VFG045474|AAM75251|cylM|cytolysin_operon_context,cytolysin_operon_context,cylM,AAM75251,CylM; cytolysin subunit modifier,context_only,CP175301.1,1,402489,405470,+,99.698,100.0,1,5338.0,2,CP175301.1|+|2
GCA_050506675.1,VFG002164|WP_002395058|prgB/asc10|aggregation_substance_context,aggregation_substance_context,prgB/asc10,WP_002395058,aggregation substance PrgB/Asc10,review_required_context,CP175300.1,1,367540,371456,+,95.434,99.97447677386421,1,6259.0,1,CP175300.1|+|1
GCA_050506675.1,VFG002165|WP_002356954|efaA|efaA,efaA,efaA,WP_002356954,endocarditis specific antigen,approved_primary,CP175300.1,1,469132,469916,+,68.244,84.68176914778857,1,260.0,1,CP175300.1|+|1
GCA_050506675.1,VFG002165|WP_002356954|efaA|efaA,efaA,efaA,WP_002356954,endocarditis specific antigen,approved_primary,CP175300.1,2,1844660,1845586,+,99.676,100.0,1,1659.0,2,CP175300.1|+|2
GCA_050506675.1,VFG002166|WP_010714416|ace|ace,ace,ace,WP_010714416,collagen adhesin protein,approved_primary,CP175300.1,1,1019485,1021368,+,93.99111649659864,100.0,6,2577.0,1,CP175300.1|+|1
GCA_050506675.1,VFG002171|WP_011109430|EF0149|aggregation_substance_context,aggregation_substance_context,EF0149,WP_011109430,aggregation substance,review_required_context,CP175300.1,1,367540,371387,+,89.58399999999999,98.36651352730985,1,5139.0,1,CP175300.1|+|1
GCA_050506675.1,VFG002172|WP_010710127|EF0485|aggregation_substance_context,aggregation_substance_context,EF0485,WP_010710127,aggregation substance,review_required_context,CP175300.1,1,367539,371456,+,100.0,100.0,1,7066.0,1,CP175300.1|+|1
GCA_050506675.1,VFG002173|WP_010785625|asa1|asa1_or_validated_equivalent,asa1_or_validated_equivalent,asa1,WP_010785625,aggregation substance Asa1,approved_primary,CP175300.1,1,367540,371456,+,93.59147644985582,80.10794140323824,2,3581.0,1,CP175300.1|+|1
GCA_050506675.1,VFG002175|AAM75248|cylR1|cytolysin_operon_context,cytolysin_operon_context,cylR1,AAM75248,cytolysin regulator R1,context_only,CP175300.1,1,401594,401878,-,100.0,100.0,1,515.0,2,CP175300.1|-|2
GCA_050506675.1,VFG002176|AAM75252|cylB|cytolysin_operon_context,cytolysin_operon_context,cylB,AAM75252,ABC-type transporter,context_only,CP175300.1,1,405482,407626,+,99.814,100.0,1,3851.0,3,CP175300.1|+|3
GCA_050506675.1,VFG002177|AAM75253|cylA|cylA,cylA,cylA,AAM75253,cytolysin activator,approved_primary,CP175300.1,1,407623,408861,+,99.839,100.0,1,2226.0,1,CP175300.1|+|1
GCA_050506675.1,VFG002177|AAM75253|cylA|cylA,cylA,cylA,AAM75253,cytolysin activator,approved_primary,CP175300.1,2,449437,449507,+,95.775,5.73042776432607,1,115.0,2,CP175300.1|+|2
GCA_050506675.1,VFG002178|AAM75254|cylI|cytolysin_operon_context,cytolysin_operon_context,cylI,AAM75254,cytolysin immunity protein,context_only,CP175300.1,1,408862,409845,+,97.154,100.0,1,1649.0,4,CP175300.1|+|4
GCA_050506675.1,VFG002178|AAM75254|cylI|cytolysin_operon_context,cytolysin_operon_context,cylI,AAM75254,cytolysin immunity protein,context_only,CP175300.1,2,449508,450491,+,96.447,100.0,1,1612.0,5,CP175300.1|+|5
GCA_050506675.1,VFG002179|AAD09858|esp|esp,esp,esp,AAD09858,Enterococcal surface protein; Esp,approved_primary,CP175300.1,1,414509,420130,+,96.83420225532797,100.0,19,10121.0,1,CP175300.1|+|1
GCA_050506675.1,VFG042976|WP_154081516|ebpA|ebpA,ebpA,ebpA,WP_154081516,endocarditis and biofilm-associated pilus tip protein EbpA,approved_primary,CP175300.1,1,1005482,1008946,+,99.538,100.0,1,6177.0,1,CP175300.1|+|1
GCA_050506675.1,VFG042977|WP_002379309|ebpB|ebpB,ebpB,ebpB,WP_002379309,endocarditis and biofilm-associated pilus minor subunit EbpB,approved_primary,CP175300.1,1,1008950,1010380,+,99.441,100.0,1,2545.0,1,CP175300.1|+|1
GCA_050506675.1,VFG042978|WP_011109477|ebpC|ebpC,ebpC,ebpC,WP_011109477,endocarditis and biofilm-associated pilus major subunit EbpC,approved_primary,CP175300.1,1,1010377,1012260,+,99.363,100.0,1,3345.0,1,CP175300.1|+|1
GCA_050506675.1,VFG045470|AAM75247|cylR2|cytolysin_operon_context,cytolysin_operon_context,cylR2,AAM75247,cytolysin regulator R2,context_only,CP175300.1,1,401393,401593,-,100.0,100.0,1,363.0,1,CP175300.1|-|1
GCA_050506675.1,VFG045472|AAM75249|cylL|cytolysin_operon_context,cytolysin_operon_context,cylL,AAM75249,CylL; cytolysin subunit,context_only,CP175300.1,1,401997,402370,+,96.56350515463917,100.0,2,374.0,1,CP175300.1|+|1
GCA_050506675.1,VFG045473|AAM75250|cylS|cytolysin_operon_context,cytolysin_operon_context,cylS,AAM75250,CylS; cytolysin subunit,context_only,CP175300.1,1,402011,402428,+,96.37673913043479,100.0,2,347.0,1,CP175300.1|+|1
GCA_050506675.1,VFG045474|AAM75251|cylM|cytolysin_operon_context,cytolysin_operon_context,cylM,AAM75251,CylM; cytolysin subunit modifier,context_only,CP175300.1,1,402489,405470,+,99.698,100.0,1,5338.0,2,CP175300.1|+|2
GCA_050506685.1,VFG002164|WP_002395058|prgB/asc10|aggregation_substance_context,aggregation_substance_context,prgB/asc10,WP_002395058,aggregation substance PrgB/Asc10,review_required_context,CP175298.1,1,134727,138587,+,89.703,98.39203675344564,1,5176.0,1,CP175298.1|+|1
GCA_050506685.1,VFG002164|WP_002395058|prgB/asc10|aggregation_substance_context,aggregation_substance_context,prgB/asc10,WP_002395058,aggregation substance PrgB/Asc10,review_required_context,CP175298.1,2,399995,403911,+,95.434,99.97447677386421,1,6259.0,2,CP175298.1|+|2
GCA_050506685.1,VFG002165|WP_002356954|efaA|efaA,efaA,efaA,WP_002356954,endocarditis specific antigen,approved_primary,CP175298.1,1,497578,498387,+,68.237,87.37864077669903,1,269.0,1,CP175298.1|+|1
GCA_050506685.1,VFG002165|WP_002356954|efaA|efaA,efaA,efaA,WP_002356954,endocarditis specific antigen,approved_primary,CP175298.1,2,2034685,2035611,+,99.461,100.0,1,1650.0,2,CP175298.1|+|2
GCA_050506685.1,VFG002166|WP_010714416|ace|ace,ace,ace,WP_010714416,collagen adhesin protein,approved_primary,CP175298.1,1,1051415,1053298,+,93.99111649659864,100.0,6,2577.0,1,CP175298.1|+|1
GCA_050506685.1,VFG002171|WP_011109430|EF0149|aggregation_substance_context,aggregation_substance_context,EF0149,WP_011109430,aggregation substance,review_required_context,CP175298.1,1,134727,138644,+,99.974,100.0,1,7062.0,1,CP175298.1|+|1
GCA_050506685.1,VFG002171|WP_011109430|EF0149|aggregation_substance_context,aggregation_substance_context,EF0149,WP_011109430,aggregation substance,review_required_context,CP175298.1,2,399995,403842,+,89.58399999999999,98.36651352730985,1,5139.0,2,CP175298.1|+|2
GCA_050506685.1,VFG002172|WP_010710127|EF0485|aggregation_substance_context,aggregation_substance_context,EF0485,WP_010710127,aggregation substance,review_required_context,CP175298.1,1,134728,138581,+,89.61000000000001,98.21337417049516,1,5144.0,1,CP175298.1|+|1
GCA_050506685.1,VFG002172|WP_010710127|EF0485|aggregation_substance_context,aggregation_substance_context,EF0485,WP_010710127,aggregation substance,review_required_context,CP175298.1,2,399994,403911,+,100.0,100.0,1,7066.0,2,CP175298.1|+|2
GCA_050506685.1,VFG002173|WP_010785625|asa1|asa1_or_validated_equivalent,asa1_or_validated_equivalent,asa1,WP_010785625,aggregation substance Asa1,approved_primary,CP175298.1,1,134727,138581,+,93.63002919708029,77.46080699049088,2,3463.0,1,CP175298.1|+|1
GCA_050506685.1,VFG002173|WP_010785625|asa1|asa1_or_validated_equivalent,asa1_or_validated_equivalent,asa1,WP_010785625,aggregation substance Asa1,approved_primary,CP175298.1,2,399995,403911,+,93.59147644985582,80.10794140323824,2,3581.0,2,CP175298.1|+|2
GCA_050506685.1,VFG002174|WP_002369251|gelE|gelE,gelE,gelE,WP_002369251,coccolysin,approved_primary,CP175298.1,1,1806878,1808410,-,98.89100000000002,100.0,1,2689.0,1,CP175298.1|-|1
GCA_050506685.1,VFG002175|AAM75248|cylR1|cytolysin_operon_context,cytolysin_operon_context,cylR1,AAM75248,cytolysin regulator R1,context_only,CP175298.1,1,434050,434334,-,100.0,100.0,1,515.0,2,CP175298.1|-|2
GCA_050506685.1,VFG002176|AAM75252|cylB|cytolysin_operon_context,cytolysin_operon_context,cylB,AAM75252,ABC-type transporter,context_only,CP175298.1,1,437938,440082,+,99.814,100.0,1,3851.0,3,CP175298.1|+|3
GCA_050506685.1,VFG002177|AAM75253|cylA|cylA,cylA,cylA,AAM75253,cytolysin activator,approved_primary,CP175298.1,1,440079,441317,+,99.839,100.0,1,2226.0,1,CP175298.1|+|1
GCA_050506685.1,VFG002178|AAM75254|cylI|cytolysin_operon_context,cytolysin_operon_context,cylI,AAM75254,cytolysin immunity protein,context_only,CP175298.1,1,441318,442301,+,97.256,100.0,1,1654.0,4,CP175298.1|+|4
GCA_050506685.1,VFG002179|AAD09858|esp|esp,esp,esp,AAD09858,Enterococcal surface protein; Esp,approved_primary,CP175298.1,1,446965,452586,+,96.83420225532797,100.0,19,10121.0,1,CP175298.1|+|1
GCA_050506685.1,VFG002191|WP_002369252|sprE|sprE,sprE,sprE,WP_002369252,"serine proteinase, V8 family",approved_primary,CP175298.1,1,1805975,1806829,-,98.48,100.0,1,1484.0,1,CP175298.1|-|1
GCA_050506685.1,VFG042976|WP_154081516|ebpA|ebpA,ebpA,ebpA,WP_154081516,endocarditis and biofilm-associated pilus tip protein EbpA,approved_primary,CP175298.1,1,1037412,1040876,+,99.509,100.0,1,6173.0,1,CP175298.1|+|1
GCA_050506685.1,VFG042977|WP_002379309|ebpB|ebpB,ebpB,ebpB,WP_002379309,endocarditis and biofilm-associated pilus minor subunit EbpB,approved_primary,CP175298.1,1,1040880,1042310,+,99.441,100.0,1,2545.0,1,CP175298.1|+|1
GCA_050506685.1,VFG042978|WP_011109477|ebpC|ebpC,ebpC,ebpC,WP_011109477,endocarditis and biofilm-associated pilus major subunit EbpC,approved_primary,CP175298.1,1,1042307,1044190,+,99.363,100.0,1,3345.0,1,CP175298.1|+|1
GCA_050506685.1,VFG045470|AAM75247|cylR2|cytolysin_operon_context,cytolysin_operon_context,cylR2,AAM75247,cytolysin regulator R2,context_only,CP175298.1,1,433849,434049,-,100.0,100.0,1,363.0,1,CP175298.1|-|1
GCA_050506685.1,VFG045472|AAM75249|cylL|cytolysin_operon_context,cytolysin_operon_context,cylL,AAM75249,CylL; cytolysin subunit,context_only,CP175298.1,1,434453,434826,+,96.56350515463917,100.0,2,374.0,1,CP175298.1|+|1
GCA_050506685.1,VFG045473|AAM75250|cylS|cytolysin_operon_context,cytolysin_operon_context,cylS,AAM75250,CylS; cytolysin subunit,context_only,CP175298.1,1,434467,434884,+,96.37673913043479,100.0,2,347.0,1,CP175298.1|+|1
GCA_050506685.1,VFG045474|AAM75251|cylM|cytolysin_operon_context,cytolysin_operon_context,cylM,AAM75251,CylM; cytolysin subunit modifier,context_only,CP175298.1,1,434945,437926,+,99.698,100.0,1,5338.0,2,CP175298.1|+|2
GCA_050506695.1,VFG002164|WP_002395058|prgB/asc10|aggregation_substance_context,aggregation_substance_context,prgB/asc10,WP_002395058,aggregation substance PrgB/Asc10,review_required_context,CP175296.1,1,134727,138587,+,89.703,98.39203675344564,1,5176.0,1,CP175296.1|+|1
GCA_050506695.1,VFG002164|WP_002395058|prgB/asc10|aggregation_substance_context,aggregation_substance_context,prgB/asc10,WP_002395058,aggregation substance PrgB/Asc10,review_required_context,CP175296.1,2,399995,403911,+,95.434,99.97447677386421,1,6259.0,2,CP175296.1|+|2
GCA_050506695.1,VFG002165|WP_002356954|efaA|efaA,efaA,efaA,WP_002356954,endocarditis specific antigen,approved_primary,CP175296.1,1,497578,498387,+,68.237,87.37864077669903,1,269.0,1,CP175296.1|+|1
GCA_050506695.1,VFG002165|WP_002356954|efaA|efaA,efaA,efaA,WP_002356954,endocarditis specific antigen,approved_primary,CP175296.1,2,2034683,2035609,+,99.461,100.0,1,1650.0,2,CP175296.1|+|2
GCA_050506695.1,VFG002166|WP_010714416|ace|ace,ace,ace,WP_010714416,collagen adhesin protein,approved_primary,CP175296.1,1,1051415,1053298,+,93.99111649659864,100.0,6,2577.0,1,CP175296.1|+|1
GCA_050506695.1,VFG002171|WP_011109430|EF0149|aggregation_substance_context,aggregation_substance_context,EF0149,WP_011109430,aggregation substance,review_required_context,CP175296.1,1,134727,138644,+,99.974,100.0,1,7062.0,1,CP175296.1|+|1
GCA_050506695.1,VFG002171|WP_011109430|EF0149|aggregation_substance_context,aggregation_substance_context,EF0149,WP_011109430,aggregation substance,review_required_context,CP175296.1,2,399995,403842,+,89.58399999999999,98.36651352730985,1,5139.0,2,CP175296.1|+|2
GCA_050506695.1,VFG002172|WP_010710127|EF0485|aggregation_substance_context,aggregation_substance_context,EF0485,WP_010710127,aggregation substance,review_required_context,CP175296.1,1,134728,138581,+,89.61000000000001,98.21337417049516,1,5144.0,1,CP175296.1|+|1
GCA_050506695.1,VFG002172|WP_010710127|EF0485|aggregation_substance_context,aggregation_substance_context,EF0485,WP_010710127,aggregation substance,review_required_context,CP175296.1,2,399994,403911,+,100.0,100.0,1,7066.0,2,CP175296.1|+|2
GCA_050506695.1,VFG002173|WP_010785625|asa1|asa1_or_validated_equivalent,asa1_or_validated_equivalent,asa1,WP_010785625,aggregation substance Asa1,approved_primary,CP175296.1,1,134727,138581,+,93.63002919708029,77.46080699049088,2,3463.0,1,CP175296.1|+|1
GCA_050506695.1,VFG002173|WP_010785625|asa1|asa1_or_validated_equivalent,asa1_or_validated_equivalent,asa1,WP_010785625,aggregation substance Asa1,approved_primary,CP175296.1,2,399995,403911,+,93.59147644985582,80.10794140323824,2,3581.0,2,CP175296.1|+|2
GCA_050506695.1,VFG002174|WP_002369251|gelE|gelE,gelE,gelE,WP_002369251,coccolysin,approved_primary,CP175296.1,1,1806876,1808408,-,98.89100000000002,100.0,1,2689.0,1,CP175296.1|-|1
GCA_050506695.1,VFG002175|AAM75248|cylR1|cytolysin_operon_context,cytolysin_operon_context,cylR1,AAM75248,cytolysin regulator R1,context_only,CP175296.1,1,434050,434334,-,100.0,100.0,1,515.0,2,CP175296.1|-|2
GCA_050506695.1,VFG002176|AAM75252|cylB|cytolysin_operon_context,cytolysin_operon_context,cylB,AAM75252,ABC-type transporter,context_only,CP175296.1,1,437938,440082,+,99.814,100.0,1,3851.0,3,CP175296.1|+|3
GCA_050506695.1,VFG002177|AAM75253|cylA|cylA,cylA,cylA,AAM75253,cytolysin activator,approved_primary,CP175296.1,1,440079,441317,+,99.839,100.0,1,2226.0,1,CP175296.1|+|1
GCA_050506695.1,VFG002178|AAM75254|cylI|cytolysin_operon_context,cytolysin_operon_context,cylI,AAM75254,cytolysin immunity protein,context_only,CP175296.1,1,441318,442301,+,97.256,100.0,1,1654.0,4,CP175296.1|+|4
GCA_050506695.1,VFG002179|AAD09858|esp|esp,esp,esp,AAD09858,Enterococcal surface protein; Esp,approved_primary,CP175296.1,1,446965,452586,+,96.83420225532797,100.0,19,10121.0,1,CP175296.1|+|1
GCA_050506695.1,VFG002191|WP_002369252|sprE|sprE,sprE,sprE,WP_002369252,"serine proteinase, V8 family",approved_primary,CP175296.1,1,1805973,1806827,-,98.48,100.0,1,1484.0,1,CP175296.1|-|1
GCA_050506695.1,VFG042976|WP_154081516|ebpA|ebpA,ebpA,ebpA,WP_154081516,endocarditis and biofilm-associated pilus tip protein EbpA,approved_primary,CP175296.1,1,1037412,1040876,+,99.509,100.0,1,6173.0,1,CP175296.1|+|1
GCA_050506695.1,VFG042977|WP_002379309|ebpB|ebpB,ebpB,ebpB,WP_002379309,endocarditis and biofilm-associated pilus minor subunit EbpB,approved_primary,CP175296.1,1,1040880,1042310,+,99.441,100.0,1,2545.0,1,CP175296.1|+|1
GCA_050506695.1,VFG042978|WP_011109477|ebpC|ebpC,ebpC,ebpC,WP_011109477,endocarditis and biofilm-associated pilus major subunit EbpC,approved_primary,CP175296.1,1,1042307,1044190,+,99.363,100.0,1,3345.0,1,CP175296.1|+|1
GCA_050506695.1,VFG045470|AAM75247|cylR2|cytolysin_operon_context,cytolysin_operon_context,cylR2,AAM75247,cytolysin regulator R2,context_only,CP175296.1,1,433849,434049,-,100.0,100.0,1,363.0,1,CP175296.1|-|1
GCA_050506695.1,VFG045472|AAM75249|cylL|cytolysin_operon_context,cytolysin_operon_context,cylL,AAM75249,CylL; cytolysin subunit,context_only,CP175296.1,1,434453,434826,+,96.56350515463917,100.0,2,374.0,1,CP175296.1|+|1
GCA_050506695.1,VFG045473|AAM75250|cylS|cytolysin_operon_context,cytolysin_operon_context,cylS,AAM75250,CylS; cytolysin subunit,context_only,CP175296.1,1,434467,434884,+,96.37673913043479,100.0,2,347.0,1,CP175296.1|+|1
GCA_050506695.1,VFG045474|AAM75251|cylM|cytolysin_operon_context,cytolysin_operon_context,cylM,AAM75251,CylM; cytolysin subunit modifier,context_only,CP175296.1,1,434945,437926,+,99.698,100.0,1,5338.0,2,CP175296.1|+|2
GCA_050506725.1,VFG002164|WP_002395058|prgB/asc10|aggregation_substance_context,aggregation_substance_context,prgB/asc10,WP_002395058,aggregation substance PrgB/Asc10,review_required_context,CP175285.1,1,57215,61076,+,93.94757565789475,76.85043389484431,2,3338.0,1,CP175285.1|+|1
GCA_050506725.1,VFG002164|WP_002395058|prgB/asc10|aggregation_substance_context,aggregation_substance_context,prgB/asc10,WP_002395058,aggregation substance PrgB/Asc10,review_required_context,CP175285.1,2,118238,122128,+,95.35634793982997,77.99897907095456,2,3634.0,2,CP175285.1|+|2
GCA_050506725.1,VFG002165|WP_002356954|efaA|efaA,efaA,efaA,WP_002356954,endocarditis specific antigen,approved_primary,CP175283.1,1,1718882,1719808,+,99.569,100.0,1,1654.0,1,CP175283.1|+|1
GCA_050506725.1,VFG002166|WP_010714416|ace|ace,ace,ace,WP_010714416,collagen adhesin protein,approved_primary,CP175283.1,1,885518,887542,+,93.24823510971788,100.0,7,3378.0,1,CP175283.1|+|1
GCA_050506725.1,VFG002171|WP_011109430|EF0149|aggregation_substance_context,aggregation_substance_context,EF0149,WP_011109430,aggregation substance,review_required_context,CP175285.1,1,57215,61052,+,93.15992666885893,76.92700357325165,2,3330.0,1,CP175285.1|+|1
GCA_050506725.1,VFG002171|WP_011109430|EF0149|aggregation_substance_context,aggregation_substance_context,EF0149,WP_011109430,aggregation substance,review_required_context,CP175285.1,2,118238,122059,+,94.52533510285335,76.92700357325165,2,3549.0,2,CP175285.1|+|2
GCA_050506725.1,VFG002172|WP_010710127|EF0485|aggregation_substance_context,aggregation_substance_context,EF0485,WP_010710127,aggregation substance,review_required_context,CP175285.1,1,57216,61076,+,92.62008411214954,78.4073506891271,2,3340.0,1,CP175285.1|+|1
GCA_050506725.1,VFG002172|WP_010710127|EF0485|aggregation_substance_context,aggregation_substance_context,EF0485,WP_010710127,aggregation substance,review_required_context,CP175285.1,2,118239,122128,+,94.00803652675427,79.55589586523736,2,3635.0,2,CP175285.1|+|2
GCA_050506725.1,VFG002173|WP_010785625|asa1|asa1_or_validated_equivalent,asa1_or_validated_equivalent,asa1,WP_010785625,aggregation substance Asa1,approved_primary,CP175285.1,1,57215,61076,+,96.256,98.84348496530455,1,6258.0,1,CP175285.1|+|1
GCA_050506725.1,VFG002173|WP_010785625|asa1|asa1_or_validated_equivalent,asa1_or_validated_equivalent,asa1,WP_010785625,aggregation substance Asa1,approved_primary,CP175285.1,2,118238,122128,+,97.353,100.0,1,6553.0,2,CP175285.1|+|2
GCA_050506725.1,VFG002174|WP_002369251|gelE|gelE,gelE,gelE,WP_002369251,coccolysin,approved_primary,CP175283.1,1,1549825,1551357,-,98.761,100.0,1,2680.0,1,CP175283.1|-|1
GCA_050506725.1,VFG002191|WP_002369252|sprE|sprE,sprE,sprE,WP_002369252,"serine proteinase, V8 family",approved_primary,CP175283.1,1,1548922,1549776,-,98.83,100.0,1,1498.0,1,CP175283.1|-|1
GCA_050506725.1,VFG042976|WP_154081516|ebpA|ebpA,ebpA,ebpA,WP_154081516,endocarditis and biofilm-associated pilus tip protein EbpA,approved_primary,CP175283.1,1,872506,875970,+,99.481,100.0,1,6168.0,1,CP175283.1|+|1
GCA_050506725.1,VFG042977|WP_002379309|ebpB|ebpB,ebpB,ebpB,WP_002379309,endocarditis and biofilm-associated pilus minor subunit EbpB,approved_primary,CP175283.1,1,875974,877404,+,99.371,100.0,1,2541.0,1,CP175283.1|+|1
GCA_050506725.1,VFG042978|WP_011109477|ebpC|ebpC,ebpC,ebpC,WP_011109477,endocarditis and biofilm-associated pilus major subunit EbpC,approved_primary,CP175283.1,1,877401,879284,+,99.045,100.0,1,3318.0,1,CP175283.1|+|1
GCA_050506735.1,VFG002164|WP_002395058|prgB/asc10|aggregation_substance_context,aggregation_substance_context,prgB/asc10,WP_002395058,aggregation substance PrgB/Asc10,review_required_context,CP175282.1,1,1112,5002,+,95.35634793982997,77.99897907095456,2,3634.0,1,CP175282.1|+|1
GCA_050506735.1,VFG002165|WP_002356954|efaA|efaA,efaA,efaA,WP_002356954,endocarditis specific antigen,approved_primary,CP175280.1,1,1718882,1719808,+,99.569,100.0,1,1654.0,1,CP175280.1|+|1
GCA_050506735.1,VFG002166|WP_010714416|ace|ace,ace,ace,WP_010714416,collagen adhesin protein,approved_primary,CP175280.1,1,885518,887542,+,93.24823510971788,100.0,7,3378.0,1,CP175280.1|+|1
GCA_050506735.1,VFG002171|WP_011109430|EF0149|aggregation_substance_context,aggregation_substance_context,EF0149,WP_011109430,aggregation substance,review_required_context,CP175282.1,1,1112,4933,+,94.52533510285335,76.92700357325165,2,3549.0,1,CP175282.1|+|1
GCA_050506735.1,VFG002172|WP_010710127|EF0485|aggregation_substance_context,aggregation_substance_context,EF0485,WP_010710127,aggregation substance,review_required_context,CP175282.1,1,1113,5002,+,94.00803652675427,79.55589586523736,2,3635.0,1,CP175282.1|+|1
GCA_050506735.1,VFG002173|WP_010785625|asa1|asa1_or_validated_equivalent,asa1_or_validated_equivalent,asa1,WP_010785625,aggregation substance Asa1,approved_primary,CP175282.1,1,1112,5002,+,97.353,100.0,1,6553.0,1,CP175282.1|+|1
GCA_050506735.1,VFG002174|WP_002369251|gelE|gelE,gelE,gelE,WP_002369251,coccolysin,approved_primary,CP175280.1,1,1549825,1551357,-,98.761,100.0,1,2680.0,1,CP175280.1|-|1
GCA_050506735.1,VFG002191|WP_002369252|sprE|sprE,sprE,sprE,WP_002369252,"serine proteinase, V8 family",approved_primary,CP175280.1,1,1548922,1549776,-,98.83,100.0,1,1498.0,1,CP175280.1|-|1
GCA_050506735.1,VFG042976|WP_154081516|ebpA|ebpA,ebpA,ebpA,WP_154081516,endocarditis and biofilm-associated pilus tip protein EbpA,approved_primary,CP175280.1,1,872506,875970,+,99.481,100.0,1,6168.0,1,CP175280.1|+|1
GCA_050506735.1,VFG042977|WP_002379309|ebpB|ebpB,ebpB,ebpB,WP_002379309,endocarditis and biofilm-associated pilus minor subunit EbpB,approved_primary,CP175280.1,1,875974,877404,+,99.371,100.0,1,2541.0,1,CP175280.1|+|1
GCA_050506735.1,VFG042978|WP_011109477|ebpC|ebpC,ebpC,ebpC,WP_011109477,endocarditis and biofilm-associated pilus major subunit EbpC,approved_primary,CP175280.1,1,877401,879284,+,99.045,100.0,1,3318.0,1,CP175280.1|+|1
GCA_050506745.1,VFG002164|WP_002395058|prgB/asc10|aggregation_substance_context,aggregation_substance_context,prgB/asc10,WP_002395058,aggregation substance PrgB/Asc10,review_required_context,CP175276.1,1,2190259,2194151,-,94.469,99.97447677386421,1,6107.0,1,CP175276.1|-|1
GCA_050506745.1,VFG002164|WP_002395058|prgB/asc10|aggregation_substance_context,aggregation_substance_context,prgB/asc10,WP_002395058,aggregation substance PrgB/Asc10,review_required_context,CP175279.1,1,1,3840,+,89.628,97.85604900459418,1,5126.0,1,CP175279.1|+|1
GCA_050506745.1,VFG002165|WP_002356954|efaA|efaA,efaA,efaA,WP_002356954,endocarditis specific antigen,approved_primary,CP175276.1,1,649247,650173,-,99.892,100.0,1,1668.0,1,CP175276.1|-|1
GCA_050506745.1,VFG002165|WP_002356954|efaA|efaA,efaA,efaA,WP_002356954,endocarditis specific antigen,approved_primary,CP175276.1,2,2065577,2066386,-,68.237,87.37864077669903,1,269.0,2,CP175276.1|-|2
GCA_050506745.1,VFG002166|WP_010714416|ace|ace,ace,ace,WP_010714416,collagen adhesin protein,approved_primary,CP175276.1,1,1549542,1551566,-,94.79255579553636,100.0,7,3639.0,1,CP175276.1|-|1
GCA_050506745.1,VFG002171|WP_011109430|EF0149|aggregation_substance_context,aggregation_substance_context,EF0149,WP_011109430,aggregation substance,review_required_context,CP175276.1,1,2190328,2194151,-,89.105,98.36651352730985,1,5071.0,1,CP175276.1|-|1
GCA_050506745.1,VFG002171|WP_011109430|EF0149|aggregation_substance_context,aggregation_substance_context,EF0149,WP_011109430,aggregation substance,review_required_context,CP175279.1,1,1,3900,+,94.0,99.5405819295559,1,5979.0,1,CP175279.1|+|1
GCA_050506745.1,VFG002172|WP_010710127|EF0485|aggregation_substance_context,aggregation_substance_context,EF0485,WP_010710127,aggregation substance,review_required_context,CP175276.1,1,2190259,2194152,-,94.67,100.0,1,6143.0,1,CP175276.1|-|1
GCA_050506745.1,VFG002172|WP_010710127|EF0485|aggregation_substance_context,aggregation_substance_context,EF0485,WP_010710127,aggregation substance,review_required_context,CP175279.1,1,2,3840,+,88.95,97.8305257784584,1,5007.0,1,CP175279.1|+|1
GCA_050506745.1,VFG002173|WP_010785625|asa1|asa1_or_validated_equivalent,asa1_or_validated_equivalent,asa1,WP_010785625,aggregation substance Asa1,approved_primary,CP175276.1,1,2190259,2194151,-,93.37354225352112,80.10794140323824,2,3712.0,1,CP175276.1|-|1
GCA_050506745.1,VFG002173|WP_010785625|asa1|asa1_or_validated_equivalent,asa1_or_validated_equivalent,asa1,WP_010785625,aggregation substance Asa1,approved_primary,CP175279.1,1,1,3840,+,94.1648179393131,77.07530197892572,2,3400.0,1,CP175279.1|+|1
GCA_050506745.1,VFG002174|WP_002369251|gelE|gelE,gelE,gelE,WP_002369251,coccolysin,approved_primary,CP175276.1,1,846239,847771,+,100.0,100.0,1,2765.0,1,CP175276.1|+|1
GCA_050506745.1,VFG002175|AAM75248|cylR1|cytolysin_operon_context,cytolysin_operon_context,cylR1,AAM75248,cytolysin regulator R1,context_only,CP175277.1,1,12918,13202,-,100.0,100.0,1,515.0,2,CP175277.1|-|2
GCA_050506745.1,VFG002176|AAM75252|cylB|cytolysin_operon_context,cytolysin_operon_context,cylB,AAM75252,ABC-type transporter,context_only,CP175277.1,1,16806,18950,+,99.767,100.0,1,3846.0,3,CP175277.1|+|3
GCA_050506745.1,VFG002177|AAM75253|cylA|cylA,cylA,cylA,AAM75253,cytolysin activator,approved_primary,CP175277.1,1,18947,20185,+,99.839,100.0,1,2226.0,1,CP175277.1|+|1
GCA_050506745.1,VFG002178|AAM75254|cylI|cytolysin_operon_context,cytolysin_operon_context,cylI,AAM75254,cytolysin immunity protein,context_only,CP175277.1,1,20186,21169,+,97.256,100.0,1,1654.0,4,CP175277.1|+|4
GCA_050506745.1,VFG002191|WP_002369252|sprE|sprE,sprE,sprE,WP_002369252,"serine proteinase, V8 family",approved_primary,CP175276.1,1,847820,848674,+,100.0,100.0,1,1543.0,1,CP175276.1|+|1
GCA_050506745.1,VFG042976|WP_154081516|ebpA|ebpA,ebpA,ebpA,WP_154081516,endocarditis and biofilm-associated pilus tip protein EbpA,approved_primary,CP175276.1,1,1558910,1562374,-,99.942,100.0,1,6240.0,1,CP175276.1|-|1
GCA_050506745.1,VFG042977|WP_002379309|ebpB|ebpB,ebpB,ebpB,WP_002379309,endocarditis and biofilm-associated pilus minor subunit EbpB,approved_primary,CP175276.1,1,1557476,1558906,-,100.0,100.0,1,2581.0,1,CP175276.1|-|1
GCA_050506745.1,VFG042978|WP_011109477|ebpC|ebpC,ebpC,ebpC,WP_011109477,endocarditis and biofilm-associated pilus major subunit EbpC,approved_primary,CP175276.1,1,1555596,1557479,-,99.682,100.0,1,3372.0,1,CP175276.1|-|1
GCA_050506745.1,VFG045470|AAM75247|cylR2|cytolysin_operon_context,cytolysin_operon_context,cylR2,AAM75247,cytolysin regulator R2,context_only,CP175277.1,1,12717,12917,-,100.0,100.0,1,363.0,1,CP175277.1|-|1
GCA_050506745.1,VFG045472|AAM75249|cylL|cytolysin_operon_context,cytolysin_operon_context,cylL,AAM75249,CylL; cytolysin subunit,context_only,CP175277.1,1,13321,13694,+,96.56350515463917,100.0,2,374.0,1,CP175277.1|+|1
GCA_050506745.1,VFG045473|AAM75250|cylS|cytolysin_operon_context,cytolysin_operon_context,cylS,AAM75250,CylS; cytolysin subunit,context_only,CP175277.1,1,13335,13752,+,96.37673913043479,100.0,2,347.0,1,CP175277.1|+|1
GCA_050506745.1,VFG045474|AAM75251|cylM|cytolysin_operon_context,cytolysin_operon_context,cylM,AAM75251,CylM; cytolysin subunit modifier,context_only,CP175277.1,1,13813,16794,+,99.665,100.0,1,5333.0,2,CP175277.1|+|2
GCA_050506755.1,VFG002164|WP_002395058|prgB/asc10|aggregation_substance_context,aggregation_substance_context,prgB/asc10,WP_002395058,aggregation substance PrgB/Asc10,review_required_context,CP175272.1,1,37239,41078,+,89.628,97.85604900459418,1,5126.0,1,CP175272.1|+|1
GCA_050506755.1,VFG002164|WP_002395058|prgB/asc10|aggregation_substance_context,aggregation_substance_context,prgB/asc10,WP_002395058,aggregation substance PrgB/Asc10,review_required_context,CP175273.1,1,165377,169269,+,94.469,99.97447677386421,1,6107.0,1,CP175273.1|+|1
GCA_050506755.1,VFG002165|WP_002356954|efaA|efaA,efaA,efaA,WP_002356954,endocarditis specific antigen,approved_primary,CP175273.1,1,293138,293947,+,68.237,87.37864077669903,1,269.0,1,CP175273.1|+|1
GCA_050506755.1,VFG002165|WP_002356954|efaA|efaA,efaA,efaA,WP_002356954,endocarditis specific antigen,approved_primary,CP175273.1,2,1707336,1708262,+,99.892,100.0,1,1668.0,2,CP175273.1|+|2
GCA_050506755.1,VFG002166|WP_010714416|ace|ace,ace,ace,WP_010714416,collagen adhesin protein,approved_primary,CP175273.1,1,807277,809301,+,94.79255579553636,100.0,7,3639.0,1,CP175273.1|+|1
GCA_050506755.1,VFG002171|WP_011109430|EF0149|aggregation_substance_context,aggregation_substance_context,EF0149,WP_011109430,aggregation substance,review_required_context,CP175272.1,1,37239,41138,+,94.0,99.5405819295559,1,5979.0,1,CP175272.1|+|1
GCA_050506755.1,VFG002171|WP_011109430|EF0149|aggregation_substance_context,aggregation_substance_context,EF0149,WP_011109430,aggregation substance,review_required_context,CP175273.1,1,165377,169200,+,89.105,98.36651352730985,1,5071.0,1,CP175273.1|+|1
GCA_050506755.1,VFG002172|WP_010710127|EF0485|aggregation_substance_context,aggregation_substance_context,EF0485,WP_010710127,aggregation substance,review_required_context,CP175272.1,1,37240,41078,+,88.95,97.8305257784584,1,5007.0,1,CP175272.1|+|1
GCA_050506755.1,VFG002172|WP_010710127|EF0485|aggregation_substance_context,aggregation_substance_context,EF0485,WP_010710127,aggregation substance,review_required_context,CP175273.1,1,165376,169269,+,94.67,100.0,1,6143.0,1,CP175273.1|+|1
GCA_050506755.1,VFG002173|WP_010785625|asa1|asa1_or_validated_equivalent,asa1_or_validated_equivalent,asa1,WP_010785625,aggregation substance Asa1,approved_primary,CP175272.1,1,37239,41078,+,94.1648179393131,77.07530197892572,2,3400.0,1,CP175272.1|+|1
GCA_050506755.1,VFG002173|WP_010785625|asa1|asa1_or_validated_equivalent,asa1_or_validated_equivalent,asa1,WP_010785625,aggregation substance Asa1,approved_primary,CP175273.1,1,165377,169269,+,93.37354225352112,80.10794140323824,2,3712.0,1,CP175273.1|+|1
GCA_050506755.1,VFG002174|WP_002369251|gelE|gelE,gelE,gelE,WP_002369251,coccolysin,approved_primary,CP175273.1,1,1511070,1512602,-,100.0,100.0,1,2765.0,1,CP175273.1|-|1
GCA_050506755.1,VFG002175|AAM75248|cylR1|cytolysin_operon_context,cytolysin_operon_context,cylR1,AAM75248,cytolysin regulator R1,context_only,CP175274.1,1,45302,45586,-,100.0,100.0,1,515.0,2,CP175274.1|-|2
GCA_050506755.1,VFG002176|AAM75252|cylB|cytolysin_operon_context,cytolysin_operon_context,cylB,AAM75252,ABC-type transporter,context_only,CP175274.1,1,49190,51334,+,99.767,100.0,1,3846.0,3,CP175274.1|+|3
GCA_050506755.1,VFG002177|AAM75253|cylA|cylA,cylA,cylA,AAM75253,cytolysin activator,approved_primary,CP175274.1,1,51331,52569,+,99.839,100.0,1,2226.0,1,CP175274.1|+|1
GCA_050506755.1,VFG002178|AAM75254|cylI|cytolysin_operon_context,cytolysin_operon_context,cylI,AAM75254,cytolysin immunity protein,context_only,CP175274.1,1,52570,53553,+,97.256,100.0,1,1654.0,4,CP175274.1|+|4
GCA_050506755.1,VFG002191|WP_002369252|sprE|sprE,sprE,sprE,WP_002369252,"serine proteinase, V8 family",approved_primary,CP175273.1,1,1510167,1511021,-,100.0,100.0,1,1543.0,1,CP175273.1|-|1
GCA_050506755.1,VFG042976|WP_154081516|ebpA|ebpA,ebpA,ebpA,WP_154081516,endocarditis and biofilm-associated pilus tip protein EbpA,approved_primary,CP175273.1,1,796469,799933,+,99.942,100.0,1,6240.0,1,CP175273.1|+|1
GCA_050506755.1,VFG042977|WP_002379309|ebpB|ebpB,ebpB,ebpB,WP_002379309,endocarditis and biofilm-associated pilus minor subunit EbpB,approved_primary,CP175273.1,1,799937,801367,+,100.0,100.0,1,2581.0,1,CP175273.1|+|1
GCA_050506755.1,VFG042978|WP_011109477|ebpC|ebpC,ebpC,ebpC,WP_011109477,endocarditis and biofilm-associated pilus major subunit EbpC,approved_primary,CP175273.1,1,801364,803247,+,99.682,100.0,1,3372.0,1,CP175273.1|+|1
GCA_050506755.1,VFG045470|AAM75247|cylR2|cytolysin_operon_context,cytolysin_operon_context,cylR2,AAM75247,cytolysin regulator R2,context_only,CP175274.1,1,45101,45301,-,100.0,100.0,1,363.0,1,CP175274.1|-|1
GCA_050506755.1,VFG045472|AAM75249|cylL|cytolysin_operon_context,cytolysin_operon_context,cylL,AAM75249,CylL; cytolysin subunit,context_only,CP175274.1,1,45705,46078,+,96.56350515463917,100.0,2,374.0,1,CP175274.1|+|1
GCA_050506755.1,VFG045473|AAM75250|cylS|cytolysin_operon_context,cytolysin_operon_context,cylS,AAM75250,CylS; cytolysin subunit,context_only,CP175274.1,1,45719,46136,+,96.37673913043479,100.0,2,347.0,1,CP175274.1|+|1
GCA_050506755.1,VFG045474|AAM75251|cylM|cytolysin_operon_context,cytolysin_operon_context,cylM,AAM75251,CylM; cytolysin subunit modifier,context_only,CP175274.1,1,46197,49178,+,99.665,100.0,1,5333.0,2,CP175274.1|+|2
GCA_050506765.1,VFG002164|WP_002395058|prgB/asc10|aggregation_substance_context,aggregation_substance_context,prgB/asc10,WP_002395058,aggregation substance PrgB/Asc10,review_required_context,CP175269.1,1,18644,22561,+,89.492,100.0,1,5225.0,1,CP175269.1|+|1
GCA_050506765.1,VFG002164|WP_002395058|prgB/asc10|aggregation_substance_context,aggregation_substance_context,prgB/asc10,WP_002395058,aggregation substance PrgB/Asc10,review_required_context,CP175270.1,1,672,2533,+,95.059,47.52424706482899,1,2944.0,1,CP175270.1|+|1
GCA_050506765.1,VFG002165|WP_002356954|efaA|efaA,efaA,efaA,WP_002356954,endocarditis specific antigen,approved_primary,CP175271.1,1,416560,417369,+,68.237,87.37864077669903,1,269.0,1,CP175271.1|+|1
GCA_050506765.1,VFG002165|WP_002356954|efaA|efaA,efaA,efaA,WP_002356954,endocarditis specific antigen,approved_primary,CP175271.1,2,1788878,1789804,+,99.569,100.0,1,1654.0,2,CP175271.1|+|2
GCA_050506765.1,VFG002166|WP_010714416|ace|ace,ace,ace,WP_010714416,collagen adhesin protein,approved_primary,CP175271.1,1,942930,944954,+,93.24823510971788,100.0,7,3378.0,1,CP175271.1|+|1
GCA_050506765.1,VFG002171|WP_011109430|EF0149|aggregation_substance_context,aggregation_substance_context,EF0149,WP_011109430,aggregation substance,review_required_context,CP175269.1,1,18644,22543,+,95.134,99.5405819295559,1,6173.0,1,CP175269.1|+|1
GCA_050506765.1,VFG002171|WP_011109430|EF0149|aggregation_substance_context,aggregation_substance_context,EF0149,WP_011109430,aggregation substance,review_required_context,CP175270.1,1,668,2464,+,95.214,45.865237366003065,1,2854.0,1,CP175270.1|+|1
GCA_050506765.1,VFG002172|WP_010710127|EF0485|aggregation_substance_context,aggregation_substance_context,EF0485,WP_010710127,aggregation substance,review_required_context,CP175269.1,1,18645,22483,+,89.849,97.8305257784584,1,5173.0,1,CP175269.1|+|1
GCA_050506765.1,VFG002172|WP_010710127|EF0485|aggregation_substance_context,aggregation_substance_context,EF0485,WP_010710127,aggregation substance,review_required_context,CP175270.1,1,668,2533,+,95.338,47.626339969372125,1,2974.0,1,CP175270.1|+|1
GCA_050506765.1,VFG002173|WP_010785625|asa1|asa1_or_validated_equivalent,asa1_or_validated_equivalent,asa1,WP_010785625,aggregation substance Asa1,approved_primary,CP175269.1,1,18644,22483,+,94.30553346653346,77.07530197892572,2,3478.0,1,CP175269.1|+|1
GCA_050506765.1,VFG002173|WP_010785625|asa1|asa1_or_validated_equivalent,asa1_or_validated_equivalent,asa1,WP_010785625,aggregation substance Asa1,approved_primary,CP175270.1,1,667,2533,+,97.911,47.982523772809046,1,3192.0,1,CP175270.1|+|1
GCA_050506765.1,VFG002174|WP_002369251|gelE|gelE,gelE,gelE,WP_002369251,coccolysin,approved_primary,CP175271.1,1,1607052,1608584,-,98.761,100.0,1,2680.0,1,CP175271.1|-|1
GCA_050506765.1,VFG002191|WP_002369252|sprE|sprE,sprE,sprE,WP_002369252,"serine proteinase, V8 family",approved_primary,CP175271.1,1,1606149,1607003,-,98.83,100.0,1,1498.0,1,CP175271.1|-|1
GCA_050506765.1,VFG042976|WP_154081516|ebpA|ebpA,ebpA,ebpA,WP_154081516,endocarditis and biofilm-associated pilus tip protein EbpA,approved_primary,CP175271.1,1,929918,933382,+,99.481,100.0,1,6168.0,1,CP175271.1|+|1
GCA_050506765.1,VFG042977|WP_002379309|ebpB|ebpB,ebpB,ebpB,WP_002379309,endocarditis and biofilm-associated pilus minor subunit EbpB,approved_primary,CP175271.1,1,933386,934816,+,99.301,100.0,1,2536.0,1,CP175271.1|+|1
GCA_050506765.1,VFG042978|WP_011109477|ebpC|ebpC,ebpC,ebpC,WP_011109477,endocarditis and biofilm-associated pilus major subunit EbpC,approved_primary,CP175271.1,1,934813,936696,+,99.045,100.0,1,3318.0,1,CP175271.1|+|1
GCA_050506775.1,VFG002164|WP_002395058|prgB/asc10|aggregation_substance_context,aggregation_substance_context,prgB/asc10,WP_002395058,aggregation substance PrgB/Asc10,review_required_context,CP175266.1,1,72841,76758,+,96.835,100.0,1,6507.0,1,CP175266.1|+|1
GCA_050506775.1,VFG002165|WP_002356954|efaA|efaA,efaA,efaA,WP_002356954,endocarditis specific antigen,approved_primary,CP175268.1,1,1797208,1798134,+,99.784,100.0,1,1663.0,1,CP175268.1|+|1
GCA_050506775.1,VFG002166|WP_010714416|ace|ace,ace,ace,WP_010714416,collagen adhesin protein,approved_primary,CP175268.1,1,946659,948542,+,92.98823466214306,100.0,6,2554.0,1,CP175268.1|+|1
GCA_050506775.1,VFG002171|WP_011109430|EF0149|aggregation_substance_context,aggregation_substance_context,EF0149,WP_011109430,aggregation substance,review_required_context,CP175266.1,1,72841,76689,+,89.767,98.39203675344564,1,5173.0,1,CP175266.1|+|1
GCA_050506775.1,VFG002172|WP_010710127|EF0485|aggregation_substance_context,aggregation_substance_context,EF0485,WP_010710127,aggregation substance,review_required_context,CP175266.1,1,72842,76758,+,95.66,99.97447677386421,1,6298.0,1,CP175266.1|+|1
GCA_050506775.1,VFG002173|WP_010785625|asa1|asa1_or_validated_equivalent,asa1_or_validated_equivalent,asa1,WP_010785625,aggregation substance Asa1,approved_primary,CP175266.1,1,72841,76758,+,94.90731550288275,80.13364173734259,2,3667.0,1,CP175266.1|+|1
GCA_050506775.1,VFG002174|WP_002369251|gelE|gelE,gelE,gelE,WP_002369251,coccolysin,approved_primary,CP175268.1,1,1596558,1598088,-,98.95500000000001,99.86953685583822,1,2690.0,1,CP175268.1|-|1
GCA_050506775.1,VFG002191|WP_002369252|sprE|sprE,sprE,sprE,WP_002369252,"serine proteinase, V8 family",approved_primary,CP175268.1,1,1595653,1596507,-,98.596,100.0,1,1489.0,1,CP175268.1|-|1
GCA_050506775.1,VFG042976|WP_154081516|ebpA|ebpA,ebpA,ebpA,WP_154081516,endocarditis and biofilm-associated pilus tip protein EbpA,approved_primary,CP175268.1,1,925998,929462,+,99.192,100.0,1,6123.0,1,CP175268.1|+|1
GCA_050506775.1,VFG042977|WP_002379309|ebpB|ebpB,ebpB,ebpB,WP_002379309,endocarditis and biofilm-associated pilus minor subunit EbpB,approved_primary,CP175268.1,1,929466,930896,+,99.441,100.0,1,2545.0,1,CP175268.1|+|1
GCA_050506775.1,VFG042978|WP_011109477|ebpC|ebpC,ebpC,ebpC,WP_011109477,endocarditis and biofilm-associated pilus major subunit EbpC,approved_primary,CP175268.1,1,930893,932776,+,98.514,100.0,1,3273.0,1,CP175268.1|+|1
GCA_050506815.1,VFG002164|WP_002395058|prgB/asc10|aggregation_substance_context,aggregation_substance_context,prgB/asc10,WP_002395058,aggregation substance PrgB/Asc10,review_required_context,CP175259.1,1,1,3927,+,94.857,100.0,1,6170.0,1,CP175259.1|+|1
GCA_050506815.1,VFG002164|WP_002395058|prgB/asc10|aggregation_substance_context,aggregation_substance_context,prgB/asc10,WP_002395058,aggregation substance PrgB/Asc10,review_required_context,CP175260.1,1,134835,138695,+,89.703,98.39203675344564,1,5176.0,1,CP175260.1|+|1
GCA_050506815.1,VFG002164|WP_002395058|prgB/asc10|aggregation_substance_context,aggregation_substance_context,prgB/asc10,WP_002395058,aggregation substance PrgB/Asc10,review_required_context,CP175260.1,2,400242,404158,+,95.434,99.97447677386421,1,6259.0,2,CP175260.1|+|2
GCA_050506815.1,VFG002165|WP_002356954|efaA|efaA,efaA,efaA,WP_002356954,endocarditis specific antigen,approved_primary,CP175260.1,1,496206,497015,+,68.237,87.37864077669903,1,269.0,1,CP175260.1|+|1
GCA_050506815.1,VFG002165|WP_002356954|efaA|efaA,efaA,efaA,WP_002356954,endocarditis specific antigen,approved_primary,CP175260.1,2,1908091,1909017,+,99.461,100.0,1,1650.0,2,CP175260.1|+|2
GCA_050506815.1,VFG002166|WP_010714416|ace|ace,ace,ace,WP_010714416,collagen adhesin protein,approved_primary,CP175260.1,1,1030417,1032300,+,93.99111649659864,100.0,6,2577.0,1,CP175260.1|+|1
GCA_050506815.1,VFG002171|WP_011109430|EF0149|aggregation_substance_context,aggregation_substance_context,EF0149,WP_011109430,aggregation substance,review_required_context,CP175259.1,1,1,3858,+,89.184,98.39203675344564,1,5085.0,1,CP175259.1|+|1
GCA_050506815.1,VFG002171|WP_011109430|EF0149|aggregation_substance_context,aggregation_substance_context,EF0149,WP_011109430,aggregation substance,review_required_context,CP175260.1,1,134835,138752,+,99.974,100.0,1,7062.0,1,CP175260.1|+|1
GCA_050506815.1,VFG002171|WP_011109430|EF0149|aggregation_substance_context,aggregation_substance_context,EF0149,WP_011109430,aggregation substance,review_required_context,CP175260.1,2,400242,404089,+,89.58399999999999,98.36651352730985,1,5139.0,2,CP175260.1|+|2
GCA_050506815.1,VFG002172|WP_010710127|EF0485|aggregation_substance_context,aggregation_substance_context,EF0485,WP_010710127,aggregation substance,review_required_context,CP175259.1,1,2,3927,+,95.34,99.97447677386421,1,6254.0,1,CP175259.1|+|1
GCA_050506815.1,VFG002172|WP_010710127|EF0485|aggregation_substance_context,aggregation_substance_context,EF0485,WP_010710127,aggregation substance,review_required_context,CP175260.1,1,134836,138689,+,89.61000000000001,98.21337417049516,1,5144.0,1,CP175260.1|+|1
GCA_050506815.1,VFG002172|WP_010710127|EF0485|aggregation_substance_context,aggregation_substance_context,EF0485,WP_010710127,aggregation substance,review_required_context,CP175260.1,2,400241,404158,+,100.0,100.0,1,7066.0,2,CP175260.1|+|2
GCA_050506815.1,VFG002173|WP_010785625|asa1|asa1_or_validated_equivalent,asa1_or_validated_equivalent,asa1,WP_010785625,aggregation substance Asa1,approved_primary,CP175259.1,1,1,3927,+,94.24669812540401,79.23413004369057,2,3651.0,1,CP175259.1|+|1
GCA_050506815.1,VFG002173|WP_010785625|asa1|asa1_or_validated_equivalent,asa1_or_validated_equivalent,asa1,WP_010785625,aggregation substance Asa1,approved_primary,CP175260.1,1,134835,138689,+,93.63002919708029,77.46080699049088,2,3463.0,1,CP175260.1|+|1
GCA_050506815.1,VFG002173|WP_010785625|asa1|asa1_or_validated_equivalent,asa1_or_validated_equivalent,asa1,WP_010785625,aggregation substance Asa1,approved_primary,CP175260.1,2,400242,404158,+,93.59147644985582,80.10794140323824,2,3581.0,2,CP175260.1|+|2
GCA_050506815.1,VFG002174|WP_002369251|gelE|gelE,gelE,gelE,WP_002369251,coccolysin,approved_primary,CP175260.1,1,1698327,1699859,-,98.89100000000002,100.0,1,2689.0,1,CP175260.1|-|1
GCA_050506815.1,VFG002175|AAM75248|cylR1|cytolysin_operon_context,cytolysin_operon_context,cylR1,AAM75248,cytolysin regulator R1,context_only,CP175260.1,1,432679,432963,-,100.0,100.0,1,515.0,2,CP175260.1|-|2
GCA_050506815.1,VFG002176|AAM75252|cylB|cytolysin_operon_context,cytolysin_operon_context,cylB,AAM75252,ABC-type transporter,context_only,CP175260.1,1,436567,438711,+,99.814,100.0,1,3851.0,3,CP175260.1|+|3
GCA_050506815.1,VFG002177|AAM75253|cylA|cylA,cylA,cylA,AAM75253,cytolysin activator,approved_primary,CP175260.1,1,438708,439946,+,99.839,100.0,1,2226.0,1,CP175260.1|+|1
GCA_050506815.1,VFG002178|AAM75254|cylI|cytolysin_operon_context,cytolysin_operon_context,cylI,AAM75254,cytolysin immunity protein,context_only,CP175260.1,1,439947,440930,+,97.256,100.0,1,1654.0,4,CP175260.1|+|4
GCA_050506815.1,VFG002179|AAD09858|esp|esp,esp,esp,AAD09858,Enterococcal surface protein; Esp,approved_primary,CP175260.1,1,445594,451215,+,96.82896761845646,100.0,19,10117.0,1,CP175260.1|+|1
GCA_050506815.1,VFG002191|WP_002369252|sprE|sprE,sprE,sprE,WP_002369252,"serine proteinase, V8 family",approved_primary,CP175260.1,1,1697424,1698278,-,98.48,100.0,1,1484.0,1,CP175260.1|-|1
GCA_050506815.1,VFG042976|WP_154081516|ebpA|ebpA,ebpA,ebpA,WP_154081516,endocarditis and biofilm-associated pilus tip protein EbpA,approved_primary,CP175260.1,1,1016407,1019871,+,99.509,100.0,1,6173.0,1,CP175260.1|+|1
GCA_050506815.1,VFG042977|WP_002379309|ebpB|ebpB,ebpB,ebpB,WP_002379309,endocarditis and biofilm-associated pilus minor subunit EbpB,approved_primary,CP175260.1,1,1019875,1021305,+,99.441,100.0,1,2545.0,1,CP175260.1|+|1
GCA_050506815.1,VFG042978|WP_011109477|ebpC|ebpC,ebpC,ebpC,WP_011109477,endocarditis and biofilm-associated pilus major subunit EbpC,approved_primary,CP175260.1,1,1021302,1023185,+,99.363,100.0,1,3345.0,1,CP175260.1|+|1
GCA_050506815.1,VFG045470|AAM75247|cylR2|cytolysin_operon_context,cytolysin_operon_context,cylR2,AAM75247,cytolysin regulator R2,context_only,CP175260.1,1,432478,432678,-,100.0,100.0,1,363.0,1,CP175260.1|-|1
GCA_050506815.1,VFG045472|AAM75249|cylL|cytolysin_operon_context,cytolysin_operon_context,cylL,AAM75249,CylL; cytolysin subunit,context_only,CP175260.1,1,433082,433455,+,96.56350515463917,100.0,2,374.0,1,CP175260.1|+|1
GCA_050506815.1,VFG045473|AAM75250|cylS|cytolysin_operon_context,cytolysin_operon_context,cylS,AAM75250,CylS; cytolysin subunit,context_only,CP175260.1,1,433096,433513,+,96.37673913043479,100.0,2,347.0,1,CP175260.1|+|1
GCA_050506815.1,VFG045474|AAM75251|cylM|cytolysin_operon_context,cytolysin_operon_context,cylM,AAM75251,CylM; cytolysin subunit modifier,context_only,CP175260.1,1,433574,436555,+,99.698,100.0,1,5338.0,2,CP175260.1|+|2
GCA_050506825.1,VFG002165|WP_002356954|efaA|efaA,efaA,efaA,WP_002356954,endocarditis specific antigen,approved_primary,CP175258.1,1,485969,486778,+,68.237,87.37864077669903,1,269.0,1,CP175258.1|+|1
GCA_050506825.1,VFG002165|WP_002356954|efaA|efaA,efaA,efaA,WP_002356954,endocarditis specific antigen,approved_primary,CP175258.1,2,1898405,1899331,+,99.569,100.0,1,1654.0,2,CP175258.1|+|2
GCA_050506825.1,VFG002166|WP_010714416|ace|ace,ace,ace,WP_010714416,collagen adhesin protein,approved_primary,CP175258.1,1,1052453,1054477,+,93.24823510971788,100.0,7,3378.0,1,CP175258.1|+|1
GCA_050506825.1,VFG002174|WP_002369251|gelE|gelE,gelE,gelE,WP_002369251,coccolysin,approved_primary,CP175258.1,1,1716579,1718111,-,98.761,100.0,1,2680.0,1,CP175258.1|-|1
GCA_050506825.1,VFG002191|WP_002369252|sprE|sprE,sprE,sprE,WP_002369252,"serine proteinase, V8 family",approved_primary,CP175258.1,1,1715676,1716530,-,98.83,100.0,1,1498.0,1,CP175258.1|-|1
GCA_050506825.1,VFG042976|WP_154081516|ebpA|ebpA,ebpA,ebpA,WP_154081516,endocarditis and biofilm-associated pilus tip protein EbpA,approved_primary,CP175258.1,1,999438,1005307,+,99.5571694163999,100.0,2,6168.0,1,CP175258.1|+|1
GCA_050506825.1,VFG042977|WP_002379309|ebpB|ebpB,ebpB,ebpB,WP_002379309,endocarditis and biofilm-associated pilus minor subunit EbpB,approved_primary,CP175258.1,1,1005311,1006741,+,99.371,100.0,1,2541.0,1,CP175258.1|+|1
GCA_050506825.1,VFG042978|WP_011109477|ebpC|ebpC,ebpC,ebpC,WP_011109477,endocarditis and biofilm-associated pilus major subunit EbpC,approved_primary,CP175258.1,1,1006738,1008621,+,99.045,100.0,1,3318.0,1,CP175258.1|+|1
GCA_050506865.1,VFG002164|WP_002395058|prgB/asc10|aggregation_substance_context,aggregation_substance_context,prgB/asc10,WP_002395058,aggregation substance PrgB/Asc10,review_required_context,CP175257.1,1,405178,409094,+,95.434,99.97447677386421,1,6259.0,1,CP175257.1|+|1
GCA_050506865.1,VFG002165|WP_002356954|efaA|efaA,efaA,efaA,WP_002356954,endocarditis specific antigen,approved_primary,CP175257.1,1,466124,466908,+,68.244,84.68176914778857,1,260.0,1,CP175257.1|+|1
GCA_050506865.1,VFG002165|WP_002356954|efaA|efaA,efaA,efaA,WP_002356954,endocarditis specific antigen,approved_primary,CP175257.1,2,1848326,1849252,+,99.676,100.0,1,1659.0,2,CP175257.1|+|2
GCA_050506865.1,VFG002166|WP_010714416|ace|ace,ace,ace,WP_010714416,collagen adhesin protein,approved_primary,CP175257.1,1,1013341,1015224,+,93.99111649659864,100.0,6,2577.0,1,CP175257.1|+|1
GCA_050506865.1,VFG002171|WP_011109430|EF0149|aggregation_substance_context,aggregation_substance_context,EF0149,WP_011109430,aggregation substance,review_required_context,CP175257.1,1,405178,409025,+,89.58399999999999,98.36651352730985,1,5139.0,1,CP175257.1|+|1
GCA_050506865.1,VFG002172|WP_010710127|EF0485|aggregation_substance_context,aggregation_substance_context,EF0485,WP_010710127,aggregation substance,review_required_context,CP175257.1,1,405177,409094,+,100.0,100.0,1,7066.0,1,CP175257.1|+|1
GCA_050506865.1,VFG002173|WP_010785625|asa1|asa1_or_validated_equivalent,asa1_or_validated_equivalent,asa1,WP_010785625,aggregation substance Asa1,approved_primary,CP175257.1,1,405178,409094,+,93.59147644985582,80.10794140323824,2,3581.0,1,CP175257.1|+|1
GCA_050506865.1,VFG002175|AAM75248|cylR1|cytolysin_operon_context,cytolysin_operon_context,cylR1,AAM75248,cytolysin regulator R1,context_only,CP175257.1,1,439232,439516,-,100.0,100.0,1,515.0,2,CP175257.1|-|2
GCA_050506865.1,VFG002176|AAM75252|cylB|cytolysin_operon_context,cytolysin_operon_context,cylB,AAM75252,ABC-type transporter,context_only,CP175257.1,1,443120,445264,+,99.814,100.0,1,3851.0,3,CP175257.1|+|3
GCA_050506865.1,VFG002177|AAM75253|cylA|cylA,cylA,cylA,AAM75253,cytolysin activator,approved_primary,CP175257.1,1,445261,446499,+,99.839,100.0,1,2226.0,1,CP175257.1|+|1
GCA_050506865.1,VFG002178|AAM75254|cylI|cytolysin_operon_context,cytolysin_operon_context,cylI,AAM75254,cytolysin immunity protein,context_only,CP175257.1,1,446500,447483,+,96.748,100.0,1,1631.0,4,CP175257.1|+|4
GCA_050506865.1,VFG042976|WP_154081516|ebpA|ebpA,ebpA,ebpA,WP_154081516,endocarditis and biofilm-associated pilus tip protein EbpA,approved_primary,CP175257.1,1,999338,1002802,+,99.538,100.0,1,6177.0,1,CP175257.1|+|1
GCA_050506865.1,VFG042977|WP_002379309|ebpB|ebpB,ebpB,ebpB,WP_002379309,endocarditis and biofilm-associated pilus minor subunit EbpB,approved_primary,CP175257.1,1,1002806,1004236,+,99.441,100.0,1,2545.0,1,CP175257.1|+|1
GCA_050506865.1,VFG042978|WP_011109477|ebpC|ebpC,ebpC,ebpC,WP_011109477,endocarditis and biofilm-associated pilus major subunit EbpC,approved_primary,CP175257.1,1,1004233,1006116,+,99.363,100.0,1,3345.0,1,CP175257.1|+|1
GCA_050506865.1,VFG045470|AAM75247|cylR2|cytolysin_operon_context,cytolysin_operon_context,cylR2,AAM75247,cytolysin regulator R2,context_only,CP175257.1,1,439031,439231,-,100.0,100.0,1,363.0,1,CP175257.1|-|1
GCA_050506865.1,VFG045472|AAM75249|cylL|cytolysin_operon_context,cytolysin_operon_context,cylL,AAM75249,CylL; cytolysin subunit,context_only,CP175257.1,1,439635,440008,+,96.56350515463917,100.0,2,374.0,1,CP175257.1|+|1
GCA_050506865.1,VFG045473|AAM75250|cylS|cytolysin_operon_context,cytolysin_operon_context,cylS,AAM75250,CylS; cytolysin subunit,context_only,CP175257.1,1,439649,440066,+,96.37673913043479,100.0,2,347.0,1,CP175257.1|+|1
GCA_050506865.1,VFG045474|AAM75251|cylM|cytolysin_operon_context,cytolysin_operon_context,cylM,AAM75251,CylM; cytolysin subunit modifier,context_only,CP175257.1,1,440127,443108,+,99.698,100.0,1,5338.0,2,CP175257.1|+|2
GCA_050506875.1,VFG002164|WP_002395058|prgB/asc10|aggregation_substance_context,aggregation_substance_context,prgB/asc10,WP_002395058,aggregation substance PrgB/Asc10,review_required_context,CP175255.1,1,478796,482685,+,95.663,99.97447677386421,1,6315.0,1,CP175255.1|+|1
GCA_050506875.1,VFG002165|WP_002356954|efaA|efaA,efaA,efaA,WP_002356954,endocarditis specific antigen,approved_primary,CP175255.1,1,550327,551136,+,68.237,87.37864077669903,1,269.0,1,CP175255.1|+|1
GCA_050506875.1,VFG002165|WP_002356954|efaA|efaA,efaA,efaA,WP_002356954,endocarditis specific antigen,approved_primary,CP175255.1,2,1944684,1945610,+,99.461,100.0,1,1650.0,2,CP175255.1|+|2
GCA_050506875.1,VFG002166|WP_010714416|ace|ace,ace,ace,WP_010714416,collagen adhesin protein,approved_primary,CP175255.1,1,1085325,1087208,+,93.72277608695651,100.0,8,2509.0,1,CP175255.1|+|1
GCA_050506875.1,VFG002171|WP_011109430|EF0149|aggregation_substance_context,aggregation_substance_context,EF0149,WP_011109430,aggregation substance,review_required_context,CP175255.1,1,478796,482616,+,88.857,98.36651352730985,1,5034.0,1,CP175255.1|+|1
GCA_050506875.1,VFG002172|WP_010710127|EF0485|aggregation_substance_context,aggregation_substance_context,EF0485,WP_010710127,aggregation substance,review_required_context,CP175255.1,1,478795,482685,+,95.712,100.0,1,6324.0,1,CP175255.1|+|1
GCA_050506875.1,VFG002173|WP_010785625|asa1|asa1_or_validated_equivalent,asa1_or_validated_equivalent,asa1,WP_010785625,aggregation substance Asa1,approved_primary,CP175255.1,1,478796,482685,+,93.62396988144825,80.10794140323824,2,3694.0,1,CP175255.1|+|1
GCA_050506875.1,VFG002174|WP_002369251|gelE|gelE,gelE,gelE,WP_002369251,coccolysin,approved_primary,CP175255.1,1,1759385,1760917,-,99.02199999999999,100.0,1,2698.0,1,CP175255.1|-|1
GCA_050506875.1,VFG002191|WP_002369252|sprE|sprE,sprE,sprE,WP_002369252,"serine proteinase, V8 family",approved_primary,CP175255.1,1,1758482,1759336,-,98.596,100.0,1,1489.0,1,CP175255.1|-|1
GCA_050506875.1,VFG042976|WP_154081516|ebpA|ebpA,ebpA,ebpA,WP_154081516,endocarditis and biofilm-associated pilus tip protein EbpA,approved_primary,CP175255.1,1,1074379,1077843,+,99.278,100.0,1,6137.0,1,CP175255.1|+|1
GCA_050506875.1,VFG042977|WP_002379309|ebpB|ebpB,ebpB,ebpB,WP_002379309,endocarditis and biofilm-associated pilus minor subunit EbpB,approved_primary,CP175255.1,1,1077847,1079277,+,99.161,100.0,1,2527.0,1,CP175255.1|+|1
GCA_050506875.1,VFG042978|WP_011109477|ebpC|ebpC,ebpC,ebpC,WP_011109477,endocarditis and biofilm-associated pilus major subunit EbpC,approved_primary,CP175255.1,1,1079274,1081157,+,98.885,100.0,1,3305.0,1,CP175255.1|+|1
GCA_050506885.1,VFG002164|WP_002395058|prgB/asc10|aggregation_substance_context,aggregation_substance_context,prgB/asc10,WP_002395058,aggregation substance PrgB/Asc10,review_required_context,CP175251.1,1,69929,73768,+,89.602,97.85604900459418,1,5121.0,1,CP175251.1|+|1
GCA_050506885.1,VFG002164|WP_002395058|prgB/asc10|aggregation_substance_context,aggregation_substance_context,prgB/asc10,WP_002395058,aggregation substance PrgB/Asc10,review_required_context,CP175254.1,1,364787,368676,+,95.485,99.97447677386421,1,6284.0,1,CP175254.1|+|1
GCA_050506885.1,VFG002165|WP_002356954|efaA|efaA,efaA,efaA,WP_002356954,endocarditis specific antigen,approved_primary,CP175254.1,1,460646,461455,+,68.237,87.37864077669903,1,269.0,1,CP175254.1|+|1
GCA_050506885.1,VFG002165|WP_002356954|efaA|efaA,efaA,efaA,WP_002356954,endocarditis specific antigen,approved_primary,CP175254.1,2,1920161,1921087,+,100.0,100.0,1,1673.0,2,CP175254.1|+|2
GCA_050506885.1,VFG002166|WP_010714416|ace|ace,ace,ace,WP_010714416,collagen adhesin protein,approved_primary,CP175254.1,1,983410,985293,+,93.7229179347826,100.0,8,2505.0,1,CP175254.1|+|1
GCA_050506885.1,VFG002171|WP_011109430|EF0149|aggregation_substance_context,aggregation_substance_context,EF0149,WP_011109430,aggregation substance,review_required_context,CP175251.1,1,69929,73828,+,93.949,99.5405819295559,1,5970.0,1,CP175251.1|+|1
GCA_050506885.1,VFG002171|WP_011109430|EF0149|aggregation_substance_context,aggregation_substance_context,EF0149,WP_011109430,aggregation substance,review_required_context,CP175254.1,1,364787,368607,+,89.168,98.36651352730985,1,5088.0,1,CP175254.1|+|1
GCA_050506885.1,VFG002172|WP_010710127|EF0485|aggregation_substance_context,aggregation_substance_context,EF0485,WP_010710127,aggregation substance,review_required_context,CP175251.1,1,69930,73768,+,89.366,97.8305257784584,1,5079.0,1,CP175251.1|+|1
GCA_050506885.1,VFG002172|WP_010710127|EF0485|aggregation_substance_context,aggregation_substance_context,EF0485,WP_010710127,aggregation substance,review_required_context,CP175254.1,1,364786,368676,+,95.789,100.0,1,6338.0,1,CP175254.1|+|1
GCA_050506885.1,VFG002173|WP_010785625|asa1|asa1_or_validated_equivalent,asa1_or_validated_equivalent,asa1,WP_010785625,aggregation substance Asa1,approved_primary,CP175251.1,1,69929,73768,+,95.03162554184728,77.07530197892572,2,3400.0,1,CP175251.1|+|1
GCA_050506885.1,VFG002173|WP_010785625|asa1|asa1_or_validated_equivalent,asa1_or_validated_equivalent,asa1,WP_010785625,aggregation substance Asa1,approved_primary,CP175254.1,1,364787,368676,+,93.91245530278756,80.10794140323824,2,3735.0,1,CP175254.1|+|1
GCA_050506885.1,VFG002174|WP_002369251|gelE|gelE,gelE,gelE,WP_002369251,coccolysin,approved_primary,CP175254.1,1,1691519,1693051,-,100.0,100.0,1,2765.0,1,CP175254.1|-|1
GCA_050506885.1,VFG002175|AAM75248|cylR1|cytolysin_operon_context,cytolysin_operon_context,cylR1,AAM75248,cytolysin regulator R1,context_only,CP175252.1,1,27327,27611,-,100.0,100.0,1,515.0,2,CP175252.1|-|2
GCA_050506885.1,VFG002176|AAM75252|cylB|cytolysin_operon_context,cytolysin_operon_context,cylB,AAM75252,ABC-type transporter,context_only,CP175252.1,1,31215,33359,+,99.767,100.0,1,3846.0,3,CP175252.1|+|3
GCA_050506885.1,VFG002177|AAM75253|cylA|cylA,cylA,cylA,AAM75253,cytolysin activator,approved_primary,CP175252.1,1,33356,34594,+,99.839,100.0,1,2226.0,1,CP175252.1|+|1
GCA_050506885.1,VFG002178|AAM75254|cylI|cytolysin_operon_context,cytolysin_operon_context,cylI,AAM75254,cytolysin immunity protein,context_only,CP175252.1,1,34595,35578,+,97.256,100.0,1,1654.0,4,CP175252.1|+|4
GCA_050506885.1,VFG002191|WP_002369252|sprE|sprE,sprE,sprE,WP_002369252,"serine proteinase, V8 family",approved_primary,CP175254.1,1,1690616,1691470,-,100.0,100.0,1,1543.0,1,CP175254.1|-|1
GCA_050506885.1,VFG042976|WP_154081516|ebpA|ebpA,ebpA,ebpA,WP_154081516,endocarditis and biofilm-associated pilus tip protein EbpA,approved_primary,CP175254.1,1,972464,975928,+,99.192,100.0,1,6123.0,1,CP175254.1|+|1
GCA_050506885.1,VFG042977|WP_002379309|ebpB|ebpB,ebpB,ebpB,WP_002379309,endocarditis and biofilm-associated pilus minor subunit EbpB,approved_primary,CP175254.1,1,975932,977362,+,99.161,100.0,1,2527.0,1,CP175254.1|+|1
GCA_050506885.1,VFG042978|WP_011109477|ebpC|ebpC,ebpC,ebpC,WP_011109477,endocarditis and biofilm-associated pilus major subunit EbpC,approved_primary,CP175254.1,1,977359,979242,+,98.885,100.0,1,3305.0,1,CP175254.1|+|1
GCA_050506885.1,VFG045470|AAM75247|cylR2|cytolysin_operon_context,cytolysin_operon_context,cylR2,AAM75247,cytolysin regulator R2,context_only,CP175252.1,1,27126,27326,-,100.0,100.0,1,363.0,1,CP175252.1|-|1
GCA_050506885.1,VFG045472|AAM75249|cylL|cytolysin_operon_context,cytolysin_operon_context,cylL,AAM75249,CylL; cytolysin subunit,context_only,CP175252.1,1,27730,28103,+,96.56350515463917,100.0,2,374.0,1,CP175252.1|+|1
GCA_050506885.1,VFG045473|AAM75250|cylS|cytolysin_operon_context,cytolysin_operon_context,cylS,AAM75250,CylS; cytolysin subunit,context_only,CP175252.1,1,27744,28161,+,96.37673913043479,100.0,2,347.0,1,CP175252.1|+|1
GCA_050506885.1,VFG045474|AAM75251|cylM|cytolysin_operon_context,cytolysin_operon_context,cylM,AAM75251,CylM; cytolysin subunit modifier,context_only,CP175252.1,1,28222,31203,+,99.698,100.0,1,5338.0,2,CP175252.1|+|2
GCA_050506905.1,VFG002164|WP_002395058|prgB/asc10|aggregation_substance_context,aggregation_substance_context,prgB/asc10,WP_002395058,aggregation substance PrgB/Asc10,review_required_context,CP175240.1,1,26343,30260,+,89.695,100.0,1,5261.0,1,CP175240.1|+|1
GCA_050506905.1,VFG002164|WP_002395058|prgB/asc10|aggregation_substance_context,aggregation_substance_context,prgB/asc10,WP_002395058,aggregation substance PrgB/Asc10,review_required_context,CP175243.1,1,11669,15595,+,94.857,100.0,1,6170.0,1,CP175243.1|+|1
GCA_050506905.1,VFG002164|WP_002395058|prgB/asc10|aggregation_substance_context,aggregation_substance_context,prgB/asc10,WP_002395058,aggregation substance PrgB/Asc10,review_required_context,CP175244.1,1,11370,15287,+,89.543,100.0,1,5234.0,1,CP175244.1|+|1
GCA_050506905.1,VFG002165|WP_002356954|efaA|efaA,efaA,efaA,WP_002356954,endocarditis specific antigen,approved_primary,CP175239.1,1,1874195,1875121,+,99.892,100.0,1,1668.0,1,CP175239.1|+|1
GCA_050506905.1,VFG002165|WP_002356954|efaA|efaA,efaA,efaA,WP_002356954,endocarditis specific antigen,approved_primary,CP175239.1,1,3003720,3004504,-,68.493,84.68176914778857,1,269.0,1,CP175239.1|-|1
GCA_050506905.1,VFG002166|WP_010714416|ace|ace,ace,ace,WP_010714416,collagen adhesin protein,approved_primary,CP175239.1,1,979870,981894,+,94.81632541396688,100.0,7,3653.0,1,CP175239.1|+|1
GCA_050506905.1,VFG002171|WP_011109430|EF0149|aggregation_substance_context,aggregation_substance_context,EF0149,WP_011109430,aggregation substance,review_required_context,CP175240.1,1,26343,30242,+,95.108,99.5405819295559,1,6174.0,1,CP175240.1|+|1
GCA_050506905.1,VFG002171|WP_011109430|EF0149|aggregation_substance_context,aggregation_substance_context,EF0149,WP_011109430,aggregation substance,review_required_context,CP175243.1,1,11669,15526,+,89.184,98.39203675344564,1,5085.0,1,CP175243.1|+|1
GCA_050506905.1,VFG002171|WP_011109430|EF0149|aggregation_substance_context,aggregation_substance_context,EF0149,WP_011109430,aggregation substance,review_required_context,CP175244.1,1,11370,15269,+,95.051,99.5405819295559,1,6164.0,1,CP175244.1|+|1
GCA_050506905.1,VFG002172|WP_010710127|EF0485|aggregation_substance_context,aggregation_substance_context,EF0485,WP_010710127,aggregation substance,review_required_context,CP175240.1,1,26344,30182,+,89.72,97.8305257784584,1,5150.0,1,CP175240.1|+|1
GCA_050506905.1,VFG002172|WP_010710127|EF0485|aggregation_substance_context,aggregation_substance_context,EF0485,WP_010710127,aggregation substance,review_required_context,CP175243.1,1,11670,15595,+,95.34,99.97447677386421,1,6254.0,1,CP175243.1|+|1
GCA_050506905.1,VFG002172|WP_010710127|EF0485|aggregation_substance_context,aggregation_substance_context,EF0485,WP_010710127,aggregation substance,review_required_context,CP175244.1,1,11371,15209,+,89.538,97.8305257784584,1,5119.0,1,CP175244.1|+|1
GCA_050506905.1,VFG002173|WP_010785625|asa1|asa1_or_validated_equivalent,asa1_or_validated_equivalent,asa1,WP_010785625,aggregation substance Asa1,approved_primary,CP175240.1,1,26343,30182,+,94.87207758907759,77.07530197892572,2,3505.0,1,CP175240.1|+|1
GCA_050506905.1,VFG002173|WP_010785625|asa1|asa1_or_validated_equivalent,asa1_or_validated_equivalent,asa1,WP_010785625,aggregation substance Asa1,approved_primary,CP175243.1,1,11669,15595,+,94.24669812540401,79.23413004369057,2,3651.0,1,CP175243.1|+|1
GCA_050506905.1,VFG002173|WP_010785625|asa1|asa1_or_validated_equivalent,asa1_or_validated_equivalent,asa1,WP_010785625,aggregation substance Asa1,approved_primary,CP175244.1,1,11370,15209,+,94.96476458819608,77.07530197892572,2,3508.0,1,CP175244.1|+|1
GCA_050506905.1,VFG002174|WP_002369251|gelE|gelE,gelE,gelE,WP_002369251,coccolysin,approved_primary,CP175239.1,1,1681150,1682682,-,100.0,100.0,1,2765.0,1,CP175239.1|-|1
GCA_050506905.1,VFG002175|AAM75248|cylR1|cytolysin_operon_context,cytolysin_operon_context,cylR1,AAM75248,cytolysin regulator R1,context_only,CP175242.1,1,33387,33671,-,100.0,100.0,1,515.0,2,CP175242.1|-|2
GCA_050506905.1,VFG002176|AAM75252|cylB|cytolysin_operon_context,cytolysin_operon_context,cylB,AAM75252,ABC-type transporter,context_only,CP175242.1,1,37275,39419,+,99.767,100.0,1,3846.0,3,CP175242.1|+|3
GCA_050506905.1,VFG002177|AAM75253|cylA|cylA,cylA,cylA,AAM75253,cytolysin activator,approved_primary,CP175242.1,1,39416,40654,+,99.839,100.0,1,2226.0,1,CP175242.1|+|1
GCA_050506905.1,VFG002178|AAM75254|cylI|cytolysin_operon_context,cytolysin_operon_context,cylI,AAM75254,cytolysin immunity protein,context_only,CP175242.1,1,40655,41638,+,97.256,100.0,1,1654.0,4,CP175242.1|+|4
GCA_050506905.1,VFG002179|AAD09858|esp|esp,esp,esp,AAD09858,Enterococcal surface protein; Esp,approved_primary,CP175239.1,1,2977416,2982056,-,87.87061730195097,82.37282106012096,15,2784.0,1,CP175239.1|-|1
GCA_050506905.1,VFG002191|WP_002369252|sprE|sprE,sprE,sprE,WP_002369252,"serine proteinase, V8 family",approved_primary,CP175239.1,1,1680247,1681101,-,100.0,100.0,1,1543.0,1,CP175239.1|-|1
GCA_050506905.1,VFG042976|WP_154081516|ebpA|ebpA,ebpA,ebpA,WP_154081516,endocarditis and biofilm-associated pilus tip protein EbpA,approved_primary,CP175239.1,1,969062,972526,+,99.942,100.0,1,6240.0,1,CP175239.1|+|1
GCA_050506905.1,VFG042977|WP_002379309|ebpB|ebpB,ebpB,ebpB,WP_002379309,endocarditis and biofilm-associated pilus minor subunit EbpB,approved_primary,CP175239.1,1,972530,973960,+,100.0,100.0,1,2581.0,1,CP175239.1|+|1
GCA_050506905.1,VFG042978|WP_011109477|ebpC|ebpC,ebpC,ebpC,WP_011109477,endocarditis and biofilm-associated pilus major subunit EbpC,approved_primary,CP175239.1,1,973957,975840,+,99.682,100.0,1,3372.0,1,CP175239.1|+|1
GCA_050506905.1,VFG045470|AAM75247|cylR2|cytolysin_operon_context,cytolysin_operon_context,cylR2,AAM75247,cytolysin regulator R2,context_only,CP175242.1,1,33186,33386,-,100.0,100.0,1,363.0,1,CP175242.1|-|1
GCA_050506905.1,VFG045472|AAM75249|cylL|cytolysin_operon_context,cytolysin_operon_context,cylL,AAM75249,CylL; cytolysin subunit,context_only,CP175242.1,1,33790,34163,+,96.56350515463917,100.0,2,374.0,1,CP175242.1|+|1
GCA_050506905.1,VFG045473|AAM75250|cylS|cytolysin_operon_context,cytolysin_operon_context,cylS,AAM75250,CylS; cytolysin subunit,context_only,CP175242.1,1,33804,34221,+,96.37673913043479,100.0,2,347.0,1,CP175242.1|+|1
GCA_050506905.1,VFG045474|AAM75251|cylM|cytolysin_operon_context,cytolysin_operon_context,cylM,AAM75251,CylM; cytolysin subunit modifier,context_only,CP175242.1,1,34282,37263,+,99.698,100.0,1,5338.0,2,CP175242.1|+|2
GCA_050506915.1,VFG002165|WP_002356954|efaA|efaA,efaA,efaA,WP_002356954,endocarditis specific antigen,approved_primary,CP175237.1,1,417591,418400,+,68.237,87.37864077669903,1,269.0,1,CP175237.1|+|1
GCA_050506915.1,VFG002165|WP_002356954|efaA|efaA,efaA,efaA,WP_002356954,endocarditis specific antigen,approved_primary,CP175237.1,2,1769761,1770687,+,99.569,100.0,1,1654.0,2,CP175237.1|+|2
GCA_050506915.1,VFG002166|WP_010714416|ace|ace,ace,ace,WP_010714416,collagen adhesin protein,approved_primary,CP175237.1,1,968943,970826,+,94.59083093231857,100.0,8,2626.0,1,CP175237.1|+|1
GCA_050506915.1,VFG002174|WP_002369251|gelE|gelE,gelE,gelE,WP_002369251,coccolysin,approved_primary,CP175237.1,1,1649975,1651507,-,98.956,100.0,1,2693.0,1,CP175237.1|-|1
GCA_050506915.1,VFG002179|AAD09858|esp|esp,esp,esp,AAD09858,Enterococcal surface protein; Esp,approved_primary,CP175237.1,1,356266,361389,+,96.30768347472817,100.0,17,4841.0,1,CP175237.1|+|1
GCA_050506915.1,VFG002191|WP_002369252|sprE|sprE,sprE,sprE,WP_002369252,"serine proteinase, V8 family",approved_primary,CP175237.1,1,1649072,1649926,-,98.48,100.0,1,1484.0,1,CP175237.1|-|1
GCA_050506915.1,VFG042976|WP_154081516|ebpA|ebpA,ebpA,ebpA,WP_154081516,endocarditis and biofilm-associated pilus tip protein EbpA,approved_primary,CP175237.1,1,923274,926738,+,99.942,100.0,1,6240.0,1,CP175237.1|+|1
GCA_050506915.1,VFG042977|WP_002379309|ebpB|ebpB,ebpB,ebpB,WP_002379309,endocarditis and biofilm-associated pilus minor subunit EbpB,approved_primary,CP175237.1,1,926742,928172,+,99.161,100.0,1,2527.0,1,CP175237.1|+|1
GCA_050506915.1,VFG042978|WP_011109477|ebpC|ebpC,ebpC,ebpC,WP_011109477,endocarditis and biofilm-associated pilus major subunit EbpC,approved_primary,CP175237.1,1,928169,930052,+,99.045,100.0,1,3318.0,1,CP175237.1|+|1
GCA_050506925.1,VFG002165|WP_002356954|efaA|efaA,efaA,efaA,WP_002356954,endocarditis specific antigen,approved_primary,CP175233.1,1,1104439,1105365,-,99.569,100.0,1,1654.0,1,CP175233.1|-|1
GCA_050506925.1,VFG002165|WP_002356954|efaA|efaA,efaA,efaA,WP_002356954,endocarditis specific antigen,approved_primary,CP175233.1,2,2456941,2457750,-,68.237,87.37864077669903,1,269.0,2,CP175233.1|-|2
GCA_050506925.1,VFG002166|WP_010714416|ace|ace,ace,ace,WP_010714416,collagen adhesin protein,approved_primary,CP175233.1,1,1904300,1906183,-,94.59083093231857,100.0,8,2626.0,1,CP175233.1|-|1
GCA_050506925.1,VFG002174|WP_002369251|gelE|gelE,gelE,gelE,WP_002369251,coccolysin,approved_primary,CP175233.1,1,1223619,1225151,+,98.956,100.0,1,2693.0,1,CP175233.1|+|1
GCA_050506925.1,VFG002179|AAD09858|esp|esp,esp,esp,AAD09858,Enterococcal surface protein; Esp,approved_primary,CP175233.1,1,2513952,2519075,-,96.30768347472818,100.0,17,4841.0,1,CP175233.1|-|1
GCA_050506925.1,VFG002191|WP_002369252|sprE|sprE,sprE,sprE,WP_002369252,"serine proteinase, V8 family",approved_primary,CP175233.1,1,1225200,1226054,+,98.48,100.0,1,1484.0,1,CP175233.1|+|1
GCA_050506925.1,VFG042976|WP_154081516|ebpA|ebpA,ebpA,ebpA,WP_154081516,endocarditis and biofilm-associated pilus tip protein EbpA,approved_primary,CP175233.1,1,1948603,1952067,-,99.942,100.0,1,6240.0,1,CP175233.1|-|1
GCA_050506925.1,VFG042977|WP_002379309|ebpB|ebpB,ebpB,ebpB,WP_002379309,endocarditis and biofilm-associated pilus minor subunit EbpB,approved_primary,CP175233.1,1,1947169,1948599,-,99.161,100.0,1,2527.0,1,CP175233.1|-|1
GCA_050506925.1,VFG042978|WP_011109477|ebpC|ebpC,ebpC,ebpC,WP_011109477,endocarditis and biofilm-associated pilus major subunit EbpC,approved_primary,CP175233.1,1,1945289,1947172,-,99.045,100.0,1,3318.0,1,CP175233.1|-|1
GCA_050506935.1,VFG002165|WP_002356954|efaA|efaA,efaA,efaA,WP_002356954,endocarditis specific antigen,approved_primary,CP175230.1,1,1044337,1045263,-,99.569,100.0,1,1654.0,1,CP175230.1|-|1
GCA_050506935.1,VFG002165|WP_002356954|efaA|efaA,efaA,efaA,WP_002356954,endocarditis specific antigen,approved_primary,CP175230.1,2,2396841,2397650,-,68.237,87.37864077669903,1,269.0,2,CP175230.1|-|2
GCA_050506935.1,VFG002166|WP_010714416|ace|ace,ace,ace,WP_010714416,collagen adhesin protein,approved_primary,CP175230.1,1,1844200,1846083,-,94.59083093231857,100.0,8,2626.0,1,CP175230.1|-|1
GCA_050506935.1,VFG002174|WP_002369251|gelE|gelE,gelE,gelE,WP_002369251,coccolysin,approved_primary,CP175230.1,1,1163517,1165049,+,98.956,100.0,1,2693.0,1,CP175230.1|+|1
GCA_050506935.1,VFG002179|AAD09858|esp|esp,esp,esp,AAD09858,Enterococcal surface protein; Esp,approved_primary,CP175230.1,1,2453852,2458975,-,96.30768347472818,100.0,17,4841.0,1,CP175230.1|-|1
GCA_050506935.1,VFG002191|WP_002369252|sprE|sprE,sprE,sprE,WP_002369252,"serine proteinase, V8 family",approved_primary,CP175230.1,1,1165098,1165952,+,98.48,100.0,1,1484.0,1,CP175230.1|+|1
GCA_050506935.1,VFG042976|WP_154081516|ebpA|ebpA,ebpA,ebpA,WP_154081516,endocarditis and biofilm-associated pilus tip protein EbpA,approved_primary,CP175230.1,1,1888503,1891967,-,99.942,100.0,1,6240.0,1,CP175230.1|-|1
GCA_050506935.1,VFG042977|WP_002379309|ebpB|ebpB,ebpB,ebpB,WP_002379309,endocarditis and biofilm-associated pilus minor subunit EbpB,approved_primary,CP175230.1,1,1887069,1888499,-,99.161,100.0,1,2527.0,1,CP175230.1|-|1
GCA_050506935.1,VFG042978|WP_011109477|ebpC|ebpC,ebpC,ebpC,WP_011109477,endocarditis and biofilm-associated pilus major subunit EbpC,approved_primary,CP175230.1,1,1885189,1887072,-,99.045,100.0,1,3318.0,1,CP175230.1|-|1
GCA_050506985.1,VFG002165|WP_002356954|efaA|efaA,efaA,efaA,WP_002356954,endocarditis specific antigen,approved_primary,CP175228.1,1,1044337,1045263,-,99.569,100.0,1,1654.0,1,CP175228.1|-|1
GCA_050506985.1,VFG002165|WP_002356954|efaA|efaA,efaA,efaA,WP_002356954,endocarditis specific antigen,approved_primary,CP175228.1,2,2396839,2397648,-,68.237,87.37864077669903,1,269.0,2,CP175228.1|-|2
GCA_050506985.1,VFG002166|WP_010714416|ace|ace,ace,ace,WP_010714416,collagen adhesin protein,approved_primary,CP175228.1,1,1844198,1846081,-,94.59083093231857,100.0,8,2626.0,1,CP175228.1|-|1
GCA_050506985.1,VFG002174|WP_002369251|gelE|gelE,gelE,gelE,WP_002369251,coccolysin,approved_primary,CP175228.1,1,1163517,1165049,+,98.956,100.0,1,2693.0,1,CP175228.1|+|1
GCA_050506985.1,VFG002179|AAD09858|esp|esp,esp,esp,AAD09858,Enterococcal surface protein; Esp,approved_primary,CP175228.1,1,2453850,2458973,-,96.30768347472818,100.0,17,4841.0,1,CP175228.1|-|1
GCA_050506985.1,VFG002191|WP_002369252|sprE|sprE,sprE,sprE,WP_002369252,"serine proteinase, V8 family",approved_primary,CP175228.1,1,1165098,1165952,+,98.48,100.0,1,1484.0,1,CP175228.1|+|1
GCA_050506985.1,VFG042976|WP_154081516|ebpA|ebpA,ebpA,ebpA,WP_154081516,endocarditis and biofilm-associated pilus tip protein EbpA,approved_primary,CP175228.1,1,1888501,1891965,-,99.942,100.0,1,6240.0,1,CP175228.1|-|1
GCA_050506985.1,VFG042977|WP_002379309|ebpB|ebpB,ebpB,ebpB,WP_002379309,endocarditis and biofilm-associated pilus minor subunit EbpB,approved_primary,CP175228.1,1,1887067,1888497,-,99.161,100.0,1,2527.0,1,CP175228.1|-|1
GCA_050506985.1,VFG042978|WP_011109477|ebpC|ebpC,ebpC,ebpC,WP_011109477,endocarditis and biofilm-associated pilus major subunit EbpC,approved_primary,CP175228.1,1,1885187,1887070,-,99.045,100.0,1,3318.0,1,CP175228.1|-|1
GCA_050506995.1,VFG002164|WP_002395058|prgB/asc10|aggregation_substance_context,aggregation_substance_context,prgB/asc10,WP_002395058,aggregation substance PrgB/Asc10,review_required_context,CP175225.1,1,155853,159770,+,95.384,99.97447677386421,1,6249.0,1,CP175225.1|+|1
GCA_050506995.1,VFG002164|WP_002395058|prgB/asc10|aggregation_substance_context,aggregation_substance_context,prgB/asc10,WP_002395058,aggregation substance PrgB/Asc10,review_required_context,CP175225.1,1,2704730,2708590,-,89.626,98.39203675344564,1,5162.0,1,CP175225.1|-|1
GCA_050506995.1,VFG002165|WP_002356954|efaA|efaA,efaA,efaA,WP_002356954,endocarditis specific antigen,approved_primary,CP175225.1,1,256811,257620,+,68.237,87.37864077669903,1,269.0,1,CP175225.1|+|1
GCA_050506995.1,VFG002165|WP_002356954|efaA|efaA,efaA,efaA,WP_002356954,endocarditis specific antigen,approved_primary,CP175225.1,2,1655574,1656500,+,99.461,100.0,1,1650.0,2,CP175225.1|+|2
GCA_050506995.1,VFG002166|WP_010714416|ace|ace,ace,ace,WP_010714416,collagen adhesin protein,approved_primary,CP175225.1,1,790919,792802,+,93.99111649659864,100.0,6,2577.0,1,CP175225.1|+|1
GCA_050506995.1,VFG002171|WP_011109430|EF0149|aggregation_substance_context,aggregation_substance_context,EF0149,WP_011109430,aggregation substance,review_required_context,CP175225.1,1,155853,159701,+,89.432,98.36651352730985,1,5111.0,1,CP175225.1|+|1
GCA_050506995.1,VFG002171|WP_011109430|EF0149|aggregation_substance_context,aggregation_substance_context,EF0149,WP_011109430,aggregation substance,review_required_context,CP175225.1,1,2704673,2708590,-,98.367,100.0,1,6772.0,1,CP175225.1|-|1
GCA_050506995.1,VFG002172|WP_010710127|EF0485|aggregation_substance_context,aggregation_substance_context,EF0485,WP_010710127,aggregation substance,review_required_context,CP175225.1,1,155852,159770,+,99.49,100.0,1,6974.0,1,CP175225.1|+|1
GCA_050506995.1,VFG002172|WP_010710127|EF0485|aggregation_substance_context,aggregation_substance_context,EF0485,WP_010710127,aggregation substance,review_required_context,CP175225.1,1,2704736,2708589,-,90.072,98.21337417049516,1,5231.0,1,CP175225.1|-|1
GCA_050506995.1,VFG002173|WP_010785625|asa1|asa1_or_validated_equivalent,asa1_or_validated_equivalent,asa1,WP_010785625,aggregation substance Asa1,approved_primary,CP175225.1,1,155853,159770,+,93.62560794362588,80.10794140323824,2,3584.0,1,CP175225.1|+|1
GCA_050506995.1,VFG002173|WP_010785625|asa1|asa1_or_validated_equivalent,asa1_or_validated_equivalent,asa1,WP_010785625,aggregation substance Asa1,approved_primary,CP175225.1,1,2704736,2708590,-,94.22702720637028,77.46080699049088,2,3508.0,1,CP175225.1|-|1
GCA_050506995.1,VFG002174|WP_002369251|gelE|gelE,gelE,gelE,WP_002369251,coccolysin,approved_primary,CP175225.1,1,1445808,1447340,-,98.89100000000002,100.0,1,2689.0,1,CP175225.1|-|1
GCA_050506995.1,VFG002175|AAM75248|cylR1|cytolysin_operon_context,cytolysin_operon_context,cylR1,AAM75248,cytolysin regulator R1,context_only,CP175225.1,1,189909,190193,-,100.0,100.0,1,515.0,2,CP175225.1|-|2
GCA_050506995.1,VFG002176|AAM75252|cylB|cytolysin_operon_context,cytolysin_operon_context,cylB,AAM75252,ABC-type transporter,context_only,CP175225.1,1,193797,197628,+,99.63002960222018,100.0,2,2439.0,3,CP175225.1|+|3
GCA_050506995.1,VFG002177|AAM75253|cylA|cylA,cylA,cylA,AAM75253,cytolysin activator,approved_primary,CP175225.1,1,197625,198863,+,99.839,100.0,1,2226.0,1,CP175225.1|+|1
GCA_050506995.1,VFG002178|AAM75254|cylI|cytolysin_operon_context,cytolysin_operon_context,cylI,AAM75254,cytolysin immunity protein,context_only,CP175225.1,1,198864,199847,+,97.256,100.0,1,1654.0,4,CP175225.1|+|4
GCA_050506995.1,VFG002179|AAD09858|esp|esp,esp,esp,AAD09858,Enterococcal surface protein; Esp,approved_primary,CP175225.1,1,204511,210132,+,96.83420225532797,100.0,19,10121.0,1,CP175225.1|+|1
GCA_050506995.1,VFG002191|WP_002369252|sprE|sprE,sprE,sprE,WP_002369252,"serine proteinase, V8 family",approved_primary,CP175225.1,1,1444905,1445759,-,98.48,100.0,1,1484.0,1,CP175225.1|-|1
GCA_050506995.1,VFG042976|WP_154081516|ebpA|ebpA,ebpA,ebpA,WP_154081516,endocarditis and biofilm-associated pilus tip protein EbpA,approved_primary,CP175225.1,1,776916,780380,+,99.509,100.0,1,6173.0,1,CP175225.1|+|1
GCA_050506995.1,VFG042977|WP_002379309|ebpB|ebpB,ebpB,ebpB,WP_002379309,endocarditis and biofilm-associated pilus minor subunit EbpB,approved_primary,CP175225.1,1,780384,781814,+,99.441,100.0,1,2545.0,1,CP175225.1|+|1
GCA_050506995.1,VFG042978|WP_011109477|ebpC|ebpC,ebpC,ebpC,WP_011109477,endocarditis and biofilm-associated pilus major subunit EbpC,approved_primary,CP175225.1,1,781811,783694,+,99.363,100.0,1,3345.0,1,CP175225.1|+|1
GCA_050506995.1,VFG045470|AAM75247|cylR2|cytolysin_operon_context,cytolysin_operon_context,cylR2,AAM75247,cytolysin regulator R2,context_only,CP175225.1,1,189708,189908,-,100.0,100.0,1,363.0,1,CP175225.1|-|1
GCA_050506995.1,VFG045472|AAM75249|cylL|cytolysin_operon_context,cytolysin_operon_context,cylL,AAM75249,CylL; cytolysin subunit,context_only,CP175225.1,1,190312,190685,+,96.56350515463917,100.0,2,374.0,1,CP175225.1|+|1
GCA_050506995.1,VFG045473|AAM75250|cylS|cytolysin_operon_context,cytolysin_operon_context,cylS,AAM75250,CylS; cytolysin subunit,context_only,CP175225.1,1,190326,190743,+,96.37673913043479,100.0,2,347.0,1,CP175225.1|+|1
GCA_050506995.1,VFG045474|AAM75251|cylM|cytolysin_operon_context,cytolysin_operon_context,cylM,AAM75251,CylM; cytolysin subunit modifier,context_only,CP175225.1,1,190804,193785,+,99.698,100.0,1,5338.0,2,CP175225.1|+|2
GCA_050507065.1,VFG002164|WP_002395058|prgB/asc10|aggregation_substance_context,aggregation_substance_context,prgB/asc10,WP_002395058,aggregation substance PrgB/Asc10,review_required_context,CP175223.1,1,1,3927,+,94.857,100.0,1,6170.0,1,CP175223.1|+|1
GCA_050507065.1,VFG002164|WP_002395058|prgB/asc10|aggregation_substance_context,aggregation_substance_context,prgB/asc10,WP_002395058,aggregation substance PrgB/Asc10,review_required_context,CP175224.1,1,2319131,2323047,+,95.434,99.97447677386421,1,6259.0,1,CP175224.1|+|1
GCA_050507065.1,VFG002164|WP_002395058|prgB/asc10|aggregation_substance_context,aggregation_substance_context,prgB/asc10,WP_002395058,aggregation substance PrgB/Asc10,review_required_context,CP175224.1,1,1969489,1973349,-,89.703,98.39203675344564,1,5176.0,1,CP175224.1|-|1
GCA_050507065.1,VFG002165|WP_002356954|efaA|efaA,efaA,efaA,WP_002356954,endocarditis specific antigen,approved_primary,CP175224.1,1,920163,921089,+,99.461,100.0,1,1650.0,1,CP175224.1|+|1
GCA_050507065.1,VFG002165|WP_002356954|efaA|efaA,efaA,efaA,WP_002356954,endocarditis specific antigen,approved_primary,CP175224.1,2,2420088,2420897,+,68.237,87.37864077669903,1,269.0,2,CP175224.1|+|2
GCA_050507065.1,VFG002166|WP_010714416|ace|ace,ace,ace,WP_010714416,collagen adhesin protein,approved_primary,CP175224.1,1,55511,57394,+,93.99111649659864,100.0,6,2577.0,1,CP175224.1|+|1
GCA_050507065.1,VFG002171|WP_011109430|EF0149|aggregation_substance_context,aggregation_substance_context,EF0149,WP_011109430,aggregation substance,review_required_context,CP175223.1,1,1,3858,+,89.184,98.39203675344564,1,5085.0,1,CP175223.1|+|1
GCA_050507065.1,VFG002171|WP_011109430|EF0149|aggregation_substance_context,aggregation_substance_context,EF0149,WP_011109430,aggregation substance,review_required_context,CP175224.1,1,2319131,2322978,+,89.58399999999999,98.36651352730985,1,5139.0,1,CP175224.1|+|1
GCA_050507065.1,VFG002171|WP_011109430|EF0149|aggregation_substance_context,aggregation_substance_context,EF0149,WP_011109430,aggregation substance,review_required_context,CP175224.1,1,1969432,1973349,-,99.974,100.0,1,7062.0,1,CP175224.1|-|1
GCA_050507065.1,VFG002172|WP_010710127|EF0485|aggregation_substance_context,aggregation_substance_context,EF0485,WP_010710127,aggregation substance,review_required_context,CP175223.1,1,2,3927,+,95.34,99.97447677386421,1,6254.0,1,CP175223.1|+|1
GCA_050507065.1,VFG002172|WP_010710127|EF0485|aggregation_substance_context,aggregation_substance_context,EF0485,WP_010710127,aggregation substance,review_required_context,CP175224.1,1,2319130,2323047,+,100.0,100.0,1,7066.0,1,CP175224.1|+|1
GCA_050507065.1,VFG002172|WP_010710127|EF0485|aggregation_substance_context,aggregation_substance_context,EF0485,WP_010710127,aggregation substance,review_required_context,CP175224.1,1,1969495,1973348,-,89.61000000000001,98.21337417049516,1,5144.0,1,CP175224.1|-|1
GCA_050507065.1,VFG002173|WP_010785625|asa1|asa1_or_validated_equivalent,asa1_or_validated_equivalent,asa1,WP_010785625,aggregation substance Asa1,approved_primary,CP175223.1,1,1,3927,+,94.24669812540401,79.23413004369057,2,3651.0,1,CP175223.1|+|1
GCA_050507065.1,VFG002173|WP_010785625|asa1|asa1_or_validated_equivalent,asa1_or_validated_equivalent,asa1,WP_010785625,aggregation substance Asa1,approved_primary,CP175224.1,1,2319131,2323047,+,93.59147644985582,80.10794140323824,2,3581.0,1,CP175224.1|+|1
GCA_050507065.1,VFG002173|WP_010785625|asa1|asa1_or_validated_equivalent,asa1_or_validated_equivalent,asa1,WP_010785625,aggregation substance Asa1,approved_primary,CP175224.1,1,1969495,1973349,-,93.63002919708029,77.46080699049088,2,3463.0,1,CP175224.1|-|1
GCA_050507065.1,VFG002174|WP_002369251|gelE|gelE,gelE,gelE,WP_002369251,coccolysin,approved_primary,CP175224.1,1,710397,711929,-,98.89100000000002,100.0,1,2689.0,1,CP175224.1|-|1
GCA_050507065.1,VFG002175|AAM75248|cylR1|cytolysin_operon_context,cytolysin_operon_context,cylR1,AAM75248,cytolysin regulator R1,context_only,CP175224.1,1,2353186,2353470,-,100.0,100.0,1,515.0,2,CP175224.1|-|2
GCA_050507065.1,VFG002176|AAM75252|cylB|cytolysin_operon_context,cytolysin_operon_context,cylB,AAM75252,ABC-type transporter,context_only,CP175224.1,1,2357074,2360905,+,99.63002960222018,100.0,2,2439.0,3,CP175224.1|+|3
GCA_050507065.1,VFG002177|AAM75253|cylA|cylA,cylA,cylA,AAM75253,cytolysin activator,approved_primary,CP175224.1,1,2360902,2362140,+,99.839,100.0,1,2226.0,1,CP175224.1|+|1
GCA_050507065.1,VFG002178|AAM75254|cylI|cytolysin_operon_context,cytolysin_operon_context,cylI,AAM75254,cytolysin immunity protein,context_only,CP175224.1,1,2362141,2363124,+,97.256,100.0,1,1654.0,4,CP175224.1|+|4
GCA_050507065.1,VFG002179|AAD09858|esp|esp,esp,esp,AAD09858,Enterococcal surface protein; Esp,approved_primary,CP175224.1,1,2367788,2373409,+,96.83420225532797,100.0,19,10121.0,1,CP175224.1|+|1
GCA_050507065.1,VFG002191|WP_002369252|sprE|sprE,sprE,sprE,WP_002369252,"serine proteinase, V8 family",approved_primary,CP175224.1,1,709494,710348,-,98.48,100.0,1,1484.0,1,CP175224.1|-|1
GCA_050507065.1,VFG042976|WP_154081516|ebpA|ebpA,ebpA,ebpA,WP_154081516,endocarditis and biofilm-associated pilus tip protein EbpA,approved_primary,CP175224.1,1,41508,44972,+,99.509,100.0,1,6173.0,1,CP175224.1|+|1
GCA_050507065.1,VFG042977|WP_002379309|ebpB|ebpB,ebpB,ebpB,WP_002379309,endocarditis and biofilm-associated pilus minor subunit EbpB,approved_primary,CP175224.1,1,44976,46406,+,99.441,100.0,1,2545.0,1,CP175224.1|+|1
GCA_050507065.1,VFG042978|WP_011109477|ebpC|ebpC,ebpC,ebpC,WP_011109477,endocarditis and biofilm-associated pilus major subunit EbpC,approved_primary,CP175224.1,1,46403,48286,+,99.363,100.0,1,3345.0,1,CP175224.1|+|1
GCA_050507065.1,VFG045470|AAM75247|cylR2|cytolysin_operon_context,cytolysin_operon_context,cylR2,AAM75247,cytolysin regulator R2,context_only,CP175224.1,1,2352985,2353185,-,100.0,100.0,1,363.0,1,CP175224.1|-|1
GCA_050507065.1,VFG045472|AAM75249|cylL|cytolysin_operon_context,cytolysin_operon_context,cylL,AAM75249,CylL; cytolysin subunit,context_only,CP175224.1,1,2353589,2353962,+,96.56350515463917,100.0,2,374.0,1,CP175224.1|+|1
GCA_050507065.1,VFG045473|AAM75250|cylS|cytolysin_operon_context,cytolysin_operon_context,cylS,AAM75250,CylS; cytolysin subunit,context_only,CP175224.1,1,2353603,2354020,+,96.37673913043479,100.0,2,347.0,1,CP175224.1|+|1
GCA_050507065.1,VFG045474|AAM75251|cylM|cytolysin_operon_context,cytolysin_operon_context,cylM,AAM75251,CylM; cytolysin subunit modifier,context_only,CP175224.1,1,2354081,2357062,+,99.698,100.0,1,5338.0,2,CP175224.1|+|2
GCA_050507075.1,VFG002164|WP_002395058|prgB/asc10|aggregation_substance_context,aggregation_substance_context,prgB/asc10,WP_002395058,aggregation substance PrgB/Asc10,review_required_context,CP175221.1,1,431906,435798,+,94.469,99.97447677386421,1,6107.0,1,CP175221.1|+|1
GCA_050507075.1,VFG002165|WP_002356954|efaA|efaA,efaA,efaA,WP_002356954,endocarditis specific antigen,approved_primary,CP175221.1,1,523185,523994,+,68.237,87.37864077669903,1,269.0,1,CP175221.1|+|1
GCA_050507075.1,VFG002165|WP_002356954|efaA|efaA,efaA,efaA,WP_002356954,endocarditis specific antigen,approved_primary,CP175221.1,2,2019407,2020333,+,99.892,100.0,1,1668.0,2,CP175221.1|+|2
GCA_050507075.1,VFG002166|WP_010714416|ace|ace,ace,ace,WP_010714416,collagen adhesin protein,approved_primary,CP175221.1,1,1037958,1039982,+,94.79255579553636,100.0,7,3639.0,1,CP175221.1|+|1
GCA_050507075.1,VFG002171|WP_011109430|EF0149|aggregation_substance_context,aggregation_substance_context,EF0149,WP_011109430,aggregation substance,review_required_context,CP175221.1,1,431906,435729,+,89.105,98.36651352730985,1,5071.0,1,CP175221.1|+|1
GCA_050507075.1,VFG002172|WP_010710127|EF0485|aggregation_substance_context,aggregation_substance_context,EF0485,WP_010710127,aggregation substance,review_required_context,CP175221.1,1,431905,435798,+,94.67,100.0,1,6143.0,1,CP175221.1|+|1
GCA_050507075.1,VFG002173|WP_010785625|asa1|asa1_or_validated_equivalent,asa1_or_validated_equivalent,asa1,WP_010785625,aggregation substance Asa1,approved_primary,CP175221.1,1,431906,435798,+,93.37354225352112,80.10794140323824,2,3712.0,1,CP175221.1|+|1
GCA_050507075.1,VFG002174|WP_002369251|gelE|gelE,gelE,gelE,WP_002369251,coccolysin,approved_primary,CP175221.1,1,1782351,1783883,-,100.0,100.0,1,2765.0,1,CP175221.1|-|1
GCA_050507075.1,VFG002191|WP_002369252|sprE|sprE,sprE,sprE,WP_002369252,"serine proteinase, V8 family",approved_primary,CP175221.1,1,1781448,1782302,-,100.0,100.0,1,1543.0,1,CP175221.1|-|1
GCA_050507075.1,VFG042976|WP_154081516|ebpA|ebpA,ebpA,ebpA,WP_154081516,endocarditis and biofilm-associated pilus tip protein EbpA,approved_primary,CP175221.1,1,1027150,1030614,+,99.913,100.0,1,6236.0,1,CP175221.1|+|1
GCA_050507075.1,VFG042977|WP_002379309|ebpB|ebpB,ebpB,ebpB,WP_002379309,endocarditis and biofilm-associated pilus minor subunit EbpB,approved_primary,CP175221.1,1,1030618,1032048,+,100.0,100.0,1,2581.0,1,CP175221.1|+|1
GCA_050507075.1,VFG042978|WP_011109477|ebpC|ebpC,ebpC,ebpC,WP_011109477,endocarditis and biofilm-associated pilus major subunit EbpC,approved_primary,CP175221.1,1,1032045,1033928,+,99.682,100.0,1,3372.0,1,CP175221.1|+|1
GCA_050507105.1,VFG002164|WP_002395058|prgB/asc10|aggregation_substance_context,aggregation_substance_context,prgB/asc10,WP_002395058,aggregation substance PrgB/Asc10,review_required_context,CP175219.1,1,500492,504384,+,94.469,99.97447677386421,1,6107.0,1,CP175219.1|+|1
GCA_050507105.1,VFG002165|WP_002356954|efaA|efaA,efaA,efaA,WP_002356954,endocarditis specific antigen,approved_primary,CP175219.1,1,591773,592582,+,68.237,87.37864077669903,1,269.0,1,CP175219.1|+|1
GCA_050507105.1,VFG002165|WP_002356954|efaA|efaA,efaA,efaA,WP_002356954,endocarditis specific antigen,approved_primary,CP175219.1,2,2088000,2088926,+,99.892,100.0,1,1668.0,2,CP175219.1|+|2
GCA_050507105.1,VFG002166|WP_010714416|ace|ace,ace,ace,WP_010714416,collagen adhesin protein,approved_primary,CP175219.1,1,1106549,1108573,+,94.79255579553636,100.0,7,3639.0,1,CP175219.1|+|1
GCA_050507105.1,VFG002171|WP_011109430|EF0149|aggregation_substance_context,aggregation_substance_context,EF0149,WP_011109430,aggregation substance,review_required_context,CP175219.1,1,500492,504315,+,89.105,98.36651352730985,1,5071.0,1,CP175219.1|+|1
GCA_050507105.1,VFG002172|WP_010710127|EF0485|aggregation_substance_context,aggregation_substance_context,EF0485,WP_010710127,aggregation substance,review_required_context,CP175219.1,1,500491,504384,+,94.67,100.0,1,6143.0,1,CP175219.1|+|1
GCA_050507105.1,VFG002173|WP_010785625|asa1|asa1_or_validated_equivalent,asa1_or_validated_equivalent,asa1,WP_010785625,aggregation substance Asa1,approved_primary,CP175219.1,1,500492,504384,+,93.37354225352112,80.10794140323824,2,3712.0,1,CP175219.1|+|1
GCA_050507105.1,VFG002174|WP_002369251|gelE|gelE,gelE,gelE,WP_002369251,coccolysin,approved_primary,CP175219.1,1,1850943,1852475,-,100.0,100.0,1,2765.0,1,CP175219.1|-|1
GCA_050507105.1,VFG002191|WP_002369252|sprE|sprE,sprE,sprE,WP_002369252,"serine proteinase, V8 family",approved_primary,CP175219.1,1,1850040,1850894,-,100.0,100.0,1,1543.0,1,CP175219.1|-|1
GCA_050507105.1,VFG042976|WP_154081516|ebpA|ebpA,ebpA,ebpA,WP_154081516,endocarditis and biofilm-associated pilus tip protein EbpA,approved_primary,CP175219.1,1,1095741,1099205,+,99.913,100.0,1,6236.0,1,CP175219.1|+|1
GCA_050507105.1,VFG042977|WP_002379309|ebpB|ebpB,ebpB,ebpB,WP_002379309,endocarditis and biofilm-associated pilus minor subunit EbpB,approved_primary,CP175219.1,1,1099209,1100639,+,100.0,100.0,1,2581.0,1,CP175219.1|+|1
GCA_050507105.1,VFG042978|WP_011109477|ebpC|ebpC,ebpC,ebpC,WP_011109477,endocarditis and biofilm-associated pilus major subunit EbpC,approved_primary,CP175219.1,1,1100636,1102519,+,99.682,100.0,1,3372.0,1,CP175219.1|+|1
GCA_050516645.1,VFG002164|WP_002395058|prgB/asc10|aggregation_substance_context,aggregation_substance_context,prgB/asc10,WP_002395058,aggregation substance PrgB/Asc10,review_required_context,CP175404.1,1,48457,52374,+,96.759,100.0,1,6494.0,1,CP175404.1|+|1
GCA_050516645.1,VFG002164|WP_002395058|prgB/asc10|aggregation_substance_context,aggregation_substance_context,prgB/asc10,WP_002395058,aggregation substance PrgB/Asc10,review_required_context,CP175405.1,1,20928,24846,+,95.995,100.0,1,6351.0,1,CP175405.1|+|1
GCA_050516645.1,VFG002165|WP_002356954|efaA|efaA,efaA,efaA,WP_002356954,endocarditis specific antigen,approved_primary,CP175406.1,1,209641,210450,+,68.237,87.37864077669903,1,269.0,1,CP175406.1|+|1
GCA_050516645.1,VFG002165|WP_002356954|efaA|efaA,efaA,efaA,WP_002356954,endocarditis specific antigen,approved_primary,CP175406.1,2,1588403,1589329,+,99.569,100.0,1,1654.0,2,CP175406.1|+|2
GCA_050516645.1,VFG002166|WP_010714416|ace|ace,ace,ace,WP_010714416,collagen adhesin protein,approved_primary,CP175406.1,1,732476,734500,+,93.1623339731286,100.0,7,3472.0,1,CP175406.1|+|1
GCA_050516645.1,VFG002171|WP_011109430|EF0149|aggregation_substance_context,aggregation_substance_context,EF0149,WP_011109430,aggregation substance,review_required_context,CP175404.1,1,48457,52305,+,89.661,98.39203675344564,1,5160.0,1,CP175404.1|+|1
GCA_050516645.1,VFG002171|WP_011109430|EF0149|aggregation_substance_context,aggregation_substance_context,EF0149,WP_011109430,aggregation substance,review_required_context,CP175405.1,1,20928,24777,+,89.907,98.39203675344564,1,5200.0,1,CP175405.1|+|1
GCA_050516645.1,VFG002172|WP_010710127|EF0485|aggregation_substance_context,aggregation_substance_context,EF0485,WP_010710127,aggregation substance,review_required_context,CP175404.1,1,48458,52374,+,95.251,99.97447677386421,1,6226.0,1,CP175404.1|+|1
GCA_050516645.1,VFG002172|WP_010710127|EF0485|aggregation_substance_context,aggregation_substance_context,EF0485,WP_010710127,aggregation substance,review_required_context,CP175405.1,1,20929,24846,+,95.381,99.97447677386421,1,6241.0,1,CP175405.1|+|1
GCA_050516645.1,VFG002173|WP_010785625|asa1|asa1_or_validated_equivalent,asa1_or_validated_equivalent,asa1,WP_010785625,aggregation substance Asa1,approved_primary,CP175404.1,1,48457,52374,+,94.33052946828955,80.13364173734259,2,3586.0,1,CP175404.1|+|1
GCA_050516645.1,VFG002173|WP_010785625|asa1|asa1_or_validated_equivalent,asa1_or_validated_equivalent,asa1,WP_010785625,aggregation substance Asa1,approved_primary,CP175405.1,1,20928,24846,+,95.94845672609401,79.23413004369057,2,3735.0,1,CP175405.1|+|1
GCA_050516645.1,VFG002174|WP_002369251|gelE|gelE,gelE,gelE,WP_002369251,coccolysin,approved_primary,CP175406.1,1,1405062,1406594,-,98.695,100.0,1,2675.0,1,CP175406.1|-|1
GCA_050516645.1,VFG002175|AAM75248|cylR1|cytolysin_operon_context,cytolysin_operon_context,cylR1,AAM75248,cytolysin regulator R1,context_only,CP175405.1,1,54841,55125,-,98.596,100.0,1,497.0,2,CP175405.1|-|2
GCA_050516645.1,VFG002176|AAM75252|cylB|cytolysin_operon_context,cytolysin_operon_context,cylB,AAM75252,ABC-type transporter,context_only,CP175405.1,1,58729,60873,+,99.674,100.0,1,3837.0,3,CP175405.1|+|3
GCA_050516645.1,VFG002177|AAM75253|cylA|cylA,cylA,cylA,AAM75253,cytolysin activator,approved_primary,CP175405.1,1,60870,62108,+,99.596,100.0,1,2213.0,1,CP175405.1|+|1
GCA_050516645.1,VFG002178|AAM75254|cylI|cytolysin_operon_context,cytolysin_operon_context,cylI,AAM75254,cytolysin immunity protein,context_only,CP175405.1,1,62109,63092,+,99.898,100.0,1,1771.0,4,CP175405.1|+|4
GCA_050516645.1,VFG002191|WP_002369252|sprE|sprE,sprE,sprE,WP_002369252,"serine proteinase, V8 family",approved_primary,CP175406.1,1,1404159,1405013,-,98.83,100.0,1,1498.0,1,CP175406.1|-|1
GCA_050516645.1,VFG042976|WP_154081516|ebpA|ebpA,ebpA,ebpA,WP_154081516,endocarditis and biofilm-associated pilus tip protein EbpA,approved_primary,CP175406.1,1,719081,722545,+,99.423,100.0,1,6159.0,1,CP175406.1|+|1
GCA_050516645.1,VFG042977|WP_002379309|ebpB|ebpB,ebpB,ebpB,WP_002379309,endocarditis and biofilm-associated pilus minor subunit EbpB,approved_primary,CP175406.1,1,722549,723979,+,99.161,100.0,1,2527.0,1,CP175406.1|+|1
GCA_050516645.1,VFG042978|WP_011109477|ebpC|ebpC,ebpC,ebpC,WP_011109477,endocarditis and biofilm-associated pilus major subunit EbpC,approved_primary,CP175406.1,1,723976,725859,+,99.151,100.0,1,3327.0,1,CP175406.1|+|1
GCA_050516645.1,VFG045470|AAM75247|cylR2|cytolysin_operon_context,cytolysin_operon_context,cylR2,AAM75247,cytolysin regulator R2,context_only,CP175405.1,1,54641,54840,-,99.00499999999998,100.0,1,351.0,1,CP175405.1|-|1
GCA_050516645.1,VFG045472|AAM75249|cylL|cytolysin_operon_context,cytolysin_operon_context,cylL,AAM75249,CylL; cytolysin subunit,context_only,CP175405.1,1,55244,55617,+,96.56350515463917,100.0,2,374.0,1,CP175405.1|+|1
GCA_050516645.1,VFG045473|AAM75250|cylS|cytolysin_operon_context,cytolysin_operon_context,cylS,AAM75250,CylS; cytolysin subunit,context_only,CP175405.1,1,55258,55675,+,96.37673913043479,100.0,2,347.0,1,CP175405.1|+|1
GCA_050516645.1,VFG045474|AAM75251|cylM|cytolysin_operon_context,cytolysin_operon_context,cylM,AAM75251,CylM; cytolysin subunit modifier,context_only,CP175405.1,1,55736,58717,+,99.497,100.0,1,5311.0,2,CP175405.1|+|2
GCA_050516655.1,VFG002164|WP_002395058|prgB/asc10|aggregation_substance_context,aggregation_substance_context,prgB/asc10,WP_002395058,aggregation substance PrgB/Asc10,review_required_context,CP175398.1,1,88355,92273,+,95.995,100.0,1,6351.0,1,CP175398.1|+|1
GCA_050516655.1,VFG002164|WP_002395058|prgB/asc10|aggregation_substance_context,aggregation_substance_context,prgB/asc10,WP_002395058,aggregation substance PrgB/Asc10,review_required_context,CP175401.1,1,48457,52374,+,96.759,100.0,1,6494.0,1,CP175401.1|+|1
GCA_050516655.1,VFG002165|WP_002356954|efaA|efaA,efaA,efaA,WP_002356954,endocarditis specific antigen,approved_primary,CP175400.1,1,1312016,1312825,-,68.237,87.37864077669903,1,269.0,1,CP175400.1|-|1
GCA_050516655.1,VFG002165|WP_002356954|efaA|efaA,efaA,efaA,WP_002356954,endocarditis specific antigen,approved_primary,CP175400.1,2,2902216,2903142,-,99.569,100.0,1,1654.0,2,CP175400.1|-|2
GCA_050516655.1,VFG002166|WP_010714416|ace|ace,ace,ace,WP_010714416,collagen adhesin protein,approved_primary,CP175400.1,1,787966,789990,-,93.1623339731286,100.0,7,3472.0,1,CP175400.1|-|1
GCA_050516655.1,VFG002171|WP_011109430|EF0149|aggregation_substance_context,aggregation_substance_context,EF0149,WP_011109430,aggregation substance,review_required_context,CP175398.1,1,88355,92204,+,89.907,98.39203675344564,1,5200.0,1,CP175398.1|+|1
GCA_050516655.1,VFG002171|WP_011109430|EF0149|aggregation_substance_context,aggregation_substance_context,EF0149,WP_011109430,aggregation substance,review_required_context,CP175401.1,1,48457,52305,+,89.661,98.39203675344564,1,5160.0,1,CP175401.1|+|1
GCA_050516655.1,VFG002172|WP_010710127|EF0485|aggregation_substance_context,aggregation_substance_context,EF0485,WP_010710127,aggregation substance,review_required_context,CP175398.1,1,88356,92273,+,95.381,99.97447677386421,1,6241.0,1,CP175398.1|+|1
GCA_050516655.1,VFG002172|WP_010710127|EF0485|aggregation_substance_context,aggregation_substance_context,EF0485,WP_010710127,aggregation substance,review_required_context,CP175401.1,1,48458,52374,+,95.251,99.97447677386421,1,6226.0,1,CP175401.1|+|1
GCA_050516655.1,VFG002173|WP_010785625|asa1|asa1_or_validated_equivalent,asa1_or_validated_equivalent,asa1,WP_010785625,aggregation substance Asa1,approved_primary,CP175398.1,1,88355,92273,+,95.94845672609401,79.23413004369057,2,3735.0,1,CP175398.1|+|1
GCA_050516655.1,VFG002173|WP_010785625|asa1|asa1_or_validated_equivalent,asa1_or_validated_equivalent,asa1,WP_010785625,aggregation substance Asa1,approved_primary,CP175401.1,1,48457,52374,+,94.33052946828955,80.13364173734259,2,3586.0,1,CP175401.1|+|1
GCA_050516655.1,VFG002174|WP_002369251|gelE|gelE,gelE,gelE,WP_002369251,coccolysin,approved_primary,CP175400.1,1,115872,117404,+,98.695,100.0,1,2675.0,1,CP175400.1|+|1
GCA_050516655.1,VFG002175|AAM75248|cylR1|cytolysin_operon_context,cytolysin_operon_context,cylR1,AAM75248,cytolysin regulator R1,context_only,CP175398.1,1,56044,56328,-,98.596,100.0,1,497.0,2,CP175398.1|-|2
GCA_050516655.1,VFG002176|AAM75252|cylB|cytolysin_operon_context,cytolysin_operon_context,cylB,AAM75252,ABC-type transporter,context_only,CP175398.1,1,59932,62076,+,99.674,100.0,1,3837.0,3,CP175398.1|+|3
GCA_050516655.1,VFG002177|AAM75253|cylA|cylA,cylA,cylA,AAM75253,cytolysin activator,approved_primary,CP175398.1,1,62073,63311,+,99.596,100.0,1,2213.0,1,CP175398.1|+|1
GCA_050516655.1,VFG002178|AAM75254|cylI|cytolysin_operon_context,cytolysin_operon_context,cylI,AAM75254,cytolysin immunity protein,context_only,CP175398.1,1,63312,64295,+,99.898,100.0,1,1771.0,4,CP175398.1|+|4
GCA_050516655.1,VFG002191|WP_002369252|sprE|sprE,sprE,sprE,WP_002369252,"serine proteinase, V8 family",approved_primary,CP175400.1,1,117453,118307,+,98.83,100.0,1,1498.0,1,CP175400.1|+|1
GCA_050516655.1,VFG042976|WP_154081516|ebpA|ebpA,ebpA,ebpA,WP_154081516,endocarditis and biofilm-associated pilus tip protein EbpA,approved_primary,CP175400.1,1,799921,803385,-,99.423,100.0,1,6159.0,1,CP175400.1|-|1
GCA_050516655.1,VFG042977|WP_002379309|ebpB|ebpB,ebpB,ebpB,WP_002379309,endocarditis and biofilm-associated pilus minor subunit EbpB,approved_primary,CP175400.1,1,798487,799917,-,99.161,100.0,1,2527.0,1,CP175400.1|-|1
GCA_050516655.1,VFG042978|WP_011109477|ebpC|ebpC,ebpC,ebpC,WP_011109477,endocarditis and biofilm-associated pilus major subunit EbpC,approved_primary,CP175400.1,1,796607,798490,-,99.151,100.0,1,3327.0,1,CP175400.1|-|1
GCA_050516655.1,VFG045470|AAM75247|cylR2|cytolysin_operon_context,cytolysin_operon_context,cylR2,AAM75247,cytolysin regulator R2,context_only,CP175398.1,1,55844,56043,-,99.00499999999998,100.0,1,351.0,1,CP175398.1|-|1
GCA_050516655.1,VFG045472|AAM75249|cylL|cytolysin_operon_context,cytolysin_operon_context,cylL,AAM75249,CylL; cytolysin subunit,context_only,CP175398.1,1,56447,56820,+,96.56350515463917,100.0,2,374.0,1,CP175398.1|+|1
GCA_050516655.1,VFG045473|AAM75250|cylS|cytolysin_operon_context,cytolysin_operon_context,cylS,AAM75250,CylS; cytolysin subunit,context_only,CP175398.1,1,56461,56878,+,96.37673913043479,100.0,2,347.0,1,CP175398.1|+|1
GCA_050516655.1,VFG045474|AAM75251|cylM|cytolysin_operon_context,cytolysin_operon_context,cylM,AAM75251,CylM; cytolysin subunit modifier,context_only,CP175398.1,1,56939,59920,+,99.497,100.0,1,5311.0,2,CP175398.1|+|2
GCA_050516665.1,VFG002164|WP_002395058|prgB/asc10|aggregation_substance_context,aggregation_substance_context,prgB/asc10,WP_002395058,aggregation substance PrgB/Asc10,review_required_context,CP175396.1,1,67651,71577,-,94.857,100.0,1,6170.0,1,CP175396.1|-|1
GCA_050516665.1,VFG002164|WP_002395058|prgB/asc10|aggregation_substance_context,aggregation_substance_context,prgB/asc10,WP_002395058,aggregation substance PrgB/Asc10,review_required_context,CP175397.1,1,134859,138719,+,89.703,98.39203675344564,1,5176.0,1,CP175397.1|+|1
GCA_050516665.1,VFG002164|WP_002395058|prgB/asc10|aggregation_substance_context,aggregation_substance_context,prgB/asc10,WP_002395058,aggregation substance PrgB/Asc10,review_required_context,CP175397.1,2,400278,404194,+,95.434,99.97447677386421,1,6259.0,2,CP175397.1|+|2
GCA_050516665.1,VFG002165|WP_002356954|efaA|efaA,efaA,efaA,WP_002356954,endocarditis specific antigen,approved_primary,CP175397.1,1,497111,497920,+,68.237,87.37864077669903,1,269.0,1,CP175397.1|+|1
GCA_050516665.1,VFG002165|WP_002356954|efaA|efaA,efaA,efaA,WP_002356954,endocarditis specific antigen,approved_primary,CP175397.1,2,1905903,1906829,+,99.461,100.0,1,1650.0,2,CP175397.1|+|2
GCA_050516665.1,VFG002166|WP_010714416|ace|ace,ace,ace,WP_010714416,collagen adhesin protein,approved_primary,CP175397.1,1,1034423,1036306,+,93.99111649659864,100.0,6,2577.0,1,CP175397.1|+|1
GCA_050516665.1,VFG002171|WP_011109430|EF0149|aggregation_substance_context,aggregation_substance_context,EF0149,WP_011109430,aggregation substance,review_required_context,CP175396.1,1,67720,71577,-,89.184,98.39203675344564,1,5085.0,1,CP175396.1|-|1
GCA_050516665.1,VFG002171|WP_011109430|EF0149|aggregation_substance_context,aggregation_substance_context,EF0149,WP_011109430,aggregation substance,review_required_context,CP175397.1,1,134859,138776,+,99.974,100.0,1,7062.0,1,CP175397.1|+|1
GCA_050516665.1,VFG002171|WP_011109430|EF0149|aggregation_substance_context,aggregation_substance_context,EF0149,WP_011109430,aggregation substance,review_required_context,CP175397.1,2,400278,404125,+,89.58399999999999,98.36651352730985,1,5139.0,2,CP175397.1|+|2
GCA_050516665.1,VFG002172|WP_010710127|EF0485|aggregation_substance_context,aggregation_substance_context,EF0485,WP_010710127,aggregation substance,review_required_context,CP175396.1,1,67651,71576,-,95.34,99.97447677386421,1,6254.0,1,CP175396.1|-|1
GCA_050516665.1,VFG002172|WP_010710127|EF0485|aggregation_substance_context,aggregation_substance_context,EF0485,WP_010710127,aggregation substance,review_required_context,CP175397.1,1,134860,138713,+,89.61000000000001,98.21337417049516,1,5144.0,1,CP175397.1|+|1
GCA_050516665.1,VFG002172|WP_010710127|EF0485|aggregation_substance_context,aggregation_substance_context,EF0485,WP_010710127,aggregation substance,review_required_context,CP175397.1,2,400277,404194,+,100.0,100.0,1,7066.0,2,CP175397.1|+|2
GCA_050516665.1,VFG002173|WP_010785625|asa1|asa1_or_validated_equivalent,asa1_or_validated_equivalent,asa1,WP_010785625,aggregation substance Asa1,approved_primary,CP175396.1,1,67651,71577,-,94.24669812540401,79.23413004369057,2,3651.0,1,CP175396.1|-|1
GCA_050516665.1,VFG002173|WP_010785625|asa1|asa1_or_validated_equivalent,asa1_or_validated_equivalent,asa1,WP_010785625,aggregation substance Asa1,approved_primary,CP175397.1,1,134859,138713,+,93.63002919708029,77.46080699049088,2,3463.0,1,CP175397.1|+|1
GCA_050516665.1,VFG002173|WP_010785625|asa1|asa1_or_validated_equivalent,asa1_or_validated_equivalent,asa1,WP_010785625,aggregation substance Asa1,approved_primary,CP175397.1,2,400278,404194,+,93.59147644985582,80.10794140323824,2,3581.0,2,CP175397.1|+|2
GCA_050516665.1,VFG002174|WP_002369251|gelE|gelE,gelE,gelE,WP_002369251,coccolysin,approved_primary,CP175397.1,1,1696137,1697669,-,98.89100000000002,100.0,1,2689.0,1,CP175397.1|-|1
GCA_050516665.1,VFG002175|AAM75248|cylR1|cytolysin_operon_context,cytolysin_operon_context,cylR1,AAM75248,cytolysin regulator R1,context_only,CP175397.1,1,434333,434617,-,100.0,100.0,1,515.0,2,CP175397.1|-|2
GCA_050516665.1,VFG002176|AAM75252|cylB|cytolysin_operon_context,cytolysin_operon_context,cylB,AAM75252,ABC-type transporter,context_only,CP175397.1,1,438221,440365,+,99.814,100.0,1,3851.0,3,CP175397.1|+|3
GCA_050516665.1,VFG002177|AAM75253|cylA|cylA,cylA,cylA,AAM75253,cytolysin activator,approved_primary,CP175397.1,1,440362,441600,+,99.839,100.0,1,2226.0,1,CP175397.1|+|1
GCA_050516665.1,VFG002178|AAM75254|cylI|cytolysin_operon_context,cytolysin_operon_context,cylI,AAM75254,cytolysin immunity protein,context_only,CP175397.1,1,441601,442584,+,97.256,100.0,1,1654.0,4,CP175397.1|+|4
GCA_050516665.1,VFG002179|AAD09858|esp|esp,esp,esp,AAD09858,Enterococcal surface protein; Esp,approved_primary,CP175397.1,1,447248,452119,+,96.49681521331165,99.85770188545001,16,4463.0,1,CP175397.1|+|1
GCA_050516665.1,VFG002191|WP_002369252|sprE|sprE,sprE,sprE,WP_002369252,"serine proteinase, V8 family",approved_primary,CP175397.1,1,1695234,1696088,-,98.48,100.0,1,1484.0,1,CP175397.1|-|1
GCA_050516665.1,VFG042976|WP_154081516|ebpA|ebpA,ebpA,ebpA,WP_154081516,endocarditis and biofilm-associated pilus tip protein EbpA,approved_primary,CP175397.1,1,1020420,1023884,+,99.481,100.0,1,6168.0,1,CP175397.1|+|1
GCA_050516665.1,VFG042977|WP_002379309|ebpB|ebpB,ebpB,ebpB,WP_002379309,endocarditis and biofilm-associated pilus minor subunit EbpB,approved_primary,CP175397.1,1,1023888,1025318,+,99.441,100.0,1,2545.0,1,CP175397.1|+|1
GCA_050516665.1,VFG042978|WP_011109477|ebpC|ebpC,ebpC,ebpC,WP_011109477,endocarditis and biofilm-associated pilus major subunit EbpC,approved_primary,CP175397.1,1,1025315,1027198,+,99.363,100.0,1,3345.0,1,CP175397.1|+|1
GCA_050516665.1,VFG045470|AAM75247|cylR2|cytolysin_operon_context,cytolysin_operon_context,cylR2,AAM75247,cytolysin regulator R2,context_only,CP175397.1,1,434132,434332,-,100.0,100.0,1,363.0,1,CP175397.1|-|1
GCA_050516665.1,VFG045472|AAM75249|cylL|cytolysin_operon_context,cytolysin_operon_context,cylL,AAM75249,CylL; cytolysin subunit,context_only,CP175397.1,1,434736,435109,+,96.56350515463917,100.0,2,374.0,1,CP175397.1|+|1
GCA_050516665.1,VFG045473|AAM75250|cylS|cytolysin_operon_context,cytolysin_operon_context,cylS,AAM75250,CylS; cytolysin subunit,context_only,CP175397.1,1,434750,435167,+,96.37673913043479,100.0,2,347.0,1,CP175397.1|+|1
GCA_050516665.1,VFG045474|AAM75251|cylM|cytolysin_operon_context,cytolysin_operon_context,cylM,AAM75251,CylM; cytolysin subunit modifier,context_only,CP175397.1,1,435228,438209,+,99.698,100.0,1,5338.0,2,CP175397.1|+|2
GCA_050516675.1,VFG002164|WP_002395058|prgB/asc10|aggregation_substance_context,aggregation_substance_context,prgB/asc10,WP_002395058,aggregation substance PrgB/Asc10,review_required_context,CP175394.1,1,1,3927,+,94.857,100.0,1,6170.0,1,CP175394.1|+|1
GCA_050516675.1,VFG002164|WP_002395058|prgB/asc10|aggregation_substance_context,aggregation_substance_context,prgB/asc10,WP_002395058,aggregation substance PrgB/Asc10,review_required_context,CP175395.1,1,134667,138527,+,89.703,98.39203675344564,1,5176.0,1,CP175395.1|+|1
GCA_050516675.1,VFG002164|WP_002395058|prgB/asc10|aggregation_substance_context,aggregation_substance_context,prgB/asc10,WP_002395058,aggregation substance PrgB/Asc10,review_required_context,CP175395.1,2,400091,404007,+,95.434,99.97447677386421,1,6259.0,2,CP175395.1|+|2
GCA_050516675.1,VFG002165|WP_002356954|efaA|efaA,efaA,efaA,WP_002356954,endocarditis specific antigen,approved_primary,CP175395.1,1,497670,498479,+,68.237,87.37864077669903,1,269.0,1,CP175395.1|+|1
GCA_050516675.1,VFG002165|WP_002356954|efaA|efaA,efaA,efaA,WP_002356954,endocarditis specific antigen,approved_primary,CP175395.1,2,1903176,1904102,+,99.461,100.0,1,1650.0,2,CP175395.1|+|2
GCA_050516675.1,VFG002166|WP_010714416|ace|ace,ace,ace,WP_010714416,collagen adhesin protein,approved_primary,CP175395.1,1,1031777,1033660,+,93.99111649659864,100.0,6,2577.0,1,CP175395.1|+|1
GCA_050516675.1,VFG002171|WP_011109430|EF0149|aggregation_substance_context,aggregation_substance_context,EF0149,WP_011109430,aggregation substance,review_required_context,CP175394.1,1,1,3858,+,89.184,98.39203675344564,1,5085.0,1,CP175394.1|+|1
GCA_050516675.1,VFG002171|WP_011109430|EF0149|aggregation_substance_context,aggregation_substance_context,EF0149,WP_011109430,aggregation substance,review_required_context,CP175395.1,1,134667,138584,+,99.974,100.0,1,7062.0,1,CP175395.1|+|1
GCA_050516675.1,VFG002171|WP_011109430|EF0149|aggregation_substance_context,aggregation_substance_context,EF0149,WP_011109430,aggregation substance,review_required_context,CP175395.1,2,400091,403938,+,89.58399999999999,98.36651352730985,1,5139.0,2,CP175395.1|+|2
GCA_050516675.1,VFG002172|WP_010710127|EF0485|aggregation_substance_context,aggregation_substance_context,EF0485,WP_010710127,aggregation substance,review_required_context,CP175394.1,1,2,3927,+,95.34,99.97447677386421,1,6254.0,1,CP175394.1|+|1
GCA_050516675.1,VFG002172|WP_010710127|EF0485|aggregation_substance_context,aggregation_substance_context,EF0485,WP_010710127,aggregation substance,review_required_context,CP175395.1,1,134668,138521,+,89.61000000000001,98.21337417049516,1,5144.0,1,CP175395.1|+|1
GCA_050516675.1,VFG002172|WP_010710127|EF0485|aggregation_substance_context,aggregation_substance_context,EF0485,WP_010710127,aggregation substance,review_required_context,CP175395.1,2,400090,404007,+,100.0,100.0,1,7066.0,2,CP175395.1|+|2
GCA_050516675.1,VFG002173|WP_010785625|asa1|asa1_or_validated_equivalent,asa1_or_validated_equivalent,asa1,WP_010785625,aggregation substance Asa1,approved_primary,CP175394.1,1,1,3927,+,94.24669812540401,79.23413004369057,2,3651.0,1,CP175394.1|+|1
GCA_050516675.1,VFG002173|WP_010785625|asa1|asa1_or_validated_equivalent,asa1_or_validated_equivalent,asa1,WP_010785625,aggregation substance Asa1,approved_primary,CP175395.1,1,134667,138521,+,93.63002919708029,77.46080699049088,2,3463.0,1,CP175395.1|+|1
GCA_050516675.1,VFG002173|WP_010785625|asa1|asa1_or_validated_equivalent,asa1_or_validated_equivalent,asa1,WP_010785625,aggregation substance Asa1,approved_primary,CP175395.1,2,400091,404007,+,93.59147644985582,80.10794140323824,2,3581.0,2,CP175395.1|+|2
GCA_050516675.1,VFG002174|WP_002369251|gelE|gelE,gelE,gelE,WP_002369251,coccolysin,approved_primary,CP175395.1,1,1693416,1694948,-,98.89100000000002,100.0,1,2689.0,1,CP175395.1|-|1
GCA_050516675.1,VFG002175|AAM75248|cylR1|cytolysin_operon_context,cytolysin_operon_context,cylR1,AAM75248,cytolysin regulator R1,context_only,CP175395.1,1,434146,434430,-,100.0,100.0,1,515.0,2,CP175395.1|-|2
GCA_050516675.1,VFG002176|AAM75252|cylB|cytolysin_operon_context,cytolysin_operon_context,cylB,AAM75252,ABC-type transporter,context_only,CP175395.1,1,438034,440178,+,99.814,100.0,1,3851.0,3,CP175395.1|+|3
GCA_050516675.1,VFG002177|AAM75253|cylA|cylA,cylA,cylA,AAM75253,cytolysin activator,approved_primary,CP175395.1,1,440175,441413,+,99.839,100.0,1,2226.0,1,CP175395.1|+|1
GCA_050516675.1,VFG002178|AAM75254|cylI|cytolysin_operon_context,cytolysin_operon_context,cylI,AAM75254,cytolysin immunity protein,context_only,CP175395.1,1,441414,442397,+,97.256,100.0,1,1654.0,4,CP175395.1|+|4
GCA_050516675.1,VFG002179|AAD09858|esp|esp,esp,esp,AAD09858,Enterococcal surface protein; Esp,approved_primary,CP175395.1,1,447061,452682,+,96.83420225532797,100.0,19,10121.0,1,CP175395.1|+|1
GCA_050516675.1,VFG002191|WP_002369252|sprE|sprE,sprE,sprE,WP_002369252,"serine proteinase, V8 family",approved_primary,CP175395.1,1,1692513,1693367,-,98.48,100.0,1,1484.0,1,CP175395.1|-|1
GCA_050516675.1,VFG042976|WP_154081516|ebpA|ebpA,ebpA,ebpA,WP_154081516,endocarditis and biofilm-associated pilus tip protein EbpA,approved_primary,CP175395.1,1,1017774,1021238,+,99.509,100.0,1,6173.0,1,CP175395.1|+|1
GCA_050516675.1,VFG042977|WP_002379309|ebpB|ebpB,ebpB,ebpB,WP_002379309,endocarditis and biofilm-associated pilus minor subunit EbpB,approved_primary,CP175395.1,1,1021242,1022672,+,99.441,100.0,1,2545.0,1,CP175395.1|+|1
GCA_050516675.1,VFG042978|WP_011109477|ebpC|ebpC,ebpC,ebpC,WP_011109477,endocarditis and biofilm-associated pilus major subunit EbpC,approved_primary,CP175395.1,1,1022669,1024552,+,99.363,100.0,1,3345.0,1,CP175395.1|+|1
GCA_050516675.1,VFG045470|AAM75247|cylR2|cytolysin_operon_context,cytolysin_operon_context,cylR2,AAM75247,cytolysin regulator R2,context_only,CP175395.1,1,433945,434145,-,100.0,100.0,1,363.0,1,CP175395.1|-|1
GCA_050516675.1,VFG045472|AAM75249|cylL|cytolysin_operon_context,cytolysin_operon_context,cylL,AAM75249,CylL; cytolysin subunit,context_only,CP175395.1,1,434549,434922,+,96.56350515463917,100.0,2,374.0,1,CP175395.1|+|1
GCA_050516675.1,VFG045473|AAM75250|cylS|cytolysin_operon_context,cytolysin_operon_context,cylS,AAM75250,CylS; cytolysin subunit,context_only,CP175395.1,1,434563,434980,+,96.37673913043479,100.0,2,347.0,1,CP175395.1|+|1
GCA_050516675.1,VFG045474|AAM75251|cylM|cytolysin_operon_context,cytolysin_operon_context,cylM,AAM75251,CylM; cytolysin subunit modifier,context_only,CP175395.1,1,435041,438022,+,99.698,100.0,1,5338.0,2,CP175395.1|+|2
GCF_049262565.1,VFG002164|WP_002395058|prgB/asc10|aggregation_substance_context,aggregation_substance_context,prgB/asc10,WP_002395058,aggregation substance PrgB/Asc10,review_required_context,NZ_CP185998.1,1,10543,14460,+,96.759,100.0,1,6494.0,1,NZ_CP185998.1|+|1
GCF_049262565.1,VFG002165|WP_002356954|efaA|efaA,efaA,efaA,WP_002356954,endocarditis specific antigen,approved_primary,NZ_CP185997.1,1,446678,447487,+,68.237,87.37864077669903,1,269.0,1,NZ_CP185997.1|+|1
GCF_049262565.1,VFG002165|WP_002356954|efaA|efaA,efaA,efaA,WP_002356954,endocarditis specific antigen,approved_primary,NZ_CP185997.1,2,1868762,1869687,+,99.784,100.0,1,1660.0,2,NZ_CP185997.1|+|2
GCF_049262565.1,VFG002166|WP_010714416|ace|ace,ace,ace,WP_010714416,collagen adhesin protein,approved_primary,NZ_CP185997.1,1,994614,996215,+,95.91594453998279,100.0,5,2199.0,1,NZ_CP185997.1|+|1
GCF_049262565.1,VFG002171|WP_011109430|EF0149|aggregation_substance_context,aggregation_substance_context,EF0149,WP_011109430,aggregation substance,review_required_context,NZ_CP185998.1,1,10543,14391,+,90.026,98.39203675344564,1,5218.0,1,NZ_CP185998.1|+|1
GCF_049262565.1,VFG002172|WP_010710127|EF0485|aggregation_substance_context,aggregation_substance_context,EF0485,WP_010710127,aggregation substance,review_required_context,NZ_CP185998.1,1,10544,14460,+,96.094,99.97447677386421,1,6375.0,1,NZ_CP185998.1|+|1
GCF_049262565.1,VFG002173|WP_010785625|asa1|asa1_or_validated_equivalent,asa1_or_validated_equivalent,asa1,WP_010785625,aggregation substance Asa1,approved_primary,NZ_CP185998.1,1,10543,14460,+,94.65090518898141,80.13364173734259,2,3640.0,1,NZ_CP185998.1|+|1
GCF_049262565.1,VFG002174|WP_002369251|gelE|gelE,gelE,gelE,WP_002369251,coccolysin,approved_primary,NZ_CP185997.1,1,1661402,1662934,-,98.956,100.0,1,2693.0,1,NZ_CP185997.1|-|1
GCF_049262565.1,VFG002179|AAD09858|esp|esp,esp,esp,AAD09858,Enterococcal surface protein; Esp,approved_primary,NZ_CP185997.1,1,386609,390501,+,95.57363938141582,100.0,12,4837.0,1,NZ_CP185997.1|+|1
GCF_049262565.1,VFG002191|WP_002369252|sprE|sprE,sprE,sprE,WP_002369252,"serine proteinase, V8 family",approved_primary,NZ_CP185997.1,1,1660499,1661353,-,98.363,100.0,1,1480.0,1,NZ_CP185997.1|-|1
GCF_049262565.1,VFG042976|WP_154081516|ebpA|ebpA,ebpA,ebpA,WP_154081516,endocarditis and biofilm-associated pilus tip protein EbpA,approved_primary,NZ_CP185997.1,1,983806,987270,+,99.913,100.0,1,6236.0,1,NZ_CP185997.1|+|1
GCF_049262565.1,VFG042977|WP_002379309|ebpB|ebpB,ebpB,ebpB,WP_002379309,endocarditis and biofilm-associated pilus minor subunit EbpB,approved_primary,NZ_CP185997.1,1,987274,988704,+,99.161,100.0,1,2527.0,1,NZ_CP185997.1|+|1
GCF_049262565.1,VFG042978|WP_011109477|ebpC|ebpC,ebpC,ebpC,WP_011109477,endocarditis and biofilm-associated pilus major subunit EbpC,approved_primary,NZ_CP185997.1,1,988701,990584,+,99.045,100.0,1,3318.0,1,NZ_CP185997.1|+|1
GCF_053117575.1,VFG002164|WP_002395058|prgB/asc10|aggregation_substance_context,aggregation_substance_context,prgB/asc10,WP_002395058,aggregation substance PrgB/Asc10,review_required_context,NZ_CP181216.1,1,134727,138587,+,89.703,98.39203675344564,1,5176.0,1,NZ_CP181216.1|+|1
GCF_053117575.1,VFG002164|WP_002395058|prgB/asc10|aggregation_substance_context,aggregation_substance_context,prgB/asc10,WP_002395058,aggregation substance PrgB/Asc10,review_required_context,NZ_CP181216.1,2,400135,404051,+,95.434,99.97447677386421,1,6259.0,2,NZ_CP181216.1|+|2
GCF_053117575.1,VFG002164|WP_002395058|prgB/asc10|aggregation_substance_context,aggregation_substance_context,prgB/asc10,WP_002395058,aggregation substance PrgB/Asc10,review_required_context,NZ_CP181217.1,1,11053,14979,+,94.832,100.0,1,6166.0,1,NZ_CP181217.1|+|1
GCF_053117575.1,VFG002164|WP_002395058|prgB/asc10|aggregation_substance_context,aggregation_substance_context,prgB/asc10,WP_002395058,aggregation substance PrgB/Asc10,review_required_context,NZ_CP181217.1,2,64231,68148,+,97.371,100.0,1,6602.0,2,NZ_CP181217.1|+|2
GCF_053117575.1,VFG002165|WP_002356954|efaA|efaA,efaA,efaA,WP_002356954,endocarditis specific antigen,approved_primary,NZ_CP181216.1,1,497718,498527,+,68.237,87.37864077669903,1,269.0,1,NZ_CP181216.1|+|1
GCF_053117575.1,VFG002165|WP_002356954|efaA|efaA,efaA,efaA,WP_002356954,endocarditis specific antigen,approved_primary,NZ_CP181216.1,2,1913977,1914903,+,99.461,100.0,1,1650.0,2,NZ_CP181216.1|+|2
GCF_053117575.1,VFG002166|WP_010714416|ace|ace,ace,ace,WP_010714416,collagen adhesin protein,approved_primary,NZ_CP181216.1,1,1031826,1033709,+,93.99111649659864,100.0,6,2577.0,1,NZ_CP181216.1|+|1
GCF_053117575.1,VFG002171|WP_011109430|EF0149|aggregation_substance_context,aggregation_substance_context,EF0149,WP_011109430,aggregation substance,review_required_context,NZ_CP181216.1,1,134727,138644,+,99.974,100.0,1,7062.0,1,NZ_CP181216.1|+|1
GCF_053117575.1,VFG002171|WP_011109430|EF0149|aggregation_substance_context,aggregation_substance_context,EF0149,WP_011109430,aggregation substance,review_required_context,NZ_CP181216.1,2,400135,403982,+,89.58399999999999,98.36651352730985,1,5139.0,2,NZ_CP181216.1|+|2
GCF_053117575.1,VFG002171|WP_011109430|EF0149|aggregation_substance_context,aggregation_substance_context,EF0149,WP_011109430,aggregation substance,review_required_context,NZ_CP181217.1,1,11053,14910,+,89.184,98.39203675344564,1,5085.0,1,NZ_CP181217.1|+|1
GCF_053117575.1,VFG002171|WP_011109430|EF0149|aggregation_substance_context,aggregation_substance_context,EF0149,WP_011109430,aggregation substance,review_required_context,NZ_CP181217.1,2,64231,68079,+,89.22200000000001,98.39203675344564,1,5084.0,2,NZ_CP181217.1|+|2
GCF_053117575.1,VFG002172|WP_010710127|EF0485|aggregation_substance_context,aggregation_substance_context,EF0485,WP_010710127,aggregation substance,review_required_context,NZ_CP181216.1,1,134728,138581,+,89.61000000000001,98.21337417049516,1,5144.0,1,NZ_CP181216.1|+|1
GCF_053117575.1,VFG002172|WP_010710127|EF0485|aggregation_substance_context,aggregation_substance_context,EF0485,WP_010710127,aggregation substance,review_required_context,NZ_CP181216.1,2,400134,404051,+,100.0,100.0,1,7066.0,2,NZ_CP181216.1|+|2
GCF_053117575.1,VFG002172|WP_010710127|EF0485|aggregation_substance_context,aggregation_substance_context,EF0485,WP_010710127,aggregation substance,review_required_context,NZ_CP181217.1,1,11054,14979,+,95.314,99.97447677386421,1,6249.0,1,NZ_CP181217.1|+|1
GCF_053117575.1,VFG002172|WP_010710127|EF0485|aggregation_substance_context,aggregation_substance_context,EF0485,WP_010710127,aggregation substance,review_required_context,NZ_CP181217.1,2,64232,68148,+,95.124,99.97447677386421,1,6203.0,2,NZ_CP181217.1|+|2
GCF_053117575.1,VFG002173|WP_010785625|asa1|asa1_or_validated_equivalent,asa1_or_validated_equivalent,asa1,WP_010785625,aggregation substance Asa1,approved_primary,NZ_CP181216.1,1,134727,138581,+,93.63002919708029,77.46080699049088,2,3463.0,1,NZ_CP181216.1|+|1
GCF_053117575.1,VFG002173|WP_010785625|asa1|asa1_or_validated_equivalent,asa1_or_validated_equivalent,asa1,WP_010785625,aggregation substance Asa1,approved_primary,NZ_CP181216.1,2,400135,404051,+,93.59147644985582,80.10794140323824,2,3581.0,2,NZ_CP181216.1|+|2
GCF_053117575.1,VFG002173|WP_010785625|asa1|asa1_or_validated_equivalent,asa1_or_validated_equivalent,asa1,WP_010785625,aggregation substance Asa1,approved_primary,NZ_CP181217.1,1,11053,14979,+,94.21473303167421,79.23413004369057,2,3646.0,1,NZ_CP181217.1|+|1
GCF_053117575.1,VFG002173|WP_010785625|asa1|asa1_or_validated_equivalent,asa1_or_validated_equivalent,asa1,WP_010785625,aggregation substance Asa1,approved_primary,NZ_CP181217.1,2,64231,68148,+,94.52240262652145,80.13364173734259,2,3595.0,2,NZ_CP181217.1|+|2
GCF_053117575.1,VFG002174|WP_002369251|gelE|gelE,gelE,gelE,WP_002369251,coccolysin,approved_primary,NZ_CP181216.1,1,1704210,1705742,-,98.89100000000002,100.0,1,2689.0,1,NZ_CP181216.1|-|1
GCF_053117575.1,VFG002175|AAM75248|cylR1|cytolysin_operon_context,cytolysin_operon_context,cylR1,AAM75248,cytolysin regulator R1,context_only,NZ_CP181216.1,1,434190,434474,-,100.0,100.0,1,515.0,2,NZ_CP181216.1|-|2
GCF_053117575.1,VFG002176|AAM75252|cylB|cytolysin_operon_context,cytolysin_operon_context,cylB,AAM75252,ABC-type transporter,context_only,NZ_CP181216.1,1,438078,440222,+,99.814,100.0,1,3851.0,3,NZ_CP181216.1|+|3
GCF_053117575.1,VFG002177|AAM75253|cylA|cylA,cylA,cylA,AAM75253,cytolysin activator,approved_primary,NZ_CP181216.1,1,440219,441457,+,99.839,100.0,1,2226.0,1,NZ_CP181216.1|+|1
GCF_053117575.1,VFG002178|AAM75254|cylI|cytolysin_operon_context,cytolysin_operon_context,cylI,AAM75254,cytolysin immunity protein,context_only,NZ_CP181216.1,1,441458,442441,+,97.256,100.0,1,1654.0,4,NZ_CP181216.1|+|4
GCF_053117575.1,VFG002179|AAD09858|esp|esp,esp,esp,AAD09858,Enterococcal surface protein; Esp,approved_primary,NZ_CP181216.1,1,447105,452726,+,97.11467852887851,100.0,19,10076.0,1,NZ_CP181216.1|+|1
GCF_053117575.1,VFG002191|WP_002369252|sprE|sprE,sprE,sprE,WP_002369252,"serine proteinase, V8 family",approved_primary,NZ_CP181216.1,1,1703307,1704161,-,98.48,100.0,1,1484.0,1,NZ_CP181216.1|-|1
GCF_053117575.1,VFG042976|WP_154081516|ebpA|ebpA,ebpA,ebpA,WP_154081516,endocarditis and biofilm-associated pilus tip protein EbpA,approved_primary,NZ_CP181216.1,1,1017823,1021287,+,99.509,100.0,1,6173.0,1,NZ_CP181216.1|+|1
GCF_053117575.1,VFG042977|WP_002379309|ebpB|ebpB,ebpB,ebpB,WP_002379309,endocarditis and biofilm-associated pilus minor subunit EbpB,approved_primary,NZ_CP181216.1,1,1021291,1022721,+,99.441,100.0,1,2545.0,1,NZ_CP181216.1|+|1
GCF_053117575.1,VFG042978|WP_011109477|ebpC|ebpC,ebpC,ebpC,WP_011109477,endocarditis and biofilm-associated pilus major subunit EbpC,approved_primary,NZ_CP181216.1,1,1022718,1024601,+,99.363,100.0,1,3345.0,1,NZ_CP181216.1|+|1
GCF_053117575.1,VFG045470|AAM75247|cylR2|cytolysin_operon_context,cytolysin_operon_context,cylR2,AAM75247,cytolysin regulator R2,context_only,NZ_CP181216.1,1,433989,434189,-,100.0,100.0,1,363.0,1,NZ_CP181216.1|-|1
GCF_053117575.1,VFG045472|AAM75249|cylL|cytolysin_operon_context,cytolysin_operon_context,cylL,AAM75249,CylL; cytolysin subunit,context_only,NZ_CP181216.1,1,434593,434966,+,96.56350515463917,100.0,2,374.0,1,NZ_CP181216.1|+|1
GCF_053117575.1,VFG045473|AAM75250|cylS|cytolysin_operon_context,cytolysin_operon_context,cylS,AAM75250,CylS; cytolysin subunit,context_only,NZ_CP181216.1,1,434607,435024,+,96.37673913043479,100.0,2,347.0,1,NZ_CP181216.1|+|1
GCF_053117575.1,VFG045474|AAM75251|cylM|cytolysin_operon_context,cytolysin_operon_context,cylM,AAM75251,CylM; cytolysin subunit modifier,context_only,NZ_CP181216.1,1,435085,438066,+,99.698,100.0,1,5338.0,2,NZ_CP181216.1|+|2
GCF_053117585.1,VFG002164|WP_002395058|prgB/asc10|aggregation_substance_context,aggregation_substance_context,prgB/asc10,WP_002395058,aggregation substance PrgB/Asc10,review_required_context,NZ_CP181214.1,1,129116,133532,+,93.66829523809525,97.85604900459418,2,5258.0,1,NZ_CP181214.1|+|1
GCF_053117585.1,VFG002164|WP_002395058|prgB/asc10|aggregation_substance_context,aggregation_substance_context,prgB/asc10,WP_002395058,aggregation substance PrgB/Asc10,review_required_context,NZ_CP181214.1,2,405557,409473,+,95.434,99.97447677386421,1,6259.0,2,NZ_CP181214.1|+|2
GCF_053117585.1,VFG002164|WP_002395058|prgB/asc10|aggregation_substance_context,aggregation_substance_context,prgB/asc10,WP_002395058,aggregation substance PrgB/Asc10,review_required_context,NZ_CP181215.1,1,19973,24302,+,90.7141835965119,100.0,2,5506.0,1,NZ_CP181215.1|+|1
GCF_053117585.1,VFG002165|WP_002356954|efaA|efaA,efaA,efaA,WP_002356954,endocarditis specific antigen,approved_primary,NZ_CP181214.1,1,509081,509865,+,68.244,84.68176914778857,1,260.0,1,NZ_CP181214.1|+|1
GCF_053117585.1,VFG002165|WP_002356954|efaA|efaA,efaA,efaA,WP_002356954,endocarditis specific antigen,approved_primary,NZ_CP181214.1,2,1888428,1889354,+,99.676,100.0,1,1659.0,2,NZ_CP181214.1|+|2
GCF_053117585.1,VFG002166|WP_010714416|ace|ace,ace,ace,WP_010714416,collagen adhesin protein,approved_primary,NZ_CP181214.1,1,1057603,1059486,+,93.99111649659864,100.0,6,2577.0,1,NZ_CP181214.1|+|1
GCF_053117585.1,VFG002171|WP_011109430|EF0149|aggregation_substance_context,aggregation_substance_context,EF0149,WP_011109430,aggregation substance,review_required_context,NZ_CP181214.1,1,129116,133596,+,88.69219178082193,99.64267483409903,2,4545.0,1,NZ_CP181214.1|+|1
GCF_053117585.1,VFG002171|WP_011109430|EF0149|aggregation_substance_context,aggregation_substance_context,EF0149,WP_011109430,aggregation substance,review_required_context,NZ_CP181214.1,2,405557,409404,+,89.58399999999999,98.36651352730985,1,5139.0,2,NZ_CP181214.1|+|2
GCF_053117585.1,VFG002171|WP_011109430|EF0149|aggregation_substance_context,aggregation_substance_context,EF0149,WP_011109430,aggregation substance,review_required_context,NZ_CP181215.1,1,19973,24233,+,86.74903765490944,98.39203675344564,2,4704.0,1,NZ_CP181215.1|+|1
GCF_053117585.1,VFG002172|WP_010710127|EF0485|aggregation_substance_context,aggregation_substance_context,EF0485,WP_010710127,aggregation substance,review_required_context,NZ_CP181214.1,1,129117,133532,+,93.7435762100927,97.8305257784584,2,5253.0,1,NZ_CP181214.1|+|1
GCF_053117585.1,VFG002172|WP_010710127|EF0485|aggregation_substance_context,aggregation_substance_context,EF0485,WP_010710127,aggregation substance,review_required_context,NZ_CP181214.1,2,405556,409473,+,100.0,100.0,1,7066.0,2,NZ_CP181214.1|+|2
GCF_053117585.1,VFG002172|WP_010710127|EF0485|aggregation_substance_context,aggregation_substance_context,EF0485,WP_010710127,aggregation substance,review_required_context,NZ_CP181215.1,1,19974,24302,+,90.7591239981141,99.97447677386421,2,5531.0,1,NZ_CP181215.1|+|1
GCF_053117585.1,VFG002173|WP_010785625|asa1|asa1_or_validated_equivalent,asa1_or_validated_equivalent,asa1,WP_010785625,aggregation substance Asa1,approved_primary,NZ_CP181214.1,1,129116,133532,+,94.52372553467272,77.97481367257774,3,3610.0,1,NZ_CP181214.1|+|1
GCF_053117585.1,VFG002173|WP_010785625|asa1|asa1_or_validated_equivalent,asa1_or_validated_equivalent,asa1,WP_010785625,aggregation substance Asa1,approved_primary,NZ_CP181214.1,2,405557,409473,+,93.59147644985582,80.10794140323824,2,3581.0,2,NZ_CP181214.1|+|2
GCF_053117585.1,VFG002173|WP_010785625|asa1|asa1_or_validated_equivalent,asa1_or_validated_equivalent,asa1,WP_010785625,aggregation substance Asa1,approved_primary,NZ_CP181215.1,1,19973,24302,+,91.9231165020337,80.13364173734259,3,3777.0,1,NZ_CP181215.1|+|1
GCF_053117585.1,VFG002175|AAM75248|cylR1|cytolysin_operon_context,cytolysin_operon_context,cylR1,AAM75248,cytolysin regulator R1,context_only,NZ_CP181214.1,1,439611,439895,-,100.0,100.0,1,515.0,2,NZ_CP181214.1|-|2
GCF_053117585.1,VFG002176|AAM75252|cylB|cytolysin_operon_context,cytolysin_operon_context,cylB,AAM75252,ABC-type transporter,context_only,NZ_CP181214.1,1,443499,445643,+,99.814,100.0,1,3851.0,3,NZ_CP181214.1|+|3
GCF_053117585.1,VFG002177|AAM75253|cylA|cylA,cylA,cylA,AAM75253,cytolysin activator,approved_primary,NZ_CP181214.1,1,445640,446878,+,99.839,100.0,1,2226.0,1,NZ_CP181214.1|+|1
GCF_053117585.1,VFG002177|AAM75253|cylA|cylA,cylA,cylA,AAM75253,cytolysin activator,approved_primary,NZ_CP181214.1,2,489386,489456,+,95.775,5.73042776432607,1,115.0,2,NZ_CP181214.1|+|2
GCF_053117585.1,VFG002178|AAM75254|cylI|cytolysin_operon_context,cytolysin_operon_context,cylI,AAM75254,cytolysin immunity protein,context_only,NZ_CP181214.1,1,446879,447862,+,97.154,100.0,1,1649.0,4,NZ_CP181214.1|+|4
GCF_053117585.1,VFG002178|AAM75254|cylI|cytolysin_operon_context,cytolysin_operon_context,cylI,AAM75254,cytolysin immunity protein,context_only,NZ_CP181214.1,2,489457,490440,+,96.447,100.0,1,1612.0,5,NZ_CP181214.1|+|5
GCF_053117585.1,VFG002179|AAD09858|esp|esp,esp,esp,AAD09858,Enterococcal surface protein; Esp,approved_primary,NZ_CP181214.1,1,452526,458393,+,96.72186802509317,100.0,20,8882.0,1,NZ_CP181214.1|+|1
GCF_053117585.1,VFG042976|WP_154081516|ebpA|ebpA,ebpA,ebpA,WP_154081516,endocarditis and biofilm-associated pilus tip protein EbpA,approved_primary,NZ_CP181214.1,1,1043600,1047064,+,99.538,100.0,1,6177.0,1,NZ_CP181214.1|+|1
GCF_053117585.1,VFG042977|WP_002379309|ebpB|ebpB,ebpB,ebpB,WP_002379309,endocarditis and biofilm-associated pilus minor subunit EbpB,approved_primary,NZ_CP181214.1,1,1047068,1048498,+,99.441,100.0,1,2545.0,1,NZ_CP181214.1|+|1
GCF_053117585.1,VFG042978|WP_011109477|ebpC|ebpC,ebpC,ebpC,WP_011109477,endocarditis and biofilm-associated pilus major subunit EbpC,approved_primary,NZ_CP181214.1,1,1048495,1050378,+,99.363,100.0,1,3345.0,1,NZ_CP181214.1|+|1
GCF_053117585.1,VFG045470|AAM75247|cylR2|cytolysin_operon_context,cytolysin_operon_context,cylR2,AAM75247,cytolysin regulator R2,context_only,NZ_CP181214.1,1,439410,439610,-,100.0,100.0,1,363.0,1,NZ_CP181214.1|-|1
GCF_053117585.1,VFG045472|AAM75249|cylL|cytolysin_operon_context,cytolysin_operon_context,cylL,AAM75249,CylL; cytolysin subunit,context_only,NZ_CP181214.1,1,440014,440387,+,96.56350515463917,100.0,2,374.0,1,NZ_CP181214.1|+|1
GCF_053117585.1,VFG045473|AAM75250|cylS|cytolysin_operon_context,cytolysin_operon_context,cylS,AAM75250,CylS; cytolysin subunit,context_only,NZ_CP181214.1,1,440028,440445,+,96.37673913043479,100.0,2,347.0,1,NZ_CP181214.1|+|1
GCF_053117585.1,VFG045474|AAM75251|cylM|cytolysin_operon_context,cytolysin_operon_context,cylM,AAM75251,CylM; cytolysin subunit modifier,context_only,NZ_CP181214.1,1,440506,443487,+,99.698,100.0,1,5338.0,2,NZ_CP181214.1|+|2
GCF_053117655.1,VFG002164|WP_002395058|prgB/asc10|aggregation_substance_context,aggregation_substance_context,prgB/asc10,WP_002395058,aggregation substance PrgB/Asc10,review_required_context,NZ_CP181220.1,1,367200,371116,+,95.255,99.97447677386421,1,6228.0,1,NZ_CP181220.1|+|1
GCF_053117655.1,VFG002164|WP_002395058|prgB/asc10|aggregation_substance_context,aggregation_substance_context,prgB/asc10,WP_002395058,aggregation substance PrgB/Asc10,review_required_context,NZ_CP181221.1,1,2801,6717,+,89.444,100.0,1,5212.0,1,NZ_CP181221.1|+|1
GCF_053117655.1,VFG002165|WP_002356954|efaA|efaA,efaA,efaA,WP_002356954,endocarditis specific antigen,approved_primary,NZ_CP181220.1,1,428138,428947,+,68.237,87.37864077669903,1,269.0,1,NZ_CP181220.1|+|1
GCF_053117655.1,VFG002165|WP_002356954|efaA|efaA,efaA,efaA,WP_002356954,endocarditis specific antigen,approved_primary,NZ_CP181220.1,2,1814892,1815818,+,99.461,100.0,1,1650.0,2,NZ_CP181220.1|+|2
GCF_053117655.1,VFG002166|WP_010714416|ace|ace,ace,ace,WP_010714416,collagen adhesin protein,approved_primary,NZ_CP181220.1,1,968358,970241,+,93.99111649659864,100.0,6,2577.0,1,NZ_CP181220.1|+|1
GCF_053117655.1,VFG002171|WP_011109430|EF0149|aggregation_substance_context,aggregation_substance_context,EF0149,WP_011109430,aggregation substance,review_required_context,NZ_CP181220.1,1,367200,371047,+,89.661,98.36651352730985,1,5153.0,1,NZ_CP181220.1|+|1
GCF_053117655.1,VFG002171|WP_011109430|EF0149|aggregation_substance_context,aggregation_substance_context,EF0149,WP_011109430,aggregation substance,review_required_context,NZ_CP181221.1,1,2801,6699,+,97.846,99.5405819295559,1,6652.0,1,NZ_CP181221.1|+|1
GCF_053117655.1,VFG002172|WP_010710127|EF0485|aggregation_substance_context,aggregation_substance_context,EF0485,WP_010710127,aggregation substance,review_required_context,NZ_CP181220.1,1,367199,371116,+,99.413,100.0,1,6963.0,1,NZ_CP181220.1|+|1
GCF_053117655.1,VFG002172|WP_010710127|EF0485|aggregation_substance_context,aggregation_substance_context,EF0485,WP_010710127,aggregation substance,review_required_context,NZ_CP181221.1,1,2802,6639,+,89.595,97.8305257784584,1,5118.0,1,NZ_CP181221.1|+|1
GCF_053117655.1,VFG002173|WP_010785625|asa1|asa1_or_validated_equivalent,asa1_or_validated_equivalent,asa1,WP_010785625,aggregation substance Asa1,approved_primary,NZ_CP181220.1,1,367200,371116,+,93.77434987029831,79.20842970958623,2,3586.0,1,NZ_CP181220.1|+|1
GCF_053117655.1,VFG002173|WP_010785625|asa1|asa1_or_validated_equivalent,asa1_or_validated_equivalent,asa1,WP_010785625,aggregation substance Asa1,approved_primary,NZ_CP181221.1,1,2801,6639,+,93.99797199066356,77.07530197892572,2,3490.0,1,NZ_CP181221.1|+|1
GCF_053117655.1,VFG002175|AAM75248|cylR1|cytolysin_operon_context,cytolysin_operon_context,cylR1,AAM75248,cytolysin regulator R1,context_only,NZ_CP181220.1,1,401253,401537,-,100.0,100.0,1,515.0,2,NZ_CP181220.1|-|2
GCF_053117655.1,VFG002176|AAM75252|cylB|cytolysin_operon_context,cytolysin_operon_context,cylB,AAM75252,ABC-type transporter,context_only,NZ_CP181220.1,1,405141,407285,+,99.814,100.0,1,3851.0,3,NZ_CP181220.1|+|3
GCF_053117655.1,VFG002177|AAM75253|cylA|cylA,cylA,cylA,AAM75253,cytolysin activator,approved_primary,NZ_CP181220.1,1,407282,408520,+,99.839,100.0,1,2226.0,1,NZ_CP181220.1|+|1
GCF_053117655.1,VFG002178|AAM75254|cylI|cytolysin_operon_context,cytolysin_operon_context,cylI,AAM75254,cytolysin immunity protein,context_only,NZ_CP181220.1,1,408521,409503,+,97.154,100.0,1,1645.0,4,NZ_CP181220.1|+|4
GCF_053117655.1,VFG042976|WP_154081516|ebpA|ebpA,ebpA,ebpA,WP_154081516,endocarditis and biofilm-associated pilus tip protein EbpA,approved_primary,NZ_CP181220.1,1,954355,957819,+,99.509,100.0,1,6173.0,1,NZ_CP181220.1|+|1
GCF_053117655.1,VFG042977|WP_002379309|ebpB|ebpB,ebpB,ebpB,WP_002379309,endocarditis and biofilm-associated pilus minor subunit EbpB,approved_primary,NZ_CP181220.1,1,957823,959253,+,99.441,100.0,1,2545.0,1,NZ_CP181220.1|+|1
GCF_053117655.1,VFG042978|WP_011109477|ebpC|ebpC,ebpC,ebpC,WP_011109477,endocarditis and biofilm-associated pilus major subunit EbpC,approved_primary,NZ_CP181220.1,1,959250,961133,+,99.363,100.0,1,3345.0,1,NZ_CP181220.1|+|1
GCF_053117655.1,VFG045470|AAM75247|cylR2|cytolysin_operon_context,cytolysin_operon_context,cylR2,AAM75247,cytolysin regulator R2,context_only,NZ_CP181220.1,1,401052,401252,-,100.0,100.0,1,363.0,1,NZ_CP181220.1|-|1
GCF_053117655.1,VFG045472|AAM75249|cylL|cytolysin_operon_context,cytolysin_operon_context,cylL,AAM75249,CylL; cytolysin subunit,context_only,NZ_CP181220.1,1,401656,402029,+,96.56350515463917,100.0,2,374.0,1,NZ_CP181220.1|+|1
GCF_053117655.1,VFG045473|AAM75250|cylS|cytolysin_operon_context,cytolysin_operon_context,cylS,AAM75250,CylS; cytolysin subunit,context_only,NZ_CP181220.1,1,401670,402087,+,96.37673913043479,100.0,2,347.0,1,NZ_CP181220.1|+|1
GCF_053117655.1,VFG045474|AAM75251|cylM|cytolysin_operon_context,cytolysin_operon_context,cylM,AAM75251,CylM; cytolysin subunit modifier,context_only,NZ_CP181220.1,1,402148,405129,+,99.698,100.0,1,5338.0,2,NZ_CP181220.1|+|2
GCF_053117665.1,VFG002164|WP_002395058|prgB/asc10|aggregation_substance_context,aggregation_substance_context,prgB/asc10,WP_002395058,aggregation substance PrgB/Asc10,review_required_context,NZ_CP181222.1,1,1309740,1313631,+,93.72437111751522,79.58141909137315,2,3554.0,1,NZ_CP181222.1|+|1
GCF_053117665.1,VFG002165|WP_002356954|efaA|efaA,efaA,efaA,WP_002356954,endocarditis specific antigen,approved_primary,NZ_CP181222.1,1,475999,476808,+,68.237,87.37864077669903,1,269.0,1,NZ_CP181222.1|+|1
GCF_053117665.1,VFG002165|WP_002356954|efaA|efaA,efaA,efaA,WP_002356954,endocarditis specific antigen,approved_primary,NZ_CP181222.1,1,1151631,1152557,-,99.569,100.0,1,1654.0,1,NZ_CP181222.1|-|1
GCF_053117665.1,VFG002166|WP_010714416|ace|ace,ace,ace,WP_010714416,collagen adhesin protein,approved_primary,NZ_CP181222.1,1,2060265,2062289,-,93.24823510971787,100.0,7,3378.0,1,NZ_CP181222.1|-|1
GCF_053117665.1,VFG002171|WP_011109430|EF0149|aggregation_substance_context,aggregation_substance_context,EF0149,WP_011109430,aggregation substance,review_required_context,NZ_CP181222.1,1,1309740,1313562,+,94.12932338308458,76.92700357325165,2,3594.0,1,NZ_CP181222.1|+|1
GCF_053117665.1,VFG002172|WP_010710127|EF0485|aggregation_substance_context,aggregation_substance_context,EF0485,WP_010710127,aggregation substance,review_required_context,NZ_CP181222.1,1,1309741,1313631,+,93.01709449071109,79.55589586523736,2,3545.0,1,NZ_CP181222.1|+|1
GCF_053117665.1,VFG002173|WP_010785625|asa1|asa1_or_validated_equivalent,asa1_or_validated_equivalent,asa1,WP_010785625,aggregation substance Asa1,approved_primary,NZ_CP181222.1,1,1309740,1313631,+,96.557,100.0,1,6412.0,1,NZ_CP181222.1|+|1
GCF_053117665.1,VFG002174|WP_002369251|gelE|gelE,gelE,gelE,WP_002369251,coccolysin,approved_primary,NZ_CP181222.1,1,2028601,2030133,-,98.82600000000001,100.0,1,2684.0,1,NZ_CP181222.1|-|1
GCF_053117665.1,VFG002175|AAM75248|cylR1|cytolysin_operon_context,cytolysin_operon_context,cylR1,AAM75248,cytolysin regulator R1,context_only,NZ_CP181222.1,1,1362511,1362795,-,99.649,100.0,1,510.0,2,NZ_CP181222.1|-|2
GCF_053117665.1,VFG002176|AAM75252|cylB|cytolysin_operon_context,cytolysin_operon_context,cylB,AAM75252,ABC-type transporter,context_only,NZ_CP181222.1,1,1366399,1367936,+,99.285,71.7016317016317,1,2725.0,3,NZ_CP181222.1|+|3
GCF_053117665.1,VFG002176|AAM75252|cylB|cytolysin_operon_context,cytolysin_operon_context,cylB,AAM75252,ABC-type transporter,context_only,NZ_CP181222.1,1,2058443,2059077,-,97.953,29.603729603729604,1,1087.0,4,NZ_CP181222.1|-|4
GCF_053117665.1,VFG002177|AAM75253|cylA|cylA,cylA,cylA,AAM75253,cytolysin activator,approved_primary,NZ_CP181222.1,1,2057208,2058446,-,98.789,100.0,1,2168.0,1,NZ_CP181222.1|-|1
GCF_053117665.1,VFG002178|AAM75254|cylI|cytolysin_operon_context,cytolysin_operon_context,cylI,AAM75254,cytolysin immunity protein,context_only,NZ_CP181222.1,1,2056224,2057207,-,97.764,100.0,1,1676.0,3,NZ_CP181222.1|-|3
GCF_053117665.1,VFG002179|AAD09858|esp|esp,esp,esp,AAD09858,Enterococcal surface protein; Esp,approved_primary,NZ_CP181222.1,1,424224,429839,+,96.25417110861166,100.0,19,4846.0,1,NZ_CP181222.1|+|1
GCF_053117665.1,VFG002191|WP_002369252|sprE|sprE,sprE,sprE,WP_002369252,"serine proteinase, V8 family",approved_primary,NZ_CP181222.1,1,2027698,2028552,-,98.363,100.0,1,1480.0,1,NZ_CP181222.1|-|1
GCF_053117665.1,VFG042976|WP_154081516|ebpA|ebpA,ebpA,ebpA,WP_154081516,endocarditis and biofilm-associated pilus tip protein EbpA,approved_primary,NZ_CP181222.1,1,2071837,2075301,-,99.481,100.0,1,6168.0,1,NZ_CP181222.1|-|1
GCF_053117665.1,VFG042977|WP_002379309|ebpB|ebpB,ebpB,ebpB,WP_002379309,endocarditis and biofilm-associated pilus minor subunit EbpB,approved_primary,NZ_CP181222.1,1,2070403,2071833,-,99.371,100.0,1,2541.0,1,NZ_CP181222.1|-|1
GCF_053117665.1,VFG042978|WP_011109477|ebpC|ebpC,ebpC,ebpC,WP_011109477,endocarditis and biofilm-associated pilus major subunit EbpC,approved_primary,NZ_CP181222.1,1,2068523,2070406,-,99.045,100.0,1,3318.0,1,NZ_CP181222.1|-|1
GCF_053117665.1,VFG045470|AAM75247|cylR2|cytolysin_operon_context,cytolysin_operon_context,cylR2,AAM75247,cytolysin regulator R2,context_only,NZ_CP181222.1,1,1362311,1362510,-,97.512,100.0,1,337.0,1,NZ_CP181222.1|-|1
GCF_053117665.1,VFG045472|AAM75249|cylL|cytolysin_operon_context,cytolysin_operon_context,cylL,AAM75249,CylL; cytolysin subunit,context_only,NZ_CP181222.1,1,1362914,1363287,+,95.87642268041238,100.0,2,370.0,1,NZ_CP181222.1|+|1
GCF_053117665.1,VFG045473|AAM75250|cylS|cytolysin_operon_context,cytolysin_operon_context,cylS,AAM75250,CylS; cytolysin subunit,context_only,NZ_CP181222.1,1,1362928,1363345,+,96.01430434782608,100.0,2,343.0,1,NZ_CP181222.1|+|1
GCF_053117665.1,VFG045474|AAM75251|cylM|cytolysin_operon_context,cytolysin_operon_context,cylM,AAM75251,CylM; cytolysin subunit modifier,context_only,NZ_CP181222.1,1,1363406,1366387,+,98.793,100.0,1,5216.0,2,NZ_CP181222.1|+|2
GCF_053117675.1,VFG002164|WP_002395058|prgB/asc10|aggregation_substance_context,aggregation_substance_context,prgB/asc10,WP_002395058,aggregation substance PrgB/Asc10,review_required_context,NZ_CP181227.1,1,23471,27388,+,96.35,100.0,1,6422.0,1,NZ_CP181227.1|+|1
GCF_053117675.1,VFG002164|WP_002395058|prgB/asc10|aggregation_substance_context,aggregation_substance_context,prgB/asc10,WP_002395058,aggregation substance PrgB/Asc10,review_required_context,NZ_CP181228.1,1,12804,16715,+,94.646,100.0,1,6117.0,1,NZ_CP181228.1|+|1
GCF_053117675.1,VFG002164|WP_002395058|prgB/asc10|aggregation_substance_context,aggregation_substance_context,prgB/asc10,WP_002395058,aggregation substance PrgB/Asc10,review_required_context,NZ_CP181228.1,2,63506,67417,+,94.646,100.0,1,6117.0,2,NZ_CP181228.1|+|2
GCF_053117675.1,VFG002165|WP_002356954|efaA|efaA,efaA,efaA,WP_002356954,endocarditis specific antigen,approved_primary,NZ_CP181226.1,1,451471,452280,+,68.237,87.37864077669903,1,269.0,1,NZ_CP181226.1|+|1
GCF_053117675.1,VFG002165|WP_002356954|efaA|efaA,efaA,efaA,WP_002356954,endocarditis specific antigen,approved_primary,NZ_CP181226.1,2,1845288,1846214,+,99.676,100.0,1,1659.0,2,NZ_CP181226.1|+|2
GCF_053117675.1,VFG002166|WP_010714416|ace|ace,ace,ace,WP_010714416,collagen adhesin protein,approved_primary,NZ_CP181226.1,1,1039797,1041680,+,93.81397947295423,100.0,7,2536.0,1,NZ_CP181226.1|+|1
GCF_053117675.1,VFG002171|WP_011109430|EF0149|aggregation_substance_context,aggregation_substance_context,EF0149,WP_011109430,aggregation substance,review_required_context,NZ_CP181227.1,1,23471,27319,+,89.69,98.39203675344564,1,5159.0,1,NZ_CP181227.1|+|1
GCF_053117675.1,VFG002171|WP_011109430|EF0149|aggregation_substance_context,aggregation_substance_context,EF0149,WP_011109430,aggregation substance,review_required_context,NZ_CP181228.1,1,12804,16697,+,89.619,99.5405819295559,1,5199.0,1,NZ_CP181228.1|+|1
GCF_053117675.1,VFG002171|WP_011109430|EF0149|aggregation_substance_context,aggregation_substance_context,EF0149,WP_011109430,aggregation substance,review_required_context,NZ_CP181228.1,2,63506,67399,+,89.619,99.5405819295559,1,5199.0,2,NZ_CP181228.1|+|2
GCF_053117675.1,VFG002172|WP_010710127|EF0485|aggregation_substance_context,aggregation_substance_context,EF0485,WP_010710127,aggregation substance,review_required_context,NZ_CP181227.1,1,23472,27388,+,95.992,99.97447677386421,1,6357.0,1,NZ_CP181227.1|+|1
GCF_053117675.1,VFG002172|WP_010710127|EF0485|aggregation_substance_context,aggregation_substance_context,EF0485,WP_010710127,aggregation substance,review_required_context,NZ_CP181228.1,1,12805,16637,+,94.731,97.8305257784584,1,5997.0,1,NZ_CP181228.1|+|1
GCF_053117675.1,VFG002172|WP_010710127|EF0485|aggregation_substance_context,aggregation_substance_context,EF0485,WP_010710127,aggregation substance,review_required_context,NZ_CP181228.1,2,63507,67339,+,94.731,97.8305257784584,1,5997.0,2,NZ_CP181228.1|+|2
GCF_053117675.1,VFG002173|WP_010785625|asa1|asa1_or_validated_equivalent,asa1_or_validated_equivalent,asa1,WP_010785625,aggregation substance Asa1,approved_primary,NZ_CP181227.1,1,23471,27388,+,96.28474567584882,80.13364173734259,2,3874.0,1,NZ_CP181227.1|+|1
GCF_053117675.1,VFG002173|WP_010785625|asa1|asa1_or_validated_equivalent,asa1_or_validated_equivalent,asa1,WP_010785625,aggregation substance Asa1,approved_primary,NZ_CP181228.1,1,12804,16637,+,94.14074884792626,77.97481367257774,2,3425.0,1,NZ_CP181228.1|+|1
GCF_053117675.1,VFG002173|WP_010785625|asa1|asa1_or_validated_equivalent,asa1_or_validated_equivalent,asa1,WP_010785625,aggregation substance Asa1,approved_primary,NZ_CP181228.1,2,63506,67339,+,94.14074884792626,77.97481367257774,2,3425.0,2,NZ_CP181228.1|+|2
GCF_053117675.1,VFG002179|AAD09858|esp|esp,esp,esp,AAD09858,Enterococcal surface protein; Esp,approved_primary,NZ_CP181226.1,1,417140,422502,+,96.23293653855917,99.85770188545001,18,4419.0,1,NZ_CP181226.1|+|1
GCF_053117675.1,VFG042976|WP_154081516|ebpA|ebpA,ebpA,ebpA,WP_154081516,endocarditis and biofilm-associated pilus tip protein EbpA,approved_primary,NZ_CP181226.1,1,991772,995236,+,99.481,100.0,1,6168.0,1,NZ_CP181226.1|+|1
GCF_053117675.1,VFG042977|WP_002379309|ebpB|ebpB,ebpB,ebpB,WP_002379309,endocarditis and biofilm-associated pilus minor subunit EbpB,approved_primary,NZ_CP181226.1,1,995240,996670,+,99.371,100.0,1,2541.0,1,NZ_CP181226.1|+|1
GCF_053117675.1,VFG042978|WP_011109477|ebpC|ebpC,ebpC,ebpC,WP_011109477,endocarditis and biofilm-associated pilus major subunit EbpC,approved_primary,NZ_CP181226.1,1,996667,998550,+,99.363,100.0,1,3345.0,1,NZ_CP181226.1|+|1
GCF_053117685.1,VFG002164|WP_002395058|prgB/asc10|aggregation_substance_context,aggregation_substance_context,prgB/asc10,WP_002395058,aggregation substance PrgB/Asc10,review_required_context,NZ_CP181229.1,1,134643,138503,+,89.703,98.39203675344564,1,5176.0,1,NZ_CP181229.1|+|1
GCF_053117685.1,VFG002164|WP_002395058|prgB/asc10|aggregation_substance_context,aggregation_substance_context,prgB/asc10,WP_002395058,aggregation substance PrgB/Asc10,review_required_context,NZ_CP181229.1,1,2702314,2706230,-,95.434,99.97447677386421,1,6259.0,1,NZ_CP181229.1|-|1
GCF_053117685.1,VFG002164|WP_002395058|prgB/asc10|aggregation_substance_context,aggregation_substance_context,prgB/asc10,WP_002395058,aggregation substance PrgB/Asc10,review_required_context,NZ_CP181230.1,1,11780,15706,+,94.857,100.0,1,6170.0,1,NZ_CP181230.1|+|1
GCF_053117685.1,VFG002164|WP_002395058|prgB/asc10|aggregation_substance_context,aggregation_substance_context,prgB/asc10,WP_002395058,aggregation substance PrgB/Asc10,review_required_context,NZ_CP181231.1,1,10593,14483,+,94.93929820627802,79.58141909137315,2,3681.0,1,NZ_CP181231.1|+|1
GCF_053117685.1,VFG002165|WP_002356954|efaA|efaA,efaA,efaA,WP_002356954,endocarditis specific antigen,approved_primary,NZ_CP181229.1,1,1188580,1189506,-,99.461,100.0,1,1650.0,1,NZ_CP181229.1|-|1
GCF_053117685.1,VFG002165|WP_002356954|efaA|efaA,efaA,efaA,WP_002356954,endocarditis specific antigen,approved_primary,NZ_CP181229.1,2,2608079,2608888,-,68.237,87.37864077669903,1,269.0,2,NZ_CP181229.1|-|2
GCF_053117685.1,VFG002166|WP_010714416|ace|ace,ace,ace,WP_010714416,collagen adhesin protein,approved_primary,NZ_CP181229.1,1,2074589,2076471,-,93.96243622448978,100.0,6,2569.0,1,NZ_CP181229.1|-|1
GCF_053117685.1,VFG002171|WP_011109430|EF0149|aggregation_substance_context,aggregation_substance_context,EF0149,WP_011109430,aggregation substance,review_required_context,NZ_CP181229.1,1,134643,138560,+,99.974,100.0,1,7062.0,1,NZ_CP181229.1|+|1
GCF_053117685.1,VFG002171|WP_011109430|EF0149|aggregation_substance_context,aggregation_substance_context,EF0149,WP_011109430,aggregation substance,review_required_context,NZ_CP181229.1,1,2702383,2706230,-,89.58399999999999,98.36651352730985,1,5139.0,1,NZ_CP181229.1|-|1
GCF_053117685.1,VFG002171|WP_011109430|EF0149|aggregation_substance_context,aggregation_substance_context,EF0149,WP_011109430,aggregation substance,review_required_context,NZ_CP181230.1,1,11780,15637,+,89.184,98.39203675344564,1,5085.0,1,NZ_CP181230.1|+|1
GCF_053117685.1,VFG002171|WP_011109430|EF0149|aggregation_substance_context,aggregation_substance_context,EF0149,WP_011109430,aggregation substance,review_required_context,NZ_CP181231.1,1,10593,14420,+,94.07316887417218,77.08014293006636,2,3501.0,1,NZ_CP181231.1|+|1
GCF_053117685.1,VFG002172|WP_010710127|EF0485|aggregation_substance_context,aggregation_substance_context,EF0485,WP_010710127,aggregation substance,review_required_context,NZ_CP181229.1,1,134644,138497,+,89.61000000000001,98.21337417049516,1,5144.0,1,NZ_CP181229.1|+|1
GCF_053117685.1,VFG002172|WP_010710127|EF0485|aggregation_substance_context,aggregation_substance_context,EF0485,WP_010710127,aggregation substance,review_required_context,NZ_CP181229.1,1,2702314,2706231,-,100.0,100.0,1,7066.0,1,NZ_CP181229.1|-|1
GCF_053117685.1,VFG002172|WP_010710127|EF0485|aggregation_substance_context,aggregation_substance_context,EF0485,WP_010710127,aggregation substance,review_required_context,NZ_CP181230.1,1,11781,15706,+,95.34,99.97447677386421,1,6254.0,1,NZ_CP181230.1|+|1
GCF_053117685.1,VFG002172|WP_010710127|EF0485|aggregation_substance_context,aggregation_substance_context,EF0485,WP_010710127,aggregation substance,review_required_context,NZ_CP181231.1,1,10594,14483,+,94.39810947503202,79.55589586523736,2,3690.0,1,NZ_CP181231.1|+|1
GCF_053117685.1,VFG002173|WP_010785625|asa1|asa1_or_validated_equivalent,asa1_or_validated_equivalent,asa1,WP_010785625,aggregation substance Asa1,approved_primary,NZ_CP181229.1,1,134643,138497,+,93.63002919708029,77.46080699049088,2,3463.0,1,NZ_CP181229.1|+|1
GCF_053117685.1,VFG002173|WP_010785625|asa1|asa1_or_validated_equivalent,asa1_or_validated_equivalent,asa1,WP_010785625,aggregation substance Asa1,approved_primary,NZ_CP181229.1,1,2702314,2706230,-,93.59147644985582,80.10794140323824,2,3581.0,1,NZ_CP181229.1|-|1
GCF_053117685.1,VFG002173|WP_010785625|asa1|asa1_or_validated_equivalent,asa1_or_validated_equivalent,asa1,WP_010785625,aggregation substance Asa1,approved_primary,NZ_CP181230.1,1,11780,15706,+,94.24669812540401,79.23413004369057,2,3651.0,1,NZ_CP181230.1|+|1
GCF_053117685.1,VFG002173|WP_010785625|asa1|asa1_or_validated_equivalent,asa1_or_validated_equivalent,asa1,WP_010785625,aggregation substance Asa1,approved_primary,NZ_CP181231.1,1,10593,14483,+,96.942,100.0,1,6481.0,1,NZ_CP181231.1|+|1
GCF_053117685.1,VFG002174|WP_002369251|gelE|gelE,gelE,gelE,WP_002369251,coccolysin,approved_primary,NZ_CP181229.1,1,1397739,1399271,+,98.89100000000002,100.0,1,2689.0,1,NZ_CP181229.1|+|1
GCF_053117685.1,VFG002175|AAM75248|cylR1|cytolysin_operon_context,cytolysin_operon_context,cylR1,AAM75248,cytolysin regulator R1,context_only,NZ_CP181229.1,1,2671892,2672176,+,100.0,100.0,1,515.0,1,NZ_CP181229.1|+|1
GCF_053117685.1,VFG002176|AAM75252|cylB|cytolysin_operon_context,cytolysin_operon_context,cylB,AAM75252,ABC-type transporter,context_only,NZ_CP181229.1,1,2666144,2668288,-,99.814,100.0,1,3851.0,2,NZ_CP181229.1|-|2
GCF_053117685.1,VFG002177|AAM75253|cylA|cylA,cylA,cylA,AAM75253,cytolysin activator,approved_primary,NZ_CP181229.1,1,2664909,2666147,-,99.839,100.0,1,2226.0,1,NZ_CP181229.1|-|1
GCF_053117685.1,VFG002178|AAM75254|cylI|cytolysin_operon_context,cytolysin_operon_context,cylI,AAM75254,cytolysin immunity protein,context_only,NZ_CP181229.1,1,2663925,2664908,-,97.256,100.0,1,1654.0,1,NZ_CP181229.1|-|1
GCF_053117685.1,VFG002179|AAD09858|esp|esp,esp,esp,AAD09858,Enterococcal surface protein; Esp,approved_primary,NZ_CP181229.1,1,2653880,2659261,-,96.78051731707316,100.0,18,5372.0,1,NZ_CP181229.1|-|1
GCF_053117685.1,VFG002191|WP_002369252|sprE|sprE,sprE,sprE,WP_002369252,"serine proteinase, V8 family",approved_primary,NZ_CP181229.1,1,1399320,1400174,+,98.48,100.0,1,1484.0,1,NZ_CP181229.1|+|1
GCF_053117685.1,VFG042976|WP_154081516|ebpA|ebpA,ebpA,ebpA,WP_154081516,endocarditis and biofilm-associated pilus tip protein EbpA,approved_primary,NZ_CP181229.1,1,2087010,2090474,-,99.538,100.0,1,6177.0,1,NZ_CP181229.1|-|1
GCF_053117685.1,VFG042977|WP_002379309|ebpB|ebpB,ebpB,ebpB,WP_002379309,endocarditis and biofilm-associated pilus minor subunit EbpB,approved_primary,NZ_CP181229.1,1,2085576,2087006,-,99.441,100.0,1,2545.0,1,NZ_CP181229.1|-|1
GCF_053117685.1,VFG042978|WP_011109477|ebpC|ebpC,ebpC,ebpC,WP_011109477,endocarditis and biofilm-associated pilus major subunit EbpC,approved_primary,NZ_CP181229.1,1,2083696,2085579,-,99.363,100.0,1,3345.0,1,NZ_CP181229.1|-|1
GCF_053117685.1,VFG045470|AAM75247|cylR2|cytolysin_operon_context,cytolysin_operon_context,cylR2,AAM75247,cytolysin regulator R2,context_only,NZ_CP181229.1,1,2672177,2672377,+,100.0,100.0,1,363.0,2,NZ_CP181229.1|+|2
GCF_053117685.1,VFG045472|AAM75249|cylL|cytolysin_operon_context,cytolysin_operon_context,cylL,AAM75249,CylL; cytolysin subunit,context_only,NZ_CP181229.1,1,2671400,2671773,-,96.56350515463917,100.0,2,374.0,4,NZ_CP181229.1|-|4
GCF_053117685.1,VFG045473|AAM75250|cylS|cytolysin_operon_context,cytolysin_operon_context,cylS,AAM75250,CylS; cytolysin subunit,context_only,NZ_CP181229.1,1,2671342,2671759,-,96.37673913043479,100.0,2,347.0,4,NZ_CP181229.1|-|4
GCF_053117685.1,VFG045474|AAM75251|cylM|cytolysin_operon_context,cytolysin_operon_context,cylM,AAM75251,CylM; cytolysin subunit modifier,context_only,NZ_CP181229.1,1,2668300,2671281,-,99.698,100.0,1,5338.0,3,NZ_CP181229.1|-|3
GCF_053117695.1,VFG002164|WP_002395058|prgB/asc10|aggregation_substance_context,aggregation_substance_context,prgB/asc10,WP_002395058,aggregation substance PrgB/Asc10,review_required_context,NZ_CP181235.1,1,24696,28586,-,94.90700992953235,79.58141909137315,2,3676.0,1,NZ_CP181235.1|-|1
GCF_053117695.1,VFG002165|WP_002356954|efaA|efaA,efaA,efaA,WP_002356954,endocarditis specific antigen,approved_primary,NZ_CP181234.1,1,1268423,1269349,-,99.892,100.0,1,1668.0,1,NZ_CP181234.1|-|1
GCF_053117695.1,VFG002165|WP_002356954|efaA|efaA,efaA,efaA,WP_002356954,endocarditis specific antigen,approved_primary,NZ_CP181234.1,2,2630449,2631258,-,68.357,87.37864077669903,1,273.0,2,NZ_CP181234.1|-|2
GCF_053117695.1,VFG002166|WP_010714416|ace|ace,ace,ace,WP_010714416,collagen adhesin protein,approved_primary,NZ_CP181234.1,1,2074354,2076378,-,94.69581400282887,100.0,8,3441.0,1,NZ_CP181234.1|-|1
GCF_053117695.1,VFG002171|WP_011109430|EF0149|aggregation_substance_context,aggregation_substance_context,EF0149,WP_011109430,aggregation substance,review_required_context,NZ_CP181235.1,1,24759,28586,-,94.10633774834437,77.08014293006636,2,3506.0,1,NZ_CP181235.1|-|1
GCF_053117695.1,VFG002172|WP_010710127|EF0485|aggregation_substance_context,aggregation_substance_context,EF0485,WP_010710127,aggregation substance,review_required_context,NZ_CP181235.1,1,24696,28585,-,94.43037708066582,79.55589586523736,2,3694.0,1,NZ_CP181235.1|-|1
GCF_053117695.1,VFG002173|WP_010785625|asa1|asa1_or_validated_equivalent,asa1_or_validated_equivalent,asa1,WP_010785625,aggregation substance Asa1,approved_primary,NZ_CP181235.1,1,24696,28586,-,96.967,100.0,1,6486.0,1,NZ_CP181235.1|-|1
GCF_053117695.1,VFG002174|WP_002369251|gelE|gelE,gelE,gelE,WP_002369251,coccolysin,approved_primary,NZ_CP181234.1,1,1426455,1427986,+,98.89100000000002,100.0,1,2685.0,1,NZ_CP181234.1|+|1
GCF_053117695.1,VFG002179|AAD09858|esp|esp,esp,esp,AAD09858,Enterococcal surface protein; Esp,approved_primary,NZ_CP181234.1,1,2677316,2682439,-,96.21815790417016,100.0,17,4846.0,1,NZ_CP181234.1|-|1
GCF_053117695.1,VFG002191|WP_002369252|sprE|sprE,sprE,sprE,WP_002369252,"serine proteinase, V8 family",approved_primary,NZ_CP181234.1,1,1428035,1428889,+,98.48,100.0,1,1484.0,1,NZ_CP181234.1|+|1
GCF_053117695.1,VFG042976|WP_154081516|ebpA|ebpA,ebpA,ebpA,WP_154081516,endocarditis and biofilm-associated pilus tip protein EbpA,approved_primary,NZ_CP181234.1,1,2086309,2089773,-,99.307,100.0,1,6141.0,1,NZ_CP181234.1|-|1
GCF_053117695.1,VFG042977|WP_002379309|ebpB|ebpB,ebpB,ebpB,WP_002379309,endocarditis and biofilm-associated pilus minor subunit EbpB,approved_primary,NZ_CP181234.1,1,2084875,2086305,-,99.092,100.0,1,2523.0,1,NZ_CP181234.1|-|1
GCF_053117695.1,VFG042978|WP_011109477|ebpC|ebpC,ebpC,ebpC,WP_011109477,endocarditis and biofilm-associated pilus major subunit EbpC,approved_primary,NZ_CP181234.1,1,2082995,2084878,-,98.992,100.0,1,3314.0,1,NZ_CP181234.1|-|1
GCF_053117705.1,VFG002164|WP_002395058|prgB/asc10|aggregation_substance_context,aggregation_substance_context,prgB/asc10,WP_002395058,aggregation substance PrgB/Asc10,review_required_context,NZ_CP181238.1,1,134835,138695,+,89.649,98.39203675344564,1,5167.0,1,NZ_CP181238.1|+|1
GCF_053117705.1,VFG002164|WP_002395058|prgB/asc10|aggregation_substance_context,aggregation_substance_context,prgB/asc10,WP_002395058,aggregation substance PrgB/Asc10,review_required_context,NZ_CP181238.1,2,400259,404175,+,95.434,99.97447677386421,1,6259.0,2,NZ_CP181238.1|+|2
GCF_053117705.1,VFG002164|WP_002395058|prgB/asc10|aggregation_substance_context,aggregation_substance_context,prgB/asc10,WP_002395058,aggregation substance PrgB/Asc10,review_required_context,NZ_CP181239.1,1,11053,14979,+,94.883,100.0,1,6175.0,1,NZ_CP181239.1|+|1
GCF_053117705.1,VFG002164|WP_002395058|prgB/asc10|aggregation_substance_context,aggregation_substance_context,prgB/asc10,WP_002395058,aggregation substance PrgB/Asc10,review_required_context,NZ_CP181240.1,1,25313,29230,+,89.543,100.0,1,5234.0,1,NZ_CP181240.1|+|1
GCF_053117705.1,VFG002165|WP_002356954|efaA|efaA,efaA,efaA,WP_002356954,endocarditis specific antigen,approved_primary,NZ_CP181238.1,1,497337,498146,+,68.237,87.37864077669903,1,269.0,1,NZ_CP181238.1|+|1
GCF_053117705.1,VFG002165|WP_002356954|efaA|efaA,efaA,efaA,WP_002356954,endocarditis specific antigen,approved_primary,NZ_CP181238.1,2,1927366,1928292,+,99.461,100.0,1,1650.0,2,NZ_CP181238.1|+|2
GCF_053117705.1,VFG002166|WP_010714416|ace|ace,ace,ace,WP_010714416,collagen adhesin protein,approved_primary,NZ_CP181238.1,1,1029756,1031639,+,93.99111649659864,100.0,6,2577.0,1,NZ_CP181238.1|+|1
GCF_053117705.1,VFG002171|WP_011109430|EF0149|aggregation_substance_context,aggregation_substance_context,EF0149,WP_011109430,aggregation substance,review_required_context,NZ_CP181238.1,1,134835,138752,+,99.77,100.0,1,7026.0,1,NZ_CP181238.1|+|1
GCF_053117705.1,VFG002171|WP_011109430|EF0149|aggregation_substance_context,aggregation_substance_context,EF0149,WP_011109430,aggregation substance,review_required_context,NZ_CP181238.1,2,400259,404106,+,89.58399999999999,98.36651352730985,1,5139.0,2,NZ_CP181238.1|+|2
GCF_053117705.1,VFG002171|WP_011109430|EF0149|aggregation_substance_context,aggregation_substance_context,EF0149,WP_011109430,aggregation substance,review_required_context,NZ_CP181239.1,1,11053,14910,+,89.209,98.39203675344564,1,5090.0,1,NZ_CP181239.1|+|1
GCF_053117705.1,VFG002171|WP_011109430|EF0149|aggregation_substance_context,aggregation_substance_context,EF0149,WP_011109430,aggregation substance,review_required_context,NZ_CP181240.1,1,25313,29212,+,95.389,99.5405819295559,1,6223.0,1,NZ_CP181240.1|+|1
GCF_053117705.1,VFG002172|WP_010710127|EF0485|aggregation_substance_context,aggregation_substance_context,EF0485,WP_010710127,aggregation substance,review_required_context,NZ_CP181238.1,1,134836,138689,+,89.555,98.21337417049516,1,5136.0,1,NZ_CP181238.1|+|1
GCF_053117705.1,VFG002172|WP_010710127|EF0485|aggregation_substance_context,aggregation_substance_context,EF0485,WP_010710127,aggregation substance,review_required_context,NZ_CP181238.1,2,400258,404175,+,100.0,100.0,1,7066.0,2,NZ_CP181238.1|+|2
GCF_053117705.1,VFG002172|WP_010710127|EF0485|aggregation_substance_context,aggregation_substance_context,EF0485,WP_010710127,aggregation substance,review_required_context,NZ_CP181239.1,1,11054,14979,+,95.365,99.97447677386421,1,6258.0,1,NZ_CP181239.1|+|1
GCF_053117705.1,VFG002172|WP_010710127|EF0485|aggregation_substance_context,aggregation_substance_context,EF0485,WP_010710127,aggregation substance,review_required_context,NZ_CP181240.1,1,25314,29152,+,89.953,97.8305257784584,1,5191.0,1,NZ_CP181240.1|+|1
GCF_053117705.1,VFG002173|WP_010785625|asa1|asa1_or_validated_equivalent,asa1_or_validated_equivalent,asa1,WP_010785625,aggregation substance Asa1,approved_primary,NZ_CP181238.1,1,134835,138689,+,93.63002919708029,77.46080699049088,2,3463.0,1,NZ_CP181238.1|+|1
GCF_053117705.1,VFG002173|WP_010785625|asa1|asa1_or_validated_equivalent,asa1_or_validated_equivalent,asa1,WP_010785625,aggregation substance Asa1,approved_primary,NZ_CP181238.1,2,400259,404175,+,93.59147644985582,80.10794140323824,2,3581.0,2,NZ_CP181238.1|+|2
GCF_053117705.1,VFG002173|WP_010785625|asa1|asa1_or_validated_equivalent,asa1_or_validated_equivalent,asa1,WP_010785625,aggregation substance Asa1,approved_primary,NZ_CP181239.1,1,11053,14979,+,94.24669812540401,79.23413004369057,2,3651.0,1,NZ_CP181239.1|+|1
GCF_053117705.1,VFG002173|WP_010785625|asa1|asa1_or_validated_equivalent,asa1_or_validated_equivalent,asa1,WP_010785625,aggregation substance Asa1,approved_primary,NZ_CP181240.1,1,25313,29152,+,94.70540692640692,77.07530197892572,2,3491.0,1,NZ_CP181240.1|+|1
GCF_053117705.1,VFG002174|WP_002369251|gelE|gelE,gelE,gelE,WP_002369251,coccolysin,approved_primary,NZ_CP181238.1,1,1717602,1719134,-,98.89100000000002,100.0,1,2689.0,1,NZ_CP181238.1|-|1
GCF_053117705.1,VFG002175|AAM75248|cylR1|cytolysin_operon_context,cytolysin_operon_context,cylR1,AAM75248,cytolysin regulator R1,context_only,NZ_CP181238.1,1,434314,434598,-,100.0,100.0,1,515.0,2,NZ_CP181238.1|-|2
GCF_053117705.1,VFG002176|AAM75252|cylB|cytolysin_operon_context,cytolysin_operon_context,cylB,AAM75252,ABC-type transporter,context_only,NZ_CP181238.1,1,438202,440346,+,99.814,100.0,1,3851.0,3,NZ_CP181238.1|+|3
GCF_053117705.1,VFG002177|AAM75253|cylA|cylA,cylA,cylA,AAM75253,cytolysin activator,approved_primary,NZ_CP181238.1,1,440343,441581,+,99.839,100.0,1,2226.0,1,NZ_CP181238.1|+|1
GCF_053117705.1,VFG002178|AAM75254|cylI|cytolysin_operon_context,cytolysin_operon_context,cylI,AAM75254,cytolysin immunity protein,context_only,NZ_CP181238.1,1,441582,442565,+,97.256,100.0,1,1654.0,4,NZ_CP181238.1|+|4
GCF_053117705.1,VFG002179|AAD09858|esp|esp,esp,esp,AAD09858,Enterococcal surface protein; Esp,approved_primary,NZ_CP181238.1,1,447229,452346,+,96.92135571035334,99.85770188545001,17,5130.0,1,NZ_CP181238.1|+|1
GCF_053117705.1,VFG002191|WP_002369252|sprE|sprE,sprE,sprE,WP_002369252,"serine proteinase, V8 family",approved_primary,NZ_CP181238.1,1,1716699,1717553,-,98.48,100.0,1,1484.0,1,NZ_CP181238.1|-|1
GCF_053117705.1,VFG042976|WP_154081516|ebpA|ebpA,ebpA,ebpA,WP_154081516,endocarditis and biofilm-associated pilus tip protein EbpA,approved_primary,NZ_CP181238.1,1,1015753,1019217,+,99.538,100.0,1,6177.0,1,NZ_CP181238.1|+|1
GCF_053117705.1,VFG042977|WP_002379309|ebpB|ebpB,ebpB,ebpB,WP_002379309,endocarditis and biofilm-associated pilus minor subunit EbpB,approved_primary,NZ_CP181238.1,1,1019221,1020651,+,99.441,100.0,1,2545.0,1,NZ_CP181238.1|+|1
GCF_053117705.1,VFG042978|WP_011109477|ebpC|ebpC,ebpC,ebpC,WP_011109477,endocarditis and biofilm-associated pilus major subunit EbpC,approved_primary,NZ_CP181238.1,1,1020648,1022531,+,99.363,100.0,1,3345.0,1,NZ_CP181238.1|+|1
GCF_053117705.1,VFG045470|AAM75247|cylR2|cytolysin_operon_context,cytolysin_operon_context,cylR2,AAM75247,cytolysin regulator R2,context_only,NZ_CP181238.1,1,434113,434313,-,100.0,100.0,1,363.0,1,NZ_CP181238.1|-|1
GCF_053117705.1,VFG045472|AAM75249|cylL|cytolysin_operon_context,cytolysin_operon_context,cylL,AAM75249,CylL; cytolysin subunit,context_only,NZ_CP181238.1,1,434717,435090,+,96.56350515463917,100.0,2,374.0,1,NZ_CP181238.1|+|1
GCF_053117705.1,VFG045473|AAM75250|cylS|cytolysin_operon_context,cytolysin_operon_context,cylS,AAM75250,CylS; cytolysin subunit,context_only,NZ_CP181238.1,1,434731,435148,+,96.37673913043479,100.0,2,347.0,1,NZ_CP181238.1|+|1
GCF_053117705.1,VFG045474|AAM75251|cylM|cytolysin_operon_context,cytolysin_operon_context,cylM,AAM75251,CylM; cytolysin subunit modifier,context_only,NZ_CP181238.1,1,435209,438190,+,99.698,100.0,1,5338.0,2,NZ_CP181238.1|+|2
GCF_906464925.1,VFG002164|WP_002395058|prgB/asc10|aggregation_substance_context,aggregation_substance_context,prgB/asc10,WP_002395058,aggregation substance PrgB/Asc10,review_required_context,NZ_OD940434.1,1,140416,144276,+,89.703,98.39203675344564,1,5176.0,1,NZ_OD940434.1|+|1
GCF_906464925.1,VFG002164|WP_002395058|prgB/asc10|aggregation_substance_context,aggregation_substance_context,prgB/asc10,WP_002395058,aggregation substance PrgB/Asc10,review_required_context,NZ_OD940435.1,1,11806,15723,+,93.954,100.0,1,5996.0,1,NZ_OD940435.1|+|1
GCF_906464925.1,VFG002165|WP_002356954|efaA|efaA,efaA,efaA,WP_002356954,endocarditis specific antigen,approved_primary,NZ_OD940434.1,1,463343,464152,+,68.237,87.37864077669903,1,269.0,1,NZ_OD940434.1|+|1
GCF_906464925.1,VFG002165|WP_002356954|efaA|efaA,efaA,efaA,WP_002356954,endocarditis specific antigen,approved_primary,NZ_OD940434.1,2,1806480,1807406,+,99.676,100.0,1,1659.0,2,NZ_OD940434.1|+|2
GCF_906464925.1,VFG002166|WP_010714416|ace|ace,ace,ace,WP_010714416,collagen adhesin protein,approved_primary,NZ_OD940434.1,1,968925,970808,+,93.81397947295423,100.0,7,2536.0,1,NZ_OD940434.1|+|1
GCF_906464925.1,VFG002171|WP_011109430|EF0149|aggregation_substance_context,aggregation_substance_context,EF0149,WP_011109430,aggregation substance,review_required_context,NZ_OD940434.1,1,140416,144333,+,99.974,100.0,1,7062.0,1,NZ_OD940434.1|+|1
GCF_906464925.1,VFG002171|WP_011109430|EF0149|aggregation_substance_context,aggregation_substance_context,EF0149,WP_011109430,aggregation substance,review_required_context,NZ_OD940435.1,1,11806,15654,+,89.612,98.39203675344564,1,5146.0,1,NZ_OD940435.1|+|1
GCF_906464925.1,VFG002172|WP_010710127|EF0485|aggregation_substance_context,aggregation_substance_context,EF0485,WP_010710127,aggregation substance,review_required_context,NZ_OD940434.1,1,140417,144270,+,89.61000000000001,98.21337417049516,1,5144.0,1,NZ_OD940434.1|+|1
GCF_906464925.1,VFG002172|WP_010710127|EF0485|aggregation_substance_context,aggregation_substance_context,EF0485,WP_010710127,aggregation substance,review_required_context,NZ_OD940435.1,1,11807,15723,+,95.33,99.97447677386421,1,6238.0,1,NZ_OD940435.1|+|1
GCF_906464925.1,VFG002173|WP_010785625|asa1|asa1_or_validated_equivalent,asa1_or_validated_equivalent,asa1,WP_010785625,aggregation substance Asa1,approved_primary,NZ_OD940434.1,1,140416,144270,+,93.63002919708029,77.46080699049088,2,3463.0,1,NZ_OD940434.1|+|1
GCF_906464925.1,VFG002173|WP_010785625|asa1|asa1_or_validated_equivalent,asa1_or_validated_equivalent,asa1,WP_010785625,aggregation substance Asa1,approved_primary,NZ_OD940435.1,1,11806,15723,+,95.63828640153943,80.13364173734259,2,3714.0,1,NZ_OD940435.1|+|1
GCF_906464925.1,VFG002174|WP_002369251|gelE|gelE,gelE,gelE,WP_002369251,coccolysin,approved_primary,NZ_OD940434.1,1,1634297,1635829,-,99.739,100.0,1,2747.0,1,NZ_OD940434.1|-|1
GCF_906464925.1,VFG002179|AAD09858|esp|esp,esp,esp,AAD09858,Enterococcal surface protein; Esp,approved_primary,NZ_OD940434.1,1,436612,441729,+,96.60684439076456,99.85770188545001,17,5089.0,1,NZ_OD940434.1|+|1
GCF_906464925.1,VFG002191|WP_002369252|sprE|sprE,sprE,sprE,WP_002369252,"serine proteinase, V8 family",approved_primary,NZ_OD940434.1,1,1633394,1634248,-,99.766,100.0,1,1534.0,1,NZ_OD940434.1|-|1
GCF_906464925.1,VFG042976|WP_154081516|ebpA|ebpA,ebpA,ebpA,WP_154081516,endocarditis and biofilm-associated pilus tip protein EbpA,approved_primary,NZ_OD940434.1,1,957869,961333,+,99.481,100.0,1,6168.0,1,NZ_OD940434.1|+|1
GCF_906464925.1,VFG042977|WP_002379309|ebpB|ebpB,ebpB,ebpB,WP_002379309,endocarditis and biofilm-associated pilus minor subunit EbpB,approved_primary,NZ_OD940434.1,1,961337,962767,+,99.371,100.0,1,2541.0,1,NZ_OD940434.1|+|1
GCF_906464925.1,VFG042978|WP_011109477|ebpC|ebpC,ebpC,ebpC,WP_011109477,endocarditis and biofilm-associated pilus major subunit EbpC,approved_primary,NZ_OD940434.1,1,962764,964647,+,99.363,100.0,1,3345.0,1,NZ_OD940434.1|+|1
