Genome,Source,qseqid,sseqid,pident,length,qlen,qstart,qend,sstart,send,evalue,bitscore,Original_tool_output_reference,Strand
GCA_029011255.1,Reproductive,VFG002165|WP_002356954|efaA|efaA,CP118048.1,99.569,927,927,1,927,1696626,1697552,0.0,1654,analysis/virulence_adherence/blast_72/GCA_029011255.1.tsv,+
GCA_029011255.1,Reproductive,VFG002166|WP_010714416|ace|ace,CP118048.1,95.833,1440,2025,1,1440,863332,864771,0.0,2327,analysis/virulence_adherence/blast_72/GCA_029011255.1.tsv,+
GCA_029011255.1,Reproductive,VFG002166|WP_010714416|ace|ace,CP118048.1,95.303,660,2025,1366,2025,864415,865074,0.0,1051,analysis/virulence_adherence/blast_72/GCA_029011255.1.tsv,+
GCA_029011255.1,Reproductive,VFG002166|WP_010714416|ace|ace,CP118048.1,91.597,357,2025,1225,1581,864415,864771,1.84e-144,509,analysis/virulence_adherence/blast_72/GCA_029011255.1.tsv,+
GCA_029011255.1,Reproductive,VFG002166|WP_010714416|ace|ace,CP118048.1,89.815,216,2025,1084,1299,864556,864771,8.960000000000001e-79,291,analysis/virulence_adherence/blast_72/GCA_029011255.1.tsv,+
GCA_029011255.1,Reproductive,VFG002166|WP_010714416|ace|ace,CP118048.1,89.352,216,2025,1507,1722,864415,864630,3.81e-77,287,analysis/virulence_adherence/blast_72/GCA_029011255.1.tsv,+
GCA_029011255.1,Reproductive,VFG002166|WP_010714416|ace|ace,CP118048.1,90.789,76,2025,1647,1722,864414,864489,7.37e-23,106,analysis/virulence_adherence/blast_72/GCA_029011255.1.tsv,+
GCA_029011255.1,Reproductive,VFG002166|WP_010714416|ace|ace,CP118048.1,89.474,76,2025,1083,1158,864696,864771,8.98e-22,102,analysis/virulence_adherence/blast_72/GCA_029011255.1.tsv,+
GCA_029011255.1,Reproductive,VFG002174|WP_002369251|gelE|gelE,CP118048.1,98.891,1533,1533,1,1533,1541414,1539882,0.0,2689,analysis/virulence_adherence/blast_72/GCA_029011255.1.tsv,-
GCA_029011255.1,Reproductive,VFG002191|WP_002369252|sprE|sprE,CP118048.1,98.48,855,855,1,855,1539833,1538979,0.0,1484,analysis/virulence_adherence/blast_72/GCA_029011255.1.tsv,-
GCA_029011255.1,Reproductive,VFG042976|WP_154081516|ebpA|ebpA,CP118048.1,99.076,3465,3465,1,3465,852136,855600,0.0,6105,analysis/virulence_adherence/blast_72/GCA_029011255.1.tsv,+
GCA_029011255.1,Reproductive,VFG042977|WP_002379309|ebpB|ebpB,CP118048.1,99.022,1431,1431,1,1431,855604,857034,0.0,2518,analysis/virulence_adherence/blast_72/GCA_029011255.1.tsv,+
GCA_029011255.1,Reproductive,VFG042978|WP_011109477|ebpC|ebpC,CP118048.1,98.779,1884,1878,1,1878,857031,858914,0.0,3296,analysis/virulence_adherence/blast_72/GCA_029011255.1.tsv,+
GCA_029011395.1,Reproductive,VFG002164|WP_002395058|prgB/asc10|aggregation_substance_context,CP118057.1,93.956,3921,3918,2,3918,435637,439529,0.0,6010,analysis/virulence_adherence/blast_72/GCA_029011395.1.tsv,+
GCA_029011395.1,Reproductive,VFG002164|WP_002395058|prgB/asc10|aggregation_substance_context,CP118057.1,94.457,2291,3918,1630,3918,1329462,1331750,0.0,3554,analysis/virulence_adherence/blast_72/GCA_029011395.1.tsv,+
GCA_029011395.1,Reproductive,VFG002164|WP_002395058|prgB/asc10|aggregation_substance_context,CP118057.1,91.707,832,3918,1,829,1327859,1328688,0.0,1181,analysis/virulence_adherence/blast_72/GCA_029011395.1.tsv,+
GCA_029011395.1,Reproductive,VFG002165|WP_002356954|efaA|efaA,CP118057.1,99.569,927,927,1,927,1172132,1171206,0.0,1654,analysis/virulence_adherence/blast_72/GCA_029011395.1.tsv,-
GCA_029011395.1,Reproductive,VFG002165|WP_002356954|efaA|efaA,CP118057.1,68.237,828,927,81,890,2589053,2588244,5.040000000000001e-72,269,analysis/virulence_adherence/blast_72/GCA_029011395.1.tsv,-
GCA_029011395.1,Reproductive,VFG002166|WP_010714416|ace|ace,CP118057.1,97.533,1581,2025,1,1581,2079224,2077644,0.0,2676,analysis/virulence_adherence/blast_72/GCA_029011395.1.tsv,-
GCA_029011395.1,Reproductive,VFG002166|WP_010714416|ace|ace,CP118057.1,93.758,801,2025,1225,2025,2078141,2077341,0.0,1220,analysis/virulence_adherence/blast_72/GCA_029011395.1.tsv,-
GCA_029011395.1,Reproductive,VFG002166|WP_010714416|ace|ace,CP118057.1,93.557,357,2025,1084,1440,2078000,2077644,1.19e-153,541,analysis/virulence_adherence/blast_72/GCA_029011395.1.tsv,-
GCA_029011395.1,Reproductive,VFG002166|WP_010714416|ace|ace,CP118057.1,89.356,357,2025,1366,1722,2078141,2077785,1.4500000000000001e-133,473,analysis/virulence_adherence/blast_72/GCA_029011395.1.tsv,-
GCA_029011395.1,Reproductive,VFG002166|WP_010714416|ace|ace,CP118057.1,93.519,216,2025,1084,1299,2077859,2077644,1.36e-89,327,analysis/virulence_adherence/blast_72/GCA_029011395.1.tsv,-
GCA_029011395.1,Reproductive,VFG002166|WP_010714416|ace|ace,CP118057.1,86.574,216,2025,1507,1722,2078141,2077926,5.78e-69,260,analysis/virulence_adherence/blast_72/GCA_029011395.1.tsv,-
GCA_029011395.1,Reproductive,VFG002166|WP_010714416|ace|ace,CP118057.1,90.667,75,2025,1084,1158,2077718,2077644,2.81e-22,104,analysis/virulence_adherence/blast_72/GCA_029011395.1.tsv,-
GCA_029011395.1,Reproductive,VFG002171|WP_011109430|EF0149|aggregation_substance_context,CP118057.1,87.565,3868,3918,2,3855,435637,439460,0.0,4801,analysis/virulence_adherence/blast_72/GCA_029011395.1.tsv,+
GCA_029011395.1,Reproductive,VFG002171|WP_011109430|EF0149|aggregation_substance_context,CP118057.1,95.901,2220,3918,1636,3855,1329462,1331681,0.0,3594,analysis/virulence_adherence/blast_72/GCA_029011395.1.tsv,+
GCA_029011395.1,Reproductive,VFG002171|WP_011109430|EF0149|aggregation_substance_context,CP118057.1,89.182,795,3918,1,794,1327859,1328653,0.0,1043,analysis/virulence_adherence/blast_72/GCA_029011395.1.tsv,+
GCA_029011395.1,Reproductive,VFG002172|WP_010710127|EF0485|aggregation_substance_context,CP118057.1,93.702,3922,3918,1,3918,435636,439529,0.0,5966,analysis/virulence_adherence/blast_72/GCA_029011395.1.tsv,+
GCA_029011395.1,Reproductive,VFG002172|WP_010710127|EF0485|aggregation_substance_context,CP118057.1,94.369,2291,3918,1630,3918,1329462,1331750,0.0,3545,analysis/virulence_adherence/blast_72/GCA_029011395.1.tsv,+
GCA_029011395.1,Reproductive,VFG002172|WP_010710127|EF0485|aggregation_substance_context,CP118057.1,89.29,831,3918,2,829,1327860,1328688,0.0,1089,analysis/virulence_adherence/blast_72/GCA_029011395.1.tsv,+
GCA_029011395.1,Reproductive,VFG002173|WP_010785625|asa1|asa1_or_validated_equivalent,CP118057.1,96.557,3892,3891,1,3891,1327859,1331750,0.0,6412,analysis/virulence_adherence/blast_72/GCA_029011395.1.tsv,+
GCA_029011395.1,Reproductive,VFG002173|WP_010785625|asa1|asa1_or_validated_equivalent,CP118057.1,94.151,2291,3891,1603,3891,437241,439529,0.0,3523,analysis/virulence_adherence/blast_72/GCA_029011395.1.tsv,+
GCA_029011395.1,Reproductive,VFG002173|WP_010785625|asa1|asa1_or_validated_equivalent,CP118057.1,86.074,833,3891,2,829,435637,436440,0.0,988,analysis/virulence_adherence/blast_72/GCA_029011395.1.tsv,+
GCA_029011395.1,Reproductive,VFG002174|WP_002369251|gelE|gelE,CP118057.1,98.826,1533,1533,1,1533,1425222,1426754,0.0,2684,analysis/virulence_adherence/blast_72/GCA_029011395.1.tsv,+
GCA_029011395.1,Reproductive,VFG002175|AAM75248|cylR1|cytolysin_operon_context,CP118058.1,98.596,285,285,1,285,18413,18129,1.66e-141,497,analysis/virulence_adherence/blast_72/GCA_029011395.1.tsv,-
GCA_029011395.1,Reproductive,VFG002175|AAM75248|cylR1|cytolysin_operon_context,CP118057.1,98.596,285,285,1,285,1380931,1380647,1.66e-141,497,analysis/virulence_adherence/blast_72/GCA_029011395.1.tsv,-
GCA_029011395.1,Reproductive,VFG002176|AAM75252|cylB|cytolysin_operon_context,CP118058.1,99.674,2145,2145,1,2145,22017,24161,0.0,3837,analysis/virulence_adherence/blast_72/GCA_029011395.1.tsv,+
GCA_029011395.1,Reproductive,VFG002176|AAM75252|cylB|cytolysin_operon_context,CP118057.1,99.674,2145,2145,1,2145,1384535,1386679,0.0,3837,analysis/virulence_adherence/blast_72/GCA_029011395.1.tsv,+
GCA_029011395.1,Reproductive,VFG002177|AAM75253|cylA|cylA,CP118058.1,99.516,1239,1239,1,1239,24158,25396,0.0,2208,analysis/virulence_adherence/blast_72/GCA_029011395.1.tsv,+
GCA_029011395.1,Reproductive,VFG002177|AAM75253|cylA|cylA,CP118057.1,99.516,1239,1239,1,1239,1386676,1387914,0.0,2208,analysis/virulence_adherence/blast_72/GCA_029011395.1.tsv,+
GCA_029011395.1,Reproductive,VFG002178|AAM75254|cylI|cytolysin_operon_context,CP118058.1,99.898,984,984,1,984,25397,26380,0.0,1771,analysis/virulence_adherence/blast_72/GCA_029011395.1.tsv,+
GCA_029011395.1,Reproductive,VFG002178|AAM75254|cylI|cytolysin_operon_context,CP118057.1,98.947,570,984,1,570,1387915,1388481,0.0,1000,analysis/virulence_adherence/blast_72/GCA_029011395.1.tsv,+
GCA_029011395.1,Reproductive,VFG002191|WP_002369252|sprE|sprE,CP118057.1,98.363,855,855,1,855,1426803,1427657,0.0,1480,analysis/virulence_adherence/blast_72/GCA_029011395.1.tsv,+
GCA_029011395.1,Reproductive,VFG042976|WP_154081516|ebpA|ebpA,CP118057.1,99.423,3465,3465,1,3465,2090231,2086767,0.0,6159,analysis/virulence_adherence/blast_72/GCA_029011395.1.tsv,-
GCA_029011395.1,Reproductive,VFG042977|WP_002379309|ebpB|ebpB,CP118057.1,99.72,1431,1431,1,1431,2086763,2085333,0.0,2563,analysis/virulence_adherence/blast_72/GCA_029011395.1.tsv,-
GCA_029011395.1,Reproductive,VFG042978|WP_011109477|ebpC|ebpC,CP118057.1,99.045,1884,1878,1,1878,2085336,2083453,0.0,3318,analysis/virulence_adherence/blast_72/GCA_029011395.1.tsv,-
GCA_029011395.1,Reproductive,VFG045470|AAM75247|cylR2|cytolysin_operon_context,CP118058.1,99.502,201,201,1,201,18128,17928,7.18e-100,359,analysis/virulence_adherence/blast_72/GCA_029011395.1.tsv,-
GCA_029011395.1,Reproductive,VFG045470|AAM75247|cylR2|cytolysin_operon_context,CP118057.1,99.502,201,201,1,201,1380646,1380446,7.18e-100,359,analysis/virulence_adherence/blast_72/GCA_029011395.1.tsv,-
GCA_029011395.1,Reproductive,VFG045472|AAM75249|cylL|cytolysin_operon_context,CP118058.1,100.0,207,207,1,207,18532,18738,9.65e-105,374,analysis/virulence_adherence/blast_72/GCA_029011395.1.tsv,+
GCA_029011395.1,Reproductive,VFG045472|AAM75249|cylL|cytolysin_operon_context,CP118058.1,88.095,84,207,15,98,18822,18905,2.13e-24,107,analysis/virulence_adherence/blast_72/GCA_029011395.1.tsv,+
GCA_029011395.1,Reproductive,VFG045472|AAM75249|cylL|cytolysin_operon_context,CP118057.1,100.0,207,207,1,207,1381050,1381256,9.65e-105,374,analysis/virulence_adherence/blast_72/GCA_029011395.1.tsv,+
GCA_029011395.1,Reproductive,VFG045472|AAM75249|cylL|cytolysin_operon_context,CP118057.1,88.095,84,207,15,98,1381340,1381423,2.13e-24,107,analysis/virulence_adherence/blast_72/GCA_029011395.1.tsv,+
GCA_029011395.1,Reproductive,VFG045473|AAM75250|cylS|cytolysin_operon_context,CP118058.1,100.0,192,192,1,192,18772,18963,1.23e-96,347,analysis/virulence_adherence/blast_72/GCA_029011395.1.tsv,+
GCA_029011395.1,Reproductive,VFG045473|AAM75250|cylS|cytolysin_operon_context,CP118058.1,88.095,84,192,51,134,18546,18629,1.96e-24,107,analysis/virulence_adherence/blast_72/GCA_029011395.1.tsv,+
GCA_029011395.1,Reproductive,VFG045473|AAM75250|cylS|cytolysin_operon_context,CP118057.1,100.0,192,192,1,192,1381290,1381481,1.23e-96,347,analysis/virulence_adherence/blast_72/GCA_029011395.1.tsv,+
GCA_029011395.1,Reproductive,VFG045473|AAM75250|cylS|cytolysin_operon_context,CP118057.1,88.095,84,192,51,134,1381064,1381147,1.96e-24,107,analysis/virulence_adherence/blast_72/GCA_029011395.1.tsv,+
GCA_029011395.1,Reproductive,VFG045474|AAM75251|cylM|cytolysin_operon_context,CP118058.1,99.027,2982,2982,1,2982,19024,22005,0.0,5248,analysis/virulence_adherence/blast_72/GCA_029011395.1.tsv,+
GCA_029011395.1,Reproductive,VFG045474|AAM75251|cylM|cytolysin_operon_context,CP118057.1,99.027,2982,2982,1,2982,1381542,1384523,0.0,5248,analysis/virulence_adherence/blast_72/GCA_029011395.1.tsv,+
GCA_029011535.1,Reproductive,VFG002164|WP_002395058|prgB/asc10|aggregation_substance_context,CP118073.1,95.662,3919,3918,1,3918,9856,13772,0.0,6291,analysis/virulence_adherence/blast_72/GCA_029011535.1.tsv,+
GCA_029011535.1,Reproductive,VFG002164|WP_002395058|prgB/asc10|aggregation_substance_context,CP118075.1,89.492,3940,3918,1,3918,41237,45154,0.0,5225,analysis/virulence_adherence/blast_72/GCA_029011535.1.tsv,+
GCA_029011535.1,Reproductive,VFG002165|WP_002356954|efaA|efaA,CP118072.1,99.569,927,927,1,927,1140933,1140007,0.0,1654,analysis/virulence_adherence/blast_72/GCA_029011535.1.tsv,-
GCA_029011535.1,Reproductive,VFG002165|WP_002356954|efaA|efaA,CP118072.1,68.237,828,927,81,890,2526767,2525958,5.000000000000001e-72,269,analysis/virulence_adherence/blast_72/GCA_029011535.1.tsv,-
GCA_029011535.1,Reproductive,VFG002166|WP_010714416|ace|ace,CP118072.1,96.837,1581,2025,1,1581,2011175,2009595,0.0,2626,analysis/virulence_adherence/blast_72/GCA_029011535.1.tsv,-
GCA_029011535.1,Reproductive,VFG002166|WP_010714416|ace|ace,CP118072.1,95.381,801,2025,1225,2025,2010092,2009292,0.0,1278,analysis/virulence_adherence/blast_72/GCA_029011535.1.tsv,-
GCA_029011535.1,Reproductive,VFG002166|WP_010714416|ace|ace,CP118072.1,92.157,357,2025,1366,1722,2010092,2009736,3.86e-147,518,analysis/virulence_adherence/blast_72/GCA_029011535.1.tsv,-
GCA_029011535.1,Reproductive,VFG002166|WP_010714416|ace|ace,CP118072.1,91.877,357,2025,1084,1440,2009951,2009595,1.64e-145,514,analysis/virulence_adherence/blast_72/GCA_029011535.1.tsv,-
GCA_029011535.1,Reproductive,VFG002166|WP_010714416|ace|ace,CP118072.1,91.204,216,2025,1084,1299,2009810,2009595,1.54e-82,305,analysis/virulence_adherence/blast_72/GCA_029011535.1.tsv,-
GCA_029011535.1,Reproductive,VFG002166|WP_010714416|ace|ace,CP118072.1,90.278,216,2025,1507,1722,2010092,2009877,7.97e-80,296,analysis/virulence_adherence/blast_72/GCA_029011535.1.tsv,-
GCA_029011535.1,Reproductive,VFG002166|WP_010714416|ace|ace,CP118072.1,90.789,76,2025,1647,1722,2010093,2010018,8e-23,106,analysis/virulence_adherence/blast_72/GCA_029011535.1.tsv,-
GCA_029011535.1,Reproductive,VFG002166|WP_010714416|ace|ace,CP118072.1,89.333,75,2025,1084,1158,2009669,2009595,3.4e-21,100,analysis/virulence_adherence/blast_72/GCA_029011535.1.tsv,-
GCA_029011535.1,Reproductive,VFG002171|WP_011109430|EF0149|aggregation_substance_context,CP118075.1,95.109,3905,3918,1,3900,41237,45136,0.0,6168,analysis/virulence_adherence/blast_72/GCA_029011535.1.tsv,+
GCA_029011535.1,Reproductive,VFG002171|WP_011109430|EF0149|aggregation_substance_context,CP118073.1,90.119,3866,3918,1,3855,9856,13703,0.0,5227,analysis/virulence_adherence/blast_72/GCA_029011535.1.tsv,+
GCA_029011535.1,Reproductive,VFG002172|WP_010710127|EF0485|aggregation_substance_context,CP118073.1,94.564,3918,3918,2,3918,9857,13772,0.0,6095,analysis/virulence_adherence/blast_72/GCA_029011535.1.tsv,+
GCA_029011535.1,Reproductive,VFG002172|WP_010710127|EF0485|aggregation_substance_context,CP118075.1,89.849,3852,3918,2,3834,41238,45076,0.0,5173,analysis/virulence_adherence/blast_72/GCA_029011535.1.tsv,+
GCA_029011535.1,Reproductive,VFG002173|WP_010785625|asa1|asa1_or_validated_equivalent,CP118073.1,95.984,2291,3891,1603,3891,11484,13772,0.0,3712,analysis/virulence_adherence/blast_72/GCA_029011535.1.tsv,+
GCA_029011535.1,Reproductive,VFG002173|WP_010785625|asa1|asa1_or_validated_equivalent,CP118073.1,93.863,831,3891,1,829,9856,10683,0.0,1260,analysis/virulence_adherence/blast_72/GCA_029011535.1.tsv,+
GCA_029011535.1,Reproductive,VFG002173|WP_010785625|asa1|asa1_or_validated_equivalent,CP118075.1,94.975,2209,3891,1603,3807,42872,45076,0.0,3478,analysis/virulence_adherence/blast_72/GCA_029011535.1.tsv,+
GCA_029011535.1,Reproductive,VFG002173|WP_010785625|asa1|asa1_or_validated_equivalent,CP118075.1,92.443,794,3891,1,794,41237,42030,0.0,1162,analysis/virulence_adherence/blast_72/GCA_029011535.1.tsv,+
GCA_029011535.1,Reproductive,VFG002174|WP_002369251|gelE|gelE,CP118072.1,98.956,1533,1533,1,1533,1296181,1297713,0.0,2693,analysis/virulence_adherence/blast_72/GCA_029011535.1.tsv,+
GCA_029011535.1,Reproductive,VFG002175|AAM75248|cylR1|cytolysin_operon_context,CP118074.1,98.246,285,285,1,285,18414,18130,7.0199999999999995e-140,492,analysis/virulence_adherence/blast_72/GCA_029011535.1.tsv,-
GCA_029011535.1,Reproductive,VFG002176|AAM75252|cylB|cytolysin_operon_context,CP118074.1,99.674,2145,2145,1,2145,22018,24162,0.0,3837,analysis/virulence_adherence/blast_72/GCA_029011535.1.tsv,+
GCA_029011535.1,Reproductive,VFG002177|AAM75253|cylA|cylA,CP118074.1,99.435,1239,1239,1,1239,24159,25397,0.0,2204,analysis/virulence_adherence/blast_72/GCA_029011535.1.tsv,+
GCA_029011535.1,Reproductive,VFG002178|AAM75254|cylI|cytolysin_operon_context,CP118074.1,99.797,984,984,1,984,25398,26380,0.0,1763,analysis/virulence_adherence/blast_72/GCA_029011535.1.tsv,+
GCA_029011535.1,Reproductive,VFG002191|WP_002369252|sprE|sprE,CP118072.1,98.48,855,855,1,855,1297762,1298616,0.0,1484,analysis/virulence_adherence/blast_72/GCA_029011535.1.tsv,+
GCA_029011535.1,Reproductive,VFG042976|WP_154081516|ebpA|ebpA,CP118072.1,99.913,3465,3465,1,3465,2021982,2018518,0.0,6236,analysis/virulence_adherence/blast_72/GCA_029011535.1.tsv,-
GCA_029011535.1,Reproductive,VFG042977|WP_002379309|ebpB|ebpB,CP118072.1,99.161,1431,1431,1,1431,2018514,2017084,0.0,2527,analysis/virulence_adherence/blast_72/GCA_029011535.1.tsv,-
GCA_029011535.1,Reproductive,VFG042978|WP_011109477|ebpC|ebpC,CP118072.1,98.992,1884,1878,1,1878,2017087,2015204,0.0,3314,analysis/virulence_adherence/blast_72/GCA_029011535.1.tsv,-
GCA_029011535.1,Reproductive,VFG045470|AAM75247|cylR2|cytolysin_operon_context,CP118074.1,99.502,201,201,1,201,18129,17929,7.13e-100,359,analysis/virulence_adherence/blast_72/GCA_029011535.1.tsv,-
GCA_029011535.1,Reproductive,VFG045472|AAM75249|cylL|cytolysin_operon_context,CP118074.1,100.0,207,207,1,207,18533,18739,9.590000000000001e-105,374,analysis/virulence_adherence/blast_72/GCA_029011535.1.tsv,+
GCA_029011535.1,Reproductive,VFG045472|AAM75249|cylL|cytolysin_operon_context,CP118074.1,88.095,84,207,15,98,18823,18906,2.12e-24,107,analysis/virulence_adherence/blast_72/GCA_029011535.1.tsv,+
GCA_029011535.1,Reproductive,VFG045473|AAM75250|cylS|cytolysin_operon_context,CP118074.1,100.0,192,192,1,192,18773,18964,1.22e-96,347,analysis/virulence_adherence/blast_72/GCA_029011535.1.tsv,+
GCA_029011535.1,Reproductive,VFG045473|AAM75250|cylS|cytolysin_operon_context,CP118074.1,88.095,84,192,51,134,18547,18630,1.95e-24,107,analysis/virulence_adherence/blast_72/GCA_029011535.1.tsv,+
GCA_029011535.1,Reproductive,VFG045474|AAM75251|cylM|cytolysin_operon_context,CP118074.1,99.027,2982,2982,1,2982,19025,22006,0.0,5248,analysis/virulence_adherence/blast_72/GCA_029011535.1.tsv,+
GCA_029011745.1,Reproductive,VFG002164|WP_002395058|prgB/asc10|aggregation_substance_context,CP118085.1,93.93,3921,3918,2,3918,390488,394379,0.0,6001,analysis/virulence_adherence/blast_72/GCA_029011745.1.tsv,+
GCA_029011745.1,Reproductive,VFG002164|WP_002395058|prgB/asc10|aggregation_substance_context,CP118085.1,94.457,2291,3918,1630,3918,1214785,1217073,0.0,3554,analysis/virulence_adherence/blast_72/GCA_029011745.1.tsv,+
GCA_029011745.1,Reproductive,VFG002164|WP_002395058|prgB/asc10|aggregation_substance_context,CP118085.1,91.707,832,3918,1,829,1213182,1214011,0.0,1181,analysis/virulence_adherence/blast_72/GCA_029011745.1.tsv,+
GCA_029011745.1,Reproductive,VFG002165|WP_002356954|efaA|efaA,CP118085.1,99.569,927,927,1,927,1052979,1052053,0.0,1654,analysis/virulence_adherence/blast_72/GCA_029011745.1.tsv,-
GCA_029011745.1,Reproductive,VFG002165|WP_002356954|efaA|efaA,CP118085.1,68.237,828,927,81,890,447716,448525,5.09e-72,269,analysis/virulence_adherence/blast_72/GCA_029011745.1.tsv,+
GCA_029011745.1,Reproductive,VFG002166|WP_010714416|ace|ace,CP118085.1,97.533,1581,2025,1,1581,2025654,2024074,0.0,2676,analysis/virulence_adherence/blast_72/GCA_029011745.1.tsv,-
GCA_029011745.1,Reproductive,VFG002166|WP_010714416|ace|ace,CP118085.1,93.758,801,2025,1225,2025,2024571,2023771,0.0,1220,analysis/virulence_adherence/blast_72/GCA_029011745.1.tsv,-
GCA_029011745.1,Reproductive,VFG002166|WP_010714416|ace|ace,CP118085.1,93.557,357,2025,1084,1440,2024430,2024074,1.2e-153,541,analysis/virulence_adherence/blast_72/GCA_029011745.1.tsv,-
GCA_029011745.1,Reproductive,VFG002166|WP_010714416|ace|ace,CP118085.1,89.356,357,2025,1366,1722,2024571,2024215,1.46e-133,473,analysis/virulence_adherence/blast_72/GCA_029011745.1.tsv,-
GCA_029011745.1,Reproductive,VFG002166|WP_010714416|ace|ace,CP118085.1,93.519,216,2025,1084,1299,2024289,2024074,1.3699999999999998e-89,327,analysis/virulence_adherence/blast_72/GCA_029011745.1.tsv,-
GCA_029011745.1,Reproductive,VFG002166|WP_010714416|ace|ace,CP118085.1,86.574,216,2025,1507,1722,2024571,2024356,5.84e-69,260,analysis/virulence_adherence/blast_72/GCA_029011745.1.tsv,-
GCA_029011745.1,Reproductive,VFG002166|WP_010714416|ace|ace,CP118085.1,90.667,75,2025,1084,1158,2024148,2024074,2.84e-22,104,analysis/virulence_adherence/blast_72/GCA_029011745.1.tsv,-
GCA_029011745.1,Reproductive,VFG002171|WP_011109430|EF0149|aggregation_substance_context,CP118085.1,87.594,3869,3918,2,3855,390488,394310,0.0,4801,analysis/virulence_adherence/blast_72/GCA_029011745.1.tsv,+
GCA_029011745.1,Reproductive,VFG002171|WP_011109430|EF0149|aggregation_substance_context,CP118085.1,95.901,2220,3918,1636,3855,1214785,1217004,0.0,3594,analysis/virulence_adherence/blast_72/GCA_029011745.1.tsv,+
GCA_029011745.1,Reproductive,VFG002171|WP_011109430|EF0149|aggregation_substance_context,CP118085.1,89.182,795,3918,1,794,1213182,1213976,0.0,1043,analysis/virulence_adherence/blast_72/GCA_029011745.1.tsv,+
GCA_029011745.1,Reproductive,VFG002172|WP_010710127|EF0485|aggregation_substance_context,CP118085.1,93.702,3922,3918,1,3918,390487,394379,0.0,5963,analysis/virulence_adherence/blast_72/GCA_029011745.1.tsv,+
GCA_029011745.1,Reproductive,VFG002172|WP_010710127|EF0485|aggregation_substance_context,CP118085.1,94.369,2291,3918,1630,3918,1214785,1217073,0.0,3545,analysis/virulence_adherence/blast_72/GCA_029011745.1.tsv,+
GCA_029011745.1,Reproductive,VFG002172|WP_010710127|EF0485|aggregation_substance_context,CP118085.1,89.29,831,3918,2,829,1213183,1214011,0.0,1089,analysis/virulence_adherence/blast_72/GCA_029011745.1.tsv,+
GCA_029011745.1,Reproductive,VFG002173|WP_010785625|asa1|asa1_or_validated_equivalent,CP118085.1,96.557,3892,3891,1,3891,1213182,1217073,0.0,6412,analysis/virulence_adherence/blast_72/GCA_029011745.1.tsv,+
GCA_029011745.1,Reproductive,VFG002173|WP_010785625|asa1|asa1_or_validated_equivalent,CP118085.1,94.151,2291,3891,1603,3891,392091,394379,0.0,3523,analysis/virulence_adherence/blast_72/GCA_029011745.1.tsv,+
GCA_029011745.1,Reproductive,VFG002173|WP_010785625|asa1|asa1_or_validated_equivalent,CP118085.1,85.954,833,3891,2,829,390488,391290,0.0,980,analysis/virulence_adherence/blast_72/GCA_029011745.1.tsv,+
GCA_029011745.1,Reproductive,VFG002174|WP_002369251|gelE|gelE,CP118085.1,98.826,1533,1533,1,1533,1371894,1373426,0.0,2684,analysis/virulence_adherence/blast_72/GCA_029011745.1.tsv,+
GCA_029011745.1,Reproductive,VFG002175|AAM75248|cylR1|cytolysin_operon_context,CP118085.1,99.649,285,285,1,285,1316060,1315776,2.66e-145,510,analysis/virulence_adherence/blast_72/GCA_029011745.1.tsv,-
GCA_029011745.1,Reproductive,VFG002176|AAM75252|cylB|cytolysin_operon_context,CP118085.1,99.114,2145,2145,1,2145,1319664,1321808,0.0,3783,analysis/virulence_adherence/blast_72/GCA_029011745.1.tsv,+
GCA_029011745.1,Reproductive,VFG002177|AAM75253|cylA|cylA,CP118085.1,98.789,1239,1239,1,1239,1321805,1323043,0.0,2168,analysis/virulence_adherence/blast_72/GCA_029011745.1.tsv,+
GCA_029011745.1,Reproductive,VFG002178|AAM75254|cylI|cytolysin_operon_context,CP118085.1,97.764,984,984,1,984,1323044,1324027,0.0,1676,analysis/virulence_adherence/blast_72/GCA_029011745.1.tsv,+
GCA_029011745.1,Reproductive,VFG002191|WP_002369252|sprE|sprE,CP118085.1,98.246,855,855,1,855,1373475,1374329,0.0,1475,analysis/virulence_adherence/blast_72/GCA_029011745.1.tsv,+
GCA_029011745.1,Reproductive,VFG042976|WP_154081516|ebpA|ebpA,CP118085.1,99.423,3465,3465,1,3465,2036657,2033194,0.0,6156,analysis/virulence_adherence/blast_72/GCA_029011745.1.tsv,-
GCA_029011745.1,Reproductive,VFG042977|WP_002379309|ebpB|ebpB,CP118085.1,99.651,1431,1431,1,1431,2033190,2031761,0.0,2555,analysis/virulence_adherence/blast_72/GCA_029011745.1.tsv,-
GCA_029011745.1,Reproductive,VFG042978|WP_011109477|ebpC|ebpC,CP118085.1,99.045,1884,1878,1,1878,2031764,2029881,0.0,3318,analysis/virulence_adherence/blast_72/GCA_029011745.1.tsv,-
GCA_029011745.1,Reproductive,VFG045470|AAM75247|cylR2|cytolysin_operon_context,CP118085.1,97.512,201,201,1,201,1315775,1315576,2.37e-93,337,analysis/virulence_adherence/blast_72/GCA_029011745.1.tsv,-
GCA_029011745.1,Reproductive,VFG045472|AAM75249|cylL|cytolysin_operon_context,CP118085.1,99.517,207,207,1,207,1316179,1316385,4.15e-103,370,analysis/virulence_adherence/blast_72/GCA_029011745.1.tsv,+
GCA_029011745.1,Reproductive,VFG045472|AAM75249|cylL|cytolysin_operon_context,CP118085.1,86.905,84,207,15,98,1316469,1316552,9.17e-23,103,analysis/virulence_adherence/blast_72/GCA_029011745.1.tsv,+
GCA_029011745.1,Reproductive,VFG045473|AAM75250|cylS|cytolysin_operon_context,CP118085.1,99.479,192,192,1,192,1316419,1316610,5.3e-95,343,analysis/virulence_adherence/blast_72/GCA_029011745.1.tsv,+
GCA_029011745.1,Reproductive,VFG045473|AAM75250|cylS|cytolysin_operon_context,CP118085.1,88.095,84,192,51,134,1316193,1316276,1.98e-24,107,analysis/virulence_adherence/blast_72/GCA_029011745.1.tsv,+
GCA_029011745.1,Reproductive,VFG045474|AAM75251|cylM|cytolysin_operon_context,CP118085.1,98.793,2982,2982,1,2982,1316671,1319652,0.0,5216,analysis/virulence_adherence/blast_72/GCA_029011745.1.tsv,+
GCA_050469755.1,Bacteraemia,VFG002164|WP_002395058|prgB/asc10|aggregation_substance_context,CP175100.1,96.605,3918,3918,1,3918,24321,20404,0.0,6467,analysis/virulence_adherence/blast_72/GCA_050469755.1.tsv,-
GCA_050469755.1,Bacteraemia,VFG002164|WP_002395058|prgB/asc10|aggregation_substance_context,CP175101.1,94.469,3923,3918,2,3918,2491355,2495247,0.0,6107,analysis/virulence_adherence/blast_72/GCA_050469755.1.tsv,+
GCA_050469755.1,Bacteraemia,VFG002165|WP_002356954|efaA|efaA,CP175101.1,99.892,927,927,1,927,940831,941757,0.0,1668,analysis/virulence_adherence/blast_72/GCA_050469755.1.tsv,+
GCA_050469755.1,Bacteraemia,VFG002165|WP_002356954|efaA|efaA,CP175101.1,68.237,828,927,81,890,2573034,2573843,5.21e-72,269,analysis/virulence_adherence/blast_72/GCA_050469755.1.tsv,+
GCA_050469755.1,Bacteraemia,VFG002166|WP_010714416|ace|ace,CP175101.1,99.852,2025,2025,1,2025,52017,54041,0.0,3639,analysis/virulence_adherence/blast_72/GCA_050469755.1.tsv,+
GCA_050469755.1,Bacteraemia,VFG002166|WP_010714416|ace|ace,CP175101.1,90.964,498,2025,1084,1581,53241,53738,0.0,696,analysis/virulence_adherence/blast_72/GCA_050469755.1.tsv,+
GCA_050469755.1,Bacteraemia,VFG002166|WP_010714416|ace|ace,CP175101.1,89.96,498,2025,1225,1722,53100,53597,0.0,673,analysis/virulence_adherence/blast_72/GCA_050469755.1.tsv,+
GCA_050469755.1,Bacteraemia,VFG002166|WP_010714416|ace|ace,CP175101.1,89.916,357,2025,1366,1722,53100,53456,2.89e-136,482,analysis/virulence_adherence/blast_72/GCA_050469755.1.tsv,+
GCA_050469755.1,Bacteraemia,VFG002166|WP_010714416|ace|ace,CP175101.1,89.636,357,2025,1084,1440,53382,53738,1.23e-134,478,analysis/virulence_adherence/blast_72/GCA_050469755.1.tsv,+
GCA_050469755.1,Bacteraemia,VFG002166|WP_010714416|ace|ace,CP175101.1,89.815,216,2025,1084,1299,53523,53738,1.01e-78,291,analysis/virulence_adherence/blast_72/GCA_050469755.1.tsv,+
GCA_050469755.1,Bacteraemia,VFG002166|WP_010714416|ace|ace,CP175101.1,88.889,216,2025,1507,1722,53100,53315,5.24e-76,282,analysis/virulence_adherence/blast_72/GCA_050469755.1.tsv,+
GCA_050469755.1,Bacteraemia,VFG002171|WP_011109430|EF0149|aggregation_substance_context,CP175100.1,90.31,3870,3918,1,3855,24321,20473,0.0,5268,analysis/virulence_adherence/blast_72/GCA_050469755.1.tsv,-
GCA_050469755.1,Bacteraemia,VFG002171|WP_011109430|EF0149|aggregation_substance_context,CP175101.1,89.105,3864,3918,2,3855,2491355,2495178,0.0,5071,analysis/virulence_adherence/blast_72/GCA_050469755.1.tsv,+
GCA_050469755.1,Bacteraemia,VFG002172|WP_010710127|EF0485|aggregation_substance_context,CP175100.1,96.017,3917,3918,2,3918,24320,20404,0.0,6361,analysis/virulence_adherence/blast_72/GCA_050469755.1.tsv,-
GCA_050469755.1,Bacteraemia,VFG002172|WP_010710127|EF0485|aggregation_substance_context,CP175101.1,94.67,3921,3918,1,3918,2491354,2495247,0.0,6143,analysis/virulence_adherence/blast_72/GCA_050469755.1.tsv,+
GCA_050469755.1,Bacteraemia,VFG002173|WP_010785625|asa1|asa1_or_validated_equivalent,CP175100.1,96.072,2291,3891,1603,3891,22692,20404,0.0,3721,analysis/virulence_adherence/blast_72/GCA_050469755.1.tsv,-
GCA_050469755.1,Bacteraemia,VFG002173|WP_010785625|asa1|asa1_or_validated_equivalent,CP175100.1,93.622,831,3891,1,829,24321,23493,0.0,1255,analysis/virulence_adherence/blast_72/GCA_050469755.1.tsv,-
GCA_050469755.1,Bacteraemia,VFG002173|WP_010785625|asa1|asa1_or_validated_equivalent,CP175101.1,95.984,2291,3891,1603,3891,2492959,2495247,0.0,3712,analysis/virulence_adherence/blast_72/GCA_050469755.1.tsv,+
GCA_050469755.1,Bacteraemia,VFG002173|WP_010785625|asa1|asa1_or_validated_equivalent,CP175101.1,86.194,833,3891,2,829,2491355,2492158,0.0,993,analysis/virulence_adherence/blast_72/GCA_050469755.1.tsv,+
GCA_050469755.1,Bacteraemia,VFG002174|WP_002369251|gelE|gelE,CP175101.1,100.0,1533,1533,1,1533,707366,705834,0.0,2765,analysis/virulence_adherence/blast_72/GCA_050469755.1.tsv,-
GCA_050469755.1,Bacteraemia,VFG002191|WP_002369252|sprE|sprE,CP175101.1,100.0,855,855,1,855,705785,704931,0.0,1543,analysis/virulence_adherence/blast_72/GCA_050469755.1.tsv,-
GCA_050469755.1,Bacteraemia,VFG042976|WP_154081516|ebpA|ebpA,CP175101.1,99.942,3465,3465,1,3465,41209,44673,0.0,6240,analysis/virulence_adherence/blast_72/GCA_050469755.1.tsv,+
GCA_050469755.1,Bacteraemia,VFG042977|WP_002379309|ebpB|ebpB,CP175101.1,100.0,1431,1431,1,1431,44677,46107,0.0,2581,analysis/virulence_adherence/blast_72/GCA_050469755.1.tsv,+
GCA_050469755.1,Bacteraemia,VFG042978|WP_011109477|ebpC|ebpC,CP175101.1,99.682,1884,1878,1,1878,46104,47987,0.0,3372,analysis/virulence_adherence/blast_72/GCA_050469755.1.tsv,+
GCA_050471105.1,Bacteraemia,VFG002165|WP_002356954|efaA|efaA,CP175093.1,99.569,927,927,1,927,861641,862567,0.0,1654,analysis/virulence_adherence/blast_72/GCA_050471105.1.tsv,+
GCA_050471105.1,Bacteraemia,VFG002165|WP_002356954|efaA|efaA,CP175093.1,68.237,828,927,81,890,2470268,2471077,5.07e-72,269,analysis/virulence_adherence/blast_72/GCA_050471105.1.tsv,+
GCA_050471105.1,Bacteraemia,VFG002166|WP_010714416|ace|ace,CP175093.1,96.938,2025,2025,1,2025,54002,56026,0.0,3373,analysis/virulence_adherence/blast_72/GCA_050471105.1.tsv,+
GCA_050471105.1,Bacteraemia,VFG002166|WP_010714416|ace|ace,CP175093.1,91.841,478,2025,1104,1581,55246,55723,0.0,687,analysis/virulence_adherence/blast_72/GCA_050471105.1.tsv,+
GCA_050471105.1,Bacteraemia,VFG002166|WP_010714416|ace|ace,CP175093.1,90.361,498,2025,1225,1722,55085,55582,0.0,682,analysis/virulence_adherence/blast_72/GCA_050471105.1.tsv,+
GCA_050471105.1,Bacteraemia,VFG002166|WP_010714416|ace|ace,CP175093.1,89.636,357,2025,1366,1722,55085,55441,1.2e-134,478,analysis/virulence_adherence/blast_72/GCA_050471105.1.tsv,+
GCA_050471105.1,Bacteraemia,VFG002166|WP_010714416|ace|ace,CP175093.1,88.235,357,2025,1084,1440,55367,55723,3.91e-128,455,analysis/virulence_adherence/blast_72/GCA_050471105.1.tsv,+
GCA_050471105.1,Bacteraemia,VFG002166|WP_010714416|ace|ace,CP175093.1,87.963,216,2025,1507,1722,55085,55300,2.6400000000000003e-73,273,analysis/virulence_adherence/blast_72/GCA_050471105.1.tsv,+
GCA_050471105.1,Bacteraemia,VFG002166|WP_010714416|ace|ace,CP175093.1,87.5,216,2025,1084,1299,55508,55723,1.12e-71,269,analysis/virulence_adherence/blast_72/GCA_050471105.1.tsv,+
GCA_050471105.1,Bacteraemia,VFG042976|WP_154081516|ebpA|ebpA,CP175093.1,99.509,3465,3465,1,3465,40990,44454,0.0,6173,analysis/virulence_adherence/blast_72/GCA_050471105.1.tsv,+
GCA_050471105.1,Bacteraemia,VFG042977|WP_002379309|ebpB|ebpB,CP175093.1,99.371,1431,1431,1,1431,44458,45888,0.0,2541,analysis/virulence_adherence/blast_72/GCA_050471105.1.tsv,+
GCA_050471105.1,Bacteraemia,VFG042978|WP_011109477|ebpC|ebpC,CP175093.1,99.045,1884,1878,1,1878,45885,47768,0.0,3318,analysis/virulence_adherence/blast_72/GCA_050471105.1.tsv,+
GCA_050472745.1,Bacteraemia,VFG002164|WP_002395058|prgB/asc10|aggregation_substance_context,CP175062.1,94.469,3923,3918,2,3918,433241,437133,0.0,6107,analysis/virulence_adherence/blast_72/GCA_050472745.1.tsv,+
GCA_050472745.1,Bacteraemia,VFG002165|WP_002356954|efaA|efaA,CP175062.1,99.892,927,927,1,927,2294418,2295344,0.0,1668,analysis/virulence_adherence/blast_72/GCA_050472745.1.tsv,+
GCA_050472745.1,Bacteraemia,VFG002165|WP_002356954|efaA|efaA,CP175062.1,68.237,828,927,81,890,527323,528132,5.340000000000001e-72,269,analysis/virulence_adherence/blast_72/GCA_050472745.1.tsv,+
GCA_050472745.1,Bacteraemia,VFG002166|WP_010714416|ace|ace,CP175062.1,99.852,2025,2025,1,2025,1354392,1356416,0.0,3639,analysis/virulence_adherence/blast_72/GCA_050472745.1.tsv,+
GCA_050472745.1,Bacteraemia,VFG002166|WP_010714416|ace|ace,CP175062.1,90.964,498,2025,1084,1581,1355616,1356113,0.0,696,analysis/virulence_adherence/blast_72/GCA_050472745.1.tsv,+
GCA_050472745.1,Bacteraemia,VFG002166|WP_010714416|ace|ace,CP175062.1,89.96,498,2025,1225,1722,1355475,1355972,0.0,673,analysis/virulence_adherence/blast_72/GCA_050472745.1.tsv,+
GCA_050472745.1,Bacteraemia,VFG002166|WP_010714416|ace|ace,CP175062.1,89.916,357,2025,1366,1722,1355475,1355831,2.96e-136,482,analysis/virulence_adherence/blast_72/GCA_050472745.1.tsv,+
GCA_050472745.1,Bacteraemia,VFG002166|WP_010714416|ace|ace,CP175062.1,89.636,357,2025,1084,1440,1355757,1356113,1.26e-134,478,analysis/virulence_adherence/blast_72/GCA_050472745.1.tsv,+
GCA_050472745.1,Bacteraemia,VFG002166|WP_010714416|ace|ace,CP175062.1,89.815,216,2025,1084,1299,1355898,1356113,1.04e-78,291,analysis/virulence_adherence/blast_72/GCA_050472745.1.tsv,+
GCA_050472745.1,Bacteraemia,VFG002166|WP_010714416|ace|ace,CP175062.1,88.889,216,2025,1507,1722,1355475,1355690,5.37e-76,282,analysis/virulence_adherence/blast_72/GCA_050472745.1.tsv,+
GCA_050472745.1,Bacteraemia,VFG002171|WP_011109430|EF0149|aggregation_substance_context,CP175062.1,89.105,3864,3918,2,3855,433241,437064,0.0,5071,analysis/virulence_adherence/blast_72/GCA_050472745.1.tsv,+
GCA_050472745.1,Bacteraemia,VFG002172|WP_010710127|EF0485|aggregation_substance_context,CP175062.1,94.67,3921,3918,1,3918,433240,437133,0.0,6143,analysis/virulence_adherence/blast_72/GCA_050472745.1.tsv,+
GCA_050472745.1,Bacteraemia,VFG002173|WP_010785625|asa1|asa1_or_validated_equivalent,CP175062.1,95.984,2291,3891,1603,3891,434845,437133,0.0,3712,analysis/virulence_adherence/blast_72/GCA_050472745.1.tsv,+
GCA_050472745.1,Bacteraemia,VFG002173|WP_010785625|asa1|asa1_or_validated_equivalent,CP175062.1,86.194,833,3891,2,829,433241,434044,0.0,993,analysis/virulence_adherence/blast_72/GCA_050472745.1.tsv,+
GCA_050472745.1,Bacteraemia,VFG002174|WP_002369251|gelE|gelE,CP175062.1,100.0,1533,1533,1,1533,2058891,2057359,0.0,2765,analysis/virulence_adherence/blast_72/GCA_050472745.1.tsv,-
GCA_050472745.1,Bacteraemia,VFG002191|WP_002369252|sprE|sprE,CP175062.1,100.0,855,855,1,855,2057310,2056456,0.0,1543,analysis/virulence_adherence/blast_72/GCA_050472745.1.tsv,-
GCA_050472745.1,Bacteraemia,VFG042976|WP_154081516|ebpA|ebpA,CP175062.1,99.913,3465,3465,1,3465,1343584,1347048,0.0,6236,analysis/virulence_adherence/blast_72/GCA_050472745.1.tsv,+
GCA_050472745.1,Bacteraemia,VFG042977|WP_002379309|ebpB|ebpB,CP175062.1,100.0,1431,1431,1,1431,1347052,1348482,0.0,2581,analysis/virulence_adherence/blast_72/GCA_050472745.1.tsv,+
GCA_050472745.1,Bacteraemia,VFG042978|WP_011109477|ebpC|ebpC,CP175062.1,99.682,1884,1878,1,1878,1348479,1350362,0.0,3372,analysis/virulence_adherence/blast_72/GCA_050472745.1.tsv,+
GCA_050472755.1,Bacteraemia,VFG002165|WP_002356954|efaA|efaA,CP175060.1,99.784,927,927,1,927,1722909,1723835,0.0,1663,analysis/virulence_adherence/blast_72/GCA_050472755.1.tsv,+
GCA_050472755.1,Bacteraemia,VFG002166|WP_010714416|ace|ace,CP175060.1,96.741,2025,2025,1,2025,880130,882154,0.0,3355,analysis/virulence_adherence/blast_72/GCA_050472755.1.tsv,+
GCA_050472755.1,Bacteraemia,VFG002166|WP_010714416|ace|ace,CP175060.1,91.566,498,2025,1084,1581,881354,881851,0.0,710,analysis/virulence_adherence/blast_72/GCA_050472755.1.tsv,+
GCA_050472755.1,Bacteraemia,VFG002166|WP_010714416|ace|ace,CP175060.1,91.165,498,2025,1225,1722,881213,881710,0.0,700,analysis/virulence_adherence/blast_72/GCA_050472755.1.tsv,+
GCA_050472755.1,Bacteraemia,VFG002166|WP_010714416|ace|ace,CP175060.1,93.838,357,2025,1084,1440,881495,881851,2.59e-155,545,analysis/virulence_adherence/blast_72/GCA_050472755.1.tsv,+
GCA_050472755.1,Bacteraemia,VFG002166|WP_010714416|ace|ace,CP175060.1,91.317,357,2025,1366,1722,881213,881569,7.92e-143,505,analysis/virulence_adherence/blast_72/GCA_050472755.1.tsv,+
GCA_050472755.1,Bacteraemia,VFG002166|WP_010714416|ace|ace,CP175060.1,92.13,216,2025,1084,1299,881636,881851,2.7700000000000003e-85,314,analysis/virulence_adherence/blast_72/GCA_050472755.1.tsv,+
GCA_050472755.1,Bacteraemia,VFG002166|WP_010714416|ace|ace,CP175060.1,86.574,216,2025,1507,1722,881213,881428,5.36e-69,260,analysis/virulence_adherence/blast_72/GCA_050472755.1.tsv,+
GCA_050472755.1,Bacteraemia,VFG002166|WP_010714416|ace|ace,CP175060.1,89.333,75,2025,1084,1158,881777,881851,3.17e-21,100,analysis/virulence_adherence/blast_72/GCA_050472755.1.tsv,+
GCA_050472755.1,Bacteraemia,VFG002174|WP_002369251|gelE|gelE,CP175060.1,98.956,1533,1533,1,1533,1556895,1555363,0.0,2693,analysis/virulence_adherence/blast_72/GCA_050472755.1.tsv,-
GCA_050472755.1,Bacteraemia,VFG002191|WP_002369252|sprE|sprE,CP175060.1,99.649,855,855,1,855,1555314,1554460,0.0,1529,analysis/virulence_adherence/blast_72/GCA_050472755.1.tsv,-
GCA_050472755.1,Bacteraemia,VFG042976|WP_154081516|ebpA|ebpA,CP175060.1,99.134,3465,3465,1,3465,866189,869653,0.0,6114,analysis/virulence_adherence/blast_72/GCA_050472755.1.tsv,+
GCA_050472755.1,Bacteraemia,VFG042977|WP_002379309|ebpB|ebpB,CP175060.1,99.371,1431,1431,1,1431,869657,871087,0.0,2541,analysis/virulence_adherence/blast_72/GCA_050472755.1.tsv,+
GCA_050472755.1,Bacteraemia,VFG042978|WP_011109477|ebpC|ebpC,CP175060.1,98.938,1884,1878,1,1878,871084,872967,0.0,3309,analysis/virulence_adherence/blast_72/GCA_050472755.1.tsv,+
GCA_050473345.1,Bacteraemia,VFG002165|WP_002356954|efaA|efaA,CP175058.1,99.676,927,927,1,927,1220008,1219082,0.0,1659,analysis/virulence_adherence/blast_72/GCA_050473345.1.tsv,-
GCA_050473345.1,Bacteraemia,VFG002166|WP_010714416|ace|ace,CP175058.1,97.153,1440,2025,1,1440,2047308,2045869,0.0,2413,analysis/virulence_adherence/blast_72/GCA_050473345.1.tsv,-
GCA_050473345.1,Bacteraemia,VFG002166|WP_010714416|ace|ace,CP175058.1,95.758,660,2025,1366,2025,2046225,2045566,0.0,1065,analysis/virulence_adherence/blast_72/GCA_050473345.1.tsv,-
GCA_050473345.1,Bacteraemia,VFG002166|WP_010714416|ace|ace,CP175058.1,92.717,357,2025,1225,1581,2046225,2045869,6.96e-150,527,analysis/virulence_adherence/blast_72/GCA_050473345.1.tsv,-
GCA_050473345.1,Bacteraemia,VFG002166|WP_010714416|ace|ace,CP175058.1,91.667,216,2025,1084,1299,2046084,2045869,3.39e-84,309,analysis/virulence_adherence/blast_72/GCA_050473345.1.tsv,-
GCA_050473345.1,Bacteraemia,VFG002166|WP_010714416|ace|ace,CP175058.1,90.278,216,2025,1507,1722,2046225,2046010,7.46e-80,296,analysis/virulence_adherence/blast_72/GCA_050473345.1.tsv,-
GCA_050473345.1,Bacteraemia,VFG002166|WP_010714416|ace|ace,CP175058.1,90.789,76,2025,1647,1722,2046226,2046151,7.48e-23,106,analysis/virulence_adherence/blast_72/GCA_050473345.1.tsv,-
GCA_050473345.1,Bacteraemia,VFG002166|WP_010714416|ace|ace,CP175058.1,89.333,75,2025,1084,1158,2045943,2045869,3.1800000000000004e-21,100,analysis/virulence_adherence/blast_72/GCA_050473345.1.tsv,-
GCA_050473345.1,Bacteraemia,VFG002174|WP_002369251|gelE|gelE,CP175058.1,98.826,1533,1533,1,1533,1380189,1381721,0.0,2684,analysis/virulence_adherence/blast_72/GCA_050473345.1.tsv,+
GCA_050473345.1,Bacteraemia,VFG002191|WP_002369252|sprE|sprE,CP175058.1,98.83,855,855,1,855,1381770,1382624,0.0,1498,analysis/virulence_adherence/blast_72/GCA_050473345.1.tsv,+
GCA_050473345.1,Bacteraemia,VFG042976|WP_154081516|ebpA|ebpA,CP175058.1,99.942,3465,3465,1,3465,2058115,2054651,0.0,6240,analysis/virulence_adherence/blast_72/GCA_050473345.1.tsv,-
GCA_050473345.1,Bacteraemia,VFG042977|WP_002379309|ebpB|ebpB,CP175058.1,99.161,1431,1431,1,1431,2054647,2053217,0.0,2527,analysis/virulence_adherence/blast_72/GCA_050473345.1.tsv,-
GCA_050473345.1,Bacteraemia,VFG042978|WP_011109477|ebpC|ebpC,CP175058.1,99.045,1884,1878,1,1878,2053220,2051337,0.0,3318,analysis/virulence_adherence/blast_72/GCA_050473345.1.tsv,-
GCA_050473355.1,Bacteraemia,VFG002165|WP_002356954|efaA|efaA,CP175057.1,99.676,927,927,1,927,1747042,1747968,0.0,1659,analysis/virulence_adherence/blast_72/GCA_050473355.1.tsv,+
GCA_050473355.1,Bacteraemia,VFG002165|WP_002356954|efaA|efaA,CP175057.1,68.237,828,927,81,890,415002,415811,4.76e-72,269,analysis/virulence_adherence/blast_72/GCA_050473355.1.tsv,+
GCA_050473355.1,Bacteraemia,VFG002166|WP_010714416|ace|ace,CP175057.1,96.837,1581,2025,1,1581,919619,921199,0.0,2626,analysis/virulence_adherence/blast_72/GCA_050473355.1.tsv,+
GCA_050473355.1,Bacteraemia,VFG002166|WP_010714416|ace|ace,CP175057.1,95.381,801,2025,1225,2025,920702,921502,0.0,1278,analysis/virulence_adherence/blast_72/GCA_050473355.1.tsv,+
GCA_050473355.1,Bacteraemia,VFG002166|WP_010714416|ace|ace,CP175057.1,92.157,357,2025,1366,1722,920702,921058,3.67e-147,518,analysis/virulence_adherence/blast_72/GCA_050473355.1.tsv,+
GCA_050473355.1,Bacteraemia,VFG002166|WP_010714416|ace|ace,CP175057.1,91.877,357,2025,1084,1440,920843,921199,1.56e-145,514,analysis/virulence_adherence/blast_72/GCA_050473355.1.tsv,+
GCA_050473355.1,Bacteraemia,VFG002166|WP_010714416|ace|ace,CP175057.1,91.204,216,2025,1084,1299,920984,921199,1.46e-82,305,analysis/virulence_adherence/blast_72/GCA_050473355.1.tsv,+
GCA_050473355.1,Bacteraemia,VFG002166|WP_010714416|ace|ace,CP175057.1,90.278,216,2025,1507,1722,920702,920917,7.58e-80,296,analysis/virulence_adherence/blast_72/GCA_050473355.1.tsv,+
GCA_050473355.1,Bacteraemia,VFG002166|WP_010714416|ace|ace,CP175057.1,90.789,76,2025,1647,1722,920701,920776,7.599999999999999e-23,106,analysis/virulence_adherence/blast_72/GCA_050473355.1.tsv,+
GCA_050473355.1,Bacteraemia,VFG002166|WP_010714416|ace|ace,CP175057.1,89.333,75,2025,1084,1158,921125,921199,3.23e-21,100,analysis/virulence_adherence/blast_72/GCA_050473355.1.tsv,+
GCA_050473355.1,Bacteraemia,VFG002174|WP_002369251|gelE|gelE,CP175057.1,98.867,971,1533,563,1533,1586293,1585323,0.0,1702,analysis/virulence_adherence/blast_72/GCA_050473355.1.tsv,-
GCA_050473355.1,Bacteraemia,VFG002191|WP_002369252|sprE|sprE,CP175057.1,98.713,855,855,1,855,1585274,1584420,0.0,1493,analysis/virulence_adherence/blast_72/GCA_050473355.1.tsv,-
GCA_050473355.1,Bacteraemia,VFG042976|WP_154081516|ebpA|ebpA,CP175057.1,99.913,3465,3465,1,3465,908812,912276,0.0,6236,analysis/virulence_adherence/blast_72/GCA_050473355.1.tsv,+
GCA_050473355.1,Bacteraemia,VFG042977|WP_002379309|ebpB|ebpB,CP175057.1,99.022,1431,1431,1,1431,912280,913710,0.0,2518,analysis/virulence_adherence/blast_72/GCA_050473355.1.tsv,+
GCA_050473355.1,Bacteraemia,VFG042978|WP_011109477|ebpC|ebpC,CP175057.1,98.992,1884,1878,1,1878,913707,915590,0.0,3314,analysis/virulence_adherence/blast_72/GCA_050473355.1.tsv,+
GCA_050473905.1,Bacteraemia,VFG002164|WP_002395058|prgB/asc10|aggregation_substance_context,CP175055.1,94.857,3928,3918,1,3918,1381,5307,0.0,6170,analysis/virulence_adherence/blast_72/GCA_050473905.1.tsv,+
GCA_050473905.1,Bacteraemia,VFG002164|WP_002395058|prgB/asc10|aggregation_substance_context,CP175056.1,94.469,3923,3918,2,3918,392282,396174,0.0,6107,analysis/virulence_adherence/blast_72/GCA_050473905.1.tsv,+
GCA_050473905.1,Bacteraemia,VFG002165|WP_002356954|efaA|efaA,CP175056.1,99.892,927,927,1,927,934848,933922,0.0,1668,analysis/virulence_adherence/blast_72/GCA_050473905.1.tsv,-
GCA_050473905.1,Bacteraemia,VFG002165|WP_002356954|efaA|efaA,CP175056.1,68.237,828,927,81,890,483564,484373,5.36e-72,269,analysis/virulence_adherence/blast_72/GCA_050473905.1.tsv,+
GCA_050473905.1,Bacteraemia,VFG002166|WP_010714416|ace|ace,CP175056.1,99.802,2025,2025,1,2025,1864212,1862188,0.0,3635,analysis/virulence_adherence/blast_72/GCA_050473905.1.tsv,-
GCA_050473905.1,Bacteraemia,VFG002166|WP_010714416|ace|ace,CP175056.1,90.763,498,2025,1084,1581,1862988,1862491,0.0,691,analysis/virulence_adherence/blast_72/GCA_050473905.1.tsv,-
GCA_050473905.1,Bacteraemia,VFG002166|WP_010714416|ace|ace,CP175056.1,89.759,498,2025,1225,1722,1863129,1862632,0.0,669,analysis/virulence_adherence/blast_72/GCA_050473905.1.tsv,-
GCA_050473905.1,Bacteraemia,VFG002166|WP_010714416|ace|ace,CP175056.1,89.916,357,2025,1366,1722,1863129,1862773,2.97e-136,482,analysis/virulence_adherence/blast_72/GCA_050473905.1.tsv,-
GCA_050473905.1,Bacteraemia,VFG002166|WP_010714416|ace|ace,CP175056.1,89.356,357,2025,1084,1440,1862847,1862491,1.5400000000000001e-133,473,analysis/virulence_adherence/blast_72/GCA_050473905.1.tsv,-
GCA_050473905.1,Bacteraemia,VFG002166|WP_010714416|ace|ace,CP175056.1,89.815,216,2025,1084,1299,1862706,1862491,1.04e-78,291,analysis/virulence_adherence/blast_72/GCA_050473905.1.tsv,-
GCA_050473905.1,Bacteraemia,VFG002166|WP_010714416|ace|ace,CP175056.1,88.889,216,2025,1507,1722,1863129,1862914,5.39e-76,282,analysis/virulence_adherence/blast_72/GCA_050473905.1.tsv,-
GCA_050473905.1,Bacteraemia,VFG002171|WP_011109430|EF0149|aggregation_substance_context,CP175055.1,89.235,3883,3918,1,3855,1381,5238,0.0,5094,analysis/virulence_adherence/blast_72/GCA_050473905.1.tsv,+
GCA_050473905.1,Bacteraemia,VFG002171|WP_011109430|EF0149|aggregation_substance_context,CP175056.1,89.105,3864,3918,2,3855,392282,396105,0.0,5071,analysis/virulence_adherence/blast_72/GCA_050473905.1.tsv,+
GCA_050473905.1,Bacteraemia,VFG002172|WP_010710127|EF0485|aggregation_substance_context,CP175055.1,95.289,3927,3918,2,3918,1382,5307,0.0,6245,analysis/virulence_adherence/blast_72/GCA_050473905.1.tsv,+
GCA_050473905.1,Bacteraemia,VFG002172|WP_010710127|EF0485|aggregation_substance_context,CP175056.1,94.67,3921,3918,1,3918,392281,396174,0.0,6143,analysis/virulence_adherence/blast_72/GCA_050473905.1.tsv,+
GCA_050473905.1,Bacteraemia,VFG002173|WP_010785625|asa1|asa1_or_validated_equivalent,CP175056.1,95.984,2291,3891,1603,3891,393886,396174,0.0,3712,analysis/virulence_adherence/blast_72/GCA_050473905.1.tsv,+
GCA_050473905.1,Bacteraemia,VFG002173|WP_010785625|asa1|asa1_or_validated_equivalent,CP175056.1,86.194,833,3891,2,829,392282,393085,0.0,993,analysis/virulence_adherence/blast_72/GCA_050473905.1.tsv,+
GCA_050473905.1,Bacteraemia,VFG002173|WP_010785625|asa1|asa1_or_validated_equivalent,CP175055.1,95.304,2300,3891,1603,3891,3010,5307,0.0,3660,analysis/virulence_adherence/blast_72/GCA_050473905.1.tsv,+
GCA_050473905.1,Bacteraemia,VFG002173|WP_010785625|asa1|asa1_or_validated_equivalent,CP175055.1,91.436,794,3891,1,794,1381,2174,0.0,1126,analysis/virulence_adherence/blast_72/GCA_050473905.1.tsv,+
GCA_050473905.1,Bacteraemia,VFG002174|WP_002369251|gelE|gelE,CP175056.1,100.0,1533,1533,1,1533,1158360,1159892,0.0,2765,analysis/virulence_adherence/blast_72/GCA_050473905.1.tsv,+
GCA_050473905.1,Bacteraemia,VFG002191|WP_002369252|sprE|sprE,CP175056.1,100.0,855,855,1,855,1159941,1160795,0.0,1543,analysis/virulence_adherence/blast_72/GCA_050473905.1.tsv,+
GCA_050473905.1,Bacteraemia,VFG042976|WP_154081516|ebpA|ebpA,CP175056.1,99.942,3465,3465,1,3465,1875020,1871556,0.0,6240,analysis/virulence_adherence/blast_72/GCA_050473905.1.tsv,-
GCA_050473905.1,Bacteraemia,VFG042977|WP_002379309|ebpB|ebpB,CP175056.1,100.0,1431,1431,1,1431,1871552,1870122,0.0,2581,analysis/virulence_adherence/blast_72/GCA_050473905.1.tsv,-
GCA_050473905.1,Bacteraemia,VFG042978|WP_011109477|ebpC|ebpC,CP175056.1,99.682,1884,1878,1,1878,1870125,1868242,0.0,3372,analysis/virulence_adherence/blast_72/GCA_050473905.1.tsv,-
GCA_050474485.1,Bacteraemia,VFG002165|WP_002356954|efaA|efaA,CP175046.1,99.569,927,927,1,927,1803256,1804182,0.0,1654,analysis/virulence_adherence/blast_72/GCA_050474485.1.tsv,+
GCA_050474485.1,Bacteraemia,VFG002166|WP_010714416|ace|ace,CP175046.1,96.69,1722,2025,1,1722,955267,956988,0.0,2849,analysis/virulence_adherence/blast_72/GCA_050474485.1.tsv,+
GCA_050474485.1,Bacteraemia,VFG002166|WP_010714416|ace|ace,CP175046.1,95.648,942,2025,1084,2025,956491,957432,0.0,1515,analysis/virulence_adherence/blast_72/GCA_050474485.1.tsv,+
GCA_050474485.1,Bacteraemia,VFG002166|WP_010714416|ace|ace,CP175046.1,91.566,498,2025,1084,1581,956632,957129,0.0,710,analysis/virulence_adherence/blast_72/GCA_050474485.1.tsv,+
GCA_050474485.1,Bacteraemia,VFG002166|WP_010714416|ace|ace,CP175046.1,90.562,498,2025,1225,1722,956350,956847,0.0,687,analysis/virulence_adherence/blast_72/GCA_050474485.1.tsv,+
GCA_050474485.1,Bacteraemia,VFG002166|WP_010714416|ace|ace,CP175046.1,89.636,357,2025,1366,1722,956350,956706,1.08e-134,478,analysis/virulence_adherence/blast_72/GCA_050474485.1.tsv,+
GCA_050474485.1,Bacteraemia,VFG002166|WP_010714416|ace|ace,CP175046.1,89.636,357,2025,1084,1440,956773,957129,1.08e-134,478,analysis/virulence_adherence/blast_72/GCA_050474485.1.tsv,+
GCA_050474485.1,Bacteraemia,VFG002166|WP_010714416|ace|ace,CP175046.1,89.815,216,2025,1084,1299,956914,957129,8.89e-79,291,analysis/virulence_adherence/blast_72/GCA_050474485.1.tsv,+
GCA_050474485.1,Bacteraemia,VFG002166|WP_010714416|ace|ace,CP175046.1,86.111,216,2025,1507,1722,956350,956565,6.4e-68,255,analysis/virulence_adherence/blast_72/GCA_050474485.1.tsv,+
GCA_050474485.1,Bacteraemia,VFG002174|WP_002369251|gelE|gelE,CP175046.1,98.63,1533,1533,1,1533,1608070,1606538,0.0,2671,analysis/virulence_adherence/blast_72/GCA_050474485.1.tsv,-
GCA_050474485.1,Bacteraemia,VFG002191|WP_002369252|sprE|sprE,CP175046.1,99.181,855,855,1,855,1606489,1605635,0.0,1511,analysis/virulence_adherence/blast_72/GCA_050474485.1.tsv,-
GCA_050474485.1,Bacteraemia,VFG042976|WP_154081516|ebpA|ebpA,CP175046.1,99.365,3465,3465,1,3465,942255,945719,0.0,6150,analysis/virulence_adherence/blast_72/GCA_050474485.1.tsv,+
GCA_050474485.1,Bacteraemia,VFG042977|WP_002379309|ebpB|ebpB,CP175046.1,99.301,1431,1431,1,1431,945723,947153,0.0,2536,analysis/virulence_adherence/blast_72/GCA_050474485.1.tsv,+
GCA_050474485.1,Bacteraemia,VFG042978|WP_011109477|ebpC|ebpC,CP175046.1,99.045,1884,1878,1,1878,947150,949033,0.0,3318,analysis/virulence_adherence/blast_72/GCA_050474485.1.tsv,+
GCA_050474495.1,Bacteraemia,VFG002164|WP_002395058|prgB/asc10|aggregation_substance_context,CP175045.1,93.981,3921,3918,2,3918,2263659,2259767,0.0,6014,analysis/virulence_adherence/blast_72/GCA_050474495.1.tsv,-
GCA_050474495.1,Bacteraemia,VFG002164|WP_002395058|prgB/asc10|aggregation_substance_context,CP175043.1,89.746,3940,3918,1,3918,18994,22910,0.0,5267,analysis/virulence_adherence/blast_72/GCA_050474495.1.tsv,+
GCA_050474495.1,Bacteraemia,VFG002165|WP_002356954|efaA|efaA,CP175045.1,99.892,927,927,1,927,711817,710891,0.0,1668,analysis/virulence_adherence/blast_72/GCA_050474495.1.tsv,-
GCA_050474495.1,Bacteraemia,VFG002165|WP_002356954|efaA|efaA,CP175045.1,68.237,828,927,81,890,2197472,2196663,5.73e-72,269,analysis/virulence_adherence/blast_72/GCA_050474495.1.tsv,-
GCA_050474495.1,Bacteraemia,VFG002165|WP_002356954|efaA|efaA,CP175045.1,68.493,803,927,106,890,2793540,2794324,5.73e-72,269,analysis/virulence_adherence/blast_72/GCA_050474495.1.tsv,+
GCA_050474495.1,Bacteraemia,VFG002166|WP_010714416|ace|ace,CP175045.1,100.0,2025,2025,1,2025,1603255,1601231,0.0,3653,analysis/virulence_adherence/blast_72/GCA_050474495.1.tsv,-
GCA_050474495.1,Bacteraemia,VFG002166|WP_010714416|ace|ace,CP175045.1,90.361,498,2025,1084,1581,1602031,1601534,0.0,682,analysis/virulence_adherence/blast_72/GCA_050474495.1.tsv,-
GCA_050474495.1,Bacteraemia,VFG002166|WP_010714416|ace|ace,CP175045.1,90.361,498,2025,1225,1722,1602172,1601675,0.0,682,analysis/virulence_adherence/blast_72/GCA_050474495.1.tsv,-
GCA_050474495.1,Bacteraemia,VFG002166|WP_010714416|ace|ace,CP175045.1,89.916,357,2025,1084,1440,1601890,1601534,3.18e-136,482,analysis/virulence_adherence/blast_72/GCA_050474495.1.tsv,-
GCA_050474495.1,Bacteraemia,VFG002166|WP_010714416|ace|ace,CP175045.1,89.916,357,2025,1366,1722,1602172,1601816,3.18e-136,482,analysis/virulence_adherence/blast_72/GCA_050474495.1.tsv,-
GCA_050474495.1,Bacteraemia,VFG002166|WP_010714416|ace|ace,CP175045.1,88.889,216,2025,1084,1299,1601749,1601534,5.77e-76,282,analysis/virulence_adherence/blast_72/GCA_050474495.1.tsv,-
GCA_050474495.1,Bacteraemia,VFG002166|WP_010714416|ace|ace,CP175045.1,88.889,216,2025,1507,1722,1602172,1601957,5.77e-76,282,analysis/virulence_adherence/blast_72/GCA_050474495.1.tsv,-
GCA_050474495.1,Bacteraemia,VFG002171|WP_011109430|EF0149|aggregation_substance_context,CP175043.1,95.159,3904,3918,1,3900,18994,22892,0.0,6179,analysis/virulence_adherence/blast_72/GCA_050474495.1.tsv,+
GCA_050474495.1,Bacteraemia,VFG002171|WP_011109430|EF0149|aggregation_substance_context,CP175045.1,87.59,3868,3918,2,3855,2263659,2259836,0.0,4806,analysis/virulence_adherence/blast_72/GCA_050474495.1.tsv,-
GCA_050474495.1,Bacteraemia,VFG002172|WP_010710127|EF0485|aggregation_substance_context,CP175045.1,93.728,3922,3918,1,3918,2263660,2259767,0.0,5971,analysis/virulence_adherence/blast_72/GCA_050474495.1.tsv,-
GCA_050474495.1,Bacteraemia,VFG002172|WP_010710127|EF0485|aggregation_substance_context,CP175043.1,89.772,3852,3918,2,3834,18995,22832,0.0,5156,analysis/virulence_adherence/blast_72/GCA_050474495.1.tsv,+
GCA_050474495.1,Bacteraemia,VFG002173|WP_010785625|asa1|asa1_or_validated_equivalent,CP175045.1,94.151,2291,3891,1603,3891,2262055,2259767,0.0,3523,analysis/virulence_adherence/blast_72/GCA_050474495.1.tsv,-
GCA_050474495.1,Bacteraemia,VFG002173|WP_010785625|asa1|asa1_or_validated_equivalent,CP175045.1,86.074,833,3891,2,829,2263659,2262856,0.0,988,analysis/virulence_adherence/blast_72/GCA_050474495.1.tsv,-
GCA_050474495.1,Bacteraemia,VFG002173|WP_010785625|asa1|asa1_or_validated_equivalent,CP175043.1,95.337,2209,3891,1603,3807,20629,22832,0.0,3510,analysis/virulence_adherence/blast_72/GCA_050474495.1.tsv,+
GCA_050474495.1,Bacteraemia,VFG002173|WP_010785625|asa1|asa1_or_validated_equivalent,CP175043.1,93.829,794,3891,1,794,18994,19787,0.0,1212,analysis/virulence_adherence/blast_72/GCA_050474495.1.tsv,+
GCA_050474495.1,Bacteraemia,VFG002174|WP_002369251|gelE|gelE,CP175045.1,100.0,1533,1533,1,1533,903328,904860,0.0,2765,analysis/virulence_adherence/blast_72/GCA_050474495.1.tsv,+
GCA_050474495.1,Bacteraemia,VFG002175|AAM75248|cylR1|cytolysin_operon_context,CP175044.1,100.0,285,285,1,285,37077,36793,7.05e-147,515,analysis/virulence_adherence/blast_72/GCA_050474495.1.tsv,-
GCA_050474495.1,Bacteraemia,VFG002176|AAM75252|cylB|cytolysin_operon_context,CP175044.1,99.767,2145,2145,1,2145,40681,42825,0.0,3846,analysis/virulence_adherence/blast_72/GCA_050474495.1.tsv,+
GCA_050474495.1,Bacteraemia,VFG002177|AAM75253|cylA|cylA,CP175044.1,99.839,1239,1239,1,1239,42822,44060,0.0,2226,analysis/virulence_adherence/blast_72/GCA_050474495.1.tsv,+
GCA_050474495.1,Bacteraemia,VFG002178|AAM75254|cylI|cytolysin_operon_context,CP175044.1,97.256,984,984,1,984,44061,45044,0.0,1654,analysis/virulence_adherence/blast_72/GCA_050474495.1.tsv,+
GCA_050474495.1,Bacteraemia,VFG002179|AAD09858|esp|esp,CP175045.1,84.838,2493,5622,3163,5622,2818154,2820628,0.0,2784,analysis/virulence_adherence/blast_72/GCA_050474495.1.tsv,+
GCA_050474495.1,Bacteraemia,VFG002179|AAD09858|esp|esp,CP175045.1,89.027,1686,5622,3456,5141,2818201,2819886,0.0,2207,analysis/virulence_adherence/blast_72/GCA_050474495.1.tsv,+
GCA_050474495.1,Bacteraemia,VFG002179|AAD09858|esp|esp,CP175045.1,83.415,2038,5622,45,2041,2815988,2818024,0.0,2159,analysis/virulence_adherence/blast_72/GCA_050474495.1.tsv,+
GCA_050474495.1,Bacteraemia,VFG002179|AAD09858|esp|esp,CP175045.1,90.024,1263,5622,3210,4472,2818447,2819709,0.0,1710,analysis/virulence_adherence/blast_72/GCA_050474495.1.tsv,+
GCA_050474495.1,Bacteraemia,VFG002179|AAD09858|esp|esp,CP175045.1,89.873,1264,5622,3702,4965,2818201,2819464,0.0,1703,analysis/virulence_adherence/blast_72/GCA_050474495.1.tsv,+
GCA_050474495.1,Bacteraemia,VFG002179|AAD09858|esp|esp,CP175045.1,89.774,1017,5622,3210,4226,2818693,2819709,0.0,1366,analysis/virulence_adherence/blast_72/GCA_050474495.1.tsv,+
GCA_050474495.1,Bacteraemia,VFG002179|AAD09858|esp|esp,CP175045.1,89.686,1018,5622,3948,4965,2818201,2819218,0.0,1363,analysis/virulence_adherence/blast_72/GCA_050474495.1.tsv,+
GCA_050474495.1,Bacteraemia,VFG002179|AAD09858|esp|esp,CP175045.1,90.347,777,5622,4194,4970,2818201,2818977,0.0,1064,analysis/virulence_adherence/blast_72/GCA_050474495.1.tsv,+
GCA_050474495.1,Bacteraemia,VFG002179|AAD09858|esp|esp,CP175045.1,90.013,771,5622,3210,3980,2818939,2819709,0.0,1044,analysis/virulence_adherence/blast_72/GCA_050474495.1.tsv,+
GCA_050474495.1,Bacteraemia,VFG002179|AAD09858|esp|esp,CP175045.1,90.095,525,5622,3210,3734,2819185,2819709,0.0,713,analysis/virulence_adherence/blast_72/GCA_050474495.1.tsv,+
GCA_050474495.1,Bacteraemia,VFG002179|AAD09858|esp|esp,CP175045.1,89.924,526,5622,4440,4965,2818201,2818726,0.0,710,analysis/virulence_adherence/blast_72/GCA_050474495.1.tsv,+
GCA_050474495.1,Bacteraemia,VFG002179|AAD09858|esp|esp,CP175045.1,89.643,280,5622,4686,4965,2818201,2818480,3.3200000000000004e-103,375,analysis/virulence_adherence/blast_72/GCA_050474495.1.tsv,+
GCA_050474495.1,Bacteraemia,VFG002179|AAD09858|esp|esp,CP175045.1,89.606,279,5622,3210,3488,2819431,2819709,1.16e-102,373,analysis/virulence_adherence/blast_72/GCA_050474495.1.tsv,+
GCA_050474495.1,Bacteraemia,VFG002179|AAD09858|esp|esp,CP175045.1,85.827,254,5622,2989,3242,2819693,2819946,7.32e-80,297,analysis/virulence_adherence/blast_72/GCA_050474495.1.tsv,+
GCA_050474495.1,Bacteraemia,VFG002179|AAD09858|esp|esp,CP175045.1,84.906,212,5622,2989,3200,2819930,2820141,1.72e-62,239,analysis/virulence_adherence/blast_72/GCA_050474495.1.tsv,+
GCA_050474495.1,Bacteraemia,VFG002191|WP_002369252|sprE|sprE,CP175045.1,100.0,855,855,1,855,904909,905763,0.0,1543,analysis/virulence_adherence/blast_72/GCA_050474495.1.tsv,+
GCA_050474495.1,Bacteraemia,VFG042976|WP_154081516|ebpA|ebpA,CP175045.1,99.942,3465,3465,1,3465,1614063,1610599,0.0,6240,analysis/virulence_adherence/blast_72/GCA_050474495.1.tsv,-
GCA_050474495.1,Bacteraemia,VFG042977|WP_002379309|ebpB|ebpB,CP175045.1,100.0,1431,1431,1,1431,1610595,1609165,0.0,2581,analysis/virulence_adherence/blast_72/GCA_050474495.1.tsv,-
GCA_050474495.1,Bacteraemia,VFG042978|WP_011109477|ebpC|ebpC,CP175045.1,99.682,1884,1878,1,1878,1609168,1607285,0.0,3372,analysis/virulence_adherence/blast_72/GCA_050474495.1.tsv,-
GCA_050474495.1,Bacteraemia,VFG045470|AAM75247|cylR2|cytolysin_operon_context,CP175044.1,100.0,201,201,1,201,36792,36592,1.92e-101,363,analysis/virulence_adherence/blast_72/GCA_050474495.1.tsv,-
GCA_050474495.1,Bacteraemia,VFG045472|AAM75249|cylL|cytolysin_operon_context,CP175044.1,100.0,207,207,1,207,37196,37402,1.0999999999999999e-104,374,analysis/virulence_adherence/blast_72/GCA_050474495.1.tsv,+
GCA_050474495.1,Bacteraemia,VFG045472|AAM75249|cylL|cytolysin_operon_context,CP175044.1,88.095,84,207,15,98,37486,37569,2.4299999999999997e-24,107,analysis/virulence_adherence/blast_72/GCA_050474495.1.tsv,+
GCA_050474495.1,Bacteraemia,VFG045473|AAM75250|cylS|cytolysin_operon_context,CP175044.1,100.0,192,192,1,192,37436,37627,1.4e-96,347,analysis/virulence_adherence/blast_72/GCA_050474495.1.tsv,+
GCA_050474495.1,Bacteraemia,VFG045473|AAM75250|cylS|cytolysin_operon_context,CP175044.1,88.095,84,192,51,134,37210,37293,2.23e-24,107,analysis/virulence_adherence/blast_72/GCA_050474495.1.tsv,+
GCA_050474495.1,Bacteraemia,VFG045474|AAM75251|cylM|cytolysin_operon_context,CP175044.1,99.698,2982,2982,1,2982,37688,40669,0.0,5338,analysis/virulence_adherence/blast_72/GCA_050474495.1.tsv,+
GCA_050475565.1,Bacteraemia,VFG002164|WP_002395058|prgB/asc10|aggregation_substance_context,CP175030.1,94.032,3921,3918,2,3918,2743581,2739666,0.0,6002,analysis/virulence_adherence/blast_72/GCA_050475565.1.tsv,-
GCA_050475565.1,Bacteraemia,VFG002164|WP_002395058|prgB/asc10|aggregation_substance_context,CP175029.1,94.457,2291,3918,1630,3918,5514,7802,0.0,3554,analysis/virulence_adherence/blast_72/GCA_050475565.1.tsv,+
GCA_050475565.1,Bacteraemia,VFG002164|WP_002395058|prgB/asc10|aggregation_substance_context,CP175029.1,92.78,831,3918,1,829,3912,4740,0.0,1223,analysis/virulence_adherence/blast_72/GCA_050475565.1.tsv,+
GCA_050475565.1,Bacteraemia,VFG002164|WP_002395058|prgB/asc10|aggregation_substance_context,CP175028.1,93.453,2291,3918,1630,3918,23803,26091,0.0,3451,analysis/virulence_adherence/blast_72/GCA_050475565.1.tsv,+
GCA_050475565.1,Bacteraemia,VFG002164|WP_002395058|prgB/asc10|aggregation_substance_context,CP175028.1,90.493,831,3918,1,829,22201,23029,0.0,1138,analysis/virulence_adherence/blast_72/GCA_050475565.1.tsv,+
GCA_050475565.1,Bacteraemia,VFG002165|WP_002356954|efaA|efaA,CP175030.1,99.569,927,927,1,927,1158560,1157634,0.0,1654,analysis/virulence_adherence/blast_72/GCA_050475565.1.tsv,-
GCA_050475565.1,Bacteraemia,VFG002165|WP_002356954|efaA|efaA,CP175030.1,68.244,803,927,106,890,2559234,2558450,2.76e-69,260,analysis/virulence_adherence/blast_72/GCA_050475565.1.tsv,-
GCA_050475565.1,Bacteraemia,VFG002166|WP_010714416|ace|ace,CP175030.1,97.284,2025,2025,1,2025,1979955,1977931,0.0,3405,analysis/virulence_adherence/blast_72/GCA_050475565.1.tsv,-
GCA_050475565.1,Bacteraemia,VFG002166|WP_010714416|ace|ace,CP175030.1,92.771,498,2025,1084,1581,1978731,1978234,0.0,737,analysis/virulence_adherence/blast_72/GCA_050475565.1.tsv,-
GCA_050475565.1,Bacteraemia,VFG002166|WP_010714416|ace|ace,CP175030.1,91.365,498,2025,1225,1722,1978872,1978375,0.0,705,analysis/virulence_adherence/blast_72/GCA_050475565.1.tsv,-
GCA_050475565.1,Bacteraemia,VFG002166|WP_010714416|ace|ace,CP175030.1,90.196,357,2025,1366,1722,1978872,1978516,2.43e-137,487,analysis/virulence_adherence/blast_72/GCA_050475565.1.tsv,-
GCA_050475565.1,Bacteraemia,VFG002166|WP_010714416|ace|ace,CP175030.1,89.356,357,2025,1084,1440,1978590,1978234,1.53e-133,473,analysis/virulence_adherence/blast_72/GCA_050475565.1.tsv,-
GCA_050475565.1,Bacteraemia,VFG002166|WP_010714416|ace|ace,CP175030.1,89.815,216,2025,1507,1722,1978872,1978657,1.04e-78,291,analysis/virulence_adherence/blast_72/GCA_050475565.1.tsv,-
GCA_050475565.1,Bacteraemia,VFG002166|WP_010714416|ace|ace,CP175030.1,88.889,216,2025,1084,1299,1978449,1978234,5.36e-76,282,analysis/virulence_adherence/blast_72/GCA_050475565.1.tsv,-
GCA_050475565.1,Bacteraemia,VFG002171|WP_011109430|EF0149|aggregation_substance_context,CP175030.1,88.8,3866,3918,2,3855,2743581,2739735,0.0,4990,analysis/virulence_adherence/blast_72/GCA_050475565.1.tsv,-
GCA_050475565.1,Bacteraemia,VFG002171|WP_011109430|EF0149|aggregation_substance_context,CP175029.1,94.505,2220,3918,1636,3855,5514,7733,0.0,3454,analysis/virulence_adherence/blast_72/GCA_050475565.1.tsv,+
GCA_050475565.1,Bacteraemia,VFG002171|WP_011109430|EF0149|aggregation_substance_context,CP175029.1,90.176,794,3918,1,794,3912,4705,0.0,1081,analysis/virulence_adherence/blast_72/GCA_050475565.1.tsv,+
GCA_050475565.1,Bacteraemia,VFG002171|WP_011109430|EF0149|aggregation_substance_context,CP175028.1,92.928,2220,3918,1636,3855,23803,26022,0.0,3296,analysis/virulence_adherence/blast_72/GCA_050475565.1.tsv,+
GCA_050475565.1,Bacteraemia,VFG002171|WP_011109430|EF0149|aggregation_substance_context,CP175028.1,90.189,795,3918,1,794,22201,22994,0.0,1076,analysis/virulence_adherence/blast_72/GCA_050475565.1.tsv,+
GCA_050475565.1,Bacteraemia,VFG002172|WP_010710127|EF0485|aggregation_substance_context,CP175030.1,95.203,3919,3918,1,3918,2743582,2739666,0.0,6210,analysis/virulence_adherence/blast_72/GCA_050475565.1.tsv,-
GCA_050475565.1,Bacteraemia,VFG002172|WP_010710127|EF0485|aggregation_substance_context,CP175029.1,94.849,2291,3918,1630,3918,5514,7802,0.0,3595,analysis/virulence_adherence/blast_72/GCA_050475565.1.tsv,+
GCA_050475565.1,Bacteraemia,VFG002172|WP_010710127|EF0485|aggregation_substance_context,CP175029.1,91.205,830,3918,2,829,3913,4740,0.0,1163,analysis/virulence_adherence/blast_72/GCA_050475565.1.tsv,+
GCA_050475565.1,Bacteraemia,VFG002172|WP_010710127|EF0485|aggregation_substance_context,CP175028.1,92.58,2291,3918,1630,3918,23803,26091,0.0,3360,analysis/virulence_adherence/blast_72/GCA_050475565.1.tsv,+
GCA_050475565.1,Bacteraemia,VFG002172|WP_010710127|EF0485|aggregation_substance_context,CP175028.1,91.446,830,3918,2,829,22202,23029,0.0,1172,analysis/virulence_adherence/blast_72/GCA_050475565.1.tsv,+
GCA_050475565.1,Bacteraemia,VFG002173|WP_010785625|asa1|asa1_or_validated_equivalent,CP175029.1,99.126,3891,3891,1,3891,3912,7802,0.0,6864,analysis/virulence_adherence/blast_72/GCA_050475565.1.tsv,+
GCA_050475565.1,Bacteraemia,VFG002173|WP_010785625|asa1|asa1_or_validated_equivalent,CP175028.1,95.631,3891,3891,1,3891,22201,26091,0.0,6251,analysis/virulence_adherence/blast_72/GCA_050475565.1.tsv,+
GCA_050475565.1,Bacteraemia,VFG002173|WP_010785625|asa1|asa1_or_validated_equivalent,CP175030.1,93.758,2291,3891,1603,3891,2741954,2739666,0.0,3482,analysis/virulence_adherence/blast_72/GCA_050475565.1.tsv,-
GCA_050475565.1,Bacteraemia,VFG002173|WP_010785625|asa1|asa1_or_validated_equivalent,CP175030.1,89.639,830,3891,2,829,2743581,2742755,0.0,1101,analysis/virulence_adherence/blast_72/GCA_050475565.1.tsv,-
GCA_050475565.1,Bacteraemia,VFG002174|WP_002369251|gelE|gelE,CP175030.1,98.956,1533,1533,1,1533,1327326,1328858,0.0,2693,analysis/virulence_adherence/blast_72/GCA_050475565.1.tsv,+
GCA_050475565.1,Bacteraemia,VFG002175|AAM75248|cylR1|cytolysin_operon_context,CP175030.1,98.596,285,285,1,285,2642991,2643275,1.7599999999999998e-141,497,analysis/virulence_adherence/blast_72/GCA_050475565.1.tsv,+
GCA_050475565.1,Bacteraemia,VFG002176|AAM75252|cylB|cytolysin_operon_context,CP175030.1,98.322,2145,2145,1,2145,2639387,2637243,0.0,3707,analysis/virulence_adherence/blast_72/GCA_050475565.1.tsv,-
GCA_050475565.1,Bacteraemia,VFG002177|AAM75253|cylA|cylA,CP175030.1,98.87,1239,1239,1,1239,2637246,2636008,0.0,2172,analysis/virulence_adherence/blast_72/GCA_050475565.1.tsv,-
GCA_050475565.1,Bacteraemia,VFG002177|AAM75253|cylA|cylA,CP175030.1,95.775,71,1239,1169,1239,2579427,2579357,9.99e-26,115,analysis/virulence_adherence/blast_72/GCA_050475565.1.tsv,-
GCA_050475565.1,Bacteraemia,VFG002178|AAM75254|cylI|cytolysin_operon_context,CP175030.1,97.154,984,984,1,984,2636007,2635024,0.0,1649,analysis/virulence_adherence/blast_72/GCA_050475565.1.tsv,-
GCA_050475565.1,Bacteraemia,VFG002178|AAM75254|cylI|cytolysin_operon_context,CP175030.1,96.247,986,984,1,984,2579356,2578372,0.0,1606,analysis/virulence_adherence/blast_72/GCA_050475565.1.tsv,-
GCA_050475565.1,Bacteraemia,VFG002179|AAD09858|esp|esp,CP175030.1,98.651,3409,5622,2235,5622,2613483,2610075,0.0,5956,analysis/virulence_adherence/blast_72/GCA_050475565.1.tsv,-
GCA_050475565.1,Bacteraemia,VFG002179|AAD09858|esp|esp,CP175030.1,99.565,2986,5622,1,2986,2615969,2612984,0.0,5327,analysis/virulence_adherence/blast_72/GCA_050475565.1.tsv,-
GCA_050475565.1,Bacteraemia,VFG002179|AAD09858|esp|esp,CP175030.1,97.118,1596,5622,3124,4719,2612348,2610753,0.0,2672,analysis/virulence_adherence/blast_72/GCA_050475565.1.tsv,-
GCA_050475565.1,Bacteraemia,VFG002179|AAD09858|esp|esp,CP175030.1,96.742,1596,5622,3370,4965,2612594,2610999,0.0,2645,analysis/virulence_adherence/blast_72/GCA_050475565.1.tsv,-
GCA_050475565.1,Bacteraemia,VFG002179|AAD09858|esp|esp,CP175030.1,96.444,1350,5622,3124,4473,2612102,2610753,0.0,2219,analysis/virulence_adherence/blast_72/GCA_050475565.1.tsv,-
GCA_050475565.1,Bacteraemia,VFG002179|AAD09858|esp|esp,CP175030.1,96.148,1350,5622,3616,4965,2612594,2611245,0.0,2201,analysis/virulence_adherence/blast_72/GCA_050475565.1.tsv,-
GCA_050475565.1,Bacteraemia,VFG002179|AAD09858|esp|esp,CP175030.1,95.833,1104,5622,3124,4227,2611856,2610753,0.0,1784,analysis/virulence_adherence/blast_72/GCA_050475565.1.tsv,-
GCA_050475565.1,Bacteraemia,VFG002179|AAD09858|esp|esp,CP175030.1,95.471,1104,5622,3862,4965,2612594,2611491,0.0,1766,analysis/virulence_adherence/blast_72/GCA_050475565.1.tsv,-
GCA_050475565.1,Bacteraemia,VFG002179|AAD09858|esp|esp,CP175030.1,95.141,885,5622,3124,4008,2611610,2610732,0.0,1404,analysis/virulence_adherence/blast_72/GCA_050475565.1.tsv,-
GCA_050475565.1,Bacteraemia,VFG002179|AAD09858|esp|esp,CP175030.1,94.463,885,5622,4108,4986,2612594,2611710,0.0,1377,analysis/virulence_adherence/blast_72/GCA_050475565.1.tsv,-
GCA_050475565.1,Bacteraemia,VFG002179|AAD09858|esp|esp,CP175030.1,94.444,612,5622,3124,3735,2611364,2610753,0.0,951,analysis/virulence_adherence/blast_72/GCA_050475565.1.tsv,-
GCA_050475565.1,Bacteraemia,VFG002179|AAD09858|esp|esp,CP175030.1,93.791,612,5622,4354,4965,2612594,2611983,0.0,933,analysis/virulence_adherence/blast_72/GCA_050475565.1.tsv,-
GCA_050475565.1,Bacteraemia,VFG002179|AAD09858|esp|esp,CP175030.1,99.4,500,5622,2487,2986,2613735,2613236,0.0,889,analysis/virulence_adherence/blast_72/GCA_050475565.1.tsv,-
GCA_050475565.1,Bacteraemia,VFG002179|AAD09858|esp|esp,CP175030.1,96.8,500,5622,2235,2734,2613231,2612732,0.0,830,analysis/virulence_adherence/blast_72/GCA_050475565.1.tsv,-
GCA_050475565.1,Bacteraemia,VFG002179|AAD09858|esp|esp,CP175030.1,90.71,366,5622,3124,3489,2611118,2610753,2.08e-143,508,analysis/virulence_adherence/blast_72/GCA_050475565.1.tsv,-
GCA_050475565.1,Bacteraemia,VFG002179|AAD09858|esp|esp,CP175030.1,90.164,366,5622,4600,4965,2612594,2612229,1.0799999999999999e-140,499,analysis/virulence_adherence/blast_72/GCA_050475565.1.tsv,-
GCA_050475565.1,Bacteraemia,VFG002179|AAD09858|esp|esp,CP175030.1,98.387,248,5622,2739,2986,2613735,2613488,4.58e-120,430,analysis/virulence_adherence/blast_72/GCA_050475565.1.tsv,-
GCA_050475565.1,Bacteraemia,VFG002179|AAD09858|esp|esp,CP175030.1,96.371,248,5622,2235,2482,2612979,2612732,5.23e-113,407,analysis/virulence_adherence/blast_72/GCA_050475565.1.tsv,-
GCA_050475565.1,Bacteraemia,VFG002179|AAD09858|esp|esp,CP175030.1,84.021,194,5622,2989,3182,2610770,2610577,7.78e-54,211,analysis/virulence_adherence/blast_72/GCA_050475565.1.tsv,-
GCA_050475565.1,Bacteraemia,VFG002179|AAD09858|esp|esp,CP175030.1,84.021,194,5622,4948,5141,2612729,2612536,7.78e-54,211,analysis/virulence_adherence/blast_72/GCA_050475565.1.tsv,-
GCA_050475565.1,Bacteraemia,VFG002191|WP_002369252|sprE|sprE,CP175030.1,98.246,855,855,1,855,1328907,1329761,0.0,1475,analysis/virulence_adherence/blast_72/GCA_050475565.1.tsv,+
GCA_050475565.1,Bacteraemia,VFG042976|WP_154081516|ebpA|ebpA,CP175030.1,99.134,3465,3465,1,3465,1993956,1990492,0.0,6114,analysis/virulence_adherence/blast_72/GCA_050475565.1.tsv,-
GCA_050475565.1,Bacteraemia,VFG042977|WP_002379309|ebpB|ebpB,CP175030.1,99.092,1431,1431,1,1431,1990488,1989058,0.0,2523,analysis/virulence_adherence/blast_72/GCA_050475565.1.tsv,-
GCA_050475565.1,Bacteraemia,VFG042978|WP_011109477|ebpC|ebpC,CP175030.1,98.938,1884,1878,1,1878,1989061,1987178,0.0,3309,analysis/virulence_adherence/blast_72/GCA_050475565.1.tsv,-
GCA_050475565.1,Bacteraemia,VFG045470|AAM75247|cylR2|cytolysin_operon_context,CP175030.1,99.502,201,201,1,201,2643276,2643476,7.6e-100,359,analysis/virulence_adherence/blast_72/GCA_050475565.1.tsv,+
GCA_050475565.1,Bacteraemia,VFG045472|AAM75249|cylL|cytolysin_operon_context,CP175030.1,99.517,207,207,1,207,2642872,2642666,4.3400000000000003e-103,370,analysis/virulence_adherence/blast_72/GCA_050475565.1.tsv,-
GCA_050475565.1,Bacteraemia,VFG045472|AAM75249|cylL|cytolysin_operon_context,CP175030.1,86.905,84,207,15,98,2642582,2642499,9.599999999999999e-23,103,analysis/virulence_adherence/blast_72/GCA_050475565.1.tsv,-
GCA_050475565.1,Bacteraemia,VFG045473|AAM75250|cylS|cytolysin_operon_context,CP175030.1,99.479,192,192,1,192,2642632,2642441,5.5499999999999996e-95,343,analysis/virulence_adherence/blast_72/GCA_050475565.1.tsv,-
GCA_050475565.1,Bacteraemia,VFG045473|AAM75250|cylS|cytolysin_operon_context,CP175030.1,88.095,84,192,51,134,2642858,2642775,2.08e-24,107,analysis/virulence_adherence/blast_72/GCA_050475565.1.tsv,-
GCA_050475565.1,Bacteraemia,VFG045474|AAM75251|cylM|cytolysin_operon_context,CP175030.1,98.759,2982,2982,1,2982,2642380,2639399,0.0,5212,analysis/virulence_adherence/blast_72/GCA_050475565.1.tsv,-
GCA_050475575.1,Bacteraemia,VFG002164|WP_002395058|prgB/asc10|aggregation_substance_context,CP175027.1,95.459,3920,3918,2,3918,401960,405876,0.0,6264,analysis/virulence_adherence/blast_72/GCA_050475575.1.tsv,+
GCA_050475575.1,Bacteraemia,VFG002164|WP_002395058|prgB/asc10|aggregation_substance_context,CP175027.1,89.703,3875,3918,1,3855,134848,138708,0.0,5176,analysis/virulence_adherence/blast_72/GCA_050475575.1.tsv,+
GCA_050475575.1,Bacteraemia,VFG002164|WP_002395058|prgB/asc10|aggregation_substance_context,CP175024.1,95.433,3919,3918,1,3918,640,4557,0.0,6254,analysis/virulence_adherence/blast_72/GCA_050475575.1.tsv,+
GCA_050475575.1,Bacteraemia,VFG002164|WP_002395058|prgB/asc10|aggregation_substance_context,CP175025.1,95.239,3928,3918,1,3918,1,3927,0.0,6238,analysis/virulence_adherence/blast_72/GCA_050475575.1.tsv,+
GCA_050475575.1,Bacteraemia,VFG002165|WP_002356954|efaA|efaA,CP175027.1,99.461,927,927,1,927,1951945,1952871,0.0,1650,analysis/virulence_adherence/blast_72/GCA_050475575.1.tsv,+
GCA_050475575.1,Bacteraemia,VFG002165|WP_002356954|efaA|efaA,CP175027.1,68.237,828,927,81,890,502155,502964,5.260000000000001e-72,269,analysis/virulence_adherence/blast_72/GCA_050475575.1.tsv,+
GCA_050475575.1,Bacteraemia,VFG002166|WP_010714416|ace|ace,CP175027.1,96.142,1581,2025,1,1581,1072712,1074292,0.0,2577,analysis/virulence_adherence/blast_72/GCA_050475575.1.tsv,+
GCA_050475575.1,Bacteraemia,VFG002166|WP_010714416|ace|ace,CP175027.1,95.256,801,2025,1225,2025,1073795,1074595,0.0,1274,analysis/virulence_adherence/blast_72/GCA_050475575.1.tsv,+
GCA_050475575.1,Bacteraemia,VFG002166|WP_010714416|ace|ace,CP175027.1,91.317,357,2025,1084,1440,1073936,1074292,8.93e-143,505,analysis/virulence_adherence/blast_72/GCA_050475575.1.tsv,+
GCA_050475575.1,Bacteraemia,VFG002166|WP_010714416|ace|ace,CP175027.1,90.756,357,2025,1366,1722,1073795,1074151,4.63e-140,496,analysis/virulence_adherence/blast_72/GCA_050475575.1.tsv,+
GCA_050475575.1,Bacteraemia,VFG002166|WP_010714416|ace|ace,CP175027.1,89.352,216,2025,1084,1299,1074077,1074292,4.35e-77,287,analysis/virulence_adherence/blast_72/GCA_050475575.1.tsv,+
GCA_050475575.1,Bacteraemia,VFG002166|WP_010714416|ace|ace,CP175027.1,87.963,216,2025,1507,1722,1073795,1074010,2.74e-73,273,analysis/virulence_adherence/blast_72/GCA_050475575.1.tsv,+
GCA_050475575.1,Bacteraemia,VFG002171|WP_011109430|EF0149|aggregation_substance_context,CP175027.1,99.974,3918,3918,1,3918,134848,138765,0.0,7062,analysis/virulence_adherence/blast_72/GCA_050475575.1.tsv,+
GCA_050475575.1,Bacteraemia,VFG002171|WP_011109430|EF0149|aggregation_substance_context,CP175027.1,89.61,3869,3918,2,3855,401960,405807,0.0,5144,analysis/virulence_adherence/blast_72/GCA_050475575.1.tsv,+
GCA_050475575.1,Bacteraemia,VFG002171|WP_011109430|EF0149|aggregation_substance_context,CP175025.1,89.499,3876,3918,1,3855,1,3858,0.0,5132,analysis/virulence_adherence/blast_72/GCA_050475575.1.tsv,+
GCA_050475575.1,Bacteraemia,VFG002171|WP_011109430|EF0149|aggregation_substance_context,CP175024.1,89.553,3867,3918,1,3855,640,4488,0.0,5126,analysis/virulence_adherence/blast_72/GCA_050475575.1.tsv,+
GCA_050475575.1,Bacteraemia,VFG002172|WP_010710127|EF0485|aggregation_substance_context,CP175027.1,99.974,3918,3918,1,3918,401959,405876,0.0,7062,analysis/virulence_adherence/blast_72/GCA_050475575.1.tsv,+
GCA_050475575.1,Bacteraemia,VFG002172|WP_010710127|EF0485|aggregation_substance_context,CP175027.1,89.61,3869,3918,2,3849,134849,138702,0.0,5144,analysis/virulence_adherence/blast_72/GCA_050475575.1.tsv,+
GCA_050475575.1,Bacteraemia,VFG002172|WP_010710127|EF0485|aggregation_substance_context,CP175024.1,95.253,3918,3918,2,3918,641,4557,0.0,6221,analysis/virulence_adherence/blast_72/GCA_050475575.1.tsv,+
GCA_050475575.1,Bacteraemia,VFG002172|WP_010710127|EF0485|aggregation_substance_context,CP175025.1,95.136,3927,3918,2,3918,2,3927,0.0,6218,analysis/virulence_adherence/blast_72/GCA_050475575.1.tsv,+
GCA_050475575.1,Bacteraemia,VFG002173|WP_010785625|asa1|asa1_or_validated_equivalent,CP175024.1,95.155,2291,3891,1603,3891,2269,4557,0.0,3626,analysis/virulence_adherence/blast_72/GCA_050475575.1.tsv,+
GCA_050475575.1,Bacteraemia,VFG002173|WP_010785625|asa1|asa1_or_validated_equivalent,CP175024.1,93.983,831,3891,1,829,640,1468,0.0,1269,analysis/virulence_adherence/blast_72/GCA_050475575.1.tsv,+
GCA_050475575.1,Bacteraemia,VFG002173|WP_010785625|asa1|asa1_or_validated_equivalent,CP175025.1,94.696,2300,3891,1603,3891,1630,3927,0.0,3597,analysis/virulence_adherence/blast_72/GCA_050475575.1.tsv,+
GCA_050475575.1,Bacteraemia,VFG002173|WP_010785625|asa1|asa1_or_validated_equivalent,CP175025.1,93.983,831,3891,1,829,1,829,0.0,1269,analysis/virulence_adherence/blast_72/GCA_050475575.1.tsv,+
GCA_050475575.1,Bacteraemia,VFG002173|WP_010785625|asa1|asa1_or_validated_equivalent,CP175027.1,94.718,2291,3891,1603,3891,403588,405876,0.0,3581,analysis/virulence_adherence/blast_72/GCA_050475575.1.tsv,+
GCA_050475575.1,Bacteraemia,VFG002173|WP_010785625|asa1|asa1_or_validated_equivalent,CP175027.1,94.595,2220,3891,1603,3822,136483,138702,0.0,3463,analysis/virulence_adherence/blast_72/GCA_050475575.1.tsv,+
GCA_050475575.1,Bacteraemia,VFG002173|WP_010785625|asa1|asa1_or_validated_equivalent,CP175027.1,90.602,830,3891,2,829,401960,402787,0.0,1141,analysis/virulence_adherence/blast_72/GCA_050475575.1.tsv,+
GCA_050475575.1,Bacteraemia,VFG002173|WP_010785625|asa1|asa1_or_validated_equivalent,CP175027.1,90.932,794,3891,1,794,134848,135641,0.0,1108,analysis/virulence_adherence/blast_72/GCA_050475575.1.tsv,+
GCA_050475575.1,Bacteraemia,VFG002174|WP_002369251|gelE|gelE,CP175027.1,98.891,1533,1533,1,1533,1742379,1740847,0.0,2689,analysis/virulence_adherence/blast_72/GCA_050475575.1.tsv,-
GCA_050475575.1,Bacteraemia,VFG002175|AAM75248|cylR1|cytolysin_operon_context,CP175027.1,100.0,285,285,1,285,436220,435936,6.47e-147,515,analysis/virulence_adherence/blast_72/GCA_050475575.1.tsv,-
GCA_050475575.1,Bacteraemia,VFG002176|AAM75252|cylB|cytolysin_operon_context,CP175027.1,99.814,2145,2145,1,2145,439824,441968,0.0,3851,analysis/virulence_adherence/blast_72/GCA_050475575.1.tsv,+
GCA_050475575.1,Bacteraemia,VFG002177|AAM75253|cylA|cylA,CP175027.1,99.839,1239,1239,1,1239,441965,443203,0.0,2226,analysis/virulence_adherence/blast_72/GCA_050475575.1.tsv,+
GCA_050475575.1,Bacteraemia,VFG002178|AAM75254|cylI|cytolysin_operon_context,CP175027.1,97.256,984,984,1,984,443204,444187,0.0,1654,analysis/virulence_adherence/blast_72/GCA_050475575.1.tsv,+
GCA_050475575.1,Bacteraemia,VFG002178|AAM75254|cylI|cytolysin_operon_context,CP175024.1,99.571,233,984,752,984,31098,31330,1.71e-116,416,analysis/virulence_adherence/blast_72/GCA_050475575.1.tsv,+
GCA_050475575.1,Bacteraemia,VFG002179|AAD09858|esp|esp,CP175027.1,99.929,5622,5622,1,5622,448851,454472,0.0,10121,analysis/virulence_adherence/blast_72/GCA_050475575.1.tsv,+
GCA_050475575.1,Bacteraemia,VFG002179|AAD09858|esp|esp,CP175027.1,96.992,1596,5622,3124,4719,452220,453815,0.0,2663,analysis/virulence_adherence/blast_72/GCA_050475575.1.tsv,+
GCA_050475575.1,Bacteraemia,VFG002179|AAD09858|esp|esp,CP175027.1,96.742,1596,5622,3370,4965,451974,453569,0.0,2645,analysis/virulence_adherence/blast_72/GCA_050475575.1.tsv,+
GCA_050475575.1,Bacteraemia,VFG002179|AAD09858|esp|esp,CP175027.1,96.296,1350,5622,3124,4473,452466,453815,0.0,2210,analysis/virulence_adherence/blast_72/GCA_050475575.1.tsv,+
GCA_050475575.1,Bacteraemia,VFG002179|AAD09858|esp|esp,CP175027.1,96.148,1350,5622,3616,4965,451974,453323,0.0,2201,analysis/virulence_adherence/blast_72/GCA_050475575.1.tsv,+
GCA_050475575.1,Bacteraemia,VFG002179|AAD09858|esp|esp,CP175027.1,95.652,1104,5622,3124,4227,452712,453815,0.0,1775,analysis/virulence_adherence/blast_72/GCA_050475575.1.tsv,+
GCA_050475575.1,Bacteraemia,VFG002179|AAD09858|esp|esp,CP175027.1,95.471,1104,5622,3862,4965,451974,453077,0.0,1766,analysis/virulence_adherence/blast_72/GCA_050475575.1.tsv,+
GCA_050475575.1,Bacteraemia,VFG002179|AAD09858|esp|esp,CP175027.1,94.915,885,5622,3124,4008,452958,453836,0.0,1395,analysis/virulence_adherence/blast_72/GCA_050475575.1.tsv,+
GCA_050475575.1,Bacteraemia,VFG002179|AAD09858|esp|esp,CP175027.1,94.689,885,5622,4108,4986,451974,452858,0.0,1386,analysis/virulence_adherence/blast_72/GCA_050475575.1.tsv,+
GCA_050475575.1,Bacteraemia,VFG002179|AAD09858|esp|esp,CP175027.1,94.444,612,5622,3124,3735,453204,453815,0.0,951,analysis/virulence_adherence/blast_72/GCA_050475575.1.tsv,+
GCA_050475575.1,Bacteraemia,VFG002179|AAD09858|esp|esp,CP175027.1,94.118,612,5622,4354,4965,451974,452585,0.0,942,analysis/virulence_adherence/blast_72/GCA_050475575.1.tsv,+
GCA_050475575.1,Bacteraemia,VFG002179|AAD09858|esp|esp,CP175027.1,99.2,500,5622,2487,2986,451085,451584,0.0,884,analysis/virulence_adherence/blast_72/GCA_050475575.1.tsv,+
GCA_050475575.1,Bacteraemia,VFG002179|AAD09858|esp|esp,CP175027.1,99.2,500,5622,2235,2734,451337,451836,0.0,884,analysis/virulence_adherence/blast_72/GCA_050475575.1.tsv,+
GCA_050475575.1,Bacteraemia,VFG002179|AAD09858|esp|esp,CP175027.1,90.71,366,5622,4600,4965,451974,452339,2.05e-143,508,analysis/virulence_adherence/blast_72/GCA_050475575.1.tsv,+
GCA_050475575.1,Bacteraemia,VFG002179|AAD09858|esp|esp,CP175027.1,90.71,366,5622,3124,3489,453450,453815,2.05e-143,508,analysis/virulence_adherence/blast_72/GCA_050475575.1.tsv,+
GCA_050475575.1,Bacteraemia,VFG002179|AAD09858|esp|esp,CP175027.1,98.387,248,5622,2739,2986,451085,451332,4.52e-120,430,analysis/virulence_adherence/blast_72/GCA_050475575.1.tsv,+
GCA_050475575.1,Bacteraemia,VFG002179|AAD09858|esp|esp,CP175027.1,98.387,248,5622,2235,2482,451589,451836,4.52e-120,430,analysis/virulence_adherence/blast_72/GCA_050475575.1.tsv,+
GCA_050475575.1,Bacteraemia,VFG002179|AAD09858|esp|esp,CP175027.1,84.021,194,5622,4948,5141,451839,452032,7.68e-54,211,analysis/virulence_adherence/blast_72/GCA_050475575.1.tsv,+
GCA_050475575.1,Bacteraemia,VFG002179|AAD09858|esp|esp,CP175027.1,84.021,194,5622,2989,3182,453798,453991,7.68e-54,211,analysis/virulence_adherence/blast_72/GCA_050475575.1.tsv,+
GCA_050475575.1,Bacteraemia,VFG002191|WP_002369252|sprE|sprE,CP175027.1,98.48,855,855,1,855,1740798,1739944,0.0,1484,analysis/virulence_adherence/blast_72/GCA_050475575.1.tsv,-
GCA_050475575.1,Bacteraemia,VFG042976|WP_154081516|ebpA|ebpA,CP175027.1,99.509,3465,3465,1,3465,1022265,1025729,0.0,6173,analysis/virulence_adherence/blast_72/GCA_050475575.1.tsv,+
GCA_050475575.1,Bacteraemia,VFG042977|WP_002379309|ebpB|ebpB,CP175027.1,99.441,1431,1431,1,1431,1025733,1027163,0.0,2545,analysis/virulence_adherence/blast_72/GCA_050475575.1.tsv,+
GCA_050475575.1,Bacteraemia,VFG042978|WP_011109477|ebpC|ebpC,CP175027.1,99.363,1884,1878,1,1878,1027160,1029043,0.0,3345,analysis/virulence_adherence/blast_72/GCA_050475575.1.tsv,+
GCA_050475575.1,Bacteraemia,VFG045470|AAM75247|cylR2|cytolysin_operon_context,CP175027.1,100.0,201,201,1,201,435935,435735,1.76e-101,363,analysis/virulence_adherence/blast_72/GCA_050475575.1.tsv,-
GCA_050475575.1,Bacteraemia,VFG045472|AAM75249|cylL|cytolysin_operon_context,CP175027.1,100.0,207,207,1,207,436339,436545,1.01e-104,374,analysis/virulence_adherence/blast_72/GCA_050475575.1.tsv,+
GCA_050475575.1,Bacteraemia,VFG045472|AAM75249|cylL|cytolysin_operon_context,CP175027.1,88.095,84,207,15,98,436629,436712,2.23e-24,107,analysis/virulence_adherence/blast_72/GCA_050475575.1.tsv,+
GCA_050475575.1,Bacteraemia,VFG045473|AAM75250|cylS|cytolysin_operon_context,CP175027.1,100.0,192,192,1,192,436579,436770,1.29e-96,347,analysis/virulence_adherence/blast_72/GCA_050475575.1.tsv,+
GCA_050475575.1,Bacteraemia,VFG045473|AAM75250|cylS|cytolysin_operon_context,CP175027.1,88.095,84,192,51,134,436353,436436,2.05e-24,107,analysis/virulence_adherence/blast_72/GCA_050475575.1.tsv,+
GCA_050475575.1,Bacteraemia,VFG045474|AAM75251|cylM|cytolysin_operon_context,CP175027.1,99.698,2982,2982,1,2982,436831,439812,0.0,5338,analysis/virulence_adherence/blast_72/GCA_050475575.1.tsv,+
GCA_050476085.1,Bacteraemia,VFG002165|WP_002356954|efaA|efaA,CP175020.1,99.676,927,927,1,927,1981498,1982424,0.0,1659,analysis/virulence_adherence/blast_72/GCA_050476085.1.tsv,+
GCA_050476085.1,Bacteraemia,VFG002166|WP_010714416|ace|ace,CP175020.1,97.153,1440,2025,1,1440,1039861,1041300,0.0,2413,analysis/virulence_adherence/blast_72/GCA_050476085.1.tsv,+
GCA_050476085.1,Bacteraemia,VFG002166|WP_010714416|ace|ace,CP175020.1,95.909,660,2025,1366,2025,1040944,1041603,0.0,1069,analysis/virulence_adherence/blast_72/GCA_050476085.1.tsv,+
GCA_050476085.1,Bacteraemia,VFG002166|WP_010714416|ace|ace,CP175020.1,92.997,357,2025,1225,1581,1040944,1041300,6.17e-151,532,analysis/virulence_adherence/blast_72/GCA_050476085.1.tsv,+
GCA_050476085.1,Bacteraemia,VFG002166|WP_010714416|ace|ace,CP175020.1,91.204,216,2025,1084,1299,1041085,1041300,1.5599999999999998e-82,305,analysis/virulence_adherence/blast_72/GCA_050476085.1.tsv,+
GCA_050476085.1,Bacteraemia,VFG002166|WP_010714416|ace|ace,CP175020.1,89.815,216,2025,1507,1722,1040944,1041159,9.820000000000001e-79,291,analysis/virulence_adherence/blast_72/GCA_050476085.1.tsv,+
GCA_050476085.1,Bacteraemia,VFG002166|WP_010714416|ace|ace,CP175020.1,90.789,76,2025,1647,1722,1040943,1041018,8.079999999999999e-23,106,analysis/virulence_adherence/blast_72/GCA_050476085.1.tsv,+
GCA_050476085.1,Bacteraemia,VFG002166|WP_010714416|ace|ace,CP175020.1,89.333,75,2025,1084,1158,1041226,1041300,3.44e-21,100,analysis/virulence_adherence/blast_72/GCA_050476085.1.tsv,+
GCA_050476085.1,Bacteraemia,VFG002174|WP_002369251|gelE|gelE,CP175020.1,98.826,1533,1533,1,1533,1751669,1750137,0.0,2684,analysis/virulence_adherence/blast_72/GCA_050476085.1.tsv,-
GCA_050476085.1,Bacteraemia,VFG002191|WP_002369252|sprE|sprE,CP175020.1,98.596,855,855,1,855,1750088,1749234,0.0,1489,analysis/virulence_adherence/blast_72/GCA_050476085.1.tsv,-
GCA_050476085.1,Bacteraemia,VFG042976|WP_154081516|ebpA|ebpA,CP175020.1,99.942,3465,3465,1,3465,1029054,1032518,0.0,6240,analysis/virulence_adherence/blast_72/GCA_050476085.1.tsv,+
GCA_050476085.1,Bacteraemia,VFG042977|WP_002379309|ebpB|ebpB,CP175020.1,99.161,1431,1431,1,1431,1032522,1033952,0.0,2527,analysis/virulence_adherence/blast_72/GCA_050476085.1.tsv,+
GCA_050476085.1,Bacteraemia,VFG042978|WP_011109477|ebpC|ebpC,CP175020.1,98.992,1884,1878,1,1878,1033949,1035832,0.0,3314,analysis/virulence_adherence/blast_72/GCA_050476085.1.tsv,+
GCA_050480515.1,Bacteraemia,VFG002164|WP_002395058|prgB/asc10|aggregation_substance_context,CP174929.1,94.457,2291,3918,1630,3918,42691,44979,0.0,3554,analysis/virulence_adherence/blast_72/GCA_050480515.1.tsv,+
GCA_050480515.1,Bacteraemia,VFG002164|WP_002395058|prgB/asc10|aggregation_substance_context,CP174929.1,92.78,831,3918,1,829,41089,41917,0.0,1223,analysis/virulence_adherence/blast_72/GCA_050480515.1.tsv,+
GCA_050480515.1,Bacteraemia,VFG002165|WP_002356954|efaA|efaA,CP174930.1,99.569,927,927,1,927,897237,898163,0.0,1654,analysis/virulence_adherence/blast_72/GCA_050480515.1.tsv,+
GCA_050480515.1,Bacteraemia,VFG002165|WP_002356954|efaA|efaA,CP174930.1,68.237,828,927,81,890,2459655,2460464,5.110000000000001e-72,269,analysis/virulence_adherence/blast_72/GCA_050480515.1.tsv,+
GCA_050480515.1,Bacteraemia,VFG002166|WP_010714416|ace|ace,CP174930.1,96.938,2025,2025,1,2025,54002,56026,0.0,3373,analysis/virulence_adherence/blast_72/GCA_050480515.1.tsv,+
GCA_050480515.1,Bacteraemia,VFG002166|WP_010714416|ace|ace,CP174930.1,91.841,478,2025,1104,1581,55246,55723,0.0,687,analysis/virulence_adherence/blast_72/GCA_050480515.1.tsv,+
GCA_050480515.1,Bacteraemia,VFG002166|WP_010714416|ace|ace,CP174930.1,90.361,498,2025,1225,1722,55085,55582,0.0,682,analysis/virulence_adherence/blast_72/GCA_050480515.1.tsv,+
GCA_050480515.1,Bacteraemia,VFG002166|WP_010714416|ace|ace,CP174930.1,89.636,357,2025,1366,1722,55085,55441,1.2e-134,478,analysis/virulence_adherence/blast_72/GCA_050480515.1.tsv,+
GCA_050480515.1,Bacteraemia,VFG002166|WP_010714416|ace|ace,CP174930.1,88.235,357,2025,1084,1440,55367,55723,3.9399999999999996e-128,455,analysis/virulence_adherence/blast_72/GCA_050480515.1.tsv,+
GCA_050480515.1,Bacteraemia,VFG002166|WP_010714416|ace|ace,CP174930.1,87.963,216,2025,1507,1722,55085,55300,2.66e-73,273,analysis/virulence_adherence/blast_72/GCA_050480515.1.tsv,+
GCA_050480515.1,Bacteraemia,VFG002166|WP_010714416|ace|ace,CP174930.1,87.5,216,2025,1084,1299,55508,55723,1.13e-71,269,analysis/virulence_adherence/blast_72/GCA_050480515.1.tsv,+
GCA_050480515.1,Bacteraemia,VFG002171|WP_011109430|EF0149|aggregation_substance_context,CP174929.1,94.505,2220,3918,1636,3855,42691,44910,0.0,3454,analysis/virulence_adherence/blast_72/GCA_050480515.1.tsv,+
GCA_050480515.1,Bacteraemia,VFG002171|WP_011109430|EF0149|aggregation_substance_context,CP174929.1,89.924,794,3918,1,794,41089,41882,0.0,1072,analysis/virulence_adherence/blast_72/GCA_050480515.1.tsv,+
GCA_050480515.1,Bacteraemia,VFG002172|WP_010710127|EF0485|aggregation_substance_context,CP174929.1,94.849,2291,3918,1630,3918,42691,44979,0.0,3595,analysis/virulence_adherence/blast_72/GCA_050480515.1.tsv,+
GCA_050480515.1,Bacteraemia,VFG002172|WP_010710127|EF0485|aggregation_substance_context,CP174929.1,91.205,830,3918,2,829,41090,41917,0.0,1163,analysis/virulence_adherence/blast_72/GCA_050480515.1.tsv,+
GCA_050480515.1,Bacteraemia,VFG002173|WP_010785625|asa1|asa1_or_validated_equivalent,CP174929.1,99.1,3891,3891,1,3891,41089,44979,0.0,6860,analysis/virulence_adherence/blast_72/GCA_050480515.1.tsv,+
GCA_050480515.1,Bacteraemia,VFG002174|WP_002369251|gelE|gelE,CP174930.1,98.761,1533,1533,1,1533,719631,718099,0.0,2680,analysis/virulence_adherence/blast_72/GCA_050480515.1.tsv,-
GCA_050480515.1,Bacteraemia,VFG002179|AAD09858|esp|esp,CP174930.1,99.305,2734,5622,1,2734,2435190,2437923,0.0,4846,analysis/virulence_adherence/blast_72/GCA_050480515.1.tsv,+
GCA_050480515.1,Bacteraemia,VFG002179|AAD09858|esp|esp,CP174930.1,98.746,2233,5622,2487,4719,2437424,2439656,0.0,3901,analysis/virulence_adherence/blast_72/GCA_050480515.1.tsv,+
GCA_050480515.1,Bacteraemia,VFG002179|AAD09858|esp|esp,CP174930.1,97.958,2253,5622,3370,5622,2438061,2440313,0.0,3856,analysis/virulence_adherence/blast_72/GCA_050480515.1.tsv,+
GCA_050480515.1,Bacteraemia,VFG002179|AAD09858|esp|esp,CP174930.1,95.704,1350,5622,3616,4965,2438061,2439410,0.0,2174,analysis/virulence_adherence/blast_72/GCA_050480515.1.tsv,+
GCA_050480515.1,Bacteraemia,VFG002179|AAD09858|esp|esp,CP174930.1,95.556,1350,5622,3124,4473,2438307,2439656,0.0,2165,analysis/virulence_adherence/blast_72/GCA_050480515.1.tsv,+
GCA_050480515.1,Bacteraemia,VFG002179|AAD09858|esp|esp,CP174930.1,94.928,1104,5622,3124,4227,2438553,2439656,0.0,1739,analysis/virulence_adherence/blast_72/GCA_050480515.1.tsv,+
GCA_050480515.1,Bacteraemia,VFG002179|AAD09858|esp|esp,CP174930.1,94.656,1104,5622,3862,4965,2438061,2439164,0.0,1726,analysis/virulence_adherence/blast_72/GCA_050480515.1.tsv,+
GCA_050480515.1,Bacteraemia,VFG002179|AAD09858|esp|esp,CP174930.1,94.237,885,5622,3124,4008,2438799,2439677,0.0,1368,analysis/virulence_adherence/blast_72/GCA_050480515.1.tsv,+
GCA_050480515.1,Bacteraemia,VFG002179|AAD09858|esp|esp,CP174930.1,93.898,885,5622,4108,4986,2438061,2438945,0.0,1354,analysis/virulence_adherence/blast_72/GCA_050480515.1.tsv,+
GCA_050480515.1,Bacteraemia,VFG002179|AAD09858|esp|esp,CP174930.1,93.114,639,5622,4354,4986,2438061,2438699,0.0,956,analysis/virulence_adherence/blast_72/GCA_050480515.1.tsv,+
GCA_050480515.1,Bacteraemia,VFG002179|AAD09858|esp|esp,CP174930.1,93.791,612,5622,3124,3735,2439045,2439656,0.0,933,analysis/virulence_adherence/blast_72/GCA_050480515.1.tsv,+
GCA_050480515.1,Bacteraemia,VFG002179|AAD09858|esp|esp,CP174930.1,90.71,366,5622,4600,4965,2438061,2438426,1.99e-143,508,analysis/virulence_adherence/blast_72/GCA_050480515.1.tsv,+
GCA_050480515.1,Bacteraemia,VFG002179|AAD09858|esp|esp,CP174930.1,90.437,366,5622,3124,3489,2439291,2439656,8.46e-142,503,analysis/virulence_adherence/blast_72/GCA_050480515.1.tsv,+
GCA_050480515.1,Bacteraemia,VFG002179|AAD09858|esp|esp,CP174930.1,98.387,248,5622,2739,2986,2437424,2437671,4.39e-120,430,analysis/virulence_adherence/blast_72/GCA_050480515.1.tsv,+
GCA_050480515.1,Bacteraemia,VFG002179|AAD09858|esp|esp,CP174930.1,95.161,248,5622,2235,2482,2437676,2437923,3.16e-109,394,analysis/virulence_adherence/blast_72/GCA_050480515.1.tsv,+
GCA_050480515.1,Bacteraemia,VFG002179|AAD09858|esp|esp,CP174930.1,84.536,194,5622,2989,3182,2439639,2439832,1.7499999999999998e-55,215,analysis/virulence_adherence/blast_72/GCA_050480515.1.tsv,+
GCA_050480515.1,Bacteraemia,VFG002179|AAD09858|esp|esp,CP174930.1,84.021,194,5622,4948,5141,2437926,2438119,7.449999999999999e-54,211,analysis/virulence_adherence/blast_72/GCA_050480515.1.tsv,+
GCA_050480515.1,Bacteraemia,VFG002191|WP_002369252|sprE|sprE,CP174930.1,98.83,855,855,1,855,718050,717196,0.0,1498,analysis/virulence_adherence/blast_72/GCA_050480515.1.tsv,-
GCA_050480515.1,Bacteraemia,VFG042976|WP_154081516|ebpA|ebpA,CP174930.1,99.509,3465,3465,1,3465,40990,44454,0.0,6173,analysis/virulence_adherence/blast_72/GCA_050480515.1.tsv,+
GCA_050480515.1,Bacteraemia,VFG042977|WP_002379309|ebpB|ebpB,CP174930.1,99.371,1431,1431,1,1431,44458,45888,0.0,2541,analysis/virulence_adherence/blast_72/GCA_050480515.1.tsv,+
GCA_050480515.1,Bacteraemia,VFG042978|WP_011109477|ebpC|ebpC,CP174930.1,99.045,1884,1878,1,1878,45885,47768,0.0,3318,analysis/virulence_adherence/blast_72/GCA_050480515.1.tsv,+
GCA_050481105.1,Bacteraemia,VFG002164|WP_002395058|prgB/asc10|aggregation_substance_context,CP174926.1,94.457,2291,3918,1630,3918,42691,44979,0.0,3554,analysis/virulence_adherence/blast_72/GCA_050481105.1.tsv,+
GCA_050481105.1,Bacteraemia,VFG002164|WP_002395058|prgB/asc10|aggregation_substance_context,CP174926.1,92.78,831,3918,1,829,41089,41917,0.0,1223,analysis/virulence_adherence/blast_72/GCA_050481105.1.tsv,+
GCA_050481105.1,Bacteraemia,VFG002165|WP_002356954|efaA|efaA,CP174928.1,99.569,927,927,1,927,1050874,1049948,0.0,1654,analysis/virulence_adherence/blast_72/GCA_050481105.1.tsv,-
GCA_050481105.1,Bacteraemia,VFG002165|WP_002356954|efaA|efaA,CP174928.1,68.237,828,927,81,890,2435765,2434956,5.150000000000001e-72,269,analysis/virulence_adherence/blast_72/GCA_050481105.1.tsv,-
GCA_050481105.1,Bacteraemia,VFG002166|WP_010714416|ace|ace,CP174928.1,96.938,2025,2025,1,2025,1894109,1892085,0.0,3373,analysis/virulence_adherence/blast_72/GCA_050481105.1.tsv,-
GCA_050481105.1,Bacteraemia,VFG002166|WP_010714416|ace|ace,CP174928.1,91.841,478,2025,1104,1581,1892865,1892388,0.0,687,analysis/virulence_adherence/blast_72/GCA_050481105.1.tsv,-
GCA_050481105.1,Bacteraemia,VFG002166|WP_010714416|ace|ace,CP174928.1,90.361,498,2025,1225,1722,1893026,1892529,0.0,682,analysis/virulence_adherence/blast_72/GCA_050481105.1.tsv,-
GCA_050481105.1,Bacteraemia,VFG002166|WP_010714416|ace|ace,CP174928.1,89.636,357,2025,1366,1722,1893026,1892670,1.22e-134,478,analysis/virulence_adherence/blast_72/GCA_050481105.1.tsv,-
GCA_050481105.1,Bacteraemia,VFG002166|WP_010714416|ace|ace,CP174928.1,88.235,357,2025,1084,1440,1892744,1892388,3.9699999999999996e-128,455,analysis/virulence_adherence/blast_72/GCA_050481105.1.tsv,-
GCA_050481105.1,Bacteraemia,VFG002166|WP_010714416|ace|ace,CP174928.1,87.963,216,2025,1507,1722,1893026,1892811,2.6800000000000002e-73,273,analysis/virulence_adherence/blast_72/GCA_050481105.1.tsv,-
GCA_050481105.1,Bacteraemia,VFG002166|WP_010714416|ace|ace,CP174928.1,87.5,216,2025,1084,1299,1892603,1892388,1.14e-71,269,analysis/virulence_adherence/blast_72/GCA_050481105.1.tsv,-
GCA_050481105.1,Bacteraemia,VFG002171|WP_011109430|EF0149|aggregation_substance_context,CP174926.1,94.505,2220,3918,1636,3855,42691,44910,0.0,3454,analysis/virulence_adherence/blast_72/GCA_050481105.1.tsv,+
GCA_050481105.1,Bacteraemia,VFG002171|WP_011109430|EF0149|aggregation_substance_context,CP174926.1,89.924,794,3918,1,794,41089,41882,0.0,1072,analysis/virulence_adherence/blast_72/GCA_050481105.1.tsv,+
GCA_050481105.1,Bacteraemia,VFG002172|WP_010710127|EF0485|aggregation_substance_context,CP174926.1,94.849,2291,3918,1630,3918,42691,44979,0.0,3595,analysis/virulence_adherence/blast_72/GCA_050481105.1.tsv,+
GCA_050481105.1,Bacteraemia,VFG002172|WP_010710127|EF0485|aggregation_substance_context,CP174926.1,91.205,830,3918,2,829,41090,41917,0.0,1163,analysis/virulence_adherence/blast_72/GCA_050481105.1.tsv,+
GCA_050481105.1,Bacteraemia,VFG002173|WP_010785625|asa1|asa1_or_validated_equivalent,CP174926.1,99.1,3891,3891,1,3891,41089,44979,0.0,6860,analysis/virulence_adherence/blast_72/GCA_050481105.1.tsv,+
GCA_050481105.1,Bacteraemia,VFG002174|WP_002369251|gelE|gelE,CP174928.1,98.761,1533,1533,1,1533,1228480,1230012,0.0,2680,analysis/virulence_adherence/blast_72/GCA_050481105.1.tsv,+
GCA_050481105.1,Bacteraemia,VFG002179|AAD09858|esp|esp,CP174928.1,99.305,2734,5622,1,2734,2487047,2484314,0.0,4846,analysis/virulence_adherence/blast_72/GCA_050481105.1.tsv,-
GCA_050481105.1,Bacteraemia,VFG002179|AAD09858|esp|esp,CP174928.1,98.746,2233,5622,2487,4719,2484813,2482581,0.0,3901,analysis/virulence_adherence/blast_72/GCA_050481105.1.tsv,-
GCA_050481105.1,Bacteraemia,VFG002179|AAD09858|esp|esp,CP174928.1,97.958,2253,5622,3370,5622,2484176,2481924,0.0,3856,analysis/virulence_adherence/blast_72/GCA_050481105.1.tsv,-
GCA_050481105.1,Bacteraemia,VFG002179|AAD09858|esp|esp,CP174928.1,95.704,1350,5622,3616,4965,2484176,2482827,0.0,2174,analysis/virulence_adherence/blast_72/GCA_050481105.1.tsv,-
GCA_050481105.1,Bacteraemia,VFG002179|AAD09858|esp|esp,CP174928.1,95.556,1350,5622,3124,4473,2483930,2482581,0.0,2165,analysis/virulence_adherence/blast_72/GCA_050481105.1.tsv,-
GCA_050481105.1,Bacteraemia,VFG002179|AAD09858|esp|esp,CP174928.1,94.928,1104,5622,3124,4227,2483684,2482581,0.0,1739,analysis/virulence_adherence/blast_72/GCA_050481105.1.tsv,-
GCA_050481105.1,Bacteraemia,VFG002179|AAD09858|esp|esp,CP174928.1,94.656,1104,5622,3862,4965,2484176,2483073,0.0,1726,analysis/virulence_adherence/blast_72/GCA_050481105.1.tsv,-
GCA_050481105.1,Bacteraemia,VFG002179|AAD09858|esp|esp,CP174928.1,94.237,885,5622,3124,4008,2483438,2482560,0.0,1368,analysis/virulence_adherence/blast_72/GCA_050481105.1.tsv,-
GCA_050481105.1,Bacteraemia,VFG002179|AAD09858|esp|esp,CP174928.1,93.898,885,5622,4108,4986,2484176,2483292,0.0,1354,analysis/virulence_adherence/blast_72/GCA_050481105.1.tsv,-
GCA_050481105.1,Bacteraemia,VFG002179|AAD09858|esp|esp,CP174928.1,93.114,639,5622,4354,4986,2484176,2483538,0.0,956,analysis/virulence_adherence/blast_72/GCA_050481105.1.tsv,-
GCA_050481105.1,Bacteraemia,VFG002179|AAD09858|esp|esp,CP174928.1,93.791,612,5622,3124,3735,2483192,2482581,0.0,933,analysis/virulence_adherence/blast_72/GCA_050481105.1.tsv,-
GCA_050481105.1,Bacteraemia,VFG002179|AAD09858|esp|esp,CP174928.1,90.71,366,5622,4600,4965,2484176,2483811,2.01e-143,508,analysis/virulence_adherence/blast_72/GCA_050481105.1.tsv,-
GCA_050481105.1,Bacteraemia,VFG002179|AAD09858|esp|esp,CP174928.1,90.437,366,5622,3124,3489,2482946,2482581,8.54e-142,503,analysis/virulence_adherence/blast_72/GCA_050481105.1.tsv,-
GCA_050481105.1,Bacteraemia,VFG002179|AAD09858|esp|esp,CP174928.1,98.387,248,5622,2739,2986,2484813,2484566,4.43e-120,430,analysis/virulence_adherence/blast_72/GCA_050481105.1.tsv,-
GCA_050481105.1,Bacteraemia,VFG002179|AAD09858|esp|esp,CP174928.1,95.161,248,5622,2235,2482,2484561,2484314,3.19e-109,394,analysis/virulence_adherence/blast_72/GCA_050481105.1.tsv,-
GCA_050481105.1,Bacteraemia,VFG002179|AAD09858|esp|esp,CP174928.1,84.536,194,5622,2989,3182,2482598,2482405,1.77e-55,215,analysis/virulence_adherence/blast_72/GCA_050481105.1.tsv,-
GCA_050481105.1,Bacteraemia,VFG002179|AAD09858|esp|esp,CP174928.1,84.021,194,5622,4948,5141,2484311,2484118,7.519999999999999e-54,211,analysis/virulence_adherence/blast_72/GCA_050481105.1.tsv,-
GCA_050481105.1,Bacteraemia,VFG002191|WP_002369252|sprE|sprE,CP174928.1,98.83,855,855,1,855,1230061,1230915,0.0,1498,analysis/virulence_adherence/blast_72/GCA_050481105.1.tsv,+
GCA_050481105.1,Bacteraemia,VFG042976|WP_154081516|ebpA|ebpA,CP174928.1,99.509,3465,3465,1,3465,1907121,1903657,0.0,6173,analysis/virulence_adherence/blast_72/GCA_050481105.1.tsv,-
GCA_050481105.1,Bacteraemia,VFG042977|WP_002379309|ebpB|ebpB,CP174928.1,99.371,1431,1431,1,1431,1903653,1902223,0.0,2541,analysis/virulence_adherence/blast_72/GCA_050481105.1.tsv,-
GCA_050481105.1,Bacteraemia,VFG042978|WP_011109477|ebpC|ebpC,CP174928.1,99.045,1884,1878,1,1878,1902226,1900343,0.0,3318,analysis/virulence_adherence/blast_72/GCA_050481105.1.tsv,-
GCA_050481115.1,Bacteraemia,VFG002165|WP_002356954|efaA|efaA,CP174925.1,99.569,927,927,1,927,1844264,1845190,0.0,1654,analysis/virulence_adherence/blast_72/GCA_050481115.1.tsv,+
GCA_050481115.1,Bacteraemia,VFG002165|WP_002356954|efaA|efaA,CP174925.1,68.237,828,927,81,890,474702,475511,5.1e-72,269,analysis/virulence_adherence/blast_72/GCA_050481115.1.tsv,+
GCA_050481115.1,Bacteraemia,VFG002166|WP_010714416|ace|ace,CP174925.1,96.938,2025,2025,1,2025,1001033,1003057,0.0,3373,analysis/virulence_adherence/blast_72/GCA_050481115.1.tsv,+
GCA_050481115.1,Bacteraemia,VFG002166|WP_010714416|ace|ace,CP174925.1,91.841,478,2025,1104,1581,1002277,1002754,0.0,687,analysis/virulence_adherence/blast_72/GCA_050481115.1.tsv,+
GCA_050481115.1,Bacteraemia,VFG002166|WP_010714416|ace|ace,CP174925.1,90.361,498,2025,1225,1722,1002116,1002613,0.0,682,analysis/virulence_adherence/blast_72/GCA_050481115.1.tsv,+
GCA_050481115.1,Bacteraemia,VFG002166|WP_010714416|ace|ace,CP174925.1,89.636,357,2025,1366,1722,1002116,1002472,1.2e-134,478,analysis/virulence_adherence/blast_72/GCA_050481115.1.tsv,+
GCA_050481115.1,Bacteraemia,VFG002166|WP_010714416|ace|ace,CP174925.1,88.235,357,2025,1084,1440,1002398,1002754,3.9399999999999996e-128,455,analysis/virulence_adherence/blast_72/GCA_050481115.1.tsv,+
GCA_050481115.1,Bacteraemia,VFG002166|WP_010714416|ace|ace,CP174925.1,87.963,216,2025,1507,1722,1002116,1002331,2.66e-73,273,analysis/virulence_adherence/blast_72/GCA_050481115.1.tsv,+
GCA_050481115.1,Bacteraemia,VFG002166|WP_010714416|ace|ace,CP174925.1,87.5,216,2025,1084,1299,1002539,1002754,1.13e-71,269,analysis/virulence_adherence/blast_72/GCA_050481115.1.tsv,+
GCA_050481115.1,Bacteraemia,VFG002174|WP_002369251|gelE|gelE,CP174925.1,98.761,1533,1533,1,1533,1666662,1665130,0.0,2680,analysis/virulence_adherence/blast_72/GCA_050481115.1.tsv,-
GCA_050481115.1,Bacteraemia,VFG002179|AAD09858|esp|esp,CP174925.1,99.305,2734,5622,1,2734,423459,426192,0.0,4846,analysis/virulence_adherence/blast_72/GCA_050481115.1.tsv,+
GCA_050481115.1,Bacteraemia,VFG002179|AAD09858|esp|esp,CP174925.1,98.091,2253,5622,3370,5622,426330,428582,0.0,3870,analysis/virulence_adherence/blast_72/GCA_050481115.1.tsv,+
GCA_050481115.1,Bacteraemia,VFG002179|AAD09858|esp|esp,CP174925.1,98.343,2233,5622,2487,4719,425693,427925,0.0,3861,analysis/virulence_adherence/blast_72/GCA_050481115.1.tsv,+
GCA_050481115.1,Bacteraemia,VFG002179|AAD09858|esp|esp,CP174925.1,96.222,1350,5622,3616,4965,426330,427679,0.0,2205,analysis/virulence_adherence/blast_72/GCA_050481115.1.tsv,+
GCA_050481115.1,Bacteraemia,VFG002179|AAD09858|esp|esp,CP174925.1,95.778,1350,5622,3124,4473,426576,427925,0.0,2178,analysis/virulence_adherence/blast_72/GCA_050481115.1.tsv,+
GCA_050481115.1,Bacteraemia,VFG002179|AAD09858|esp|esp,CP174925.1,95.29,1104,5622,3862,4965,426330,427433,0.0,1757,analysis/virulence_adherence/blast_72/GCA_050481115.1.tsv,+
GCA_050481115.1,Bacteraemia,VFG002179|AAD09858|esp|esp,CP174925.1,95.199,1104,5622,3124,4227,426822,427925,0.0,1753,analysis/virulence_adherence/blast_72/GCA_050481115.1.tsv,+
GCA_050481115.1,Bacteraemia,VFG002179|AAD09858|esp|esp,CP174925.1,94.576,885,5622,3124,4008,427068,427946,0.0,1381,analysis/virulence_adherence/blast_72/GCA_050481115.1.tsv,+
GCA_050481115.1,Bacteraemia,VFG002179|AAD09858|esp|esp,CP174925.1,94.755,858,5622,4108,4965,426330,427187,0.0,1345,analysis/virulence_adherence/blast_72/GCA_050481115.1.tsv,+
GCA_050481115.1,Bacteraemia,VFG002179|AAD09858|esp|esp,CP174925.1,93.114,639,5622,4354,4986,426330,426968,0.0,956,analysis/virulence_adherence/blast_72/GCA_050481115.1.tsv,+
GCA_050481115.1,Bacteraemia,VFG002179|AAD09858|esp|esp,CP174925.1,93.791,612,5622,3124,3735,427314,427925,0.0,933,analysis/virulence_adherence/blast_72/GCA_050481115.1.tsv,+
GCA_050481115.1,Bacteraemia,VFG002179|AAD09858|esp|esp,CP174925.1,90.71,366,5622,4600,4965,426330,426695,1.99e-143,508,analysis/virulence_adherence/blast_72/GCA_050481115.1.tsv,+
GCA_050481115.1,Bacteraemia,VFG002179|AAD09858|esp|esp,CP174925.1,90.437,366,5622,3124,3489,427560,427925,8.46e-142,503,analysis/virulence_adherence/blast_72/GCA_050481115.1.tsv,+
GCA_050481115.1,Bacteraemia,VFG002179|AAD09858|esp|esp,CP174925.1,98.387,248,5622,2739,2986,425693,425940,4.38e-120,430,analysis/virulence_adherence/blast_72/GCA_050481115.1.tsv,+
GCA_050481115.1,Bacteraemia,VFG002179|AAD09858|esp|esp,CP174925.1,95.161,248,5622,2235,2482,425945,426192,3.16e-109,394,analysis/virulence_adherence/blast_72/GCA_050481115.1.tsv,+
GCA_050481115.1,Bacteraemia,VFG002179|AAD09858|esp|esp,CP174925.1,84.536,194,5622,2989,3182,427908,428101,1.7499999999999998e-55,215,analysis/virulence_adherence/blast_72/GCA_050481115.1.tsv,+
GCA_050481115.1,Bacteraemia,VFG002179|AAD09858|esp|esp,CP174925.1,84.021,194,5622,4948,5141,426195,426388,7.44e-54,211,analysis/virulence_adherence/blast_72/GCA_050481115.1.tsv,+
GCA_050481115.1,Bacteraemia,VFG002191|WP_002369252|sprE|sprE,CP174925.1,98.83,855,855,1,855,1665081,1664227,0.0,1498,analysis/virulence_adherence/blast_72/GCA_050481115.1.tsv,-
GCA_050481115.1,Bacteraemia,VFG042976|WP_154081516|ebpA|ebpA,CP174925.1,99.509,3465,3465,1,3465,988021,991485,0.0,6173,analysis/virulence_adherence/blast_72/GCA_050481115.1.tsv,+
GCA_050481115.1,Bacteraemia,VFG042977|WP_002379309|ebpB|ebpB,CP174925.1,99.371,1431,1431,1,1431,991489,992919,0.0,2541,analysis/virulence_adherence/blast_72/GCA_050481115.1.tsv,+
GCA_050481115.1,Bacteraemia,VFG042978|WP_011109477|ebpC|ebpC,CP174925.1,99.045,1884,1878,1,1878,992916,994799,0.0,3318,analysis/virulence_adherence/blast_72/GCA_050481115.1.tsv,+
GCA_050481685.1,Bacteraemia,VFG002165|WP_002356954|efaA|efaA,CP174922.1,99.569,927,927,1,927,1844267,1845193,0.0,1654,analysis/virulence_adherence/blast_72/GCA_050481685.1.tsv,+
GCA_050481685.1,Bacteraemia,VFG002165|WP_002356954|efaA|efaA,CP174922.1,68.237,828,927,81,890,474702,475511,5.1e-72,269,analysis/virulence_adherence/blast_72/GCA_050481685.1.tsv,+
GCA_050481685.1,Bacteraemia,VFG002166|WP_010714416|ace|ace,CP174922.1,96.938,2025,2025,1,2025,1001033,1003057,0.0,3373,analysis/virulence_adherence/blast_72/GCA_050481685.1.tsv,+
GCA_050481685.1,Bacteraemia,VFG002166|WP_010714416|ace|ace,CP174922.1,91.841,478,2025,1104,1581,1002277,1002754,0.0,687,analysis/virulence_adherence/blast_72/GCA_050481685.1.tsv,+
GCA_050481685.1,Bacteraemia,VFG002166|WP_010714416|ace|ace,CP174922.1,90.361,498,2025,1225,1722,1002116,1002613,0.0,682,analysis/virulence_adherence/blast_72/GCA_050481685.1.tsv,+
GCA_050481685.1,Bacteraemia,VFG002166|WP_010714416|ace|ace,CP174922.1,89.636,357,2025,1366,1722,1002116,1002472,1.2e-134,478,analysis/virulence_adherence/blast_72/GCA_050481685.1.tsv,+
GCA_050481685.1,Bacteraemia,VFG002166|WP_010714416|ace|ace,CP174922.1,88.235,357,2025,1084,1440,1002398,1002754,3.9399999999999996e-128,455,analysis/virulence_adherence/blast_72/GCA_050481685.1.tsv,+
GCA_050481685.1,Bacteraemia,VFG002166|WP_010714416|ace|ace,CP174922.1,87.963,216,2025,1507,1722,1002116,1002331,2.66e-73,273,analysis/virulence_adherence/blast_72/GCA_050481685.1.tsv,+
GCA_050481685.1,Bacteraemia,VFG002166|WP_010714416|ace|ace,CP174922.1,87.5,216,2025,1084,1299,1002539,1002754,1.13e-71,269,analysis/virulence_adherence/blast_72/GCA_050481685.1.tsv,+
GCA_050481685.1,Bacteraemia,VFG002174|WP_002369251|gelE|gelE,CP174922.1,98.761,1533,1533,1,1533,1666665,1665133,0.0,2680,analysis/virulence_adherence/blast_72/GCA_050481685.1.tsv,-
GCA_050481685.1,Bacteraemia,VFG002179|AAD09858|esp|esp,CP174922.1,99.305,2734,5622,1,2734,423459,426192,0.0,4846,analysis/virulence_adherence/blast_72/GCA_050481685.1.tsv,+
GCA_050481685.1,Bacteraemia,VFG002179|AAD09858|esp|esp,CP174922.1,98.091,2253,5622,3370,5622,426330,428582,0.0,3870,analysis/virulence_adherence/blast_72/GCA_050481685.1.tsv,+
GCA_050481685.1,Bacteraemia,VFG002179|AAD09858|esp|esp,CP174922.1,98.343,2233,5622,2487,4719,425693,427925,0.0,3861,analysis/virulence_adherence/blast_72/GCA_050481685.1.tsv,+
GCA_050481685.1,Bacteraemia,VFG002179|AAD09858|esp|esp,CP174922.1,96.222,1350,5622,3616,4965,426330,427679,0.0,2205,analysis/virulence_adherence/blast_72/GCA_050481685.1.tsv,+
GCA_050481685.1,Bacteraemia,VFG002179|AAD09858|esp|esp,CP174922.1,95.778,1350,5622,3124,4473,426576,427925,0.0,2178,analysis/virulence_adherence/blast_72/GCA_050481685.1.tsv,+
GCA_050481685.1,Bacteraemia,VFG002179|AAD09858|esp|esp,CP174922.1,95.29,1104,5622,3862,4965,426330,427433,0.0,1757,analysis/virulence_adherence/blast_72/GCA_050481685.1.tsv,+
GCA_050481685.1,Bacteraemia,VFG002179|AAD09858|esp|esp,CP174922.1,95.199,1104,5622,3124,4227,426822,427925,0.0,1753,analysis/virulence_adherence/blast_72/GCA_050481685.1.tsv,+
GCA_050481685.1,Bacteraemia,VFG002179|AAD09858|esp|esp,CP174922.1,94.576,885,5622,3124,4008,427068,427946,0.0,1381,analysis/virulence_adherence/blast_72/GCA_050481685.1.tsv,+
GCA_050481685.1,Bacteraemia,VFG002179|AAD09858|esp|esp,CP174922.1,94.755,858,5622,4108,4965,426330,427187,0.0,1345,analysis/virulence_adherence/blast_72/GCA_050481685.1.tsv,+
GCA_050481685.1,Bacteraemia,VFG002179|AAD09858|esp|esp,CP174922.1,93.114,639,5622,4354,4986,426330,426968,0.0,956,analysis/virulence_adherence/blast_72/GCA_050481685.1.tsv,+
GCA_050481685.1,Bacteraemia,VFG002179|AAD09858|esp|esp,CP174922.1,93.791,612,5622,3124,3735,427314,427925,0.0,933,analysis/virulence_adherence/blast_72/GCA_050481685.1.tsv,+
GCA_050481685.1,Bacteraemia,VFG002179|AAD09858|esp|esp,CP174922.1,90.71,366,5622,4600,4965,426330,426695,1.99e-143,508,analysis/virulence_adherence/blast_72/GCA_050481685.1.tsv,+
GCA_050481685.1,Bacteraemia,VFG002179|AAD09858|esp|esp,CP174922.1,90.437,366,5622,3124,3489,427560,427925,8.46e-142,503,analysis/virulence_adherence/blast_72/GCA_050481685.1.tsv,+
GCA_050481685.1,Bacteraemia,VFG002179|AAD09858|esp|esp,CP174922.1,98.387,248,5622,2739,2986,425693,425940,4.38e-120,430,analysis/virulence_adherence/blast_72/GCA_050481685.1.tsv,+
GCA_050481685.1,Bacteraemia,VFG002179|AAD09858|esp|esp,CP174922.1,95.161,248,5622,2235,2482,425945,426192,3.16e-109,394,analysis/virulence_adherence/blast_72/GCA_050481685.1.tsv,+
GCA_050481685.1,Bacteraemia,VFG002179|AAD09858|esp|esp,CP174922.1,84.536,194,5622,2989,3182,427908,428101,1.7499999999999998e-55,215,analysis/virulence_adherence/blast_72/GCA_050481685.1.tsv,+
GCA_050481685.1,Bacteraemia,VFG002179|AAD09858|esp|esp,CP174922.1,84.021,194,5622,4948,5141,426195,426388,7.44e-54,211,analysis/virulence_adherence/blast_72/GCA_050481685.1.tsv,+
GCA_050481685.1,Bacteraemia,VFG002191|WP_002369252|sprE|sprE,CP174922.1,98.83,855,855,1,855,1665084,1664230,0.0,1498,analysis/virulence_adherence/blast_72/GCA_050481685.1.tsv,-
GCA_050481685.1,Bacteraemia,VFG042976|WP_154081516|ebpA|ebpA,CP174922.1,99.509,3465,3465,1,3465,988021,991485,0.0,6173,analysis/virulence_adherence/blast_72/GCA_050481685.1.tsv,+
GCA_050481685.1,Bacteraemia,VFG042977|WP_002379309|ebpB|ebpB,CP174922.1,99.371,1431,1431,1,1431,991489,992919,0.0,2541,analysis/virulence_adherence/blast_72/GCA_050481685.1.tsv,+
GCA_050481685.1,Bacteraemia,VFG042978|WP_011109477|ebpC|ebpC,CP174922.1,99.045,1884,1878,1,1878,992916,994799,0.0,3318,analysis/virulence_adherence/blast_72/GCA_050481685.1.tsv,+
GCA_050481695.1,Bacteraemia,VFG002164|WP_002395058|prgB/asc10|aggregation_substance_context,CP174921.1,94.469,3923,3918,2,3918,2206483,2202591,0.0,6107,analysis/virulence_adherence/blast_72/GCA_050481695.1.tsv,-
GCA_050481695.1,Bacteraemia,VFG002164|WP_002395058|prgB/asc10|aggregation_substance_context,CP174920.1,89.569,3940,3918,1,3918,39641,35724,0.0,5239,analysis/virulence_adherence/blast_72/GCA_050481695.1.tsv,-
GCA_050481695.1,Bacteraemia,VFG002165|WP_002356954|efaA|efaA,CP174921.1,99.892,927,927,1,927,664203,663277,0.0,1668,analysis/virulence_adherence/blast_72/GCA_050481695.1.tsv,-
GCA_050481695.1,Bacteraemia,VFG002165|WP_002356954|efaA|efaA,CP174921.1,68.237,828,927,81,890,2124873,2124064,5.59e-72,269,analysis/virulence_adherence/blast_72/GCA_050481695.1.tsv,-
GCA_050481695.1,Bacteraemia,VFG002166|WP_010714416|ace|ace,CP174921.1,100.0,2025,2025,1,2025,1610064,1608040,0.0,3653,analysis/virulence_adherence/blast_72/GCA_050481695.1.tsv,-
GCA_050481695.1,Bacteraemia,VFG002166|WP_010714416|ace|ace,CP174921.1,90.361,498,2025,1084,1581,1608840,1608343,0.0,682,analysis/virulence_adherence/blast_72/GCA_050481695.1.tsv,-
GCA_050481695.1,Bacteraemia,VFG002166|WP_010714416|ace|ace,CP174921.1,90.361,498,2025,1225,1722,1608981,1608484,0.0,682,analysis/virulence_adherence/blast_72/GCA_050481695.1.tsv,-
GCA_050481695.1,Bacteraemia,VFG002166|WP_010714416|ace|ace,CP174921.1,89.916,357,2025,1084,1440,1608699,1608343,3.1e-136,482,analysis/virulence_adherence/blast_72/GCA_050481695.1.tsv,-
GCA_050481695.1,Bacteraemia,VFG002166|WP_010714416|ace|ace,CP174921.1,89.916,357,2025,1366,1722,1608981,1608625,3.1e-136,482,analysis/virulence_adherence/blast_72/GCA_050481695.1.tsv,-
GCA_050481695.1,Bacteraemia,VFG002166|WP_010714416|ace|ace,CP174921.1,88.889,216,2025,1084,1299,1608558,1608343,5.62e-76,282,analysis/virulence_adherence/blast_72/GCA_050481695.1.tsv,-
GCA_050481695.1,Bacteraemia,VFG002166|WP_010714416|ace|ace,CP174921.1,88.889,216,2025,1507,1722,1608981,1608766,5.62e-76,282,analysis/virulence_adherence/blast_72/GCA_050481695.1.tsv,-
GCA_050481695.1,Bacteraemia,VFG002171|WP_011109430|EF0149|aggregation_substance_context,CP174920.1,95.077,3900,3918,1,3900,39641,35742,0.0,6168,analysis/virulence_adherence/blast_72/GCA_050481695.1.tsv,-
GCA_050481695.1,Bacteraemia,VFG002171|WP_011109430|EF0149|aggregation_substance_context,CP174921.1,89.105,3864,3918,2,3855,2206483,2202660,0.0,5071,analysis/virulence_adherence/blast_72/GCA_050481695.1.tsv,-
GCA_050481695.1,Bacteraemia,VFG002172|WP_010710127|EF0485|aggregation_substance_context,CP174921.1,94.67,3921,3918,1,3918,2206484,2202591,0.0,6143,analysis/virulence_adherence/blast_72/GCA_050481695.1.tsv,-
GCA_050481695.1,Bacteraemia,VFG002172|WP_010710127|EF0485|aggregation_substance_context,CP174920.1,89.564,3852,3918,2,3834,39640,35802,0.0,5123,analysis/virulence_adherence/blast_72/GCA_050481695.1.tsv,-
GCA_050481695.1,Bacteraemia,VFG002173|WP_010785625|asa1|asa1_or_validated_equivalent,CP174921.1,95.984,2291,3891,1603,3891,2204879,2202591,0.0,3712,analysis/virulence_adherence/blast_72/GCA_050481695.1.tsv,-
GCA_050481695.1,Bacteraemia,VFG002173|WP_010785625|asa1|asa1_or_validated_equivalent,CP174921.1,86.194,833,3891,2,829,2206483,2205680,0.0,993,analysis/virulence_adherence/blast_72/GCA_050481695.1.tsv,-
GCA_050481695.1,Bacteraemia,VFG002173|WP_010785625|asa1|asa1_or_validated_equivalent,CP174920.1,95.283,2205,3891,1603,3807,38006,35802,0.0,3508,analysis/virulence_adherence/blast_72/GCA_050481695.1.tsv,-
GCA_050481695.1,Bacteraemia,VFG002173|WP_010785625|asa1|asa1_or_validated_equivalent,CP174920.1,94.081,794,3891,1,794,39641,38848,0.0,1221,analysis/virulence_adherence/blast_72/GCA_050481695.1.tsv,-
GCA_050481695.1,Bacteraemia,VFG002174|WP_002369251|gelE|gelE,CP174921.1,100.0,1533,1533,1,1533,902806,904338,0.0,2765,analysis/virulence_adherence/blast_72/GCA_050481695.1.tsv,+
GCA_050481695.1,Bacteraemia,VFG002191|WP_002369252|sprE|sprE,CP174921.1,100.0,855,855,1,855,904387,905241,0.0,1543,analysis/virulence_adherence/blast_72/GCA_050481695.1.tsv,+
GCA_050481695.1,Bacteraemia,VFG042976|WP_154081516|ebpA|ebpA,CP174921.1,99.913,3465,3465,1,3465,1620872,1617408,0.0,6236,analysis/virulence_adherence/blast_72/GCA_050481695.1.tsv,-
GCA_050481695.1,Bacteraemia,VFG042977|WP_002379309|ebpB|ebpB,CP174921.1,100.0,1431,1431,1,1431,1617404,1615974,0.0,2581,analysis/virulence_adherence/blast_72/GCA_050481695.1.tsv,-
GCA_050481695.1,Bacteraemia,VFG042978|WP_011109477|ebpC|ebpC,CP174921.1,99.682,1884,1878,1,1878,1615977,1614094,0.0,3372,analysis/virulence_adherence/blast_72/GCA_050481695.1.tsv,-
GCA_050482265.1,Bacteraemia,VFG002164|WP_002395058|prgB/asc10|aggregation_substance_context,CP174914.1,94.469,3923,3918,2,3918,280096,283988,0.0,6107,analysis/virulence_adherence/blast_72/GCA_050482265.1.tsv,+
GCA_050482265.1,Bacteraemia,VFG002164|WP_002395058|prgB/asc10|aggregation_substance_context,CP174915.1,89.569,3940,3918,1,3918,13147,17064,0.0,5239,analysis/virulence_adherence/blast_72/GCA_050482265.1.tsv,+
GCA_050482265.1,Bacteraemia,VFG002165|WP_002356954|efaA|efaA,CP174914.1,99.892,927,927,1,927,1822384,1823310,0.0,1668,analysis/virulence_adherence/blast_72/GCA_050482265.1.tsv,+
GCA_050482265.1,Bacteraemia,VFG002165|WP_002356954|efaA|efaA,CP174914.1,68.237,828,927,81,890,361706,362515,5.59e-72,269,analysis/virulence_adherence/blast_72/GCA_050482265.1.tsv,+
GCA_050482265.1,Bacteraemia,VFG002166|WP_010714416|ace|ace,CP174914.1,100.0,2025,2025,1,2025,876518,878542,0.0,3653,analysis/virulence_adherence/blast_72/GCA_050482265.1.tsv,+
GCA_050482265.1,Bacteraemia,VFG002166|WP_010714416|ace|ace,CP174914.1,90.361,498,2025,1225,1722,877601,878098,0.0,682,analysis/virulence_adherence/blast_72/GCA_050482265.1.tsv,+
GCA_050482265.1,Bacteraemia,VFG002166|WP_010714416|ace|ace,CP174914.1,90.361,498,2025,1084,1581,877742,878239,0.0,682,analysis/virulence_adherence/blast_72/GCA_050482265.1.tsv,+
GCA_050482265.1,Bacteraemia,VFG002166|WP_010714416|ace|ace,CP174914.1,89.916,357,2025,1366,1722,877601,877957,3.1e-136,482,analysis/virulence_adherence/blast_72/GCA_050482265.1.tsv,+
GCA_050482265.1,Bacteraemia,VFG002166|WP_010714416|ace|ace,CP174914.1,89.916,357,2025,1084,1440,877883,878239,3.1e-136,482,analysis/virulence_adherence/blast_72/GCA_050482265.1.tsv,+
GCA_050482265.1,Bacteraemia,VFG002166|WP_010714416|ace|ace,CP174914.1,88.889,216,2025,1507,1722,877601,877816,5.62e-76,282,analysis/virulence_adherence/blast_72/GCA_050482265.1.tsv,+
GCA_050482265.1,Bacteraemia,VFG002166|WP_010714416|ace|ace,CP174914.1,88.889,216,2025,1084,1299,878024,878239,5.62e-76,282,analysis/virulence_adherence/blast_72/GCA_050482265.1.tsv,+
GCA_050482265.1,Bacteraemia,VFG002171|WP_011109430|EF0149|aggregation_substance_context,CP174915.1,95.077,3900,3918,1,3900,13147,17046,0.0,6168,analysis/virulence_adherence/blast_72/GCA_050482265.1.tsv,+
GCA_050482265.1,Bacteraemia,VFG002171|WP_011109430|EF0149|aggregation_substance_context,CP174914.1,89.105,3864,3918,2,3855,280096,283919,0.0,5071,analysis/virulence_adherence/blast_72/GCA_050482265.1.tsv,+
GCA_050482265.1,Bacteraemia,VFG002172|WP_010710127|EF0485|aggregation_substance_context,CP174914.1,94.67,3921,3918,1,3918,280095,283988,0.0,6143,analysis/virulence_adherence/blast_72/GCA_050482265.1.tsv,+
GCA_050482265.1,Bacteraemia,VFG002172|WP_010710127|EF0485|aggregation_substance_context,CP174915.1,89.564,3852,3918,2,3834,13148,16986,0.0,5123,analysis/virulence_adherence/blast_72/GCA_050482265.1.tsv,+
GCA_050482265.1,Bacteraemia,VFG002173|WP_010785625|asa1|asa1_or_validated_equivalent,CP174914.1,95.984,2291,3891,1603,3891,281700,283988,0.0,3712,analysis/virulence_adherence/blast_72/GCA_050482265.1.tsv,+
GCA_050482265.1,Bacteraemia,VFG002173|WP_010785625|asa1|asa1_or_validated_equivalent,CP174914.1,86.194,833,3891,2,829,280096,280899,0.0,993,analysis/virulence_adherence/blast_72/GCA_050482265.1.tsv,+
GCA_050482265.1,Bacteraemia,VFG002173|WP_010785625|asa1|asa1_or_validated_equivalent,CP174915.1,95.283,2205,3891,1603,3807,14782,16986,0.0,3508,analysis/virulence_adherence/blast_72/GCA_050482265.1.tsv,+
GCA_050482265.1,Bacteraemia,VFG002173|WP_010785625|asa1|asa1_or_validated_equivalent,CP174915.1,94.081,794,3891,1,794,13147,13940,0.0,1221,analysis/virulence_adherence/blast_72/GCA_050482265.1.tsv,+
GCA_050482265.1,Bacteraemia,VFG002174|WP_002369251|gelE|gelE,CP174914.1,100.0,1533,1533,1,1533,1583778,1582246,0.0,2765,analysis/virulence_adherence/blast_72/GCA_050482265.1.tsv,-
GCA_050482265.1,Bacteraemia,VFG002191|WP_002369252|sprE|sprE,CP174914.1,100.0,855,855,1,855,1582197,1581343,0.0,1543,analysis/virulence_adherence/blast_72/GCA_050482265.1.tsv,-
GCA_050482265.1,Bacteraemia,VFG042976|WP_154081516|ebpA|ebpA,CP174914.1,99.913,3465,3465,1,3465,865710,869174,0.0,6236,analysis/virulence_adherence/blast_72/GCA_050482265.1.tsv,+
GCA_050482265.1,Bacteraemia,VFG042977|WP_002379309|ebpB|ebpB,CP174914.1,100.0,1431,1431,1,1431,869178,870608,0.0,2581,analysis/virulence_adherence/blast_72/GCA_050482265.1.tsv,+
GCA_050482265.1,Bacteraemia,VFG042978|WP_011109477|ebpC|ebpC,CP174914.1,99.682,1884,1878,1,1878,870605,872488,0.0,3372,analysis/virulence_adherence/blast_72/GCA_050482265.1.tsv,+
GCA_050485045.1,Bacteraemia,VFG002164|WP_002395058|prgB/asc10|aggregation_substance_context,CP174865.1,94.857,3928,3918,1,3918,643,4569,0.0,6170,analysis/virulence_adherence/blast_72/GCA_050485045.1.tsv,+
GCA_050485045.1,Bacteraemia,VFG002164|WP_002395058|prgB/asc10|aggregation_substance_context,CP174869.1,94.469,3923,3918,2,3918,2330392,2326500,0.0,6107,analysis/virulence_adherence/blast_72/GCA_050485045.1.tsv,-
GCA_050485045.1,Bacteraemia,VFG002164|WP_002395058|prgB/asc10|aggregation_substance_context,CP174868.1,89.492,3940,3918,1,3918,16723,20640,0.0,5225,analysis/virulence_adherence/blast_72/GCA_050485045.1.tsv,+
GCA_050485045.1,Bacteraemia,VFG002165|WP_002356954|efaA|efaA,CP174869.1,99.892,927,927,1,927,747053,746127,0.0,1668,analysis/virulence_adherence/blast_72/GCA_050485045.1.tsv,-
GCA_050485045.1,Bacteraemia,VFG002165|WP_002356954|efaA|efaA,CP174869.1,68.237,828,927,81,890,2248782,2247973,5.78e-72,269,analysis/virulence_adherence/blast_72/GCA_050485045.1.tsv,-
GCA_050485045.1,Bacteraemia,VFG002166|WP_010714416|ace|ace,CP174869.1,100.0,2025,2025,1,2025,1651721,1649697,0.0,3653,analysis/virulence_adherence/blast_72/GCA_050485045.1.tsv,-
GCA_050485045.1,Bacteraemia,VFG002166|WP_010714416|ace|ace,CP174869.1,90.361,498,2025,1084,1581,1650497,1650000,0.0,682,analysis/virulence_adherence/blast_72/GCA_050485045.1.tsv,-
GCA_050485045.1,Bacteraemia,VFG002166|WP_010714416|ace|ace,CP174869.1,90.361,498,2025,1225,1722,1650638,1650141,0.0,682,analysis/virulence_adherence/blast_72/GCA_050485045.1.tsv,-
GCA_050485045.1,Bacteraemia,VFG002166|WP_010714416|ace|ace,CP174869.1,89.916,357,2025,1084,1440,1650356,1650000,3.21e-136,482,analysis/virulence_adherence/blast_72/GCA_050485045.1.tsv,-
GCA_050485045.1,Bacteraemia,VFG002166|WP_010714416|ace|ace,CP174869.1,89.916,357,2025,1366,1722,1650638,1650282,3.21e-136,482,analysis/virulence_adherence/blast_72/GCA_050485045.1.tsv,-
GCA_050485045.1,Bacteraemia,VFG002166|WP_010714416|ace|ace,CP174869.1,88.889,216,2025,1084,1299,1650215,1650000,5.81e-76,282,analysis/virulence_adherence/blast_72/GCA_050485045.1.tsv,-
GCA_050485045.1,Bacteraemia,VFG002166|WP_010714416|ace|ace,CP174869.1,88.889,216,2025,1507,1722,1650638,1650423,5.81e-76,282,analysis/virulence_adherence/blast_72/GCA_050485045.1.tsv,-
GCA_050485045.1,Bacteraemia,VFG002171|WP_011109430|EF0149|aggregation_substance_context,CP174868.1,95.697,3904,3918,1,3900,16723,20622,0.0,6277,analysis/virulence_adherence/blast_72/GCA_050485045.1.tsv,+
GCA_050485045.1,Bacteraemia,VFG002171|WP_011109430|EF0149|aggregation_substance_context,CP174865.1,89.184,3883,3918,1,3855,643,4500,0.0,5085,analysis/virulence_adherence/blast_72/GCA_050485045.1.tsv,+
GCA_050485045.1,Bacteraemia,VFG002171|WP_011109430|EF0149|aggregation_substance_context,CP174869.1,89.105,3864,3918,2,3855,2330392,2326569,0.0,5071,analysis/virulence_adherence/blast_72/GCA_050485045.1.tsv,-
GCA_050485045.1,Bacteraemia,VFG002172|WP_010710127|EF0485|aggregation_substance_context,CP174865.1,95.34,3927,3918,2,3918,644,4569,0.0,6254,analysis/virulence_adherence/blast_72/GCA_050485045.1.tsv,+
GCA_050485045.1,Bacteraemia,VFG002172|WP_010710127|EF0485|aggregation_substance_context,CP174869.1,94.67,3921,3918,1,3918,2330393,2326500,0.0,6143,analysis/virulence_adherence/blast_72/GCA_050485045.1.tsv,-
GCA_050485045.1,Bacteraemia,VFG002172|WP_010710127|EF0485|aggregation_substance_context,CP174868.1,89.67,3853,3918,2,3834,16724,20562,0.0,5136,analysis/virulence_adherence/blast_72/GCA_050485045.1.tsv,+
GCA_050485045.1,Bacteraemia,VFG002173|WP_010785625|asa1|asa1_or_validated_equivalent,CP174869.1,95.984,2291,3891,1603,3891,2328788,2326500,0.0,3712,analysis/virulence_adherence/blast_72/GCA_050485045.1.tsv,-
GCA_050485045.1,Bacteraemia,VFG002173|WP_010785625|asa1|asa1_or_validated_equivalent,CP174869.1,86.194,833,3891,2,829,2330392,2329589,0.0,993,analysis/virulence_adherence/blast_72/GCA_050485045.1.tsv,-
GCA_050485045.1,Bacteraemia,VFG002173|WP_010785625|asa1|asa1_or_validated_equivalent,CP174865.1,95.217,2300,3891,1603,3891,2272,4569,0.0,3651,analysis/virulence_adherence/blast_72/GCA_050485045.1.tsv,+
GCA_050485045.1,Bacteraemia,VFG002173|WP_010785625|asa1|asa1_or_validated_equivalent,CP174865.1,91.436,794,3891,1,794,643,1436,0.0,1126,analysis/virulence_adherence/blast_72/GCA_050485045.1.tsv,+
GCA_050485045.1,Bacteraemia,VFG002173|WP_010785625|asa1|asa1_or_validated_equivalent,CP174868.1,95.428,2209,3891,1603,3807,18358,20562,0.0,3523,analysis/virulence_adherence/blast_72/GCA_050485045.1.tsv,+
GCA_050485045.1,Bacteraemia,VFG002173|WP_010785625|asa1|asa1_or_validated_equivalent,CP174868.1,91.688,794,3891,1,794,16723,17516,0.0,1135,analysis/virulence_adherence/blast_72/GCA_050485045.1.tsv,+
GCA_050485045.1,Bacteraemia,VFG002174|WP_002369251|gelE|gelE,CP174869.1,100.0,1533,1533,1,1533,944462,945994,0.0,2765,analysis/virulence_adherence/blast_72/GCA_050485045.1.tsv,+
GCA_050485045.1,Bacteraemia,VFG002191|WP_002369252|sprE|sprE,CP174869.1,100.0,855,855,1,855,946043,946897,0.0,1543,analysis/virulence_adherence/blast_72/GCA_050485045.1.tsv,+
GCA_050485045.1,Bacteraemia,VFG042976|WP_154081516|ebpA|ebpA,CP174869.1,99.913,3465,3465,1,3465,1662529,1659065,0.0,6236,analysis/virulence_adherence/blast_72/GCA_050485045.1.tsv,-
GCA_050485045.1,Bacteraemia,VFG042977|WP_002379309|ebpB|ebpB,CP174869.1,100.0,1431,1431,1,1431,1659061,1657631,0.0,2581,analysis/virulence_adherence/blast_72/GCA_050485045.1.tsv,-
GCA_050485045.1,Bacteraemia,VFG042978|WP_011109477|ebpC|ebpC,CP174869.1,99.682,1884,1878,1,1878,1657634,1655751,0.0,3372,analysis/virulence_adherence/blast_72/GCA_050485045.1.tsv,-
GCA_050485055.1,Bacteraemia,VFG002164|WP_002395058|prgB/asc10|aggregation_substance_context,CP174864.1,96.643,3694,3918,225,3918,456377,460069,0.0,6100,analysis/virulence_adherence/blast_72/GCA_050485055.1.tsv,+
GCA_050485055.1,Bacteraemia,VFG002164|WP_002395058|prgB/asc10|aggregation_substance_context,CP174861.1,90.838,3940,3918,1,3918,37846,41763,0.0,5464,analysis/virulence_adherence/blast_72/GCA_050485055.1.tsv,+
GCA_050485055.1,Bacteraemia,VFG002164|WP_002395058|prgB/asc10|aggregation_substance_context,CP174860.1,95.944,2219,3918,1700,3918,1552,3769,0.0,3593,analysis/virulence_adherence/blast_72/GCA_050485055.1.tsv,+
GCA_050485055.1,Bacteraemia,VFG002164|WP_002395058|prgB/asc10|aggregation_substance_context,CP174860.1,95.548,1550,3918,1,1550,1,1550,0.0,2485,analysis/virulence_adherence/blast_72/GCA_050485055.1.tsv,+
GCA_050485055.1,Bacteraemia,VFG002165|WP_002356954|efaA|efaA,CP174864.1,99.676,927,927,1,927,2032520,2033446,0.0,1659,analysis/virulence_adherence/blast_72/GCA_050485055.1.tsv,+
GCA_050485055.1,Bacteraemia,VFG002165|WP_002356954|efaA|efaA,CP174864.1,68.244,803,927,106,890,537031,537815,2.97e-69,260,analysis/virulence_adherence/blast_72/GCA_050485055.1.tsv,+
GCA_050485055.1,Bacteraemia,VFG002166|WP_010714416|ace|ace,CP174864.1,97.136,2025,2025,1,2025,1131673,1133697,0.0,3391,analysis/virulence_adherence/blast_72/GCA_050485055.1.tsv,+
GCA_050485055.1,Bacteraemia,VFG002166|WP_010714416|ace|ace,CP174864.1,90.964,498,2025,1084,1581,1132897,1133394,0.0,696,analysis/virulence_adherence/blast_72/GCA_050485055.1.tsv,+
GCA_050485055.1,Bacteraemia,VFG002166|WP_010714416|ace|ace,CP174864.1,90.562,498,2025,1225,1722,1132756,1133253,0.0,687,analysis/virulence_adherence/blast_72/GCA_050485055.1.tsv,+
GCA_050485055.1,Bacteraemia,VFG002166|WP_010714416|ace|ace,CP174864.1,90.756,357,2025,1366,1722,1132756,1133112,5.05e-140,496,analysis/virulence_adherence/blast_72/GCA_050485055.1.tsv,+
GCA_050485055.1,Bacteraemia,VFG002166|WP_010714416|ace|ace,CP174864.1,90.196,357,2025,1084,1440,1133038,1133394,2.61e-137,487,analysis/virulence_adherence/blast_72/GCA_050485055.1.tsv,+
GCA_050485055.1,Bacteraemia,VFG002166|WP_010714416|ace|ace,CP174864.1,89.352,216,2025,1084,1299,1133179,1133394,4.74e-77,287,analysis/virulence_adherence/blast_72/GCA_050485055.1.tsv,+
GCA_050485055.1,Bacteraemia,VFG002166|WP_010714416|ace|ace,CP174864.1,87.963,216,2025,1507,1722,1132756,1132971,2.99e-73,273,analysis/virulence_adherence/blast_72/GCA_050485055.1.tsv,+
GCA_050485055.1,Bacteraemia,VFG002171|WP_011109430|EF0149|aggregation_substance_context,CP174861.1,93.776,3904,3918,1,3900,37846,41745,0.0,5935,analysis/virulence_adherence/blast_72/GCA_050485055.1.tsv,+
GCA_050485055.1,Bacteraemia,VFG002171|WP_011109430|EF0149|aggregation_substance_context,CP174864.1,90.288,3645,3918,225,3855,456377,460000,0.0,4960,analysis/virulence_adherence/blast_72/GCA_050485055.1.tsv,+
GCA_050485055.1,Bacteraemia,VFG002171|WP_011109430|EF0149|aggregation_substance_context,CP174860.1,95.674,2150,3918,1706,3855,1552,3700,0.0,3455,analysis/virulence_adherence/blast_72/GCA_050485055.1.tsv,+
GCA_050485055.1,Bacteraemia,VFG002171|WP_011109430|EF0149|aggregation_substance_context,CP174860.1,83.259,1565,3918,1,1556,1,1550,0.0,1623,analysis/virulence_adherence/blast_72/GCA_050485055.1.tsv,+
GCA_050485055.1,Bacteraemia,VFG002172|WP_010710127|EF0485|aggregation_substance_context,CP174864.1,98.403,3694,3918,225,3918,456377,460069,0.0,6393,analysis/virulence_adherence/blast_72/GCA_050485055.1.tsv,+
GCA_050485055.1,Bacteraemia,VFG002172|WP_010710127|EF0485|aggregation_substance_context,CP174861.1,92.549,3852,3918,2,3834,37847,41685,0.0,5642,analysis/virulence_adherence/blast_72/GCA_050485055.1.tsv,+
GCA_050485055.1,Bacteraemia,VFG002172|WP_010710127|EF0485|aggregation_substance_context,CP174860.1,98.423,2219,3918,1700,3918,1552,3769,0.0,3841,analysis/virulence_adherence/blast_72/GCA_050485055.1.tsv,+
GCA_050485055.1,Bacteraemia,VFG002172|WP_010710127|EF0485|aggregation_substance_context,CP174860.1,98.451,1549,3918,2,1550,2,1550,0.0,2686,analysis/virulence_adherence/blast_72/GCA_050485055.1.tsv,+
GCA_050485055.1,Bacteraemia,VFG002173|WP_010785625|asa1|asa1_or_validated_equivalent,CP174860.1,96.353,2221,3891,1671,3891,1550,3769,0.0,3637,analysis/virulence_adherence/blast_72/GCA_050485055.1.tsv,+
GCA_050485055.1,Bacteraemia,VFG002173|WP_010785625|asa1|asa1_or_validated_equivalent,CP174860.1,91.576,831,3891,1,829,1,829,0.0,1178,analysis/virulence_adherence/blast_72/GCA_050485055.1.tsv,+
GCA_050485055.1,Bacteraemia,VFG002173|WP_010785625|asa1|asa1_or_validated_equivalent,CP174864.1,95.199,2291,3891,1603,3891,457782,460069,0.0,3627,analysis/virulence_adherence/blast_72/GCA_050485055.1.tsv,+
GCA_050485055.1,Bacteraemia,VFG002173|WP_010785625|asa1|asa1_or_validated_equivalent,CP174864.1,95.058,607,3891,225,829,456377,456981,0.0,955,analysis/virulence_adherence/blast_72/GCA_050485055.1.tsv,+
GCA_050485055.1,Bacteraemia,VFG002173|WP_010785625|asa1|asa1_or_validated_equivalent,CP174861.1,94.649,2205,3891,1603,3807,39481,41685,0.0,3445,analysis/virulence_adherence/blast_72/GCA_050485055.1.tsv,+
GCA_050485055.1,Bacteraemia,VFG002173|WP_010785625|asa1|asa1_or_validated_equivalent,CP174861.1,94.332,794,3891,1,794,37846,38639,0.0,1230,analysis/virulence_adherence/blast_72/GCA_050485055.1.tsv,+
GCA_050485055.1,Bacteraemia,VFG002174|WP_002369251|gelE|gelE,CP174864.1,100.0,1533,1533,1,1533,1837710,1836178,0.0,2765,analysis/virulence_adherence/blast_72/GCA_050485055.1.tsv,-
GCA_050485055.1,Bacteraemia,VFG002191|WP_002369252|sprE|sprE,CP174864.1,100.0,855,855,1,855,1836129,1835275,0.0,1543,analysis/virulence_adherence/blast_72/GCA_050485055.1.tsv,-
GCA_050485055.1,Bacteraemia,VFG042976|WP_154081516|ebpA|ebpA,CP174864.1,99.509,3465,3465,1,3465,1120864,1124328,0.0,6173,analysis/virulence_adherence/blast_72/GCA_050485055.1.tsv,+
GCA_050485055.1,Bacteraemia,VFG042977|WP_002379309|ebpB|ebpB,CP174864.1,99.441,1431,1431,1,1431,1124332,1125762,0.0,2545,analysis/virulence_adherence/blast_72/GCA_050485055.1.tsv,+
GCA_050485055.1,Bacteraemia,VFG042978|WP_011109477|ebpC|ebpC,CP174864.1,99.363,1884,1878,1,1878,1125759,1127642,0.0,3345,analysis/virulence_adherence/blast_72/GCA_050485055.1.tsv,+
GCA_050485625.1,Bacteraemia,VFG002164|WP_002395058|prgB/asc10|aggregation_substance_context,CP174859.1,94.469,3923,3918,2,3918,2241130,2237238,0.0,6107,analysis/virulence_adherence/blast_72/GCA_050485625.1.tsv,-
GCA_050485625.1,Bacteraemia,VFG002165|WP_002356954|efaA|efaA,CP174859.1,99.892,927,927,1,927,690613,689687,0.0,1668,analysis/virulence_adherence/blast_72/GCA_050485625.1.tsv,-
GCA_050485625.1,Bacteraemia,VFG002165|WP_002356954|efaA|efaA,CP174859.1,68.237,828,927,81,890,2149949,2149140,5.65e-72,269,analysis/virulence_adherence/blast_72/GCA_050485625.1.tsv,-
GCA_050485625.1,Bacteraemia,VFG002166|WP_010714416|ace|ace,CP174859.1,100.0,2025,2025,1,2025,1635131,1633107,0.0,3653,analysis/virulence_adherence/blast_72/GCA_050485625.1.tsv,-
GCA_050485625.1,Bacteraemia,VFG002166|WP_010714416|ace|ace,CP174859.1,90.361,498,2025,1084,1581,1633907,1633410,0.0,682,analysis/virulence_adherence/blast_72/GCA_050485625.1.tsv,-
GCA_050485625.1,Bacteraemia,VFG002166|WP_010714416|ace|ace,CP174859.1,90.361,498,2025,1225,1722,1634048,1633551,0.0,682,analysis/virulence_adherence/blast_72/GCA_050485625.1.tsv,-
GCA_050485625.1,Bacteraemia,VFG002166|WP_010714416|ace|ace,CP174859.1,89.916,357,2025,1084,1440,1633766,1633410,3.13e-136,482,analysis/virulence_adherence/blast_72/GCA_050485625.1.tsv,-
GCA_050485625.1,Bacteraemia,VFG002166|WP_010714416|ace|ace,CP174859.1,89.916,357,2025,1366,1722,1634048,1633692,3.13e-136,482,analysis/virulence_adherence/blast_72/GCA_050485625.1.tsv,-
GCA_050485625.1,Bacteraemia,VFG002166|WP_010714416|ace|ace,CP174859.1,88.889,216,2025,1084,1299,1633625,1633410,5.68e-76,282,analysis/virulence_adherence/blast_72/GCA_050485625.1.tsv,-
GCA_050485625.1,Bacteraemia,VFG002166|WP_010714416|ace|ace,CP174859.1,88.889,216,2025,1507,1722,1634048,1633833,5.68e-76,282,analysis/virulence_adherence/blast_72/GCA_050485625.1.tsv,-
GCA_050485625.1,Bacteraemia,VFG002171|WP_011109430|EF0149|aggregation_substance_context,CP174859.1,89.105,3864,3918,2,3855,2241130,2237307,0.0,5071,analysis/virulence_adherence/blast_72/GCA_050485625.1.tsv,-
GCA_050485625.1,Bacteraemia,VFG002172|WP_010710127|EF0485|aggregation_substance_context,CP174859.1,94.67,3921,3918,1,3918,2241131,2237238,0.0,6143,analysis/virulence_adherence/blast_72/GCA_050485625.1.tsv,-
GCA_050485625.1,Bacteraemia,VFG002173|WP_010785625|asa1|asa1_or_validated_equivalent,CP174859.1,95.984,2291,3891,1603,3891,2239526,2237238,0.0,3712,analysis/virulence_adherence/blast_72/GCA_050485625.1.tsv,-
GCA_050485625.1,Bacteraemia,VFG002173|WP_010785625|asa1|asa1_or_validated_equivalent,CP174859.1,86.194,833,3891,2,829,2241130,2240327,0.0,993,analysis/virulence_adherence/blast_72/GCA_050485625.1.tsv,-
GCA_050485625.1,Bacteraemia,VFG002174|WP_002369251|gelE|gelE,CP174859.1,100.0,1533,1533,1,1533,927911,929443,0.0,2765,analysis/virulence_adherence/blast_72/GCA_050485625.1.tsv,+
GCA_050485625.1,Bacteraemia,VFG002191|WP_002369252|sprE|sprE,CP174859.1,100.0,855,855,1,855,929492,930346,0.0,1543,analysis/virulence_adherence/blast_72/GCA_050485625.1.tsv,+
GCA_050485625.1,Bacteraemia,VFG042976|WP_154081516|ebpA|ebpA,CP174859.1,99.913,3465,3465,1,3465,1645939,1642475,0.0,6236,analysis/virulence_adherence/blast_72/GCA_050485625.1.tsv,-
GCA_050485625.1,Bacteraemia,VFG042977|WP_002379309|ebpB|ebpB,CP174859.1,100.0,1431,1431,1,1431,1642471,1641041,0.0,2581,analysis/virulence_adherence/blast_72/GCA_050485625.1.tsv,-
GCA_050485625.1,Bacteraemia,VFG042978|WP_011109477|ebpC|ebpC,CP174859.1,99.682,1884,1878,1,1878,1641044,1639161,0.0,3372,analysis/virulence_adherence/blast_72/GCA_050485625.1.tsv,-
GCA_050485635.1,Bacteraemia,VFG002164|WP_002395058|prgB/asc10|aggregation_substance_context,CP174856.1,95.664,3921,3918,2,3918,502682,506599,0.0,6298,analysis/virulence_adherence/blast_72/GCA_050485635.1.tsv,+
GCA_050485635.1,Bacteraemia,VFG002165|WP_002356954|efaA|efaA,CP174856.1,99.676,927,927,1,927,2049566,2050492,0.0,1659,analysis/virulence_adherence/blast_72/GCA_050485635.1.tsv,+
GCA_050485635.1,Bacteraemia,VFG002165|WP_002356954|efaA|efaA,CP174856.1,68.237,828,927,81,890,593181,593990,5.62e-72,269,analysis/virulence_adherence/blast_72/GCA_050485635.1.tsv,+
GCA_050485635.1,Bacteraemia,VFG002166|WP_010714416|ace|ace,CP174856.1,97.728,2025,2025,1,2025,1107573,1109597,0.0,3445,analysis/virulence_adherence/blast_72/GCA_050485635.1.tsv,+
GCA_050485635.1,Bacteraemia,VFG002166|WP_010714416|ace|ace,CP174856.1,90.361,498,2025,1084,1581,1108797,1109294,0.0,682,analysis/virulence_adherence/blast_72/GCA_050485635.1.tsv,+
GCA_050485635.1,Bacteraemia,VFG002166|WP_010714416|ace|ace,CP174856.1,89.759,498,2025,1225,1722,1108656,1109153,0.0,669,analysis/virulence_adherence/blast_72/GCA_050485635.1.tsv,+
GCA_050485635.1,Bacteraemia,VFG002166|WP_010714416|ace|ace,CP174856.1,89.636,357,2025,1366,1722,1108656,1109012,1.32e-134,478,analysis/virulence_adherence/blast_72/GCA_050485635.1.tsv,+
GCA_050485635.1,Bacteraemia,VFG002166|WP_010714416|ace|ace,CP174856.1,89.636,357,2025,1084,1440,1108938,1109294,1.32e-134,478,analysis/virulence_adherence/blast_72/GCA_050485635.1.tsv,+
GCA_050485635.1,Bacteraemia,VFG002166|WP_010714416|ace|ace,CP174856.1,89.815,216,2025,1084,1299,1109079,1109294,1.09e-78,291,analysis/virulence_adherence/blast_72/GCA_050485635.1.tsv,+
GCA_050485635.1,Bacteraemia,VFG002166|WP_010714416|ace|ace,CP174856.1,86.111,216,2025,1507,1722,1108656,1108871,7.849999999999999e-68,255,analysis/virulence_adherence/blast_72/GCA_050485635.1.tsv,+
GCA_050485635.1,Bacteraemia,VFG002171|WP_011109430|EF0149|aggregation_substance_context,CP174856.1,90.644,3869,3918,2,3855,502682,506530,0.0,5328,analysis/virulence_adherence/blast_72/GCA_050485635.1.tsv,+
GCA_050485635.1,Bacteraemia,VFG002172|WP_010710127|EF0485|aggregation_substance_context,CP174856.1,97.092,3920,3918,1,3918,502681,506599,0.0,6545,analysis/virulence_adherence/blast_72/GCA_050485635.1.tsv,+
GCA_050485635.1,Bacteraemia,VFG002173|WP_010785625|asa1|asa1_or_validated_equivalent,CP174856.1,96.466,2292,3891,1603,3891,504310,506599,0.0,3760,analysis/virulence_adherence/blast_72/GCA_050485635.1.tsv,+
GCA_050485635.1,Bacteraemia,VFG002173|WP_010785625|asa1|asa1_or_validated_equivalent,CP174856.1,88.193,830,3891,2,829,502682,503509,0.0,1050,analysis/virulence_adherence/blast_72/GCA_050485635.1.tsv,+
GCA_050485635.1,Bacteraemia,VFG002174|WP_002369251|gelE|gelE,CP174856.1,100.0,1533,1533,1,1533,1813613,1812081,0.0,2765,analysis/virulence_adherence/blast_72/GCA_050485635.1.tsv,-
GCA_050485635.1,Bacteraemia,VFG002191|WP_002369252|sprE|sprE,CP174856.1,100.0,855,855,1,855,1812032,1811178,0.0,1543,analysis/virulence_adherence/blast_72/GCA_050485635.1.tsv,-
GCA_050485635.1,Bacteraemia,VFG042976|WP_154081516|ebpA|ebpA,CP174856.1,99.365,3465,3465,1,3465,1096765,1100229,0.0,6150,analysis/virulence_adherence/blast_72/GCA_050485635.1.tsv,+
GCA_050485635.1,Bacteraemia,VFG042977|WP_002379309|ebpB|ebpB,CP174856.1,99.371,1431,1431,1,1431,1100233,1101663,0.0,2541,analysis/virulence_adherence/blast_72/GCA_050485635.1.tsv,+
GCA_050485635.1,Bacteraemia,VFG042978|WP_011109477|ebpC|ebpC,CP174856.1,99.045,1884,1878,1,1878,1101660,1103543,0.0,3318,analysis/virulence_adherence/blast_72/GCA_050485635.1.tsv,+
GCA_050486705.1,Bacteraemia,VFG002164|WP_002395058|prgB/asc10|aggregation_substance_context,CP174840.1,94.98,2291,3918,1630,3918,124926,127214,0.0,3608,analysis/virulence_adherence/blast_72/GCA_050486705.1.tsv,+
GCA_050486705.1,Bacteraemia,VFG002164|WP_002395058|prgB/asc10|aggregation_substance_context,CP174840.1,96.02,1206,3918,2713,3918,61871,63076,0.0,1959,analysis/virulence_adherence/blast_72/GCA_050486705.1.tsv,+
GCA_050486705.1,Bacteraemia,VFG002164|WP_002395058|prgB/asc10|aggregation_substance_context,CP174840.1,93.983,831,3918,1,829,123324,124152,0.0,1269,analysis/virulence_adherence/blast_72/GCA_050486705.1.tsv,+
GCA_050486705.1,Bacteraemia,VFG002165|WP_002356954|efaA|efaA,CP174842.1,99.569,927,927,1,927,2044165,2043239,0.0,1654,analysis/virulence_adherence/blast_72/GCA_050486705.1.tsv,-
GCA_050486705.1,Bacteraemia,VFG002165|WP_002356954|efaA|efaA,CP174842.1,68.237,828,927,81,890,481034,480225,5.24e-72,269,analysis/virulence_adherence/blast_72/GCA_050486705.1.tsv,-
GCA_050486705.1,Bacteraemia,VFG002166|WP_010714416|ace|ace,CP174842.1,97.037,2025,2025,1,2025,2890114,2888090,0.0,3382,analysis/virulence_adherence/blast_72/GCA_050486705.1.tsv,-
GCA_050486705.1,Bacteraemia,VFG002166|WP_010714416|ace|ace,CP174842.1,92.05,478,2025,1104,1581,2888870,2888393,0.0,691,analysis/virulence_adherence/blast_72/GCA_050486705.1.tsv,-
GCA_050486705.1,Bacteraemia,VFG002166|WP_010714416|ace|ace,CP174842.1,90.161,498,2025,1225,1722,2889031,2888534,0.0,678,analysis/virulence_adherence/blast_72/GCA_050486705.1.tsv,-
GCA_050486705.1,Bacteraemia,VFG002166|WP_010714416|ace|ace,CP174842.1,89.916,357,2025,1366,1722,2889031,2888675,2.9e-136,482,analysis/virulence_adherence/blast_72/GCA_050486705.1.tsv,-
GCA_050486705.1,Bacteraemia,VFG002166|WP_010714416|ace|ace,CP174842.1,88.235,357,2025,1084,1440,2888749,2888393,4.04e-128,455,analysis/virulence_adherence/blast_72/GCA_050486705.1.tsv,-
GCA_050486705.1,Bacteraemia,VFG002166|WP_010714416|ace|ace,CP174842.1,87.963,216,2025,1507,1722,2889031,2888816,2.7300000000000002e-73,273,analysis/virulence_adherence/blast_72/GCA_050486705.1.tsv,-
GCA_050486705.1,Bacteraemia,VFG002166|WP_010714416|ace|ace,CP174842.1,87.5,216,2025,1084,1299,2888608,2888393,1.16e-71,269,analysis/virulence_adherence/blast_72/GCA_050486705.1.tsv,-
GCA_050486705.1,Bacteraemia,VFG002171|WP_011109430|EF0149|aggregation_substance_context,CP174840.1,94.775,2220,3918,1636,3855,124926,127145,0.0,3481,analysis/virulence_adherence/blast_72/GCA_050486705.1.tsv,+
GCA_050486705.1,Bacteraemia,VFG002171|WP_011109430|EF0149|aggregation_substance_context,CP174840.1,94.547,1137,3918,2719,3855,61871,63007,0.0,1772,analysis/virulence_adherence/blast_72/GCA_050486705.1.tsv,+
GCA_050486705.1,Bacteraemia,VFG002171|WP_011109430|EF0149|aggregation_substance_context,CP174840.1,90.932,794,3918,1,794,123324,124117,0.0,1108,analysis/virulence_adherence/blast_72/GCA_050486705.1.tsv,+
GCA_050486705.1,Bacteraemia,VFG002171|WP_011109430|EF0149|aggregation_substance_context,CP174841.1,93.525,139,3918,3780,3918,9669,9807,5.309999999999999e-54,211,analysis/virulence_adherence/blast_72/GCA_050486705.1.tsv,+
GCA_050486705.1,Bacteraemia,VFG002172|WP_010710127|EF0485|aggregation_substance_context,CP174840.1,95.242,2291,3918,1630,3918,124926,127214,0.0,3635,analysis/virulence_adherence/blast_72/GCA_050486705.1.tsv,+
GCA_050486705.1,Bacteraemia,VFG002172|WP_010710127|EF0485|aggregation_substance_context,CP174840.1,95.594,1203,3918,2716,3918,61874,63076,0.0,1931,analysis/virulence_adherence/blast_72/GCA_050486705.1.tsv,+
GCA_050486705.1,Bacteraemia,VFG002172|WP_010710127|EF0485|aggregation_substance_context,CP174840.1,90.482,830,3918,2,829,123325,124152,0.0,1136,analysis/virulence_adherence/blast_72/GCA_050486705.1.tsv,+
GCA_050486705.1,Bacteraemia,VFG002173|WP_010785625|asa1|asa1_or_validated_equivalent,CP174840.1,98.047,3891,3891,1,3891,123324,127214,0.0,6675,analysis/virulence_adherence/blast_72/GCA_050486705.1.tsv,+
GCA_050486705.1,Bacteraemia,VFG002173|WP_010785625|asa1|asa1_or_validated_equivalent,CP174840.1,99.751,1206,3891,2686,3891,61871,63076,0.0,2162,analysis/virulence_adherence/blast_72/GCA_050486705.1.tsv,+
GCA_050486705.1,Bacteraemia,VFG002173|WP_010785625|asa1|asa1_or_validated_equivalent,CP174841.1,68.029,416,3891,1250,1659,9035,9447,2.24e-33,141,analysis/virulence_adherence/blast_72/GCA_050486705.1.tsv,+
GCA_050486705.1,Bacteraemia,VFG002174|WP_002369251|gelE|gelE,CP174842.1,98.761,1533,1533,1,1533,2224459,2225991,0.0,2680,analysis/virulence_adherence/blast_72/GCA_050486705.1.tsv,+
GCA_050486705.1,Bacteraemia,VFG002175|AAM75248|cylR1|cytolysin_operon_context,CP174840.1,98.246,285,285,1,285,20659,20375,7.34e-140,492,analysis/virulence_adherence/blast_72/GCA_050486705.1.tsv,-
GCA_050486705.1,Bacteraemia,VFG002176|AAM75252|cylB|cytolysin_operon_context,CP174840.1,99.674,2145,2145,1,2145,24263,26407,0.0,3837,analysis/virulence_adherence/blast_72/GCA_050486705.1.tsv,+
GCA_050486705.1,Bacteraemia,VFG002177|AAM75253|cylA|cylA,CP174840.1,99.516,1239,1239,1,1239,26404,27642,0.0,2208,analysis/virulence_adherence/blast_72/GCA_050486705.1.tsv,+
GCA_050486705.1,Bacteraemia,VFG002178|AAM75254|cylI|cytolysin_operon_context,CP174840.1,99.898,984,984,1,984,27643,28626,0.0,1771,analysis/virulence_adherence/blast_72/GCA_050486705.1.tsv,+
GCA_050486705.1,Bacteraemia,VFG002179|AAD09858|esp|esp,CP174842.1,99.305,2734,5622,1,2734,532317,529584,0.0,4846,analysis/virulence_adherence/blast_72/GCA_050486705.1.tsv,-
GCA_050486705.1,Bacteraemia,VFG002179|AAD09858|esp|esp,CP174842.1,98.701,2233,5622,2487,4719,530083,527851,0.0,3897,analysis/virulence_adherence/blast_72/GCA_050486705.1.tsv,-
GCA_050486705.1,Bacteraemia,VFG002179|AAD09858|esp|esp,CP174842.1,97.914,2253,5622,3370,5622,529446,527194,0.0,3852,analysis/virulence_adherence/blast_72/GCA_050486705.1.tsv,-
GCA_050486705.1,Bacteraemia,VFG002179|AAD09858|esp|esp,CP174842.1,95.778,1350,5622,3616,4965,529446,528097,0.0,2178,analysis/virulence_adherence/blast_72/GCA_050486705.1.tsv,-
GCA_050486705.1,Bacteraemia,VFG002179|AAD09858|esp|esp,CP174842.1,95.481,1350,5622,3124,4473,529200,527851,0.0,2160,analysis/virulence_adherence/blast_72/GCA_050486705.1.tsv,-
GCA_050486705.1,Bacteraemia,VFG002179|AAD09858|esp|esp,CP174842.1,94.837,1104,5622,3124,4227,528954,527851,0.0,1735,analysis/virulence_adherence/blast_72/GCA_050486705.1.tsv,-
GCA_050486705.1,Bacteraemia,VFG002179|AAD09858|esp|esp,CP174842.1,94.746,1104,5622,3862,4965,529446,528343,0.0,1730,analysis/virulence_adherence/blast_72/GCA_050486705.1.tsv,-
GCA_050486705.1,Bacteraemia,VFG002179|AAD09858|esp|esp,CP174842.1,94.124,885,5622,3124,4008,528708,527830,0.0,1363,analysis/virulence_adherence/blast_72/GCA_050486705.1.tsv,-
GCA_050486705.1,Bacteraemia,VFG002179|AAD09858|esp|esp,CP174842.1,93.898,885,5622,4108,4986,529446,528562,0.0,1354,analysis/virulence_adherence/blast_72/GCA_050486705.1.tsv,-
GCA_050486705.1,Bacteraemia,VFG002179|AAD09858|esp|esp,CP174842.1,93.114,639,5622,4354,4986,529446,528808,0.0,956,analysis/virulence_adherence/blast_72/GCA_050486705.1.tsv,-
GCA_050486705.1,Bacteraemia,VFG002179|AAD09858|esp|esp,CP174842.1,93.791,612,5622,3124,3735,528462,527851,0.0,933,analysis/virulence_adherence/blast_72/GCA_050486705.1.tsv,-
GCA_050486705.1,Bacteraemia,VFG002179|AAD09858|esp|esp,CP174842.1,90.71,366,5622,4600,4965,529446,529081,2.04e-143,508,analysis/virulence_adherence/blast_72/GCA_050486705.1.tsv,-
GCA_050486705.1,Bacteraemia,VFG002179|AAD09858|esp|esp,CP174842.1,90.437,366,5622,3124,3489,528216,527851,8.669999999999999e-142,503,analysis/virulence_adherence/blast_72/GCA_050486705.1.tsv,-
GCA_050486705.1,Bacteraemia,VFG002179|AAD09858|esp|esp,CP174842.1,98.387,248,5622,2739,2986,530083,529836,4.5e-120,430,analysis/virulence_adherence/blast_72/GCA_050486705.1.tsv,-
GCA_050486705.1,Bacteraemia,VFG002179|AAD09858|esp|esp,CP174842.1,95.161,248,5622,2235,2482,529831,529584,3.2400000000000002e-109,394,analysis/virulence_adherence/blast_72/GCA_050486705.1.tsv,-
GCA_050486705.1,Bacteraemia,VFG002179|AAD09858|esp|esp,CP174842.1,84.536,194,5622,2989,3182,527868,527675,1.8e-55,215,analysis/virulence_adherence/blast_72/GCA_050486705.1.tsv,-
GCA_050486705.1,Bacteraemia,VFG002179|AAD09858|esp|esp,CP174842.1,84.021,194,5622,4948,5141,529581,529388,7.64e-54,211,analysis/virulence_adherence/blast_72/GCA_050486705.1.tsv,-
GCA_050486705.1,Bacteraemia,VFG002191|WP_002369252|sprE|sprE,CP174842.1,98.83,855,855,1,855,2226040,2226894,0.0,1498,analysis/virulence_adherence/blast_72/GCA_050486705.1.tsv,+
GCA_050486705.1,Bacteraemia,VFG042976|WP_154081516|ebpA|ebpA,CP174842.1,99.481,3465,3465,1,3465,2933464,2930000,0.0,6168,analysis/virulence_adherence/blast_72/GCA_050486705.1.tsv,-
GCA_050486705.1,Bacteraemia,VFG042977|WP_002379309|ebpB|ebpB,CP174842.1,99.371,1431,1431,1,1431,2929996,2928566,0.0,2541,analysis/virulence_adherence/blast_72/GCA_050486705.1.tsv,-
GCA_050486705.1,Bacteraemia,VFG042978|WP_011109477|ebpC|ebpC,CP174842.1,99.045,1884,1878,1,1878,2928569,2926686,0.0,3318,analysis/virulence_adherence/blast_72/GCA_050486705.1.tsv,-
GCA_050486705.1,Bacteraemia,VFG045470|AAM75247|cylR2|cytolysin_operon_context,CP174840.1,99.502,201,201,1,201,20374,20174,7.460000000000001e-100,359,analysis/virulence_adherence/blast_72/GCA_050486705.1.tsv,-
GCA_050486705.1,Bacteraemia,VFG045472|AAM75249|cylL|cytolysin_operon_context,CP174840.1,100.0,207,207,1,207,20778,20984,1e-104,374,analysis/virulence_adherence/blast_72/GCA_050486705.1.tsv,+
GCA_050486705.1,Bacteraemia,VFG045472|AAM75249|cylL|cytolysin_operon_context,CP174840.1,88.095,84,207,15,98,21068,21151,2.22e-24,107,analysis/virulence_adherence/blast_72/GCA_050486705.1.tsv,+
GCA_050486705.1,Bacteraemia,VFG045473|AAM75250|cylS|cytolysin_operon_context,CP174840.1,100.0,192,192,1,192,21018,21209,1.28e-96,347,analysis/virulence_adherence/blast_72/GCA_050486705.1.tsv,+
GCA_050486705.1,Bacteraemia,VFG045473|AAM75250|cylS|cytolysin_operon_context,CP174840.1,88.095,84,192,51,134,20792,20875,2.0399999999999997e-24,107,analysis/virulence_adherence/blast_72/GCA_050486705.1.tsv,+
GCA_050486705.1,Bacteraemia,VFG045474|AAM75251|cylM|cytolysin_operon_context,CP174840.1,99.598,2982,2982,1,2982,21270,24251,0.0,5324,analysis/virulence_adherence/blast_72/GCA_050486705.1.tsv,+
GCA_050486715.1,Bacteraemia,VFG002164|WP_002395058|prgB/asc10|aggregation_substance_context,CP174839.1,96.122,3920,3918,2,3918,370683,374599,0.0,6381,analysis/virulence_adherence/blast_72/GCA_050486715.1.tsv,+
GCA_050486715.1,Bacteraemia,VFG002165|WP_002356954|efaA|efaA,CP174839.1,99.676,927,927,1,927,1785613,1786539,0.0,1659,analysis/virulence_adherence/blast_72/GCA_050486715.1.tsv,+
GCA_050486715.1,Bacteraemia,VFG002165|WP_002356954|efaA|efaA,CP174839.1,68.244,803,927,106,890,431629,432413,2.42e-69,260,analysis/virulence_adherence/blast_72/GCA_050486715.1.tsv,+
GCA_050486715.1,Bacteraemia,VFG002166|WP_010714416|ace|ace,CP174839.1,96.142,1581,2025,1,1581,978780,980360,0.0,2577,analysis/virulence_adherence/blast_72/GCA_050486715.1.tsv,+
GCA_050486715.1,Bacteraemia,VFG002166|WP_010714416|ace|ace,CP174839.1,95.256,801,2025,1225,2025,979863,980663,0.0,1274,analysis/virulence_adherence/blast_72/GCA_050486715.1.tsv,+
GCA_050486715.1,Bacteraemia,VFG002166|WP_010714416|ace|ace,CP174839.1,91.317,357,2025,1084,1440,980004,980360,7.92e-143,505,analysis/virulence_adherence/blast_72/GCA_050486715.1.tsv,+
GCA_050486715.1,Bacteraemia,VFG002166|WP_010714416|ace|ace,CP174839.1,90.756,357,2025,1366,1722,979863,980219,4.0999999999999997e-140,496,analysis/virulence_adherence/blast_72/GCA_050486715.1.tsv,+
GCA_050486715.1,Bacteraemia,VFG002166|WP_010714416|ace|ace,CP174839.1,89.352,216,2025,1084,1299,980145,980360,3.85e-77,287,analysis/virulence_adherence/blast_72/GCA_050486715.1.tsv,+
GCA_050486715.1,Bacteraemia,VFG002166|WP_010714416|ace|ace,CP174839.1,87.963,216,2025,1507,1722,979863,980078,2.43e-73,273,analysis/virulence_adherence/blast_72/GCA_050486715.1.tsv,+
GCA_050486715.1,Bacteraemia,VFG002171|WP_011109430|EF0149|aggregation_substance_context,CP174839.1,89.661,3869,3918,2,3855,370683,374530,0.0,5153,analysis/virulence_adherence/blast_72/GCA_050486715.1.tsv,+
GCA_050486715.1,Bacteraemia,VFG002172|WP_010710127|EF0485|aggregation_substance_context,CP174839.1,96.299,3918,3918,1,3918,370682,374599,0.0,6413,analysis/virulence_adherence/blast_72/GCA_050486715.1.tsv,+
GCA_050486715.1,Bacteraemia,VFG002173|WP_010785625|asa1|asa1_or_validated_equivalent,CP174839.1,95.722,2291,3891,1603,3891,372311,374599,0.0,3685,analysis/virulence_adherence/blast_72/GCA_050486715.1.tsv,+
GCA_050486715.1,Bacteraemia,VFG002173|WP_010785625|asa1|asa1_or_validated_equivalent,CP174839.1,91.325,830,3891,2,829,370683,371510,0.0,1168,analysis/virulence_adherence/blast_72/GCA_050486715.1.tsv,+
GCA_050486715.1,Bacteraemia,VFG002175|AAM75248|cylR1|cytolysin_operon_context,CP174839.1,100.0,285,285,1,285,405021,404737,5.76e-147,515,analysis/virulence_adherence/blast_72/GCA_050486715.1.tsv,-
GCA_050486715.1,Bacteraemia,VFG002176|AAM75252|cylB|cytolysin_operon_context,CP174839.1,99.814,2145,2145,1,2145,408625,410769,0.0,3851,analysis/virulence_adherence/blast_72/GCA_050486715.1.tsv,+
GCA_050486715.1,Bacteraemia,VFG002177|AAM75253|cylA|cylA,CP174839.1,99.839,1239,1239,1,1239,410766,412004,0.0,2226,analysis/virulence_adherence/blast_72/GCA_050486715.1.tsv,+
GCA_050486715.1,Bacteraemia,VFG002178|AAM75254|cylI|cytolysin_operon_context,CP174839.1,96.24,984,984,1,984,412005,412988,0.0,1608,analysis/virulence_adherence/blast_72/GCA_050486715.1.tsv,+
GCA_050486715.1,Bacteraemia,VFG042976|WP_154081516|ebpA|ebpA,CP174839.1,99.538,3465,3465,1,3465,964777,968241,0.0,6177,analysis/virulence_adherence/blast_72/GCA_050486715.1.tsv,+
GCA_050486715.1,Bacteraemia,VFG042977|WP_002379309|ebpB|ebpB,CP174839.1,99.441,1431,1431,1,1431,968245,969675,0.0,2545,analysis/virulence_adherence/blast_72/GCA_050486715.1.tsv,+
GCA_050486715.1,Bacteraemia,VFG042978|WP_011109477|ebpC|ebpC,CP174839.1,99.363,1884,1878,1,1878,969672,971555,0.0,3345,analysis/virulence_adherence/blast_72/GCA_050486715.1.tsv,+
GCA_050486715.1,Bacteraemia,VFG045470|AAM75247|cylR2|cytolysin_operon_context,CP174839.1,100.0,201,201,1,201,404736,404536,1.56e-101,363,analysis/virulence_adherence/blast_72/GCA_050486715.1.tsv,-
GCA_050486715.1,Bacteraemia,VFG045472|AAM75249|cylL|cytolysin_operon_context,CP174839.1,100.0,207,207,1,207,405140,405346,8.94e-105,374,analysis/virulence_adherence/blast_72/GCA_050486715.1.tsv,+
GCA_050486715.1,Bacteraemia,VFG045472|AAM75249|cylL|cytolysin_operon_context,CP174839.1,88.095,84,207,15,98,405430,405513,1.98e-24,107,analysis/virulence_adherence/blast_72/GCA_050486715.1.tsv,+
GCA_050486715.1,Bacteraemia,VFG045473|AAM75250|cylS|cytolysin_operon_context,CP174839.1,100.0,192,192,1,192,405380,405571,1.14e-96,347,analysis/virulence_adherence/blast_72/GCA_050486715.1.tsv,+
GCA_050486715.1,Bacteraemia,VFG045473|AAM75250|cylS|cytolysin_operon_context,CP174839.1,88.095,84,192,51,134,405154,405237,1.82e-24,107,analysis/virulence_adherence/blast_72/GCA_050486715.1.tsv,+
GCA_050486715.1,Bacteraemia,VFG045474|AAM75251|cylM|cytolysin_operon_context,CP174839.1,99.698,2982,2982,1,2982,405632,408613,0.0,5338,analysis/virulence_adherence/blast_72/GCA_050486715.1.tsv,+
GCA_050491675.1,Bacteraemia,VFG002164|WP_002395058|prgB/asc10|aggregation_substance_context,CP175118.1,95.484,3919,3918,1,3918,61100,57183,0.0,6263,analysis/virulence_adherence/blast_72/GCA_050491675.1.tsv,-
GCA_050491675.1,Bacteraemia,VFG002164|WP_002395058|prgB/asc10|aggregation_substance_context,CP175117.1,96.183,2227,3918,1692,3918,4534,6760,0.0,3634,analysis/virulence_adherence/blast_72/GCA_050491675.1.tsv,+
GCA_050491675.1,Bacteraemia,VFG002164|WP_002395058|prgB/asc10|aggregation_substance_context,CP175117.1,93.141,831,3918,1,829,2870,3698,0.0,1237,analysis/virulence_adherence/blast_72/GCA_050491675.1.tsv,+
GCA_050491675.1,Bacteraemia,VFG002165|WP_002356954|efaA|efaA,CP175116.1,99.676,927,927,1,927,1774138,1775064,0.0,1659,analysis/virulence_adherence/blast_72/GCA_050491675.1.tsv,+
GCA_050491675.1,Bacteraemia,VFG002165|WP_002356954|efaA|efaA,CP175116.1,68.237,828,927,81,890,428248,429057,4.890000000000001e-72,269,analysis/virulence_adherence/blast_72/GCA_050491675.1.tsv,+
GCA_050491675.1,Bacteraemia,VFG002166|WP_010714416|ace|ace,CP175116.1,95.572,1581,2025,1,1581,937885,939465,0.0,2536,analysis/virulence_adherence/blast_72/GCA_050491675.1.tsv,+
GCA_050491675.1,Bacteraemia,VFG002166|WP_010714416|ace|ace,CP175116.1,97.628,801,2025,1225,2025,938968,939768,0.0,1360,analysis/virulence_adherence/blast_72/GCA_050491675.1.tsv,+
GCA_050491675.1,Bacteraemia,VFG002166|WP_010714416|ace|ace,CP175116.1,89.356,357,2025,1366,1722,938968,939324,1.41e-133,473,analysis/virulence_adherence/blast_72/GCA_050491675.1.tsv,+
GCA_050491675.1,Bacteraemia,VFG002166|WP_010714416|ace|ace,CP175116.1,89.106,358,2025,1083,1440,939108,939465,1.71e-132,471,analysis/virulence_adherence/blast_72/GCA_050491675.1.tsv,+
GCA_050491675.1,Bacteraemia,VFG002166|WP_010714416|ace|ace,CP175116.1,88.426,216,2025,1507,1722,938968,939183,2.09e-74,278,analysis/virulence_adherence/blast_72/GCA_050491675.1.tsv,+
GCA_050491675.1,Bacteraemia,VFG002166|WP_010714416|ace|ace,CP175116.1,88.426,216,2025,1084,1299,939250,939465,2.09e-74,278,analysis/virulence_adherence/blast_72/GCA_050491675.1.tsv,+
GCA_050491675.1,Bacteraemia,VFG002166|WP_010714416|ace|ace,CP175116.1,90.789,76,2025,1647,1722,938967,939042,7.819999999999999e-23,106,analysis/virulence_adherence/blast_72/GCA_050491675.1.tsv,+
GCA_050491675.1,Bacteraemia,VFG002171|WP_011109430|EF0149|aggregation_substance_context,CP175118.1,89.837,3867,3918,1,3855,61100,57252,0.0,5176,analysis/virulence_adherence/blast_72/GCA_050491675.1.tsv,-
GCA_050491675.1,Bacteraemia,VFG002171|WP_011109430|EF0149|aggregation_substance_context,CP175117.1,95.45,2220,3918,1636,3855,4472,6691,0.0,3549,analysis/virulence_adherence/blast_72/GCA_050491675.1.tsv,+
GCA_050491675.1,Bacteraemia,VFG002171|WP_011109430|EF0149|aggregation_substance_context,CP175117.1,91.94,794,3918,1,794,2870,3663,0.0,1144,analysis/virulence_adherence/blast_72/GCA_050491675.1.tsv,+
GCA_050491675.1,Bacteraemia,VFG002172|WP_010710127|EF0485|aggregation_substance_context,CP175118.1,94.946,3918,3918,2,3918,61099,57183,0.0,6167,analysis/virulence_adherence/blast_72/GCA_050491675.1.tsv,-
GCA_050491675.1,Bacteraemia,VFG002172|WP_010710127|EF0485|aggregation_substance_context,CP175117.1,95.242,2291,3918,1630,3918,4472,6760,0.0,3635,analysis/virulence_adherence/blast_72/GCA_050491675.1.tsv,+
GCA_050491675.1,Bacteraemia,VFG002172|WP_010710127|EF0485|aggregation_substance_context,CP175117.1,90.602,830,3918,2,829,2871,3698,0.0,1141,analysis/virulence_adherence/blast_72/GCA_050491675.1.tsv,+
GCA_050491675.1,Bacteraemia,VFG002173|WP_010785625|asa1|asa1_or_validated_equivalent,CP175117.1,97.353,3891,3891,1,3891,2870,6760,0.0,6553,analysis/virulence_adherence/blast_72/GCA_050491675.1.tsv,+
GCA_050491675.1,Bacteraemia,VFG002173|WP_010785625|asa1|asa1_or_validated_equivalent,CP175118.1,95.679,2291,3891,1603,3891,59471,57183,0.0,3681,analysis/virulence_adherence/blast_72/GCA_050491675.1.tsv,-
GCA_050491675.1,Bacteraemia,VFG002173|WP_010785625|asa1|asa1_or_validated_equivalent,CP175118.1,92.178,831,3891,1,829,61100,60272,0.0,1201,analysis/virulence_adherence/blast_72/GCA_050491675.1.tsv,-
GCA_050491675.1,Bacteraemia,VFG042976|WP_154081516|ebpA|ebpA,CP175116.1,99.481,3465,3465,1,3465,926829,930293,0.0,6168,analysis/virulence_adherence/blast_72/GCA_050491675.1.tsv,+
GCA_050491675.1,Bacteraemia,VFG042977|WP_002379309|ebpB|ebpB,CP175116.1,99.371,1431,1431,1,1431,930297,931727,0.0,2541,analysis/virulence_adherence/blast_72/GCA_050491675.1.tsv,+
GCA_050491675.1,Bacteraemia,VFG042978|WP_011109477|ebpC|ebpC,CP175116.1,99.363,1884,1878,1,1878,931724,933607,0.0,3345,analysis/virulence_adherence/blast_72/GCA_050491675.1.tsv,+
GCA_050491685.1,Bacteraemia,VFG002164|WP_002395058|prgB/asc10|aggregation_substance_context,CP175115.1,95.484,3919,3918,1,3918,4467,8384,0.0,6263,analysis/virulence_adherence/blast_72/GCA_050491685.1.tsv,+
GCA_050491685.1,Bacteraemia,VFG002164|WP_002395058|prgB/asc10|aggregation_substance_context,CP175114.1,96.183,2227,3918,1692,3918,5800,8026,0.0,3634,analysis/virulence_adherence/blast_72/GCA_050491685.1.tsv,+
GCA_050491685.1,Bacteraemia,VFG002164|WP_002395058|prgB/asc10|aggregation_substance_context,CP175114.1,93.141,831,3918,1,829,4136,4964,0.0,1237,analysis/virulence_adherence/blast_72/GCA_050491685.1.tsv,+
GCA_050491685.1,Bacteraemia,VFG002165|WP_002356954|efaA|efaA,CP175113.1,99.676,927,927,1,927,1774138,1775064,0.0,1659,analysis/virulence_adherence/blast_72/GCA_050491685.1.tsv,+
GCA_050491685.1,Bacteraemia,VFG002165|WP_002356954|efaA|efaA,CP175113.1,68.237,828,927,81,890,428248,429057,4.890000000000001e-72,269,analysis/virulence_adherence/blast_72/GCA_050491685.1.tsv,+
GCA_050491685.1,Bacteraemia,VFG002166|WP_010714416|ace|ace,CP175113.1,95.572,1581,2025,1,1581,937885,939465,0.0,2536,analysis/virulence_adherence/blast_72/GCA_050491685.1.tsv,+
GCA_050491685.1,Bacteraemia,VFG002166|WP_010714416|ace|ace,CP175113.1,97.628,801,2025,1225,2025,938968,939768,0.0,1360,analysis/virulence_adherence/blast_72/GCA_050491685.1.tsv,+
GCA_050491685.1,Bacteraemia,VFG002166|WP_010714416|ace|ace,CP175113.1,89.356,357,2025,1366,1722,938968,939324,1.41e-133,473,analysis/virulence_adherence/blast_72/GCA_050491685.1.tsv,+
GCA_050491685.1,Bacteraemia,VFG002166|WP_010714416|ace|ace,CP175113.1,89.106,358,2025,1083,1440,939108,939465,1.71e-132,471,analysis/virulence_adherence/blast_72/GCA_050491685.1.tsv,+
GCA_050491685.1,Bacteraemia,VFG002166|WP_010714416|ace|ace,CP175113.1,88.426,216,2025,1507,1722,938968,939183,2.09e-74,278,analysis/virulence_adherence/blast_72/GCA_050491685.1.tsv,+
GCA_050491685.1,Bacteraemia,VFG002166|WP_010714416|ace|ace,CP175113.1,88.426,216,2025,1084,1299,939250,939465,2.09e-74,278,analysis/virulence_adherence/blast_72/GCA_050491685.1.tsv,+
GCA_050491685.1,Bacteraemia,VFG002166|WP_010714416|ace|ace,CP175113.1,90.789,76,2025,1647,1722,938967,939042,7.819999999999999e-23,106,analysis/virulence_adherence/blast_72/GCA_050491685.1.tsv,+
GCA_050491685.1,Bacteraemia,VFG002171|WP_011109430|EF0149|aggregation_substance_context,CP175115.1,89.837,3867,3918,1,3855,4467,8315,0.0,5176,analysis/virulence_adherence/blast_72/GCA_050491685.1.tsv,+
GCA_050491685.1,Bacteraemia,VFG002171|WP_011109430|EF0149|aggregation_substance_context,CP175114.1,95.45,2220,3918,1636,3855,5738,7957,0.0,3549,analysis/virulence_adherence/blast_72/GCA_050491685.1.tsv,+
GCA_050491685.1,Bacteraemia,VFG002171|WP_011109430|EF0149|aggregation_substance_context,CP175114.1,91.94,794,3918,1,794,4136,4929,0.0,1144,analysis/virulence_adherence/blast_72/GCA_050491685.1.tsv,+
GCA_050491685.1,Bacteraemia,VFG002172|WP_010710127|EF0485|aggregation_substance_context,CP175115.1,94.946,3918,3918,2,3918,4468,8384,0.0,6167,analysis/virulence_adherence/blast_72/GCA_050491685.1.tsv,+
GCA_050491685.1,Bacteraemia,VFG002172|WP_010710127|EF0485|aggregation_substance_context,CP175114.1,95.242,2291,3918,1630,3918,5738,8026,0.0,3635,analysis/virulence_adherence/blast_72/GCA_050491685.1.tsv,+
GCA_050491685.1,Bacteraemia,VFG002172|WP_010710127|EF0485|aggregation_substance_context,CP175114.1,90.602,830,3918,2,829,4137,4964,0.0,1141,analysis/virulence_adherence/blast_72/GCA_050491685.1.tsv,+
GCA_050491685.1,Bacteraemia,VFG002173|WP_010785625|asa1|asa1_or_validated_equivalent,CP175114.1,97.353,3891,3891,1,3891,4136,8026,0.0,6553,analysis/virulence_adherence/blast_72/GCA_050491685.1.tsv,+
GCA_050491685.1,Bacteraemia,VFG002173|WP_010785625|asa1|asa1_or_validated_equivalent,CP175115.1,95.679,2291,3891,1603,3891,6096,8384,0.0,3681,analysis/virulence_adherence/blast_72/GCA_050491685.1.tsv,+
GCA_050491685.1,Bacteraemia,VFG002173|WP_010785625|asa1|asa1_or_validated_equivalent,CP175115.1,92.178,831,3891,1,829,4467,5295,0.0,1201,analysis/virulence_adherence/blast_72/GCA_050491685.1.tsv,+
GCA_050491685.1,Bacteraemia,VFG042976|WP_154081516|ebpA|ebpA,CP175113.1,99.481,3465,3465,1,3465,926829,930293,0.0,6168,analysis/virulence_adherence/blast_72/GCA_050491685.1.tsv,+
GCA_050491685.1,Bacteraemia,VFG042977|WP_002379309|ebpB|ebpB,CP175113.1,99.371,1431,1431,1,1431,930297,931727,0.0,2541,analysis/virulence_adherence/blast_72/GCA_050491685.1.tsv,+
GCA_050491685.1,Bacteraemia,VFG042978|WP_011109477|ebpC|ebpC,CP175113.1,99.363,1884,1878,1,1878,931724,933607,0.0,3345,analysis/virulence_adherence/blast_72/GCA_050491685.1.tsv,+
GCA_050492125.1,Bacteraemia,VFG002164|WP_002395058|prgB/asc10|aggregation_substance_context,CP175110.1,94.469,3923,3918,2,3918,451197,455089,0.0,6107,analysis/virulence_adherence/blast_72/GCA_050492125.1.tsv,+
GCA_050492125.1,Bacteraemia,VFG002164|WP_002395058|prgB/asc10|aggregation_substance_context,CP175110.1,89.523,3875,3918,1,3855,185943,189803,0.0,5144,analysis/virulence_adherence/blast_72/GCA_050492125.1.tsv,+
GCA_050492125.1,Bacteraemia,VFG002164|WP_002395058|prgB/asc10|aggregation_substance_context,CP175111.1,89.492,3940,3918,1,3918,1,3918,0.0,5225,analysis/virulence_adherence/blast_72/GCA_050492125.1.tsv,+
GCA_050492125.1,Bacteraemia,VFG002165|WP_002356954|efaA|efaA,CP175110.1,99.892,927,927,1,927,1852849,1853775,0.0,1668,analysis/virulence_adherence/blast_72/GCA_050492125.1.tsv,+
GCA_050492125.1,Bacteraemia,VFG002166|WP_010714416|ace|ace,CP175110.1,99.852,2025,2025,1,2025,952720,954744,0.0,3639,analysis/virulence_adherence/blast_72/GCA_050492125.1.tsv,+
GCA_050492125.1,Bacteraemia,VFG002166|WP_010714416|ace|ace,CP175110.1,90.964,498,2025,1084,1581,953944,954441,0.0,696,analysis/virulence_adherence/blast_72/GCA_050492125.1.tsv,+
GCA_050492125.1,Bacteraemia,VFG002166|WP_010714416|ace|ace,CP175110.1,89.96,498,2025,1225,1722,953803,954300,0.0,673,analysis/virulence_adherence/blast_72/GCA_050492125.1.tsv,+
GCA_050492125.1,Bacteraemia,VFG002166|WP_010714416|ace|ace,CP175110.1,89.916,357,2025,1366,1722,953803,954159,2.95e-136,482,analysis/virulence_adherence/blast_72/GCA_050492125.1.tsv,+
GCA_050492125.1,Bacteraemia,VFG002166|WP_010714416|ace|ace,CP175110.1,89.636,357,2025,1084,1440,954085,954441,1.26e-134,478,analysis/virulence_adherence/blast_72/GCA_050492125.1.tsv,+
GCA_050492125.1,Bacteraemia,VFG002166|WP_010714416|ace|ace,CP175110.1,89.815,216,2025,1084,1299,954226,954441,1.03e-78,291,analysis/virulence_adherence/blast_72/GCA_050492125.1.tsv,+
GCA_050492125.1,Bacteraemia,VFG002166|WP_010714416|ace|ace,CP175110.1,88.889,216,2025,1507,1722,953803,954018,5.35e-76,282,analysis/virulence_adherence/blast_72/GCA_050492125.1.tsv,+
GCA_050492125.1,Bacteraemia,VFG002171|WP_011109430|EF0149|aggregation_substance_context,CP175110.1,99.77,3918,3918,1,3918,185943,189860,0.0,7026,analysis/virulence_adherence/blast_72/GCA_050492125.1.tsv,+
GCA_050492125.1,Bacteraemia,VFG002171|WP_011109430|EF0149|aggregation_substance_context,CP175110.1,89.105,3864,3918,2,3855,451197,455020,0.0,5071,analysis/virulence_adherence/blast_72/GCA_050492125.1.tsv,+
GCA_050492125.1,Bacteraemia,VFG002171|WP_011109430|EF0149|aggregation_substance_context,CP175111.1,95.0,3900,3918,1,3900,1,3900,0.0,6155,analysis/virulence_adherence/blast_72/GCA_050492125.1.tsv,+
GCA_050492125.1,Bacteraemia,VFG002172|WP_010710127|EF0485|aggregation_substance_context,CP175110.1,94.67,3921,3918,1,3918,451196,455089,0.0,6143,analysis/virulence_adherence/blast_72/GCA_050492125.1.tsv,+
GCA_050492125.1,Bacteraemia,VFG002172|WP_010710127|EF0485|aggregation_substance_context,CP175110.1,89.558,3869,3918,2,3849,185944,189797,0.0,5135,analysis/virulence_adherence/blast_72/GCA_050492125.1.tsv,+
GCA_050492125.1,Bacteraemia,VFG002172|WP_010710127|EF0485|aggregation_substance_context,CP175111.1,89.538,3852,3918,2,3834,2,3840,0.0,5119,analysis/virulence_adherence/blast_72/GCA_050492125.1.tsv,+
GCA_050492125.1,Bacteraemia,VFG002173|WP_010785625|asa1|asa1_or_validated_equivalent,CP175110.1,95.984,2291,3891,1603,3891,452801,455089,0.0,3712,analysis/virulence_adherence/blast_72/GCA_050492125.1.tsv,+
GCA_050492125.1,Bacteraemia,VFG002173|WP_010785625|asa1|asa1_or_validated_equivalent,CP175110.1,94.73,2220,3891,1603,3822,187578,189797,0.0,3477,analysis/virulence_adherence/blast_72/GCA_050492125.1.tsv,+
GCA_050492125.1,Bacteraemia,VFG002173|WP_010785625|asa1|asa1_or_validated_equivalent,CP175110.1,90.932,794,3891,1,794,185943,186736,0.0,1108,analysis/virulence_adherence/blast_72/GCA_050492125.1.tsv,+
GCA_050492125.1,Bacteraemia,VFG002173|WP_010785625|asa1|asa1_or_validated_equivalent,CP175110.1,86.194,833,3891,2,829,451197,452000,0.0,993,analysis/virulence_adherence/blast_72/GCA_050492125.1.tsv,+
GCA_050492125.1,Bacteraemia,VFG002173|WP_010785625|asa1|asa1_or_validated_equivalent,CP175111.1,95.374,2205,3891,1603,3807,1636,3840,0.0,3517,analysis/virulence_adherence/blast_72/GCA_050492125.1.tsv,+
GCA_050492125.1,Bacteraemia,VFG002173|WP_010785625|asa1|asa1_or_validated_equivalent,CP175111.1,93.955,794,3891,1,794,1,794,0.0,1216,analysis/virulence_adherence/blast_72/GCA_050492125.1.tsv,+
GCA_050492125.1,Bacteraemia,VFG002174|WP_002369251|gelE|gelE,CP175110.1,100.0,1533,1533,1,1533,1658115,1656583,0.0,2765,analysis/virulence_adherence/blast_72/GCA_050492125.1.tsv,-
GCA_050492125.1,Bacteraemia,VFG002175|AAM75248|cylR1|cytolysin_operon_context,CP175112.1,100.0,285,285,1,285,13202,12918,6.54e-147,515,analysis/virulence_adherence/blast_72/GCA_050492125.1.tsv,-
GCA_050492125.1,Bacteraemia,VFG002176|AAM75252|cylB|cytolysin_operon_context,CP175112.1,99.767,2145,2145,1,2145,16806,18950,0.0,3846,analysis/virulence_adherence/blast_72/GCA_050492125.1.tsv,+
GCA_050492125.1,Bacteraemia,VFG002177|AAM75253|cylA|cylA,CP175112.1,99.839,1239,1239,1,1239,18947,20185,0.0,2226,analysis/virulence_adherence/blast_72/GCA_050492125.1.tsv,+
GCA_050492125.1,Bacteraemia,VFG002178|AAM75254|cylI|cytolysin_operon_context,CP175112.1,97.256,984,984,1,984,20186,21169,0.0,1654,analysis/virulence_adherence/blast_72/GCA_050492125.1.tsv,+
GCA_050492125.1,Bacteraemia,VFG002191|WP_002369252|sprE|sprE,CP175110.1,100.0,855,855,1,855,1656534,1655680,0.0,1543,analysis/virulence_adherence/blast_72/GCA_050492125.1.tsv,-
GCA_050492125.1,Bacteraemia,VFG042976|WP_154081516|ebpA|ebpA,CP175110.1,99.942,3465,3465,1,3465,941912,945376,0.0,6240,analysis/virulence_adherence/blast_72/GCA_050492125.1.tsv,+
GCA_050492125.1,Bacteraemia,VFG042977|WP_002379309|ebpB|ebpB,CP175110.1,100.0,1431,1431,1,1431,945380,946810,0.0,2581,analysis/virulence_adherence/blast_72/GCA_050492125.1.tsv,+
GCA_050492125.1,Bacteraemia,VFG042978|WP_011109477|ebpC|ebpC,CP175110.1,99.682,1884,1878,1,1878,946807,948690,0.0,3372,analysis/virulence_adherence/blast_72/GCA_050492125.1.tsv,+
GCA_050492125.1,Bacteraemia,VFG045470|AAM75247|cylR2|cytolysin_operon_context,CP175112.1,100.0,201,201,1,201,12917,12717,1.78e-101,363,analysis/virulence_adherence/blast_72/GCA_050492125.1.tsv,-
GCA_050492125.1,Bacteraemia,VFG045472|AAM75249|cylL|cytolysin_operon_context,CP175112.1,100.0,207,207,1,207,13321,13527,1.0199999999999999e-104,374,analysis/virulence_adherence/blast_72/GCA_050492125.1.tsv,+
GCA_050492125.1,Bacteraemia,VFG045472|AAM75249|cylL|cytolysin_operon_context,CP175112.1,88.095,84,207,15,98,13611,13694,2.25e-24,107,analysis/virulence_adherence/blast_72/GCA_050492125.1.tsv,+
GCA_050492125.1,Bacteraemia,VFG045473|AAM75250|cylS|cytolysin_operon_context,CP175112.1,100.0,192,192,1,192,13561,13752,1.3e-96,347,analysis/virulence_adherence/blast_72/GCA_050492125.1.tsv,+
GCA_050492125.1,Bacteraemia,VFG045473|AAM75250|cylS|cytolysin_operon_context,CP175112.1,88.095,84,192,51,134,13335,13418,2.07e-24,107,analysis/virulence_adherence/blast_72/GCA_050492125.1.tsv,+
GCA_050492125.1,Bacteraemia,VFG045474|AAM75251|cylM|cytolysin_operon_context,CP175112.1,99.665,2982,2982,1,2982,13813,16794,0.0,5333,analysis/virulence_adherence/blast_72/GCA_050492125.1.tsv,+
GCA_050492135.1,Bacteraemia,VFG002164|WP_002395058|prgB/asc10|aggregation_substance_context,CP175106.1,94.469,3923,3918,2,3918,451197,455089,0.0,6107,analysis/virulence_adherence/blast_72/GCA_050492135.1.tsv,+
GCA_050492135.1,Bacteraemia,VFG002164|WP_002395058|prgB/asc10|aggregation_substance_context,CP175106.1,89.626,3875,3918,1,3855,185943,189803,0.0,5162,analysis/virulence_adherence/blast_72/GCA_050492135.1.tsv,+
GCA_050492135.1,Bacteraemia,VFG002164|WP_002395058|prgB/asc10|aggregation_substance_context,CP175107.1,89.492,3940,3918,1,3918,30692,34609,0.0,5225,analysis/virulence_adherence/blast_72/GCA_050492135.1.tsv,+
GCA_050492135.1,Bacteraemia,VFG002165|WP_002356954|efaA|efaA,CP175106.1,99.892,927,927,1,927,1887451,1888377,0.0,1668,analysis/virulence_adherence/blast_72/GCA_050492135.1.tsv,+
GCA_050492135.1,Bacteraemia,VFG002166|WP_010714416|ace|ace,CP175106.1,99.852,2025,2025,1,2025,987322,989346,0.0,3639,analysis/virulence_adherence/blast_72/GCA_050492135.1.tsv,+
GCA_050492135.1,Bacteraemia,VFG002166|WP_010714416|ace|ace,CP175106.1,90.964,498,2025,1084,1581,988546,989043,0.0,696,analysis/virulence_adherence/blast_72/GCA_050492135.1.tsv,+
GCA_050492135.1,Bacteraemia,VFG002166|WP_010714416|ace|ace,CP175106.1,89.96,498,2025,1225,1722,988405,988902,0.0,673,analysis/virulence_adherence/blast_72/GCA_050492135.1.tsv,+
GCA_050492135.1,Bacteraemia,VFG002166|WP_010714416|ace|ace,CP175106.1,89.916,357,2025,1366,1722,988405,988761,2.98e-136,482,analysis/virulence_adherence/blast_72/GCA_050492135.1.tsv,+
GCA_050492135.1,Bacteraemia,VFG002166|WP_010714416|ace|ace,CP175106.1,89.636,357,2025,1084,1440,988687,989043,1.27e-134,478,analysis/virulence_adherence/blast_72/GCA_050492135.1.tsv,+
GCA_050492135.1,Bacteraemia,VFG002166|WP_010714416|ace|ace,CP175106.1,89.815,216,2025,1084,1299,988828,989043,1.04e-78,291,analysis/virulence_adherence/blast_72/GCA_050492135.1.tsv,+
GCA_050492135.1,Bacteraemia,VFG002166|WP_010714416|ace|ace,CP175106.1,88.889,216,2025,1507,1722,988405,988620,5.41e-76,282,analysis/virulence_adherence/blast_72/GCA_050492135.1.tsv,+
GCA_050492135.1,Bacteraemia,VFG002171|WP_011109430|EF0149|aggregation_substance_context,CP175106.1,99.872,3918,3918,1,3918,185943,189860,0.0,7044,analysis/virulence_adherence/blast_72/GCA_050492135.1.tsv,+
GCA_050492135.1,Bacteraemia,VFG002171|WP_011109430|EF0149|aggregation_substance_context,CP175106.1,89.105,3864,3918,2,3855,451197,455020,0.0,5071,analysis/virulence_adherence/blast_72/GCA_050492135.1.tsv,+
GCA_050492135.1,Bacteraemia,VFG002171|WP_011109430|EF0149|aggregation_substance_context,CP175107.1,95.0,3900,3918,1,3900,30692,34591,0.0,6155,analysis/virulence_adherence/blast_72/GCA_050492135.1.tsv,+
GCA_050492135.1,Bacteraemia,VFG002172|WP_010710127|EF0485|aggregation_substance_context,CP175106.1,94.67,3921,3918,1,3918,451196,455089,0.0,6143,analysis/virulence_adherence/blast_72/GCA_050492135.1.tsv,+
GCA_050492135.1,Bacteraemia,VFG002172|WP_010710127|EF0485|aggregation_substance_context,CP175106.1,89.61,3869,3918,2,3849,185944,189797,0.0,5144,analysis/virulence_adherence/blast_72/GCA_050492135.1.tsv,+
GCA_050492135.1,Bacteraemia,VFG002172|WP_010710127|EF0485|aggregation_substance_context,CP175107.1,89.538,3852,3918,2,3834,30693,34531,0.0,5119,analysis/virulence_adherence/blast_72/GCA_050492135.1.tsv,+
GCA_050492135.1,Bacteraemia,VFG002173|WP_010785625|asa1|asa1_or_validated_equivalent,CP175106.1,95.984,2291,3891,1603,3891,452801,455089,0.0,3712,analysis/virulence_adherence/blast_72/GCA_050492135.1.tsv,+
GCA_050492135.1,Bacteraemia,VFG002173|WP_010785625|asa1|asa1_or_validated_equivalent,CP175106.1,94.73,2220,3891,1603,3822,187578,189797,0.0,3477,analysis/virulence_adherence/blast_72/GCA_050492135.1.tsv,+
GCA_050492135.1,Bacteraemia,VFG002173|WP_010785625|asa1|asa1_or_validated_equivalent,CP175106.1,90.932,794,3891,1,794,185943,186736,0.0,1108,analysis/virulence_adherence/blast_72/GCA_050492135.1.tsv,+
GCA_050492135.1,Bacteraemia,VFG002173|WP_010785625|asa1|asa1_or_validated_equivalent,CP175106.1,86.194,833,3891,2,829,451197,452000,0.0,993,analysis/virulence_adherence/blast_72/GCA_050492135.1.tsv,+
GCA_050492135.1,Bacteraemia,VFG002173|WP_010785625|asa1|asa1_or_validated_equivalent,CP175107.1,95.374,2205,3891,1603,3807,32327,34531,0.0,3517,analysis/virulence_adherence/blast_72/GCA_050492135.1.tsv,+
GCA_050492135.1,Bacteraemia,VFG002173|WP_010785625|asa1|asa1_or_validated_equivalent,CP175107.1,93.955,794,3891,1,794,30692,31485,0.0,1216,analysis/virulence_adherence/blast_72/GCA_050492135.1.tsv,+
GCA_050492135.1,Bacteraemia,VFG002174|WP_002369251|gelE|gelE,CP175106.1,100.0,1533,1533,1,1533,1692717,1691185,0.0,2765,analysis/virulence_adherence/blast_72/GCA_050492135.1.tsv,-
GCA_050492135.1,Bacteraemia,VFG002175|AAM75248|cylR1|cytolysin_operon_context,CP175108.1,100.0,285,285,1,285,6492,6208,6.609999999999999e-147,515,analysis/virulence_adherence/blast_72/GCA_050492135.1.tsv,-
GCA_050492135.1,Bacteraemia,VFG002176|AAM75252|cylB|cytolysin_operon_context,CP175108.1,99.767,2145,2145,1,2145,10096,12240,0.0,3846,analysis/virulence_adherence/blast_72/GCA_050492135.1.tsv,+
GCA_050492135.1,Bacteraemia,VFG002177|AAM75253|cylA|cylA,CP175108.1,99.839,1239,1239,1,1239,12237,13475,0.0,2226,analysis/virulence_adherence/blast_72/GCA_050492135.1.tsv,+
GCA_050492135.1,Bacteraemia,VFG002178|AAM75254|cylI|cytolysin_operon_context,CP175108.1,97.256,984,984,1,984,13476,14459,0.0,1654,analysis/virulence_adherence/blast_72/GCA_050492135.1.tsv,+
GCA_050492135.1,Bacteraemia,VFG002191|WP_002369252|sprE|sprE,CP175106.1,100.0,855,855,1,855,1691136,1690282,0.0,1543,analysis/virulence_adherence/blast_72/GCA_050492135.1.tsv,-
GCA_050492135.1,Bacteraemia,VFG042976|WP_154081516|ebpA|ebpA,CP175106.1,99.942,3465,3465,1,3465,976514,979978,0.0,6240,analysis/virulence_adherence/blast_72/GCA_050492135.1.tsv,+
GCA_050492135.1,Bacteraemia,VFG042977|WP_002379309|ebpB|ebpB,CP175106.1,100.0,1431,1431,1,1431,979982,981412,0.0,2581,analysis/virulence_adherence/blast_72/GCA_050492135.1.tsv,+
GCA_050492135.1,Bacteraemia,VFG042978|WP_011109477|ebpC|ebpC,CP175106.1,99.682,1884,1878,1,1878,981409,983292,0.0,3372,analysis/virulence_adherence/blast_72/GCA_050492135.1.tsv,+
GCA_050492135.1,Bacteraemia,VFG045470|AAM75247|cylR2|cytolysin_operon_context,CP175108.1,100.0,201,201,1,201,6207,6007,1.8e-101,363,analysis/virulence_adherence/blast_72/GCA_050492135.1.tsv,-
GCA_050492135.1,Bacteraemia,VFG045472|AAM75249|cylL|cytolysin_operon_context,CP175108.1,100.0,207,207,1,207,6611,6817,1.0299999999999999e-104,374,analysis/virulence_adherence/blast_72/GCA_050492135.1.tsv,+
GCA_050492135.1,Bacteraemia,VFG045472|AAM75249|cylL|cytolysin_operon_context,CP175108.1,88.095,84,207,15,98,6901,6984,2.2799999999999998e-24,107,analysis/virulence_adherence/blast_72/GCA_050492135.1.tsv,+
GCA_050492135.1,Bacteraemia,VFG045473|AAM75250|cylS|cytolysin_operon_context,CP175108.1,100.0,192,192,1,192,6851,7042,1.32e-96,347,analysis/virulence_adherence/blast_72/GCA_050492135.1.tsv,+
GCA_050492135.1,Bacteraemia,VFG045473|AAM75250|cylS|cytolysin_operon_context,CP175108.1,88.095,84,192,51,134,6625,6708,2.09e-24,107,analysis/virulence_adherence/blast_72/GCA_050492135.1.tsv,+
GCA_050492135.1,Bacteraemia,VFG045474|AAM75251|cylM|cytolysin_operon_context,CP175108.1,99.665,2982,2982,1,2982,7103,10084,0.0,5333,analysis/virulence_adherence/blast_72/GCA_050492135.1.tsv,+
GCA_050505635.1,Bacteraemia,VFG002164|WP_002395058|prgB/asc10|aggregation_substance_context,CP175162.1,95.434,3920,3918,2,3918,2061346,2057430,0.0,6259,analysis/virulence_adherence/blast_72/GCA_050505635.1.tsv,-
GCA_050505635.1,Bacteraemia,VFG002165|WP_002356954|efaA|efaA,CP175162.1,99.676,927,927,1,927,576724,575798,0.0,1659,analysis/virulence_adherence/blast_72/GCA_050505635.1.tsv,-
GCA_050505635.1,Bacteraemia,VFG002165|WP_002356954|efaA|efaA,CP175162.1,68.244,803,927,106,890,1959754,1958970,2.49e-69,260,analysis/virulence_adherence/blast_72/GCA_050505635.1.tsv,-
GCA_050505635.1,Bacteraemia,VFG002166|WP_010714416|ace|ace,CP175162.1,96.142,1581,2025,1,1581,1410552,1408972,0.0,2577,analysis/virulence_adherence/blast_72/GCA_050505635.1.tsv,-
GCA_050505635.1,Bacteraemia,VFG002166|WP_010714416|ace|ace,CP175162.1,95.256,801,2025,1225,2025,1409469,1408669,0.0,1274,analysis/virulence_adherence/blast_72/GCA_050505635.1.tsv,-
GCA_050505635.1,Bacteraemia,VFG002166|WP_010714416|ace|ace,CP175162.1,91.317,357,2025,1084,1440,1409328,1408972,8.17e-143,505,analysis/virulence_adherence/blast_72/GCA_050505635.1.tsv,-
GCA_050505635.1,Bacteraemia,VFG002166|WP_010714416|ace|ace,CP175162.1,90.756,357,2025,1366,1722,1409469,1409113,4.23e-140,496,analysis/virulence_adherence/blast_72/GCA_050505635.1.tsv,-
GCA_050505635.1,Bacteraemia,VFG002166|WP_010714416|ace|ace,CP175162.1,89.352,216,2025,1084,1299,1409187,1408972,3.97e-77,287,analysis/virulence_adherence/blast_72/GCA_050505635.1.tsv,-
GCA_050505635.1,Bacteraemia,VFG002166|WP_010714416|ace|ace,CP175162.1,87.963,216,2025,1507,1722,1409469,1409254,2.51e-73,273,analysis/virulence_adherence/blast_72/GCA_050505635.1.tsv,-
GCA_050505635.1,Bacteraemia,VFG002171|WP_011109430|EF0149|aggregation_substance_context,CP175162.1,89.584,3869,3918,2,3855,2061346,2057499,0.0,5139,analysis/virulence_adherence/blast_72/GCA_050505635.1.tsv,-
GCA_050505635.1,Bacteraemia,VFG002172|WP_010710127|EF0485|aggregation_substance_context,CP175162.1,100.0,3918,3918,1,3918,2061347,2057430,0.0,7066,analysis/virulence_adherence/blast_72/GCA_050505635.1.tsv,-
GCA_050505635.1,Bacteraemia,VFG002173|WP_010785625|asa1|asa1_or_validated_equivalent,CP175162.1,94.718,2291,3891,1603,3891,2059718,2057430,0.0,3581,analysis/virulence_adherence/blast_72/GCA_050505635.1.tsv,-
GCA_050505635.1,Bacteraemia,VFG002173|WP_010785625|asa1|asa1_or_validated_equivalent,CP175162.1,90.482,830,3891,2,829,2061346,2060519,0.0,1136,analysis/virulence_adherence/blast_72/GCA_050505635.1.tsv,-
GCA_050505635.1,Bacteraemia,VFG002175|AAM75248|cylR1|cytolysin_operon_context,CP175162.1,100.0,285,285,1,285,2027008,2027292,5.919999999999999e-147,515,analysis/virulence_adherence/blast_72/GCA_050505635.1.tsv,+
GCA_050505635.1,Bacteraemia,VFG002176|AAM75252|cylB|cytolysin_operon_context,CP175162.1,99.814,2145,2145,1,2145,2023404,2021260,0.0,3851,analysis/virulence_adherence/blast_72/GCA_050505635.1.tsv,-
GCA_050505635.1,Bacteraemia,VFG002177|AAM75253|cylA|cylA,CP175162.1,99.839,1239,1239,1,1239,2021263,2020025,0.0,2226,analysis/virulence_adherence/blast_72/GCA_050505635.1.tsv,-
GCA_050505635.1,Bacteraemia,VFG002177|AAM75253|cylA|cylA,CP175162.1,95.775,71,1239,1169,1239,1979449,1979379,9.020000000000001e-26,115,analysis/virulence_adherence/blast_72/GCA_050505635.1.tsv,-
GCA_050505635.1,Bacteraemia,VFG002178|AAM75254|cylI|cytolysin_operon_context,CP175162.1,97.154,984,984,1,984,2020024,2019041,0.0,1649,analysis/virulence_adherence/blast_72/GCA_050505635.1.tsv,-
GCA_050505635.1,Bacteraemia,VFG002178|AAM75254|cylI|cytolysin_operon_context,CP175162.1,96.447,985,984,1,984,1979378,1978395,0.0,1612,analysis/virulence_adherence/blast_72/GCA_050505635.1.tsv,-
GCA_050505635.1,Bacteraemia,VFG002179|AAD09858|esp|esp,CP175162.1,99.929,5622,5622,1,5622,2014377,2008756,0.0,10121,analysis/virulence_adherence/blast_72/GCA_050505635.1.tsv,-
GCA_050505635.1,Bacteraemia,VFG002179|AAD09858|esp|esp,CP175162.1,96.992,1596,5622,3124,4719,2011008,2009413,0.0,2663,analysis/virulence_adherence/blast_72/GCA_050505635.1.tsv,-
GCA_050505635.1,Bacteraemia,VFG002179|AAD09858|esp|esp,CP175162.1,96.742,1596,5622,3370,4965,2011254,2009659,0.0,2645,analysis/virulence_adherence/blast_72/GCA_050505635.1.tsv,-
GCA_050505635.1,Bacteraemia,VFG002179|AAD09858|esp|esp,CP175162.1,96.296,1350,5622,3124,4473,2010762,2009413,0.0,2210,analysis/virulence_adherence/blast_72/GCA_050505635.1.tsv,-
GCA_050505635.1,Bacteraemia,VFG002179|AAD09858|esp|esp,CP175162.1,96.148,1350,5622,3616,4965,2011254,2009905,0.0,2201,analysis/virulence_adherence/blast_72/GCA_050505635.1.tsv,-
GCA_050505635.1,Bacteraemia,VFG002179|AAD09858|esp|esp,CP175162.1,95.652,1104,5622,3124,4227,2010516,2009413,0.0,1775,analysis/virulence_adherence/blast_72/GCA_050505635.1.tsv,-
GCA_050505635.1,Bacteraemia,VFG002179|AAD09858|esp|esp,CP175162.1,95.471,1104,5622,3862,4965,2011254,2010151,0.0,1766,analysis/virulence_adherence/blast_72/GCA_050505635.1.tsv,-
GCA_050505635.1,Bacteraemia,VFG002179|AAD09858|esp|esp,CP175162.1,94.915,885,5622,3124,4008,2010270,2009392,0.0,1395,analysis/virulence_adherence/blast_72/GCA_050505635.1.tsv,-
GCA_050505635.1,Bacteraemia,VFG002179|AAD09858|esp|esp,CP175162.1,94.689,885,5622,4108,4986,2011254,2010370,0.0,1386,analysis/virulence_adherence/blast_72/GCA_050505635.1.tsv,-
GCA_050505635.1,Bacteraemia,VFG002179|AAD09858|esp|esp,CP175162.1,94.444,612,5622,3124,3735,2010024,2009413,0.0,951,analysis/virulence_adherence/blast_72/GCA_050505635.1.tsv,-
GCA_050505635.1,Bacteraemia,VFG002179|AAD09858|esp|esp,CP175162.1,94.118,612,5622,4354,4965,2011254,2010643,0.0,942,analysis/virulence_adherence/blast_72/GCA_050505635.1.tsv,-
GCA_050505635.1,Bacteraemia,VFG002179|AAD09858|esp|esp,CP175162.1,99.2,500,5622,2235,2734,2011891,2011392,0.0,884,analysis/virulence_adherence/blast_72/GCA_050505635.1.tsv,-
GCA_050505635.1,Bacteraemia,VFG002179|AAD09858|esp|esp,CP175162.1,99.2,500,5622,2487,2986,2012143,2011644,0.0,884,analysis/virulence_adherence/blast_72/GCA_050505635.1.tsv,-
GCA_050505635.1,Bacteraemia,VFG002179|AAD09858|esp|esp,CP175162.1,90.71,366,5622,3124,3489,2009778,2009413,1.88e-143,508,analysis/virulence_adherence/blast_72/GCA_050505635.1.tsv,-
GCA_050505635.1,Bacteraemia,VFG002179|AAD09858|esp|esp,CP175162.1,90.71,366,5622,4600,4965,2011254,2010889,1.88e-143,508,analysis/virulence_adherence/blast_72/GCA_050505635.1.tsv,-
GCA_050505635.1,Bacteraemia,VFG002179|AAD09858|esp|esp,CP175162.1,98.387,248,5622,2235,2482,2011639,2011392,4.13e-120,430,analysis/virulence_adherence/blast_72/GCA_050505635.1.tsv,-
GCA_050505635.1,Bacteraemia,VFG002179|AAD09858|esp|esp,CP175162.1,98.387,248,5622,2739,2986,2012143,2011896,4.13e-120,430,analysis/virulence_adherence/blast_72/GCA_050505635.1.tsv,-
GCA_050505635.1,Bacteraemia,VFG002179|AAD09858|esp|esp,CP175162.1,84.021,194,5622,2989,3182,2009430,2009237,7.019999999999999e-54,211,analysis/virulence_adherence/blast_72/GCA_050505635.1.tsv,-
GCA_050505635.1,Bacteraemia,VFG002179|AAD09858|esp|esp,CP175162.1,84.021,194,5622,4948,5141,2011389,2011196,7.019999999999999e-54,211,analysis/virulence_adherence/blast_72/GCA_050505635.1.tsv,-
GCA_050505635.1,Bacteraemia,VFG042976|WP_154081516|ebpA|ebpA,CP175162.1,99.538,3465,3465,1,3465,1424555,1421091,0.0,6177,analysis/virulence_adherence/blast_72/GCA_050505635.1.tsv,-
GCA_050505635.1,Bacteraemia,VFG042977|WP_002379309|ebpB|ebpB,CP175162.1,99.441,1431,1431,1,1431,1421087,1419657,0.0,2545,analysis/virulence_adherence/blast_72/GCA_050505635.1.tsv,-
GCA_050505635.1,Bacteraemia,VFG042978|WP_011109477|ebpC|ebpC,CP175162.1,99.363,1884,1878,1,1878,1419660,1417777,0.0,3345,analysis/virulence_adherence/blast_72/GCA_050505635.1.tsv,-
GCA_050505635.1,Bacteraemia,VFG045470|AAM75247|cylR2|cytolysin_operon_context,CP175162.1,100.0,201,201,1,201,2027293,2027493,1.61e-101,363,analysis/virulence_adherence/blast_72/GCA_050505635.1.tsv,+
GCA_050505635.1,Bacteraemia,VFG045472|AAM75249|cylL|cytolysin_operon_context,CP175162.1,100.0,207,207,1,207,2026889,2026683,9.22e-105,374,analysis/virulence_adherence/blast_72/GCA_050505635.1.tsv,-
GCA_050505635.1,Bacteraemia,VFG045472|AAM75249|cylL|cytolysin_operon_context,CP175162.1,88.095,84,207,15,98,2026599,2026516,2.0399999999999997e-24,107,analysis/virulence_adherence/blast_72/GCA_050505635.1.tsv,-
GCA_050505635.1,Bacteraemia,VFG045473|AAM75250|cylS|cytolysin_operon_context,CP175162.1,100.0,192,192,1,192,2026649,2026458,1.18e-96,347,analysis/virulence_adherence/blast_72/GCA_050505635.1.tsv,-
GCA_050505635.1,Bacteraemia,VFG045473|AAM75250|cylS|cytolysin_operon_context,CP175162.1,88.095,84,192,51,134,2026875,2026792,1.87e-24,107,analysis/virulence_adherence/blast_72/GCA_050505635.1.tsv,-
GCA_050505635.1,Bacteraemia,VFG045474|AAM75251|cylM|cytolysin_operon_context,CP175162.1,99.698,2982,2982,1,2982,2026397,2023416,0.0,5338,analysis/virulence_adherence/blast_72/GCA_050505635.1.tsv,-
GCA_050505645.1,Bacteraemia,VFG002164|WP_002395058|prgB/asc10|aggregation_substance_context,CP175163.1,95.434,3920,3918,2,3918,2276557,2280473,0.0,6259,analysis/virulence_adherence/blast_72/GCA_050505645.1.tsv,+
GCA_050505645.1,Bacteraemia,VFG002165|WP_002356954|efaA|efaA,CP175163.1,99.676,927,927,1,927,887653,888579,0.0,1659,analysis/virulence_adherence/blast_72/GCA_050505645.1.tsv,+
GCA_050505645.1,Bacteraemia,VFG002165|WP_002356954|efaA|efaA,CP175163.1,68.244,803,927,106,890,2378149,2378933,2.49e-69,260,analysis/virulence_adherence/blast_72/GCA_050505645.1.tsv,+
GCA_050505645.1,Bacteraemia,VFG002166|WP_010714416|ace|ace,CP175163.1,96.142,1581,2025,1,1581,53825,55405,0.0,2577,analysis/virulence_adherence/blast_72/GCA_050505645.1.tsv,+
GCA_050505645.1,Bacteraemia,VFG002166|WP_010714416|ace|ace,CP175163.1,95.256,801,2025,1225,2025,54908,55708,0.0,1274,analysis/virulence_adherence/blast_72/GCA_050505645.1.tsv,+
GCA_050505645.1,Bacteraemia,VFG002166|WP_010714416|ace|ace,CP175163.1,91.317,357,2025,1084,1440,55049,55405,8.17e-143,505,analysis/virulence_adherence/blast_72/GCA_050505645.1.tsv,+
GCA_050505645.1,Bacteraemia,VFG002166|WP_010714416|ace|ace,CP175163.1,90.756,357,2025,1366,1722,54908,55264,4.23e-140,496,analysis/virulence_adherence/blast_72/GCA_050505645.1.tsv,+
GCA_050505645.1,Bacteraemia,VFG002166|WP_010714416|ace|ace,CP175163.1,89.352,216,2025,1084,1299,55190,55405,3.97e-77,287,analysis/virulence_adherence/blast_72/GCA_050505645.1.tsv,+
GCA_050505645.1,Bacteraemia,VFG002166|WP_010714416|ace|ace,CP175163.1,87.963,216,2025,1507,1722,54908,55123,2.51e-73,273,analysis/virulence_adherence/blast_72/GCA_050505645.1.tsv,+
GCA_050505645.1,Bacteraemia,VFG002171|WP_011109430|EF0149|aggregation_substance_context,CP175163.1,89.584,3869,3918,2,3855,2276557,2280404,0.0,5139,analysis/virulence_adherence/blast_72/GCA_050505645.1.tsv,+
GCA_050505645.1,Bacteraemia,VFG002172|WP_010710127|EF0485|aggregation_substance_context,CP175163.1,100.0,3918,3918,1,3918,2276556,2280473,0.0,7066,analysis/virulence_adherence/blast_72/GCA_050505645.1.tsv,+
GCA_050505645.1,Bacteraemia,VFG002173|WP_010785625|asa1|asa1_or_validated_equivalent,CP175163.1,94.718,2291,3891,1603,3891,2278185,2280473,0.0,3581,analysis/virulence_adherence/blast_72/GCA_050505645.1.tsv,+
GCA_050505645.1,Bacteraemia,VFG002173|WP_010785625|asa1|asa1_or_validated_equivalent,CP175163.1,90.482,830,3891,2,829,2276557,2277384,0.0,1136,analysis/virulence_adherence/blast_72/GCA_050505645.1.tsv,+
GCA_050505645.1,Bacteraemia,VFG002175|AAM75248|cylR1|cytolysin_operon_context,CP175163.1,100.0,285,285,1,285,2310895,2310611,5.919999999999999e-147,515,analysis/virulence_adherence/blast_72/GCA_050505645.1.tsv,-
GCA_050505645.1,Bacteraemia,VFG002176|AAM75252|cylB|cytolysin_operon_context,CP175163.1,99.814,2145,2145,1,2145,2314499,2316643,0.0,3851,analysis/virulence_adherence/blast_72/GCA_050505645.1.tsv,+
GCA_050505645.1,Bacteraemia,VFG002177|AAM75253|cylA|cylA,CP175163.1,99.839,1239,1239,1,1239,2316640,2317878,0.0,2226,analysis/virulence_adherence/blast_72/GCA_050505645.1.tsv,+
GCA_050505645.1,Bacteraemia,VFG002177|AAM75253|cylA|cylA,CP175163.1,95.775,71,1239,1169,1239,2358454,2358524,9.020000000000001e-26,115,analysis/virulence_adherence/blast_72/GCA_050505645.1.tsv,+
GCA_050505645.1,Bacteraemia,VFG002178|AAM75254|cylI|cytolysin_operon_context,CP175163.1,97.154,984,984,1,984,2317879,2318862,0.0,1649,analysis/virulence_adherence/blast_72/GCA_050505645.1.tsv,+
GCA_050505645.1,Bacteraemia,VFG002178|AAM75254|cylI|cytolysin_operon_context,CP175163.1,96.447,985,984,1,984,2358525,2359508,0.0,1612,analysis/virulence_adherence/blast_72/GCA_050505645.1.tsv,+
GCA_050505645.1,Bacteraemia,VFG002179|AAD09858|esp|esp,CP175163.1,99.929,5622,5622,1,5622,2323526,2329147,0.0,10121,analysis/virulence_adherence/blast_72/GCA_050505645.1.tsv,+
GCA_050505645.1,Bacteraemia,VFG002179|AAD09858|esp|esp,CP175163.1,96.992,1596,5622,3124,4719,2326895,2328490,0.0,2663,analysis/virulence_adherence/blast_72/GCA_050505645.1.tsv,+
GCA_050505645.1,Bacteraemia,VFG002179|AAD09858|esp|esp,CP175163.1,96.742,1596,5622,3370,4965,2326649,2328244,0.0,2645,analysis/virulence_adherence/blast_72/GCA_050505645.1.tsv,+
GCA_050505645.1,Bacteraemia,VFG002179|AAD09858|esp|esp,CP175163.1,96.296,1350,5622,3124,4473,2327141,2328490,0.0,2210,analysis/virulence_adherence/blast_72/GCA_050505645.1.tsv,+
GCA_050505645.1,Bacteraemia,VFG002179|AAD09858|esp|esp,CP175163.1,96.148,1350,5622,3616,4965,2326649,2327998,0.0,2201,analysis/virulence_adherence/blast_72/GCA_050505645.1.tsv,+
GCA_050505645.1,Bacteraemia,VFG002179|AAD09858|esp|esp,CP175163.1,95.652,1104,5622,3124,4227,2327387,2328490,0.0,1775,analysis/virulence_adherence/blast_72/GCA_050505645.1.tsv,+
GCA_050505645.1,Bacteraemia,VFG002179|AAD09858|esp|esp,CP175163.1,95.471,1104,5622,3862,4965,2326649,2327752,0.0,1766,analysis/virulence_adherence/blast_72/GCA_050505645.1.tsv,+
GCA_050505645.1,Bacteraemia,VFG002179|AAD09858|esp|esp,CP175163.1,94.915,885,5622,3124,4008,2327633,2328511,0.0,1395,analysis/virulence_adherence/blast_72/GCA_050505645.1.tsv,+
GCA_050505645.1,Bacteraemia,VFG002179|AAD09858|esp|esp,CP175163.1,94.689,885,5622,4108,4986,2326649,2327533,0.0,1386,analysis/virulence_adherence/blast_72/GCA_050505645.1.tsv,+
GCA_050505645.1,Bacteraemia,VFG002179|AAD09858|esp|esp,CP175163.1,94.444,612,5622,3124,3735,2327879,2328490,0.0,951,analysis/virulence_adherence/blast_72/GCA_050505645.1.tsv,+
GCA_050505645.1,Bacteraemia,VFG002179|AAD09858|esp|esp,CP175163.1,94.118,612,5622,4354,4965,2326649,2327260,0.0,942,analysis/virulence_adherence/blast_72/GCA_050505645.1.tsv,+
GCA_050505645.1,Bacteraemia,VFG002179|AAD09858|esp|esp,CP175163.1,99.2,500,5622,2487,2986,2325760,2326259,0.0,884,analysis/virulence_adherence/blast_72/GCA_050505645.1.tsv,+
GCA_050505645.1,Bacteraemia,VFG002179|AAD09858|esp|esp,CP175163.1,99.2,500,5622,2235,2734,2326012,2326511,0.0,884,analysis/virulence_adherence/blast_72/GCA_050505645.1.tsv,+
GCA_050505645.1,Bacteraemia,VFG002179|AAD09858|esp|esp,CP175163.1,90.71,366,5622,4600,4965,2326649,2327014,1.88e-143,508,analysis/virulence_adherence/blast_72/GCA_050505645.1.tsv,+
GCA_050505645.1,Bacteraemia,VFG002179|AAD09858|esp|esp,CP175163.1,90.71,366,5622,3124,3489,2328125,2328490,1.88e-143,508,analysis/virulence_adherence/blast_72/GCA_050505645.1.tsv,+
GCA_050505645.1,Bacteraemia,VFG002179|AAD09858|esp|esp,CP175163.1,98.387,248,5622,2739,2986,2325760,2326007,4.13e-120,430,analysis/virulence_adherence/blast_72/GCA_050505645.1.tsv,+
GCA_050505645.1,Bacteraemia,VFG002179|AAD09858|esp|esp,CP175163.1,98.387,248,5622,2235,2482,2326264,2326511,4.13e-120,430,analysis/virulence_adherence/blast_72/GCA_050505645.1.tsv,+
GCA_050505645.1,Bacteraemia,VFG002179|AAD09858|esp|esp,CP175163.1,84.021,194,5622,4948,5141,2326514,2326707,7.019999999999999e-54,211,analysis/virulence_adherence/blast_72/GCA_050505645.1.tsv,+
GCA_050505645.1,Bacteraemia,VFG002179|AAD09858|esp|esp,CP175163.1,84.021,194,5622,2989,3182,2328473,2328666,7.019999999999999e-54,211,analysis/virulence_adherence/blast_72/GCA_050505645.1.tsv,+
GCA_050505645.1,Bacteraemia,VFG042976|WP_154081516|ebpA|ebpA,CP175163.1,99.538,3465,3465,1,3465,39822,43286,0.0,6177,analysis/virulence_adherence/blast_72/GCA_050505645.1.tsv,+
GCA_050505645.1,Bacteraemia,VFG042977|WP_002379309|ebpB|ebpB,CP175163.1,99.441,1431,1431,1,1431,43290,44720,0.0,2545,analysis/virulence_adherence/blast_72/GCA_050505645.1.tsv,+
GCA_050505645.1,Bacteraemia,VFG042978|WP_011109477|ebpC|ebpC,CP175163.1,99.363,1884,1878,1,1878,44717,46600,0.0,3345,analysis/virulence_adherence/blast_72/GCA_050505645.1.tsv,+
GCA_050505645.1,Bacteraemia,VFG045470|AAM75247|cylR2|cytolysin_operon_context,CP175163.1,100.0,201,201,1,201,2310610,2310410,1.61e-101,363,analysis/virulence_adherence/blast_72/GCA_050505645.1.tsv,-
GCA_050505645.1,Bacteraemia,VFG045472|AAM75249|cylL|cytolysin_operon_context,CP175163.1,100.0,207,207,1,207,2311014,2311220,9.22e-105,374,analysis/virulence_adherence/blast_72/GCA_050505645.1.tsv,+
GCA_050505645.1,Bacteraemia,VFG045472|AAM75249|cylL|cytolysin_operon_context,CP175163.1,88.095,84,207,15,98,2311304,2311387,2.0399999999999997e-24,107,analysis/virulence_adherence/blast_72/GCA_050505645.1.tsv,+
GCA_050505645.1,Bacteraemia,VFG045473|AAM75250|cylS|cytolysin_operon_context,CP175163.1,100.0,192,192,1,192,2311254,2311445,1.18e-96,347,analysis/virulence_adherence/blast_72/GCA_050505645.1.tsv,+
GCA_050505645.1,Bacteraemia,VFG045473|AAM75250|cylS|cytolysin_operon_context,CP175163.1,88.095,84,192,51,134,2311028,2311111,1.87e-24,107,analysis/virulence_adherence/blast_72/GCA_050505645.1.tsv,+
GCA_050505645.1,Bacteraemia,VFG045474|AAM75251|cylM|cytolysin_operon_context,CP175163.1,99.698,2982,2982,1,2982,2311506,2314487,0.0,5338,analysis/virulence_adherence/blast_72/GCA_050505645.1.tsv,+
GCA_050506665.1,Bacteraemia,VFG002164|WP_002395058|prgB/asc10|aggregation_substance_context,CP175301.1,95.434,3920,3918,2,3918,367540,371456,0.0,6259,analysis/virulence_adherence/blast_72/GCA_050506665.1.tsv,+
GCA_050506665.1,Bacteraemia,VFG002165|WP_002356954|efaA|efaA,CP175301.1,99.676,927,927,1,927,1844660,1845586,0.0,1659,analysis/virulence_adherence/blast_72/GCA_050506665.1.tsv,+
GCA_050506665.1,Bacteraemia,VFG002165|WP_002356954|efaA|efaA,CP175301.1,68.244,803,927,106,890,469132,469916,2.52e-69,260,analysis/virulence_adherence/blast_72/GCA_050506665.1.tsv,+
GCA_050506665.1,Bacteraemia,VFG002166|WP_010714416|ace|ace,CP175301.1,96.142,1581,2025,1,1581,1019485,1021065,0.0,2577,analysis/virulence_adherence/blast_72/GCA_050506665.1.tsv,+
GCA_050506665.1,Bacteraemia,VFG002166|WP_010714416|ace|ace,CP175301.1,95.256,801,2025,1225,2025,1020568,1021368,0.0,1274,analysis/virulence_adherence/blast_72/GCA_050506665.1.tsv,+
GCA_050506665.1,Bacteraemia,VFG002166|WP_010714416|ace|ace,CP175301.1,91.317,357,2025,1084,1440,1020709,1021065,8.26e-143,505,analysis/virulence_adherence/blast_72/GCA_050506665.1.tsv,+
GCA_050506665.1,Bacteraemia,VFG002166|WP_010714416|ace|ace,CP175301.1,90.756,357,2025,1366,1722,1020568,1020924,4.28e-140,496,analysis/virulence_adherence/blast_72/GCA_050506665.1.tsv,+
GCA_050506665.1,Bacteraemia,VFG002166|WP_010714416|ace|ace,CP175301.1,89.352,216,2025,1084,1299,1020850,1021065,4.02e-77,287,analysis/virulence_adherence/blast_72/GCA_050506665.1.tsv,+
GCA_050506665.1,Bacteraemia,VFG002166|WP_010714416|ace|ace,CP175301.1,87.963,216,2025,1507,1722,1020568,1020783,2.54e-73,273,analysis/virulence_adherence/blast_72/GCA_050506665.1.tsv,+
GCA_050506665.1,Bacteraemia,VFG002171|WP_011109430|EF0149|aggregation_substance_context,CP175301.1,89.584,3869,3918,2,3855,367540,371387,0.0,5139,analysis/virulence_adherence/blast_72/GCA_050506665.1.tsv,+
GCA_050506665.1,Bacteraemia,VFG002172|WP_010710127|EF0485|aggregation_substance_context,CP175301.1,100.0,3918,3918,1,3918,367539,371456,0.0,7066,analysis/virulence_adherence/blast_72/GCA_050506665.1.tsv,+
GCA_050506665.1,Bacteraemia,VFG002173|WP_010785625|asa1|asa1_or_validated_equivalent,CP175301.1,94.718,2291,3891,1603,3891,369168,371456,0.0,3581,analysis/virulence_adherence/blast_72/GCA_050506665.1.tsv,+
GCA_050506665.1,Bacteraemia,VFG002173|WP_010785625|asa1|asa1_or_validated_equivalent,CP175301.1,90.482,830,3891,2,829,367540,368367,0.0,1136,analysis/virulence_adherence/blast_72/GCA_050506665.1.tsv,+
GCA_050506665.1,Bacteraemia,VFG002175|AAM75248|cylR1|cytolysin_operon_context,CP175301.1,100.0,285,285,1,285,401878,401594,5.99e-147,515,analysis/virulence_adherence/blast_72/GCA_050506665.1.tsv,-
GCA_050506665.1,Bacteraemia,VFG002176|AAM75252|cylB|cytolysin_operon_context,CP175301.1,99.814,2145,2145,1,2145,405482,407626,0.0,3851,analysis/virulence_adherence/blast_72/GCA_050506665.1.tsv,+
GCA_050506665.1,Bacteraemia,VFG002177|AAM75253|cylA|cylA,CP175301.1,99.839,1239,1239,1,1239,407623,408861,0.0,2226,analysis/virulence_adherence/blast_72/GCA_050506665.1.tsv,+
GCA_050506665.1,Bacteraemia,VFG002177|AAM75253|cylA|cylA,CP175301.1,95.775,71,1239,1169,1239,449437,449507,9.13e-26,115,analysis/virulence_adherence/blast_72/GCA_050506665.1.tsv,+
GCA_050506665.1,Bacteraemia,VFG002178|AAM75254|cylI|cytolysin_operon_context,CP175301.1,97.154,984,984,1,984,408862,409845,0.0,1649,analysis/virulence_adherence/blast_72/GCA_050506665.1.tsv,+
GCA_050506665.1,Bacteraemia,VFG002178|AAM75254|cylI|cytolysin_operon_context,CP175301.1,96.447,985,984,1,984,449508,450491,0.0,1612,analysis/virulence_adherence/blast_72/GCA_050506665.1.tsv,+
GCA_050506665.1,Bacteraemia,VFG002179|AAD09858|esp|esp,CP175301.1,99.929,5622,5622,1,5622,414509,420130,0.0,10121,analysis/virulence_adherence/blast_72/GCA_050506665.1.tsv,+
GCA_050506665.1,Bacteraemia,VFG002179|AAD09858|esp|esp,CP175301.1,96.992,1596,5622,3124,4719,417878,419473,0.0,2663,analysis/virulence_adherence/blast_72/GCA_050506665.1.tsv,+
GCA_050506665.1,Bacteraemia,VFG002179|AAD09858|esp|esp,CP175301.1,96.742,1596,5622,3370,4965,417632,419227,0.0,2645,analysis/virulence_adherence/blast_72/GCA_050506665.1.tsv,+
GCA_050506665.1,Bacteraemia,VFG002179|AAD09858|esp|esp,CP175301.1,96.296,1350,5622,3124,4473,418124,419473,0.0,2210,analysis/virulence_adherence/blast_72/GCA_050506665.1.tsv,+
GCA_050506665.1,Bacteraemia,VFG002179|AAD09858|esp|esp,CP175301.1,96.148,1350,5622,3616,4965,417632,418981,0.0,2201,analysis/virulence_adherence/blast_72/GCA_050506665.1.tsv,+
GCA_050506665.1,Bacteraemia,VFG002179|AAD09858|esp|esp,CP175301.1,95.652,1104,5622,3124,4227,418370,419473,0.0,1775,analysis/virulence_adherence/blast_72/GCA_050506665.1.tsv,+
GCA_050506665.1,Bacteraemia,VFG002179|AAD09858|esp|esp,CP175301.1,95.471,1104,5622,3862,4965,417632,418735,0.0,1766,analysis/virulence_adherence/blast_72/GCA_050506665.1.tsv,+
GCA_050506665.1,Bacteraemia,VFG002179|AAD09858|esp|esp,CP175301.1,94.915,885,5622,3124,4008,418616,419494,0.0,1395,analysis/virulence_adherence/blast_72/GCA_050506665.1.tsv,+
GCA_050506665.1,Bacteraemia,VFG002179|AAD09858|esp|esp,CP175301.1,94.689,885,5622,4108,4986,417632,418516,0.0,1386,analysis/virulence_adherence/blast_72/GCA_050506665.1.tsv,+
GCA_050506665.1,Bacteraemia,VFG002179|AAD09858|esp|esp,CP175301.1,94.444,612,5622,3124,3735,418862,419473,0.0,951,analysis/virulence_adherence/blast_72/GCA_050506665.1.tsv,+
GCA_050506665.1,Bacteraemia,VFG002179|AAD09858|esp|esp,CP175301.1,94.118,612,5622,4354,4965,417632,418243,0.0,942,analysis/virulence_adherence/blast_72/GCA_050506665.1.tsv,+
GCA_050506665.1,Bacteraemia,VFG002179|AAD09858|esp|esp,CP175301.1,99.2,500,5622,2487,2986,416743,417242,0.0,884,analysis/virulence_adherence/blast_72/GCA_050506665.1.tsv,+
GCA_050506665.1,Bacteraemia,VFG002179|AAD09858|esp|esp,CP175301.1,99.2,500,5622,2235,2734,416995,417494,0.0,884,analysis/virulence_adherence/blast_72/GCA_050506665.1.tsv,+
GCA_050506665.1,Bacteraemia,VFG002179|AAD09858|esp|esp,CP175301.1,90.71,366,5622,4600,4965,417632,417997,1.9000000000000001e-143,508,analysis/virulence_adherence/blast_72/GCA_050506665.1.tsv,+
GCA_050506665.1,Bacteraemia,VFG002179|AAD09858|esp|esp,CP175301.1,90.71,366,5622,3124,3489,419108,419473,1.9000000000000001e-143,508,analysis/virulence_adherence/blast_72/GCA_050506665.1.tsv,+
GCA_050506665.1,Bacteraemia,VFG002179|AAD09858|esp|esp,CP175301.1,98.387,248,5622,2739,2986,416743,416990,4.18e-120,430,analysis/virulence_adherence/blast_72/GCA_050506665.1.tsv,+
GCA_050506665.1,Bacteraemia,VFG002179|AAD09858|esp|esp,CP175301.1,98.387,248,5622,2235,2482,417247,417494,4.18e-120,430,analysis/virulence_adherence/blast_72/GCA_050506665.1.tsv,+
GCA_050506665.1,Bacteraemia,VFG002179|AAD09858|esp|esp,CP175301.1,84.021,194,5622,4948,5141,417497,417690,7.1e-54,211,analysis/virulence_adherence/blast_72/GCA_050506665.1.tsv,+
GCA_050506665.1,Bacteraemia,VFG002179|AAD09858|esp|esp,CP175301.1,84.021,194,5622,2989,3182,419456,419649,7.1e-54,211,analysis/virulence_adherence/blast_72/GCA_050506665.1.tsv,+
GCA_050506665.1,Bacteraemia,VFG042976|WP_154081516|ebpA|ebpA,CP175301.1,99.538,3465,3465,1,3465,1005482,1008946,0.0,6177,analysis/virulence_adherence/blast_72/GCA_050506665.1.tsv,+
GCA_050506665.1,Bacteraemia,VFG042977|WP_002379309|ebpB|ebpB,CP175301.1,99.441,1431,1431,1,1431,1008950,1010380,0.0,2545,analysis/virulence_adherence/blast_72/GCA_050506665.1.tsv,+
GCA_050506665.1,Bacteraemia,VFG042978|WP_011109477|ebpC|ebpC,CP175301.1,99.363,1884,1878,1,1878,1010377,1012260,0.0,3345,analysis/virulence_adherence/blast_72/GCA_050506665.1.tsv,+
GCA_050506665.1,Bacteraemia,VFG045470|AAM75247|cylR2|cytolysin_operon_context,CP175301.1,100.0,201,201,1,201,401593,401393,1.63e-101,363,analysis/virulence_adherence/blast_72/GCA_050506665.1.tsv,-
GCA_050506665.1,Bacteraemia,VFG045472|AAM75249|cylL|cytolysin_operon_context,CP175301.1,100.0,207,207,1,207,401997,402203,9.33e-105,374,analysis/virulence_adherence/blast_72/GCA_050506665.1.tsv,+
GCA_050506665.1,Bacteraemia,VFG045472|AAM75249|cylL|cytolysin_operon_context,CP175301.1,88.095,84,207,15,98,402287,402370,2.06e-24,107,analysis/virulence_adherence/blast_72/GCA_050506665.1.tsv,+
GCA_050506665.1,Bacteraemia,VFG045473|AAM75250|cylS|cytolysin_operon_context,CP175301.1,100.0,192,192,1,192,402237,402428,1.19e-96,347,analysis/virulence_adherence/blast_72/GCA_050506665.1.tsv,+
GCA_050506665.1,Bacteraemia,VFG045473|AAM75250|cylS|cytolysin_operon_context,CP175301.1,88.095,84,192,51,134,402011,402094,1.8999999999999998e-24,107,analysis/virulence_adherence/blast_72/GCA_050506665.1.tsv,+
GCA_050506665.1,Bacteraemia,VFG045474|AAM75251|cylM|cytolysin_operon_context,CP175301.1,99.698,2982,2982,1,2982,402489,405470,0.0,5338,analysis/virulence_adherence/blast_72/GCA_050506665.1.tsv,+
GCA_050506675.1,Bacteraemia,VFG002164|WP_002395058|prgB/asc10|aggregation_substance_context,CP175300.1,95.434,3920,3918,2,3918,367540,371456,0.0,6259,analysis/virulence_adherence/blast_72/GCA_050506675.1.tsv,+
GCA_050506675.1,Bacteraemia,VFG002165|WP_002356954|efaA|efaA,CP175300.1,99.676,927,927,1,927,1844660,1845586,0.0,1659,analysis/virulence_adherence/blast_72/GCA_050506675.1.tsv,+
GCA_050506675.1,Bacteraemia,VFG002165|WP_002356954|efaA|efaA,CP175300.1,68.244,803,927,106,890,469132,469916,2.52e-69,260,analysis/virulence_adherence/blast_72/GCA_050506675.1.tsv,+
GCA_050506675.1,Bacteraemia,VFG002166|WP_010714416|ace|ace,CP175300.1,96.142,1581,2025,1,1581,1019485,1021065,0.0,2577,analysis/virulence_adherence/blast_72/GCA_050506675.1.tsv,+
GCA_050506675.1,Bacteraemia,VFG002166|WP_010714416|ace|ace,CP175300.1,95.256,801,2025,1225,2025,1020568,1021368,0.0,1274,analysis/virulence_adherence/blast_72/GCA_050506675.1.tsv,+
GCA_050506675.1,Bacteraemia,VFG002166|WP_010714416|ace|ace,CP175300.1,91.317,357,2025,1084,1440,1020709,1021065,8.26e-143,505,analysis/virulence_adherence/blast_72/GCA_050506675.1.tsv,+
GCA_050506675.1,Bacteraemia,VFG002166|WP_010714416|ace|ace,CP175300.1,90.756,357,2025,1366,1722,1020568,1020924,4.28e-140,496,analysis/virulence_adherence/blast_72/GCA_050506675.1.tsv,+
GCA_050506675.1,Bacteraemia,VFG002166|WP_010714416|ace|ace,CP175300.1,89.352,216,2025,1084,1299,1020850,1021065,4.02e-77,287,analysis/virulence_adherence/blast_72/GCA_050506675.1.tsv,+
GCA_050506675.1,Bacteraemia,VFG002166|WP_010714416|ace|ace,CP175300.1,87.963,216,2025,1507,1722,1020568,1020783,2.54e-73,273,analysis/virulence_adherence/blast_72/GCA_050506675.1.tsv,+
GCA_050506675.1,Bacteraemia,VFG002171|WP_011109430|EF0149|aggregation_substance_context,CP175300.1,89.584,3869,3918,2,3855,367540,371387,0.0,5139,analysis/virulence_adherence/blast_72/GCA_050506675.1.tsv,+
GCA_050506675.1,Bacteraemia,VFG002172|WP_010710127|EF0485|aggregation_substance_context,CP175300.1,100.0,3918,3918,1,3918,367539,371456,0.0,7066,analysis/virulence_adherence/blast_72/GCA_050506675.1.tsv,+
GCA_050506675.1,Bacteraemia,VFG002173|WP_010785625|asa1|asa1_or_validated_equivalent,CP175300.1,94.718,2291,3891,1603,3891,369168,371456,0.0,3581,analysis/virulence_adherence/blast_72/GCA_050506675.1.tsv,+
GCA_050506675.1,Bacteraemia,VFG002173|WP_010785625|asa1|asa1_or_validated_equivalent,CP175300.1,90.482,830,3891,2,829,367540,368367,0.0,1136,analysis/virulence_adherence/blast_72/GCA_050506675.1.tsv,+
GCA_050506675.1,Bacteraemia,VFG002175|AAM75248|cylR1|cytolysin_operon_context,CP175300.1,100.0,285,285,1,285,401878,401594,5.99e-147,515,analysis/virulence_adherence/blast_72/GCA_050506675.1.tsv,-
GCA_050506675.1,Bacteraemia,VFG002176|AAM75252|cylB|cytolysin_operon_context,CP175300.1,99.814,2145,2145,1,2145,405482,407626,0.0,3851,analysis/virulence_adherence/blast_72/GCA_050506675.1.tsv,+
GCA_050506675.1,Bacteraemia,VFG002177|AAM75253|cylA|cylA,CP175300.1,99.839,1239,1239,1,1239,407623,408861,0.0,2226,analysis/virulence_adherence/blast_72/GCA_050506675.1.tsv,+
GCA_050506675.1,Bacteraemia,VFG002177|AAM75253|cylA|cylA,CP175300.1,95.775,71,1239,1169,1239,449437,449507,9.13e-26,115,analysis/virulence_adherence/blast_72/GCA_050506675.1.tsv,+
GCA_050506675.1,Bacteraemia,VFG002178|AAM75254|cylI|cytolysin_operon_context,CP175300.1,97.154,984,984,1,984,408862,409845,0.0,1649,analysis/virulence_adherence/blast_72/GCA_050506675.1.tsv,+
GCA_050506675.1,Bacteraemia,VFG002178|AAM75254|cylI|cytolysin_operon_context,CP175300.1,96.447,985,984,1,984,449508,450491,0.0,1612,analysis/virulence_adherence/blast_72/GCA_050506675.1.tsv,+
GCA_050506675.1,Bacteraemia,VFG002179|AAD09858|esp|esp,CP175300.1,99.929,5622,5622,1,5622,414509,420130,0.0,10121,analysis/virulence_adherence/blast_72/GCA_050506675.1.tsv,+
GCA_050506675.1,Bacteraemia,VFG002179|AAD09858|esp|esp,CP175300.1,96.992,1596,5622,3124,4719,417878,419473,0.0,2663,analysis/virulence_adherence/blast_72/GCA_050506675.1.tsv,+
GCA_050506675.1,Bacteraemia,VFG002179|AAD09858|esp|esp,CP175300.1,96.742,1596,5622,3370,4965,417632,419227,0.0,2645,analysis/virulence_adherence/blast_72/GCA_050506675.1.tsv,+
GCA_050506675.1,Bacteraemia,VFG002179|AAD09858|esp|esp,CP175300.1,96.296,1350,5622,3124,4473,418124,419473,0.0,2210,analysis/virulence_adherence/blast_72/GCA_050506675.1.tsv,+
GCA_050506675.1,Bacteraemia,VFG002179|AAD09858|esp|esp,CP175300.1,96.148,1350,5622,3616,4965,417632,418981,0.0,2201,analysis/virulence_adherence/blast_72/GCA_050506675.1.tsv,+
GCA_050506675.1,Bacteraemia,VFG002179|AAD09858|esp|esp,CP175300.1,95.652,1104,5622,3124,4227,418370,419473,0.0,1775,analysis/virulence_adherence/blast_72/GCA_050506675.1.tsv,+
GCA_050506675.1,Bacteraemia,VFG002179|AAD09858|esp|esp,CP175300.1,95.471,1104,5622,3862,4965,417632,418735,0.0,1766,analysis/virulence_adherence/blast_72/GCA_050506675.1.tsv,+
GCA_050506675.1,Bacteraemia,VFG002179|AAD09858|esp|esp,CP175300.1,94.915,885,5622,3124,4008,418616,419494,0.0,1395,analysis/virulence_adherence/blast_72/GCA_050506675.1.tsv,+
GCA_050506675.1,Bacteraemia,VFG002179|AAD09858|esp|esp,CP175300.1,94.689,885,5622,4108,4986,417632,418516,0.0,1386,analysis/virulence_adherence/blast_72/GCA_050506675.1.tsv,+
GCA_050506675.1,Bacteraemia,VFG002179|AAD09858|esp|esp,CP175300.1,94.444,612,5622,3124,3735,418862,419473,0.0,951,analysis/virulence_adherence/blast_72/GCA_050506675.1.tsv,+
GCA_050506675.1,Bacteraemia,VFG002179|AAD09858|esp|esp,CP175300.1,94.118,612,5622,4354,4965,417632,418243,0.0,942,analysis/virulence_adherence/blast_72/GCA_050506675.1.tsv,+
GCA_050506675.1,Bacteraemia,VFG002179|AAD09858|esp|esp,CP175300.1,99.2,500,5622,2487,2986,416743,417242,0.0,884,analysis/virulence_adherence/blast_72/GCA_050506675.1.tsv,+
GCA_050506675.1,Bacteraemia,VFG002179|AAD09858|esp|esp,CP175300.1,99.2,500,5622,2235,2734,416995,417494,0.0,884,analysis/virulence_adherence/blast_72/GCA_050506675.1.tsv,+
GCA_050506675.1,Bacteraemia,VFG002179|AAD09858|esp|esp,CP175300.1,90.71,366,5622,4600,4965,417632,417997,1.9000000000000001e-143,508,analysis/virulence_adherence/blast_72/GCA_050506675.1.tsv,+
GCA_050506675.1,Bacteraemia,VFG002179|AAD09858|esp|esp,CP175300.1,90.71,366,5622,3124,3489,419108,419473,1.9000000000000001e-143,508,analysis/virulence_adherence/blast_72/GCA_050506675.1.tsv,+
GCA_050506675.1,Bacteraemia,VFG002179|AAD09858|esp|esp,CP175300.1,98.387,248,5622,2739,2986,416743,416990,4.18e-120,430,analysis/virulence_adherence/blast_72/GCA_050506675.1.tsv,+
GCA_050506675.1,Bacteraemia,VFG002179|AAD09858|esp|esp,CP175300.1,98.387,248,5622,2235,2482,417247,417494,4.18e-120,430,analysis/virulence_adherence/blast_72/GCA_050506675.1.tsv,+
GCA_050506675.1,Bacteraemia,VFG002179|AAD09858|esp|esp,CP175300.1,84.021,194,5622,4948,5141,417497,417690,7.1e-54,211,analysis/virulence_adherence/blast_72/GCA_050506675.1.tsv,+
GCA_050506675.1,Bacteraemia,VFG002179|AAD09858|esp|esp,CP175300.1,84.021,194,5622,2989,3182,419456,419649,7.1e-54,211,analysis/virulence_adherence/blast_72/GCA_050506675.1.tsv,+
GCA_050506675.1,Bacteraemia,VFG042976|WP_154081516|ebpA|ebpA,CP175300.1,99.538,3465,3465,1,3465,1005482,1008946,0.0,6177,analysis/virulence_adherence/blast_72/GCA_050506675.1.tsv,+
GCA_050506675.1,Bacteraemia,VFG042977|WP_002379309|ebpB|ebpB,CP175300.1,99.441,1431,1431,1,1431,1008950,1010380,0.0,2545,analysis/virulence_adherence/blast_72/GCA_050506675.1.tsv,+
GCA_050506675.1,Bacteraemia,VFG042978|WP_011109477|ebpC|ebpC,CP175300.1,99.363,1884,1878,1,1878,1010377,1012260,0.0,3345,analysis/virulence_adherence/blast_72/GCA_050506675.1.tsv,+
GCA_050506675.1,Bacteraemia,VFG045470|AAM75247|cylR2|cytolysin_operon_context,CP175300.1,100.0,201,201,1,201,401593,401393,1.63e-101,363,analysis/virulence_adherence/blast_72/GCA_050506675.1.tsv,-
GCA_050506675.1,Bacteraemia,VFG045472|AAM75249|cylL|cytolysin_operon_context,CP175300.1,100.0,207,207,1,207,401997,402203,9.33e-105,374,analysis/virulence_adherence/blast_72/GCA_050506675.1.tsv,+
GCA_050506675.1,Bacteraemia,VFG045472|AAM75249|cylL|cytolysin_operon_context,CP175300.1,88.095,84,207,15,98,402287,402370,2.06e-24,107,analysis/virulence_adherence/blast_72/GCA_050506675.1.tsv,+
GCA_050506675.1,Bacteraemia,VFG045473|AAM75250|cylS|cytolysin_operon_context,CP175300.1,100.0,192,192,1,192,402237,402428,1.19e-96,347,analysis/virulence_adherence/blast_72/GCA_050506675.1.tsv,+
GCA_050506675.1,Bacteraemia,VFG045473|AAM75250|cylS|cytolysin_operon_context,CP175300.1,88.095,84,192,51,134,402011,402094,1.8999999999999998e-24,107,analysis/virulence_adherence/blast_72/GCA_050506675.1.tsv,+
GCA_050506675.1,Bacteraemia,VFG045474|AAM75251|cylM|cytolysin_operon_context,CP175300.1,99.698,2982,2982,1,2982,402489,405470,0.0,5338,analysis/virulence_adherence/blast_72/GCA_050506675.1.tsv,+
GCA_050506685.1,Bacteraemia,VFG002164|WP_002395058|prgB/asc10|aggregation_substance_context,CP175298.1,95.434,3920,3918,2,3918,399995,403911,0.0,6259,analysis/virulence_adherence/blast_72/GCA_050506685.1.tsv,+
GCA_050506685.1,Bacteraemia,VFG002164|WP_002395058|prgB/asc10|aggregation_substance_context,CP175298.1,89.703,3875,3918,1,3855,134727,138587,0.0,5176,analysis/virulence_adherence/blast_72/GCA_050506685.1.tsv,+
GCA_050506685.1,Bacteraemia,VFG002165|WP_002356954|efaA|efaA,CP175298.1,99.461,927,927,1,927,2034685,2035611,0.0,1650,analysis/virulence_adherence/blast_72/GCA_050506685.1.tsv,+
GCA_050506685.1,Bacteraemia,VFG002165|WP_002356954|efaA|efaA,CP175298.1,68.237,828,927,81,890,497578,498387,5.22e-72,269,analysis/virulence_adherence/blast_72/GCA_050506685.1.tsv,+
GCA_050506685.1,Bacteraemia,VFG002166|WP_010714416|ace|ace,CP175298.1,96.142,1581,2025,1,1581,1051415,1052995,0.0,2577,analysis/virulence_adherence/blast_72/GCA_050506685.1.tsv,+
GCA_050506685.1,Bacteraemia,VFG002166|WP_010714416|ace|ace,CP175298.1,95.256,801,2025,1225,2025,1052498,1053298,0.0,1274,analysis/virulence_adherence/blast_72/GCA_050506685.1.tsv,+
GCA_050506685.1,Bacteraemia,VFG002166|WP_010714416|ace|ace,CP175298.1,91.317,357,2025,1084,1440,1052639,1052995,8.86e-143,505,analysis/virulence_adherence/blast_72/GCA_050506685.1.tsv,+
GCA_050506685.1,Bacteraemia,VFG002166|WP_010714416|ace|ace,CP175298.1,90.756,357,2025,1366,1722,1052498,1052854,4.589999999999999e-140,496,analysis/virulence_adherence/blast_72/GCA_050506685.1.tsv,+
GCA_050506685.1,Bacteraemia,VFG002166|WP_010714416|ace|ace,CP175298.1,89.352,216,2025,1084,1299,1052780,1052995,4.3100000000000004e-77,287,analysis/virulence_adherence/blast_72/GCA_050506685.1.tsv,+
GCA_050506685.1,Bacteraemia,VFG002166|WP_010714416|ace|ace,CP175298.1,87.963,216,2025,1507,1722,1052498,1052713,2.7200000000000004e-73,273,analysis/virulence_adherence/blast_72/GCA_050506685.1.tsv,+
GCA_050506685.1,Bacteraemia,VFG002171|WP_011109430|EF0149|aggregation_substance_context,CP175298.1,99.974,3918,3918,1,3918,134727,138644,0.0,7062,analysis/virulence_adherence/blast_72/GCA_050506685.1.tsv,+
GCA_050506685.1,Bacteraemia,VFG002171|WP_011109430|EF0149|aggregation_substance_context,CP175298.1,89.584,3869,3918,2,3855,399995,403842,0.0,5139,analysis/virulence_adherence/blast_72/GCA_050506685.1.tsv,+
GCA_050506685.1,Bacteraemia,VFG002172|WP_010710127|EF0485|aggregation_substance_context,CP175298.1,100.0,3918,3918,1,3918,399994,403911,0.0,7066,analysis/virulence_adherence/blast_72/GCA_050506685.1.tsv,+
GCA_050506685.1,Bacteraemia,VFG002172|WP_010710127|EF0485|aggregation_substance_context,CP175298.1,89.61,3869,3918,2,3849,134728,138581,0.0,5144,analysis/virulence_adherence/blast_72/GCA_050506685.1.tsv,+
GCA_050506685.1,Bacteraemia,VFG002173|WP_010785625|asa1|asa1_or_validated_equivalent,CP175298.1,94.718,2291,3891,1603,3891,401623,403911,0.0,3581,analysis/virulence_adherence/blast_72/GCA_050506685.1.tsv,+
GCA_050506685.1,Bacteraemia,VFG002173|WP_010785625|asa1|asa1_or_validated_equivalent,CP175298.1,94.595,2220,3891,1603,3822,136362,138581,0.0,3463,analysis/virulence_adherence/blast_72/GCA_050506685.1.tsv,+
GCA_050506685.1,Bacteraemia,VFG002173|WP_010785625|asa1|asa1_or_validated_equivalent,CP175298.1,90.482,830,3891,2,829,399995,400822,0.0,1136,analysis/virulence_adherence/blast_72/GCA_050506685.1.tsv,+
GCA_050506685.1,Bacteraemia,VFG002173|WP_010785625|asa1|asa1_or_validated_equivalent,CP175298.1,90.932,794,3891,1,794,134727,135520,0.0,1108,analysis/virulence_adherence/blast_72/GCA_050506685.1.tsv,+
GCA_050506685.1,Bacteraemia,VFG002174|WP_002369251|gelE|gelE,CP175298.1,98.891,1533,1533,1,1533,1808410,1806878,0.0,2689,analysis/virulence_adherence/blast_72/GCA_050506685.1.tsv,-
GCA_050506685.1,Bacteraemia,VFG002175|AAM75248|cylR1|cytolysin_operon_context,CP175298.1,100.0,285,285,1,285,434334,434050,6.42e-147,515,analysis/virulence_adherence/blast_72/GCA_050506685.1.tsv,-
GCA_050506685.1,Bacteraemia,VFG002176|AAM75252|cylB|cytolysin_operon_context,CP175298.1,99.814,2145,2145,1,2145,437938,440082,0.0,3851,analysis/virulence_adherence/blast_72/GCA_050506685.1.tsv,+
GCA_050506685.1,Bacteraemia,VFG002177|AAM75253|cylA|cylA,CP175298.1,99.839,1239,1239,1,1239,440079,441317,0.0,2226,analysis/virulence_adherence/blast_72/GCA_050506685.1.tsv,+
GCA_050506685.1,Bacteraemia,VFG002178|AAM75254|cylI|cytolysin_operon_context,CP175298.1,97.256,984,984,1,984,441318,442301,0.0,1654,analysis/virulence_adherence/blast_72/GCA_050506685.1.tsv,+
GCA_050506685.1,Bacteraemia,VFG002179|AAD09858|esp|esp,CP175298.1,99.929,5622,5622,1,5622,446965,452586,0.0,10121,analysis/virulence_adherence/blast_72/GCA_050506685.1.tsv,+
GCA_050506685.1,Bacteraemia,VFG002179|AAD09858|esp|esp,CP175298.1,96.992,1596,5622,3124,4719,450334,451929,0.0,2663,analysis/virulence_adherence/blast_72/GCA_050506685.1.tsv,+
GCA_050506685.1,Bacteraemia,VFG002179|AAD09858|esp|esp,CP175298.1,96.742,1596,5622,3370,4965,450088,451683,0.0,2645,analysis/virulence_adherence/blast_72/GCA_050506685.1.tsv,+
GCA_050506685.1,Bacteraemia,VFG002179|AAD09858|esp|esp,CP175298.1,96.296,1350,5622,3124,4473,450580,451929,0.0,2210,analysis/virulence_adherence/blast_72/GCA_050506685.1.tsv,+
GCA_050506685.1,Bacteraemia,VFG002179|AAD09858|esp|esp,CP175298.1,96.148,1350,5622,3616,4965,450088,451437,0.0,2201,analysis/virulence_adherence/blast_72/GCA_050506685.1.tsv,+
GCA_050506685.1,Bacteraemia,VFG002179|AAD09858|esp|esp,CP175298.1,95.652,1104,5622,3124,4227,450826,451929,0.0,1775,analysis/virulence_adherence/blast_72/GCA_050506685.1.tsv,+
GCA_050506685.1,Bacteraemia,VFG002179|AAD09858|esp|esp,CP175298.1,95.471,1104,5622,3862,4965,450088,451191,0.0,1766,analysis/virulence_adherence/blast_72/GCA_050506685.1.tsv,+
GCA_050506685.1,Bacteraemia,VFG002179|AAD09858|esp|esp,CP175298.1,94.915,885,5622,3124,4008,451072,451950,0.0,1395,analysis/virulence_adherence/blast_72/GCA_050506685.1.tsv,+
GCA_050506685.1,Bacteraemia,VFG002179|AAD09858|esp|esp,CP175298.1,94.689,885,5622,4108,4986,450088,450972,0.0,1386,analysis/virulence_adherence/blast_72/GCA_050506685.1.tsv,+
GCA_050506685.1,Bacteraemia,VFG002179|AAD09858|esp|esp,CP175298.1,94.444,612,5622,3124,3735,451318,451929,0.0,951,analysis/virulence_adherence/blast_72/GCA_050506685.1.tsv,+
GCA_050506685.1,Bacteraemia,VFG002179|AAD09858|esp|esp,CP175298.1,94.118,612,5622,4354,4965,450088,450699,0.0,942,analysis/virulence_adherence/blast_72/GCA_050506685.1.tsv,+
GCA_050506685.1,Bacteraemia,VFG002179|AAD09858|esp|esp,CP175298.1,99.2,500,5622,2487,2986,449199,449698,0.0,884,analysis/virulence_adherence/blast_72/GCA_050506685.1.tsv,+
GCA_050506685.1,Bacteraemia,VFG002179|AAD09858|esp|esp,CP175298.1,99.2,500,5622,2235,2734,449451,449950,0.0,884,analysis/virulence_adherence/blast_72/GCA_050506685.1.tsv,+
GCA_050506685.1,Bacteraemia,VFG002179|AAD09858|esp|esp,CP175298.1,90.71,366,5622,4600,4965,450088,450453,2.03e-143,508,analysis/virulence_adherence/blast_72/GCA_050506685.1.tsv,+
GCA_050506685.1,Bacteraemia,VFG002179|AAD09858|esp|esp,CP175298.1,90.71,366,5622,3124,3489,451564,451929,2.03e-143,508,analysis/virulence_adherence/blast_72/GCA_050506685.1.tsv,+
GCA_050506685.1,Bacteraemia,VFG002179|AAD09858|esp|esp,CP175298.1,98.387,248,5622,2739,2986,449199,449446,4.48e-120,430,analysis/virulence_adherence/blast_72/GCA_050506685.1.tsv,+
GCA_050506685.1,Bacteraemia,VFG002179|AAD09858|esp|esp,CP175298.1,98.387,248,5622,2235,2482,449703,449950,4.48e-120,430,analysis/virulence_adherence/blast_72/GCA_050506685.1.tsv,+
GCA_050506685.1,Bacteraemia,VFG002179|AAD09858|esp|esp,CP175298.1,84.021,194,5622,4948,5141,449953,450146,7.609999999999999e-54,211,analysis/virulence_adherence/blast_72/GCA_050506685.1.tsv,+
GCA_050506685.1,Bacteraemia,VFG002179|AAD09858|esp|esp,CP175298.1,84.021,194,5622,2989,3182,451912,452105,7.609999999999999e-54,211,analysis/virulence_adherence/blast_72/GCA_050506685.1.tsv,+
GCA_050506685.1,Bacteraemia,VFG002191|WP_002369252|sprE|sprE,CP175298.1,98.48,855,855,1,855,1806829,1805975,0.0,1484,analysis/virulence_adherence/blast_72/GCA_050506685.1.tsv,-
GCA_050506685.1,Bacteraemia,VFG042976|WP_154081516|ebpA|ebpA,CP175298.1,99.509,3465,3465,1,3465,1037412,1040876,0.0,6173,analysis/virulence_adherence/blast_72/GCA_050506685.1.tsv,+
GCA_050506685.1,Bacteraemia,VFG042977|WP_002379309|ebpB|ebpB,CP175298.1,99.441,1431,1431,1,1431,1040880,1042310,0.0,2545,analysis/virulence_adherence/blast_72/GCA_050506685.1.tsv,+
GCA_050506685.1,Bacteraemia,VFG042978|WP_011109477|ebpC|ebpC,CP175298.1,99.363,1884,1878,1,1878,1042307,1044190,0.0,3345,analysis/virulence_adherence/blast_72/GCA_050506685.1.tsv,+
GCA_050506685.1,Bacteraemia,VFG045470|AAM75247|cylR2|cytolysin_operon_context,CP175298.1,100.0,201,201,1,201,434049,433849,1.75e-101,363,analysis/virulence_adherence/blast_72/GCA_050506685.1.tsv,-
GCA_050506685.1,Bacteraemia,VFG045472|AAM75249|cylL|cytolysin_operon_context,CP175298.1,100.0,207,207,1,207,434453,434659,1e-104,374,analysis/virulence_adherence/blast_72/GCA_050506685.1.tsv,+
GCA_050506685.1,Bacteraemia,VFG045472|AAM75249|cylL|cytolysin_operon_context,CP175298.1,88.095,84,207,15,98,434743,434826,2.21e-24,107,analysis/virulence_adherence/blast_72/GCA_050506685.1.tsv,+
GCA_050506685.1,Bacteraemia,VFG045473|AAM75250|cylS|cytolysin_operon_context,CP175298.1,100.0,192,192,1,192,434693,434884,1.28e-96,347,analysis/virulence_adherence/blast_72/GCA_050506685.1.tsv,+
GCA_050506685.1,Bacteraemia,VFG045473|AAM75250|cylS|cytolysin_operon_context,CP175298.1,88.095,84,192,51,134,434467,434550,2.0299999999999998e-24,107,analysis/virulence_adherence/blast_72/GCA_050506685.1.tsv,+
GCA_050506685.1,Bacteraemia,VFG045474|AAM75251|cylM|cytolysin_operon_context,CP175298.1,99.698,2982,2982,1,2982,434945,437926,0.0,5338,analysis/virulence_adherence/blast_72/GCA_050506685.1.tsv,+
GCA_050506695.1,Bacteraemia,VFG002164|WP_002395058|prgB/asc10|aggregation_substance_context,CP175296.1,95.434,3920,3918,2,3918,399995,403911,0.0,6259,analysis/virulence_adherence/blast_72/GCA_050506695.1.tsv,+
GCA_050506695.1,Bacteraemia,VFG002164|WP_002395058|prgB/asc10|aggregation_substance_context,CP175296.1,89.703,3875,3918,1,3855,134727,138587,0.0,5176,analysis/virulence_adherence/blast_72/GCA_050506695.1.tsv,+
GCA_050506695.1,Bacteraemia,VFG002165|WP_002356954|efaA|efaA,CP175296.1,99.461,927,927,1,927,2034683,2035609,0.0,1650,analysis/virulence_adherence/blast_72/GCA_050506695.1.tsv,+
GCA_050506695.1,Bacteraemia,VFG002165|WP_002356954|efaA|efaA,CP175296.1,68.237,828,927,81,890,497578,498387,5.22e-72,269,analysis/virulence_adherence/blast_72/GCA_050506695.1.tsv,+
GCA_050506695.1,Bacteraemia,VFG002166|WP_010714416|ace|ace,CP175296.1,96.142,1581,2025,1,1581,1051415,1052995,0.0,2577,analysis/virulence_adherence/blast_72/GCA_050506695.1.tsv,+
GCA_050506695.1,Bacteraemia,VFG002166|WP_010714416|ace|ace,CP175296.1,95.256,801,2025,1225,2025,1052498,1053298,0.0,1274,analysis/virulence_adherence/blast_72/GCA_050506695.1.tsv,+
GCA_050506695.1,Bacteraemia,VFG002166|WP_010714416|ace|ace,CP175296.1,91.317,357,2025,1084,1440,1052639,1052995,8.86e-143,505,analysis/virulence_adherence/blast_72/GCA_050506695.1.tsv,+
GCA_050506695.1,Bacteraemia,VFG002166|WP_010714416|ace|ace,CP175296.1,90.756,357,2025,1366,1722,1052498,1052854,4.589999999999999e-140,496,analysis/virulence_adherence/blast_72/GCA_050506695.1.tsv,+
GCA_050506695.1,Bacteraemia,VFG002166|WP_010714416|ace|ace,CP175296.1,89.352,216,2025,1084,1299,1052780,1052995,4.3100000000000004e-77,287,analysis/virulence_adherence/blast_72/GCA_050506695.1.tsv,+
GCA_050506695.1,Bacteraemia,VFG002166|WP_010714416|ace|ace,CP175296.1,87.963,216,2025,1507,1722,1052498,1052713,2.7200000000000004e-73,273,analysis/virulence_adherence/blast_72/GCA_050506695.1.tsv,+
GCA_050506695.1,Bacteraemia,VFG002171|WP_011109430|EF0149|aggregation_substance_context,CP175296.1,99.974,3918,3918,1,3918,134727,138644,0.0,7062,analysis/virulence_adherence/blast_72/GCA_050506695.1.tsv,+
GCA_050506695.1,Bacteraemia,VFG002171|WP_011109430|EF0149|aggregation_substance_context,CP175296.1,89.584,3869,3918,2,3855,399995,403842,0.0,5139,analysis/virulence_adherence/blast_72/GCA_050506695.1.tsv,+
GCA_050506695.1,Bacteraemia,VFG002172|WP_010710127|EF0485|aggregation_substance_context,CP175296.1,100.0,3918,3918,1,3918,399994,403911,0.0,7066,analysis/virulence_adherence/blast_72/GCA_050506695.1.tsv,+
GCA_050506695.1,Bacteraemia,VFG002172|WP_010710127|EF0485|aggregation_substance_context,CP175296.1,89.61,3869,3918,2,3849,134728,138581,0.0,5144,analysis/virulence_adherence/blast_72/GCA_050506695.1.tsv,+
GCA_050506695.1,Bacteraemia,VFG002173|WP_010785625|asa1|asa1_or_validated_equivalent,CP175296.1,94.718,2291,3891,1603,3891,401623,403911,0.0,3581,analysis/virulence_adherence/blast_72/GCA_050506695.1.tsv,+
GCA_050506695.1,Bacteraemia,VFG002173|WP_010785625|asa1|asa1_or_validated_equivalent,CP175296.1,94.595,2220,3891,1603,3822,136362,138581,0.0,3463,analysis/virulence_adherence/blast_72/GCA_050506695.1.tsv,+
GCA_050506695.1,Bacteraemia,VFG002173|WP_010785625|asa1|asa1_or_validated_equivalent,CP175296.1,90.482,830,3891,2,829,399995,400822,0.0,1136,analysis/virulence_adherence/blast_72/GCA_050506695.1.tsv,+
GCA_050506695.1,Bacteraemia,VFG002173|WP_010785625|asa1|asa1_or_validated_equivalent,CP175296.1,90.932,794,3891,1,794,134727,135520,0.0,1108,analysis/virulence_adherence/blast_72/GCA_050506695.1.tsv,+
GCA_050506695.1,Bacteraemia,VFG002174|WP_002369251|gelE|gelE,CP175296.1,98.891,1533,1533,1,1533,1808408,1806876,0.0,2689,analysis/virulence_adherence/blast_72/GCA_050506695.1.tsv,-
GCA_050506695.1,Bacteraemia,VFG002175|AAM75248|cylR1|cytolysin_operon_context,CP175296.1,100.0,285,285,1,285,434334,434050,6.42e-147,515,analysis/virulence_adherence/blast_72/GCA_050506695.1.tsv,-
GCA_050506695.1,Bacteraemia,VFG002176|AAM75252|cylB|cytolysin_operon_context,CP175296.1,99.814,2145,2145,1,2145,437938,440082,0.0,3851,analysis/virulence_adherence/blast_72/GCA_050506695.1.tsv,+
GCA_050506695.1,Bacteraemia,VFG002177|AAM75253|cylA|cylA,CP175296.1,99.839,1239,1239,1,1239,440079,441317,0.0,2226,analysis/virulence_adherence/blast_72/GCA_050506695.1.tsv,+
GCA_050506695.1,Bacteraemia,VFG002178|AAM75254|cylI|cytolysin_operon_context,CP175296.1,97.256,984,984,1,984,441318,442301,0.0,1654,analysis/virulence_adherence/blast_72/GCA_050506695.1.tsv,+
GCA_050506695.1,Bacteraemia,VFG002179|AAD09858|esp|esp,CP175296.1,99.929,5622,5622,1,5622,446965,452586,0.0,10121,analysis/virulence_adherence/blast_72/GCA_050506695.1.tsv,+
GCA_050506695.1,Bacteraemia,VFG002179|AAD09858|esp|esp,CP175296.1,96.992,1596,5622,3124,4719,450334,451929,0.0,2663,analysis/virulence_adherence/blast_72/GCA_050506695.1.tsv,+
GCA_050506695.1,Bacteraemia,VFG002179|AAD09858|esp|esp,CP175296.1,96.742,1596,5622,3370,4965,450088,451683,0.0,2645,analysis/virulence_adherence/blast_72/GCA_050506695.1.tsv,+
GCA_050506695.1,Bacteraemia,VFG002179|AAD09858|esp|esp,CP175296.1,96.296,1350,5622,3124,4473,450580,451929,0.0,2210,analysis/virulence_adherence/blast_72/GCA_050506695.1.tsv,+
GCA_050506695.1,Bacteraemia,VFG002179|AAD09858|esp|esp,CP175296.1,96.148,1350,5622,3616,4965,450088,451437,0.0,2201,analysis/virulence_adherence/blast_72/GCA_050506695.1.tsv,+
GCA_050506695.1,Bacteraemia,VFG002179|AAD09858|esp|esp,CP175296.1,95.652,1104,5622,3124,4227,450826,451929,0.0,1775,analysis/virulence_adherence/blast_72/GCA_050506695.1.tsv,+
GCA_050506695.1,Bacteraemia,VFG002179|AAD09858|esp|esp,CP175296.1,95.471,1104,5622,3862,4965,450088,451191,0.0,1766,analysis/virulence_adherence/blast_72/GCA_050506695.1.tsv,+
GCA_050506695.1,Bacteraemia,VFG002179|AAD09858|esp|esp,CP175296.1,94.915,885,5622,3124,4008,451072,451950,0.0,1395,analysis/virulence_adherence/blast_72/GCA_050506695.1.tsv,+
GCA_050506695.1,Bacteraemia,VFG002179|AAD09858|esp|esp,CP175296.1,94.689,885,5622,4108,4986,450088,450972,0.0,1386,analysis/virulence_adherence/blast_72/GCA_050506695.1.tsv,+
GCA_050506695.1,Bacteraemia,VFG002179|AAD09858|esp|esp,CP175296.1,94.444,612,5622,3124,3735,451318,451929,0.0,951,analysis/virulence_adherence/blast_72/GCA_050506695.1.tsv,+
GCA_050506695.1,Bacteraemia,VFG002179|AAD09858|esp|esp,CP175296.1,94.118,612,5622,4354,4965,450088,450699,0.0,942,analysis/virulence_adherence/blast_72/GCA_050506695.1.tsv,+
GCA_050506695.1,Bacteraemia,VFG002179|AAD09858|esp|esp,CP175296.1,99.2,500,5622,2487,2986,449199,449698,0.0,884,analysis/virulence_adherence/blast_72/GCA_050506695.1.tsv,+
GCA_050506695.1,Bacteraemia,VFG002179|AAD09858|esp|esp,CP175296.1,99.2,500,5622,2235,2734,449451,449950,0.0,884,analysis/virulence_adherence/blast_72/GCA_050506695.1.tsv,+
GCA_050506695.1,Bacteraemia,VFG002179|AAD09858|esp|esp,CP175296.1,90.71,366,5622,4600,4965,450088,450453,2.03e-143,508,analysis/virulence_adherence/blast_72/GCA_050506695.1.tsv,+
GCA_050506695.1,Bacteraemia,VFG002179|AAD09858|esp|esp,CP175296.1,90.71,366,5622,3124,3489,451564,451929,2.03e-143,508,analysis/virulence_adherence/blast_72/GCA_050506695.1.tsv,+
GCA_050506695.1,Bacteraemia,VFG002179|AAD09858|esp|esp,CP175296.1,98.387,248,5622,2739,2986,449199,449446,4.48e-120,430,analysis/virulence_adherence/blast_72/GCA_050506695.1.tsv,+
GCA_050506695.1,Bacteraemia,VFG002179|AAD09858|esp|esp,CP175296.1,98.387,248,5622,2235,2482,449703,449950,4.48e-120,430,analysis/virulence_adherence/blast_72/GCA_050506695.1.tsv,+
GCA_050506695.1,Bacteraemia,VFG002179|AAD09858|esp|esp,CP175296.1,84.021,194,5622,4948,5141,449953,450146,7.609999999999999e-54,211,analysis/virulence_adherence/blast_72/GCA_050506695.1.tsv,+
GCA_050506695.1,Bacteraemia,VFG002179|AAD09858|esp|esp,CP175296.1,84.021,194,5622,2989,3182,451912,452105,7.609999999999999e-54,211,analysis/virulence_adherence/blast_72/GCA_050506695.1.tsv,+
GCA_050506695.1,Bacteraemia,VFG002191|WP_002369252|sprE|sprE,CP175296.1,98.48,855,855,1,855,1806827,1805973,0.0,1484,analysis/virulence_adherence/blast_72/GCA_050506695.1.tsv,-
GCA_050506695.1,Bacteraemia,VFG042976|WP_154081516|ebpA|ebpA,CP175296.1,99.509,3465,3465,1,3465,1037412,1040876,0.0,6173,analysis/virulence_adherence/blast_72/GCA_050506695.1.tsv,+
GCA_050506695.1,Bacteraemia,VFG042977|WP_002379309|ebpB|ebpB,CP175296.1,99.441,1431,1431,1,1431,1040880,1042310,0.0,2545,analysis/virulence_adherence/blast_72/GCA_050506695.1.tsv,+
GCA_050506695.1,Bacteraemia,VFG042978|WP_011109477|ebpC|ebpC,CP175296.1,99.363,1884,1878,1,1878,1042307,1044190,0.0,3345,analysis/virulence_adherence/blast_72/GCA_050506695.1.tsv,+
GCA_050506695.1,Bacteraemia,VFG045470|AAM75247|cylR2|cytolysin_operon_context,CP175296.1,100.0,201,201,1,201,434049,433849,1.75e-101,363,analysis/virulence_adherence/blast_72/GCA_050506695.1.tsv,-
GCA_050506695.1,Bacteraemia,VFG045472|AAM75249|cylL|cytolysin_operon_context,CP175296.1,100.0,207,207,1,207,434453,434659,1e-104,374,analysis/virulence_adherence/blast_72/GCA_050506695.1.tsv,+
GCA_050506695.1,Bacteraemia,VFG045472|AAM75249|cylL|cytolysin_operon_context,CP175296.1,88.095,84,207,15,98,434743,434826,2.21e-24,107,analysis/virulence_adherence/blast_72/GCA_050506695.1.tsv,+
GCA_050506695.1,Bacteraemia,VFG045473|AAM75250|cylS|cytolysin_operon_context,CP175296.1,100.0,192,192,1,192,434693,434884,1.28e-96,347,analysis/virulence_adherence/blast_72/GCA_050506695.1.tsv,+
GCA_050506695.1,Bacteraemia,VFG045473|AAM75250|cylS|cytolysin_operon_context,CP175296.1,88.095,84,192,51,134,434467,434550,2.0299999999999998e-24,107,analysis/virulence_adherence/blast_72/GCA_050506695.1.tsv,+
GCA_050506695.1,Bacteraemia,VFG045474|AAM75251|cylM|cytolysin_operon_context,CP175296.1,99.698,2982,2982,1,2982,434945,437926,0.0,5338,analysis/virulence_adherence/blast_72/GCA_050506695.1.tsv,+
GCA_050506725.1,Bacteraemia,VFG002164|WP_002395058|prgB/asc10|aggregation_substance_context,CP175285.1,96.183,2227,3918,1692,3918,119902,122128,0.0,3634,analysis/virulence_adherence/blast_72/GCA_050506725.1.tsv,+
GCA_050506725.1,Bacteraemia,VFG002164|WP_002395058|prgB/asc10|aggregation_substance_context,CP175285.1,94.251,2209,3918,1692,3873,58879,61076,0.0,3338,analysis/virulence_adherence/blast_72/GCA_050506725.1.tsv,+
GCA_050506725.1,Bacteraemia,VFG002164|WP_002395058|prgB/asc10|aggregation_substance_context,CP175285.1,93.141,831,3918,1,829,57215,58043,0.0,1237,analysis/virulence_adherence/blast_72/GCA_050506725.1.tsv,+
GCA_050506725.1,Bacteraemia,VFG002164|WP_002395058|prgB/asc10|aggregation_substance_context,CP175285.1,93.141,831,3918,1,829,118238,119066,0.0,1237,analysis/virulence_adherence/blast_72/GCA_050506725.1.tsv,+
GCA_050506725.1,Bacteraemia,VFG002165|WP_002356954|efaA|efaA,CP175283.1,99.569,927,927,1,927,1718882,1719808,0.0,1654,analysis/virulence_adherence/blast_72/GCA_050506725.1.tsv,+
GCA_050506725.1,Bacteraemia,VFG002166|WP_010714416|ace|ace,CP175283.1,96.988,2025,2025,1,2025,885518,887542,0.0,3378,analysis/virulence_adherence/blast_72/GCA_050506725.1.tsv,+
GCA_050506725.1,Bacteraemia,VFG002166|WP_010714416|ace|ace,CP175283.1,91.841,478,2025,1104,1581,886762,887239,0.0,687,analysis/virulence_adherence/blast_72/GCA_050506725.1.tsv,+
GCA_050506725.1,Bacteraemia,VFG002166|WP_010714416|ace|ace,CP175283.1,90.361,498,2025,1225,1722,886601,887098,0.0,682,analysis/virulence_adherence/blast_72/GCA_050506725.1.tsv,+
GCA_050506725.1,Bacteraemia,VFG002166|WP_010714416|ace|ace,CP175283.1,89.636,357,2025,1366,1722,886601,886957,1.2099999999999999e-134,478,analysis/virulence_adherence/blast_72/GCA_050506725.1.tsv,+
GCA_050506725.1,Bacteraemia,VFG002166|WP_010714416|ace|ace,CP175283.1,88.235,357,2025,1084,1440,886883,887239,3.9499999999999996e-128,455,analysis/virulence_adherence/blast_72/GCA_050506725.1.tsv,+
GCA_050506725.1,Bacteraemia,VFG002166|WP_010714416|ace|ace,CP175283.1,87.963,216,2025,1507,1722,886601,886816,2.6700000000000003e-73,273,analysis/virulence_adherence/blast_72/GCA_050506725.1.tsv,+
GCA_050506725.1,Bacteraemia,VFG002166|WP_010714416|ace|ace,CP175283.1,87.5,216,2025,1084,1299,887024,887239,1.14e-71,269,analysis/virulence_adherence/blast_72/GCA_050506725.1.tsv,+
GCA_050506725.1,Bacteraemia,VFG002171|WP_011109430|EF0149|aggregation_substance_context,CP175285.1,95.45,2220,3918,1636,3855,119840,122059,0.0,3549,analysis/virulence_adherence/blast_72/GCA_050506725.1.tsv,+
GCA_050506725.1,Bacteraemia,VFG002171|WP_011109430|EF0149|aggregation_substance_context,CP175285.1,93.591,2247,3918,1636,3855,58817,61052,0.0,3330,analysis/virulence_adherence/blast_72/GCA_050506725.1.tsv,+
GCA_050506725.1,Bacteraemia,VFG002171|WP_011109430|EF0149|aggregation_substance_context,CP175285.1,91.94,794,3918,1,794,57215,58008,0.0,1144,analysis/virulence_adherence/blast_72/GCA_050506725.1.tsv,+
GCA_050506725.1,Bacteraemia,VFG002171|WP_011109430|EF0149|aggregation_substance_context,CP175285.1,91.94,794,3918,1,794,118238,119031,0.0,1144,analysis/virulence_adherence/blast_72/GCA_050506725.1.tsv,+
GCA_050506725.1,Bacteraemia,VFG002172|WP_010710127|EF0485|aggregation_substance_context,CP175285.1,95.242,2291,3918,1630,3918,119840,122128,0.0,3635,analysis/virulence_adherence/blast_72/GCA_050506725.1.tsv,+
GCA_050506725.1,Bacteraemia,VFG002172|WP_010710127|EF0485|aggregation_substance_context,CP175285.1,93.357,2273,3918,1630,3873,58817,61076,0.0,3340,analysis/virulence_adherence/blast_72/GCA_050506725.1.tsv,+
GCA_050506725.1,Bacteraemia,VFG002172|WP_010710127|EF0485|aggregation_substance_context,CP175285.1,90.602,830,3918,2,829,57216,58043,0.0,1141,analysis/virulence_adherence/blast_72/GCA_050506725.1.tsv,+
GCA_050506725.1,Bacteraemia,VFG002172|WP_010710127|EF0485|aggregation_substance_context,CP175285.1,90.602,830,3918,2,829,118239,119066,0.0,1141,analysis/virulence_adherence/blast_72/GCA_050506725.1.tsv,+
GCA_050506725.1,Bacteraemia,VFG002173|WP_010785625|asa1|asa1_or_validated_equivalent,CP175285.1,97.353,3891,3891,1,3891,118238,122128,0.0,6553,analysis/virulence_adherence/blast_72/GCA_050506725.1.tsv,+
GCA_050506725.1,Bacteraemia,VFG002173|WP_010785625|asa1|asa1_or_validated_equivalent,CP175285.1,96.256,3873,3891,1,3846,57215,61076,0.0,6258,analysis/virulence_adherence/blast_72/GCA_050506725.1.tsv,+
GCA_050506725.1,Bacteraemia,VFG002174|WP_002369251|gelE|gelE,CP175283.1,98.761,1533,1533,1,1533,1551357,1549825,0.0,2680,analysis/virulence_adherence/blast_72/GCA_050506725.1.tsv,-
GCA_050506725.1,Bacteraemia,VFG002191|WP_002369252|sprE|sprE,CP175283.1,98.83,855,855,1,855,1549776,1548922,0.0,1498,analysis/virulence_adherence/blast_72/GCA_050506725.1.tsv,-
GCA_050506725.1,Bacteraemia,VFG042976|WP_154081516|ebpA|ebpA,CP175283.1,99.481,3465,3465,1,3465,872506,875970,0.0,6168,analysis/virulence_adherence/blast_72/GCA_050506725.1.tsv,+
GCA_050506725.1,Bacteraemia,VFG042977|WP_002379309|ebpB|ebpB,CP175283.1,99.371,1431,1431,1,1431,875974,877404,0.0,2541,analysis/virulence_adherence/blast_72/GCA_050506725.1.tsv,+
GCA_050506725.1,Bacteraemia,VFG042978|WP_011109477|ebpC|ebpC,CP175283.1,99.045,1884,1878,1,1878,877401,879284,0.0,3318,analysis/virulence_adherence/blast_72/GCA_050506725.1.tsv,+
GCA_050506735.1,Bacteraemia,VFG002164|WP_002395058|prgB/asc10|aggregation_substance_context,CP175282.1,96.183,2227,3918,1692,3918,2776,5002,0.0,3634,analysis/virulence_adherence/blast_72/GCA_050506735.1.tsv,+
GCA_050506735.1,Bacteraemia,VFG002164|WP_002395058|prgB/asc10|aggregation_substance_context,CP175282.1,93.141,831,3918,1,829,1112,1940,0.0,1237,analysis/virulence_adherence/blast_72/GCA_050506735.1.tsv,+
GCA_050506735.1,Bacteraemia,VFG002165|WP_002356954|efaA|efaA,CP175280.1,99.569,927,927,1,927,1718882,1719808,0.0,1654,analysis/virulence_adherence/blast_72/GCA_050506735.1.tsv,+
GCA_050506735.1,Bacteraemia,VFG002166|WP_010714416|ace|ace,CP175280.1,96.988,2025,2025,1,2025,885518,887542,0.0,3378,analysis/virulence_adherence/blast_72/GCA_050506735.1.tsv,+
GCA_050506735.1,Bacteraemia,VFG002166|WP_010714416|ace|ace,CP175280.1,91.841,478,2025,1104,1581,886762,887239,0.0,687,analysis/virulence_adherence/blast_72/GCA_050506735.1.tsv,+
GCA_050506735.1,Bacteraemia,VFG002166|WP_010714416|ace|ace,CP175280.1,90.361,498,2025,1225,1722,886601,887098,0.0,682,analysis/virulence_adherence/blast_72/GCA_050506735.1.tsv,+
GCA_050506735.1,Bacteraemia,VFG002166|WP_010714416|ace|ace,CP175280.1,89.636,357,2025,1366,1722,886601,886957,1.18e-134,478,analysis/virulence_adherence/blast_72/GCA_050506735.1.tsv,+
GCA_050506735.1,Bacteraemia,VFG002166|WP_010714416|ace|ace,CP175280.1,88.235,357,2025,1084,1440,886883,887239,3.87e-128,455,analysis/virulence_adherence/blast_72/GCA_050506735.1.tsv,+
GCA_050506735.1,Bacteraemia,VFG002166|WP_010714416|ace|ace,CP175280.1,87.963,216,2025,1507,1722,886601,886816,2.6200000000000002e-73,273,analysis/virulence_adherence/blast_72/GCA_050506735.1.tsv,+
GCA_050506735.1,Bacteraemia,VFG002166|WP_010714416|ace|ace,CP175280.1,87.5,216,2025,1084,1299,887024,887239,1.11e-71,269,analysis/virulence_adherence/blast_72/GCA_050506735.1.tsv,+
GCA_050506735.1,Bacteraemia,VFG002171|WP_011109430|EF0149|aggregation_substance_context,CP175282.1,95.45,2220,3918,1636,3855,2714,4933,0.0,3549,analysis/virulence_adherence/blast_72/GCA_050506735.1.tsv,+
GCA_050506735.1,Bacteraemia,VFG002171|WP_011109430|EF0149|aggregation_substance_context,CP175282.1,91.94,794,3918,1,794,1112,1905,0.0,1144,analysis/virulence_adherence/blast_72/GCA_050506735.1.tsv,+
GCA_050506735.1,Bacteraemia,VFG002172|WP_010710127|EF0485|aggregation_substance_context,CP175282.1,95.242,2291,3918,1630,3918,2714,5002,0.0,3635,analysis/virulence_adherence/blast_72/GCA_050506735.1.tsv,+
GCA_050506735.1,Bacteraemia,VFG002172|WP_010710127|EF0485|aggregation_substance_context,CP175282.1,90.602,830,3918,2,829,1113,1940,0.0,1141,analysis/virulence_adherence/blast_72/GCA_050506735.1.tsv,+
GCA_050506735.1,Bacteraemia,VFG002173|WP_010785625|asa1|asa1_or_validated_equivalent,CP175282.1,97.353,3891,3891,1,3891,1112,5002,0.0,6553,analysis/virulence_adherence/blast_72/GCA_050506735.1.tsv,+
GCA_050506735.1,Bacteraemia,VFG002174|WP_002369251|gelE|gelE,CP175280.1,98.761,1533,1533,1,1533,1551357,1549825,0.0,2680,analysis/virulence_adherence/blast_72/GCA_050506735.1.tsv,-
GCA_050506735.1,Bacteraemia,VFG002191|WP_002369252|sprE|sprE,CP175280.1,98.83,855,855,1,855,1549776,1548922,0.0,1498,analysis/virulence_adherence/blast_72/GCA_050506735.1.tsv,-
GCA_050506735.1,Bacteraemia,VFG042976|WP_154081516|ebpA|ebpA,CP175280.1,99.481,3465,3465,1,3465,872506,875970,0.0,6168,analysis/virulence_adherence/blast_72/GCA_050506735.1.tsv,+
GCA_050506735.1,Bacteraemia,VFG042977|WP_002379309|ebpB|ebpB,CP175280.1,99.371,1431,1431,1,1431,875974,877404,0.0,2541,analysis/virulence_adherence/blast_72/GCA_050506735.1.tsv,+
GCA_050506735.1,Bacteraemia,VFG042978|WP_011109477|ebpC|ebpC,CP175280.1,99.045,1884,1878,1,1878,877401,879284,0.0,3318,analysis/virulence_adherence/blast_72/GCA_050506735.1.tsv,+
GCA_050506745.1,Bacteraemia,VFG002164|WP_002395058|prgB/asc10|aggregation_substance_context,CP175276.1,94.469,3923,3918,2,3918,2194151,2190259,0.0,6107,analysis/virulence_adherence/blast_72/GCA_050506745.1.tsv,-
GCA_050506745.1,Bacteraemia,VFG002164|WP_002395058|prgB/asc10|aggregation_substance_context,CP175279.1,89.628,3847,3918,1,3834,1,3840,0.0,5126,analysis/virulence_adherence/blast_72/GCA_050506745.1.tsv,+
GCA_050506745.1,Bacteraemia,VFG002165|WP_002356954|efaA|efaA,CP175276.1,99.892,927,927,1,927,650173,649247,0.0,1668,analysis/virulence_adherence/blast_72/GCA_050506745.1.tsv,-
GCA_050506745.1,Bacteraemia,VFG002165|WP_002356954|efaA|efaA,CP175276.1,68.237,828,927,81,890,2066386,2065577,5.52e-72,269,analysis/virulence_adherence/blast_72/GCA_050506745.1.tsv,-
GCA_050506745.1,Bacteraemia,VFG002166|WP_010714416|ace|ace,CP175276.1,99.852,2025,2025,1,2025,1551566,1549542,0.0,3639,analysis/virulence_adherence/blast_72/GCA_050506745.1.tsv,-
GCA_050506745.1,Bacteraemia,VFG002166|WP_010714416|ace|ace,CP175276.1,90.964,498,2025,1084,1581,1550342,1549845,0.0,696,analysis/virulence_adherence/blast_72/GCA_050506745.1.tsv,-
GCA_050506745.1,Bacteraemia,VFG002166|WP_010714416|ace|ace,CP175276.1,89.96,498,2025,1225,1722,1550483,1549986,0.0,673,analysis/virulence_adherence/blast_72/GCA_050506745.1.tsv,-
GCA_050506745.1,Bacteraemia,VFG002166|WP_010714416|ace|ace,CP175276.1,89.916,357,2025,1366,1722,1550483,1550127,3.06e-136,482,analysis/virulence_adherence/blast_72/GCA_050506745.1.tsv,-
GCA_050506745.1,Bacteraemia,VFG002166|WP_010714416|ace|ace,CP175276.1,89.636,357,2025,1084,1440,1550201,1549845,1.2999999999999999e-134,478,analysis/virulence_adherence/blast_72/GCA_050506745.1.tsv,-
GCA_050506745.1,Bacteraemia,VFG002166|WP_010714416|ace|ace,CP175276.1,89.815,216,2025,1084,1299,1550060,1549845,1.07e-78,291,analysis/virulence_adherence/blast_72/GCA_050506745.1.tsv,-
GCA_050506745.1,Bacteraemia,VFG002166|WP_010714416|ace|ace,CP175276.1,88.889,216,2025,1507,1722,1550483,1550268,5.55e-76,282,analysis/virulence_adherence/blast_72/GCA_050506745.1.tsv,-
GCA_050506745.1,Bacteraemia,VFG002171|WP_011109430|EF0149|aggregation_substance_context,CP175279.1,94.0,3900,3918,1,3900,1,3900,0.0,5979,analysis/virulence_adherence/blast_72/GCA_050506745.1.tsv,+
GCA_050506745.1,Bacteraemia,VFG002171|WP_011109430|EF0149|aggregation_substance_context,CP175276.1,89.105,3864,3918,2,3855,2194151,2190328,0.0,5071,analysis/virulence_adherence/blast_72/GCA_050506745.1.tsv,-
GCA_050506745.1,Bacteraemia,VFG002172|WP_010710127|EF0485|aggregation_substance_context,CP175276.1,94.67,3921,3918,1,3918,2194152,2190259,0.0,6143,analysis/virulence_adherence/blast_72/GCA_050506745.1.tsv,-
GCA_050506745.1,Bacteraemia,VFG002172|WP_010710127|EF0485|aggregation_substance_context,CP175279.1,88.95,3846,3918,2,3834,2,3840,0.0,5007,analysis/virulence_adherence/blast_72/GCA_050506745.1.tsv,+
GCA_050506745.1,Bacteraemia,VFG002173|WP_010785625|asa1|asa1_or_validated_equivalent,CP175276.1,95.984,2291,3891,1603,3891,2192547,2190259,0.0,3712,analysis/virulence_adherence/blast_72/GCA_050506745.1.tsv,-
GCA_050506745.1,Bacteraemia,VFG002173|WP_010785625|asa1|asa1_or_validated_equivalent,CP175276.1,86.194,833,3891,2,829,2194151,2193348,0.0,993,analysis/virulence_adherence/blast_72/GCA_050506745.1.tsv,-
GCA_050506745.1,Bacteraemia,VFG002173|WP_010785625|asa1|asa1_or_validated_equivalent,CP175279.1,94.195,2205,3891,1603,3807,1636,3840,0.0,3400,analysis/virulence_adherence/blast_72/GCA_050506745.1.tsv,+
GCA_050506745.1,Bacteraemia,VFG002173|WP_010785625|asa1|asa1_or_validated_equivalent,CP175279.1,94.081,794,3891,1,794,1,794,0.0,1221,analysis/virulence_adherence/blast_72/GCA_050506745.1.tsv,+
GCA_050506745.1,Bacteraemia,VFG002174|WP_002369251|gelE|gelE,CP175276.1,100.0,1533,1533,1,1533,846239,847771,0.0,2765,analysis/virulence_adherence/blast_72/GCA_050506745.1.tsv,+
GCA_050506745.1,Bacteraemia,VFG002175|AAM75248|cylR1|cytolysin_operon_context,CP175277.1,100.0,285,285,1,285,13202,12918,6.78e-147,515,analysis/virulence_adherence/blast_72/GCA_050506745.1.tsv,-
GCA_050506745.1,Bacteraemia,VFG002176|AAM75252|cylB|cytolysin_operon_context,CP175277.1,99.767,2145,2145,1,2145,16806,18950,0.0,3846,analysis/virulence_adherence/blast_72/GCA_050506745.1.tsv,+
GCA_050506745.1,Bacteraemia,VFG002177|AAM75253|cylA|cylA,CP175277.1,99.839,1239,1239,1,1239,18947,20185,0.0,2226,analysis/virulence_adherence/blast_72/GCA_050506745.1.tsv,+
GCA_050506745.1,Bacteraemia,VFG002178|AAM75254|cylI|cytolysin_operon_context,CP175277.1,97.256,984,984,1,984,20186,21169,0.0,1654,analysis/virulence_adherence/blast_72/GCA_050506745.1.tsv,+
GCA_050506745.1,Bacteraemia,VFG002191|WP_002369252|sprE|sprE,CP175276.1,100.0,855,855,1,855,847820,848674,0.0,1543,analysis/virulence_adherence/blast_72/GCA_050506745.1.tsv,+
GCA_050506745.1,Bacteraemia,VFG042976|WP_154081516|ebpA|ebpA,CP175276.1,99.942,3465,3465,1,3465,1562374,1558910,0.0,6240,analysis/virulence_adherence/blast_72/GCA_050506745.1.tsv,-
GCA_050506745.1,Bacteraemia,VFG042977|WP_002379309|ebpB|ebpB,CP175276.1,100.0,1431,1431,1,1431,1558906,1557476,0.0,2581,analysis/virulence_adherence/blast_72/GCA_050506745.1.tsv,-
GCA_050506745.1,Bacteraemia,VFG042978|WP_011109477|ebpC|ebpC,CP175276.1,99.682,1884,1878,1,1878,1557479,1555596,0.0,3372,analysis/virulence_adherence/blast_72/GCA_050506745.1.tsv,-
GCA_050506745.1,Bacteraemia,VFG045470|AAM75247|cylR2|cytolysin_operon_context,CP175277.1,100.0,201,201,1,201,12917,12717,1.85e-101,363,analysis/virulence_adherence/blast_72/GCA_050506745.1.tsv,-
GCA_050506745.1,Bacteraemia,VFG045472|AAM75249|cylL|cytolysin_operon_context,CP175277.1,100.0,207,207,1,207,13321,13527,1.0599999999999999e-104,374,analysis/virulence_adherence/blast_72/GCA_050506745.1.tsv,+
GCA_050506745.1,Bacteraemia,VFG045472|AAM75249|cylL|cytolysin_operon_context,CP175277.1,88.095,84,207,15,98,13611,13694,2.34e-24,107,analysis/virulence_adherence/blast_72/GCA_050506745.1.tsv,+
GCA_050506745.1,Bacteraemia,VFG045473|AAM75250|cylS|cytolysin_operon_context,CP175277.1,100.0,192,192,1,192,13561,13752,1.35e-96,347,analysis/virulence_adherence/blast_72/GCA_050506745.1.tsv,+
GCA_050506745.1,Bacteraemia,VFG045473|AAM75250|cylS|cytolysin_operon_context,CP175277.1,88.095,84,192,51,134,13335,13418,2.1499999999999998e-24,107,analysis/virulence_adherence/blast_72/GCA_050506745.1.tsv,+
GCA_050506745.1,Bacteraemia,VFG045474|AAM75251|cylM|cytolysin_operon_context,CP175277.1,99.665,2982,2982,1,2982,13813,16794,0.0,5333,analysis/virulence_adherence/blast_72/GCA_050506745.1.tsv,+
GCA_050506755.1,Bacteraemia,VFG002164|WP_002395058|prgB/asc10|aggregation_substance_context,CP175273.1,94.469,3923,3918,2,3918,165377,169269,0.0,6107,analysis/virulence_adherence/blast_72/GCA_050506755.1.tsv,+
GCA_050506755.1,Bacteraemia,VFG002164|WP_002395058|prgB/asc10|aggregation_substance_context,CP175272.1,89.628,3847,3918,1,3834,37239,41078,0.0,5126,analysis/virulence_adherence/blast_72/GCA_050506755.1.tsv,+
GCA_050506755.1,Bacteraemia,VFG002165|WP_002356954|efaA|efaA,CP175273.1,99.892,927,927,1,927,1707336,1708262,0.0,1668,analysis/virulence_adherence/blast_72/GCA_050506755.1.tsv,+
GCA_050506755.1,Bacteraemia,VFG002165|WP_002356954|efaA|efaA,CP175273.1,68.237,828,927,81,890,293138,293947,5.44e-72,269,analysis/virulence_adherence/blast_72/GCA_050506755.1.tsv,+
GCA_050506755.1,Bacteraemia,VFG002166|WP_010714416|ace|ace,CP175273.1,99.852,2025,2025,1,2025,807277,809301,0.0,3639,analysis/virulence_adherence/blast_72/GCA_050506755.1.tsv,+
GCA_050506755.1,Bacteraemia,VFG002166|WP_010714416|ace|ace,CP175273.1,90.964,498,2025,1084,1581,808501,808998,0.0,696,analysis/virulence_adherence/blast_72/GCA_050506755.1.tsv,+
GCA_050506755.1,Bacteraemia,VFG002166|WP_010714416|ace|ace,CP175273.1,89.96,498,2025,1225,1722,808360,808857,0.0,673,analysis/virulence_adherence/blast_72/GCA_050506755.1.tsv,+
GCA_050506755.1,Bacteraemia,VFG002166|WP_010714416|ace|ace,CP175273.1,89.916,357,2025,1366,1722,808360,808716,3.0199999999999997e-136,482,analysis/virulence_adherence/blast_72/GCA_050506755.1.tsv,+
GCA_050506755.1,Bacteraemia,VFG002166|WP_010714416|ace|ace,CP175273.1,89.636,357,2025,1084,1440,808642,808998,1.28e-134,478,analysis/virulence_adherence/blast_72/GCA_050506755.1.tsv,+
GCA_050506755.1,Bacteraemia,VFG002166|WP_010714416|ace|ace,CP175273.1,89.815,216,2025,1084,1299,808783,808998,1.06e-78,291,analysis/virulence_adherence/blast_72/GCA_050506755.1.tsv,+
GCA_050506755.1,Bacteraemia,VFG002166|WP_010714416|ace|ace,CP175273.1,88.889,216,2025,1507,1722,808360,808575,5.47e-76,282,analysis/virulence_adherence/blast_72/GCA_050506755.1.tsv,+
GCA_050506755.1,Bacteraemia,VFG002171|WP_011109430|EF0149|aggregation_substance_context,CP175272.1,94.0,3900,3918,1,3900,37239,41138,0.0,5979,analysis/virulence_adherence/blast_72/GCA_050506755.1.tsv,+
GCA_050506755.1,Bacteraemia,VFG002171|WP_011109430|EF0149|aggregation_substance_context,CP175273.1,89.105,3864,3918,2,3855,165377,169200,0.0,5071,analysis/virulence_adherence/blast_72/GCA_050506755.1.tsv,+
GCA_050506755.1,Bacteraemia,VFG002172|WP_010710127|EF0485|aggregation_substance_context,CP175273.1,94.67,3921,3918,1,3918,165376,169269,0.0,6143,analysis/virulence_adherence/blast_72/GCA_050506755.1.tsv,+
GCA_050506755.1,Bacteraemia,VFG002172|WP_010710127|EF0485|aggregation_substance_context,CP175272.1,88.95,3846,3918,2,3834,37240,41078,0.0,5007,analysis/virulence_adherence/blast_72/GCA_050506755.1.tsv,+
GCA_050506755.1,Bacteraemia,VFG002173|WP_010785625|asa1|asa1_or_validated_equivalent,CP175273.1,95.984,2291,3891,1603,3891,166981,169269,0.0,3712,analysis/virulence_adherence/blast_72/GCA_050506755.1.tsv,+
GCA_050506755.1,Bacteraemia,VFG002173|WP_010785625|asa1|asa1_or_validated_equivalent,CP175273.1,86.194,833,3891,2,829,165377,166180,0.0,993,analysis/virulence_adherence/blast_72/GCA_050506755.1.tsv,+
GCA_050506755.1,Bacteraemia,VFG002173|WP_010785625|asa1|asa1_or_validated_equivalent,CP175272.1,94.195,2205,3891,1603,3807,38874,41078,0.0,3400,analysis/virulence_adherence/blast_72/GCA_050506755.1.tsv,+
GCA_050506755.1,Bacteraemia,VFG002173|WP_010785625|asa1|asa1_or_validated_equivalent,CP175272.1,94.081,794,3891,1,794,37239,38032,0.0,1221,analysis/virulence_adherence/blast_72/GCA_050506755.1.tsv,+
GCA_050506755.1,Bacteraemia,VFG002174|WP_002369251|gelE|gelE,CP175273.1,100.0,1533,1533,1,1533,1512602,1511070,0.0,2765,analysis/virulence_adherence/blast_72/GCA_050506755.1.tsv,-
GCA_050506755.1,Bacteraemia,VFG002175|AAM75248|cylR1|cytolysin_operon_context,CP175274.1,100.0,285,285,1,285,45586,45302,6.68e-147,515,analysis/virulence_adherence/blast_72/GCA_050506755.1.tsv,-
GCA_050506755.1,Bacteraemia,VFG002176|AAM75252|cylB|cytolysin_operon_context,CP175274.1,99.767,2145,2145,1,2145,49190,51334,0.0,3846,analysis/virulence_adherence/blast_72/GCA_050506755.1.tsv,+
GCA_050506755.1,Bacteraemia,VFG002177|AAM75253|cylA|cylA,CP175274.1,99.839,1239,1239,1,1239,51331,52569,0.0,2226,analysis/virulence_adherence/blast_72/GCA_050506755.1.tsv,+
GCA_050506755.1,Bacteraemia,VFG002178|AAM75254|cylI|cytolysin_operon_context,CP175274.1,97.256,984,984,1,984,52570,53553,0.0,1654,analysis/virulence_adherence/blast_72/GCA_050506755.1.tsv,+
GCA_050506755.1,Bacteraemia,VFG002191|WP_002369252|sprE|sprE,CP175273.1,100.0,855,855,1,855,1511021,1510167,0.0,1543,analysis/virulence_adherence/blast_72/GCA_050506755.1.tsv,-
GCA_050506755.1,Bacteraemia,VFG042976|WP_154081516|ebpA|ebpA,CP175273.1,99.942,3465,3465,1,3465,796469,799933,0.0,6240,analysis/virulence_adherence/blast_72/GCA_050506755.1.tsv,+
GCA_050506755.1,Bacteraemia,VFG042977|WP_002379309|ebpB|ebpB,CP175273.1,100.0,1431,1431,1,1431,799937,801367,0.0,2581,analysis/virulence_adherence/blast_72/GCA_050506755.1.tsv,+
GCA_050506755.1,Bacteraemia,VFG042978|WP_011109477|ebpC|ebpC,CP175273.1,99.682,1884,1878,1,1878,801364,803247,0.0,3372,analysis/virulence_adherence/blast_72/GCA_050506755.1.tsv,+
GCA_050506755.1,Bacteraemia,VFG045470|AAM75247|cylR2|cytolysin_operon_context,CP175274.1,100.0,201,201,1,201,45301,45101,1.82e-101,363,analysis/virulence_adherence/blast_72/GCA_050506755.1.tsv,-
GCA_050506755.1,Bacteraemia,VFG045472|AAM75249|cylL|cytolysin_operon_context,CP175274.1,100.0,207,207,1,207,45705,45911,1.04e-104,374,analysis/virulence_adherence/blast_72/GCA_050506755.1.tsv,+
GCA_050506755.1,Bacteraemia,VFG045472|AAM75249|cylL|cytolysin_operon_context,CP175274.1,88.095,84,207,15,98,45995,46078,2.2999999999999997e-24,107,analysis/virulence_adherence/blast_72/GCA_050506755.1.tsv,+
GCA_050506755.1,Bacteraemia,VFG045473|AAM75250|cylS|cytolysin_operon_context,CP175274.1,100.0,192,192,1,192,45945,46136,1.33e-96,347,analysis/virulence_adherence/blast_72/GCA_050506755.1.tsv,+
GCA_050506755.1,Bacteraemia,VFG045473|AAM75250|cylS|cytolysin_operon_context,CP175274.1,88.095,84,192,51,134,45719,45802,2.12e-24,107,analysis/virulence_adherence/blast_72/GCA_050506755.1.tsv,+
GCA_050506755.1,Bacteraemia,VFG045474|AAM75251|cylM|cytolysin_operon_context,CP175274.1,99.665,2982,2982,1,2982,46197,49178,0.0,5333,analysis/virulence_adherence/blast_72/GCA_050506755.1.tsv,+
GCA_050506765.1,Bacteraemia,VFG002164|WP_002395058|prgB/asc10|aggregation_substance_context,CP175269.1,89.492,3940,3918,1,3918,18644,22561,0.0,5225,analysis/virulence_adherence/blast_72/GCA_050506765.1.tsv,+
GCA_050506765.1,Bacteraemia,VFG002164|WP_002395058|prgB/asc10|aggregation_substance_context,CP175270.1,95.059,1862,3918,2057,3918,672,2533,0.0,2944,analysis/virulence_adherence/blast_72/GCA_050506765.1.tsv,+
GCA_050506765.1,Bacteraemia,VFG002165|WP_002356954|efaA|efaA,CP175271.1,99.569,927,927,1,927,1788878,1789804,0.0,1654,analysis/virulence_adherence/blast_72/GCA_050506765.1.tsv,+
GCA_050506765.1,Bacteraemia,VFG002165|WP_002356954|efaA|efaA,CP175271.1,68.237,828,927,81,890,416560,417369,5.07e-72,269,analysis/virulence_adherence/blast_72/GCA_050506765.1.tsv,+
GCA_050506765.1,Bacteraemia,VFG002166|WP_010714416|ace|ace,CP175271.1,96.988,2025,2025,1,2025,942930,944954,0.0,3378,analysis/virulence_adherence/blast_72/GCA_050506765.1.tsv,+
GCA_050506765.1,Bacteraemia,VFG002166|WP_010714416|ace|ace,CP175271.1,91.841,478,2025,1104,1581,944174,944651,0.0,687,analysis/virulence_adherence/blast_72/GCA_050506765.1.tsv,+
GCA_050506765.1,Bacteraemia,VFG002166|WP_010714416|ace|ace,CP175271.1,90.361,498,2025,1225,1722,944013,944510,0.0,682,analysis/virulence_adherence/blast_72/GCA_050506765.1.tsv,+
GCA_050506765.1,Bacteraemia,VFG002166|WP_010714416|ace|ace,CP175271.1,89.636,357,2025,1366,1722,944013,944369,1.2e-134,478,analysis/virulence_adherence/blast_72/GCA_050506765.1.tsv,+
GCA_050506765.1,Bacteraemia,VFG002166|WP_010714416|ace|ace,CP175271.1,88.235,357,2025,1084,1440,944295,944651,3.91e-128,455,analysis/virulence_adherence/blast_72/GCA_050506765.1.tsv,+
GCA_050506765.1,Bacteraemia,VFG002166|WP_010714416|ace|ace,CP175271.1,87.963,216,2025,1507,1722,944013,944228,2.6400000000000003e-73,273,analysis/virulence_adherence/blast_72/GCA_050506765.1.tsv,+
GCA_050506765.1,Bacteraemia,VFG002166|WP_010714416|ace|ace,CP175271.1,87.5,216,2025,1084,1299,944436,944651,1.12e-71,269,analysis/virulence_adherence/blast_72/GCA_050506765.1.tsv,+
GCA_050506765.1,Bacteraemia,VFG002171|WP_011109430|EF0149|aggregation_substance_context,CP175269.1,95.134,3905,3918,1,3900,18644,22543,0.0,6173,analysis/virulence_adherence/blast_72/GCA_050506765.1.tsv,+
GCA_050506765.1,Bacteraemia,VFG002171|WP_011109430|EF0149|aggregation_substance_context,CP175270.1,95.214,1797,3918,2059,3855,668,2464,0.0,2854,analysis/virulence_adherence/blast_72/GCA_050506765.1.tsv,+
GCA_050506765.1,Bacteraemia,VFG002172|WP_010710127|EF0485|aggregation_substance_context,CP175269.1,89.849,3852,3918,2,3834,18645,22483,0.0,5173,analysis/virulence_adherence/blast_72/GCA_050506765.1.tsv,+
GCA_050506765.1,Bacteraemia,VFG002172|WP_010710127|EF0485|aggregation_substance_context,CP175270.1,95.338,1866,3918,2053,3918,668,2533,0.0,2974,analysis/virulence_adherence/blast_72/GCA_050506765.1.tsv,+
GCA_050506765.1,Bacteraemia,VFG002173|WP_010785625|asa1|asa1_or_validated_equivalent,CP175269.1,94.975,2209,3891,1603,3807,20279,22483,0.0,3478,analysis/virulence_adherence/blast_72/GCA_050506765.1.tsv,+
GCA_050506765.1,Bacteraemia,VFG002173|WP_010785625|asa1|asa1_or_validated_equivalent,CP175269.1,92.443,794,3891,1,794,18644,19437,0.0,1162,analysis/virulence_adherence/blast_72/GCA_050506765.1.tsv,+
GCA_050506765.1,Bacteraemia,VFG002173|WP_010785625|asa1|asa1_or_validated_equivalent,CP175270.1,97.911,1867,3891,2025,3891,667,2533,0.0,3192,analysis/virulence_adherence/blast_72/GCA_050506765.1.tsv,+
GCA_050506765.1,Bacteraemia,VFG002174|WP_002369251|gelE|gelE,CP175271.1,98.761,1533,1533,1,1533,1608584,1607052,0.0,2680,analysis/virulence_adherence/blast_72/GCA_050506765.1.tsv,-
GCA_050506765.1,Bacteraemia,VFG002191|WP_002369252|sprE|sprE,CP175271.1,98.83,855,855,1,855,1607003,1606149,0.0,1498,analysis/virulence_adherence/blast_72/GCA_050506765.1.tsv,-
GCA_050506765.1,Bacteraemia,VFG042976|WP_154081516|ebpA|ebpA,CP175271.1,99.481,3465,3465,1,3465,929918,933382,0.0,6168,analysis/virulence_adherence/blast_72/GCA_050506765.1.tsv,+
GCA_050506765.1,Bacteraemia,VFG042977|WP_002379309|ebpB|ebpB,CP175271.1,99.301,1431,1431,1,1431,933386,934816,0.0,2536,analysis/virulence_adherence/blast_72/GCA_050506765.1.tsv,+
GCA_050506765.1,Bacteraemia,VFG042978|WP_011109477|ebpC|ebpC,CP175271.1,99.045,1884,1878,1,1878,934813,936696,0.0,3318,analysis/virulence_adherence/blast_72/GCA_050506765.1.tsv,+
GCA_050506775.1,Bacteraemia,VFG002164|WP_002395058|prgB/asc10|aggregation_substance_context,CP175266.1,96.835,3918,3918,1,3918,72841,76758,0.0,6507,analysis/virulence_adherence/blast_72/GCA_050506775.1.tsv,+
GCA_050506775.1,Bacteraemia,VFG002165|WP_002356954|efaA|efaA,CP175268.1,99.784,927,927,1,927,1797208,1798134,0.0,1663,analysis/virulence_adherence/blast_72/GCA_050506775.1.tsv,+
GCA_050506775.1,Bacteraemia,VFG002166|WP_010714416|ace|ace,CP175268.1,95.825,1581,2025,1,1581,946659,948239,0.0,2554,analysis/virulence_adherence/blast_72/GCA_050506775.1.tsv,+
GCA_050506775.1,Bacteraemia,VFG002166|WP_010714416|ace|ace,CP175268.1,94.507,801,2025,1225,2025,947742,948542,0.0,1247,analysis/virulence_adherence/blast_72/GCA_050506775.1.tsv,+
GCA_050506775.1,Bacteraemia,VFG002166|WP_010714416|ace|ace,CP175268.1,89.076,357,2025,1366,1722,947742,948098,6.22e-132,469,analysis/virulence_adherence/blast_72/GCA_050506775.1.tsv,+
GCA_050506775.1,Bacteraemia,VFG002166|WP_010714416|ace|ace,CP175268.1,87.709,358,2025,1083,1440,947882,948239,5.8299999999999995e-126,448,analysis/virulence_adherence/blast_72/GCA_050506775.1.tsv,+
GCA_050506775.1,Bacteraemia,VFG002166|WP_010714416|ace|ace,CP175268.1,87.5,224,2025,1076,1299,948016,948239,6.24e-75,279,analysis/virulence_adherence/blast_72/GCA_050506775.1.tsv,+
GCA_050506775.1,Bacteraemia,VFG002166|WP_010714416|ace|ace,CP175268.1,87.5,216,2025,1507,1722,947742,947957,1.13e-71,269,analysis/virulence_adherence/blast_72/GCA_050506775.1.tsv,+
GCA_050506775.1,Bacteraemia,VFG002171|WP_011109430|EF0149|aggregation_substance_context,CP175266.1,89.767,3870,3918,1,3855,72841,76689,0.0,5173,analysis/virulence_adherence/blast_72/GCA_050506775.1.tsv,+
GCA_050506775.1,Bacteraemia,VFG002172|WP_010710127|EF0485|aggregation_substance_context,CP175266.1,95.66,3917,3918,2,3918,72842,76758,0.0,6298,analysis/virulence_adherence/blast_72/GCA_050506775.1.tsv,+
GCA_050506775.1,Bacteraemia,VFG002173|WP_010785625|asa1|asa1_or_validated_equivalent,CP175266.1,95.548,2291,3891,1603,3891,74470,76758,0.0,3667,analysis/virulence_adherence/blast_72/GCA_050506775.1.tsv,+
GCA_050506775.1,Bacteraemia,VFG002173|WP_010785625|asa1|asa1_or_validated_equivalent,CP175266.1,93.141,831,3891,1,829,72841,73669,0.0,1237,analysis/virulence_adherence/blast_72/GCA_050506775.1.tsv,+
GCA_050506775.1,Bacteraemia,VFG002174|WP_002369251|gelE|gelE,CP175268.1,98.955,1531,1533,1,1531,1598088,1596558,0.0,2690,analysis/virulence_adherence/blast_72/GCA_050506775.1.tsv,-
GCA_050506775.1,Bacteraemia,VFG002191|WP_002369252|sprE|sprE,CP175268.1,98.596,855,855,1,855,1596507,1595653,0.0,1489,analysis/virulence_adherence/blast_72/GCA_050506775.1.tsv,-
GCA_050506775.1,Bacteraemia,VFG042976|WP_154081516|ebpA|ebpA,CP175268.1,99.192,3465,3465,1,3465,925998,929462,0.0,6123,analysis/virulence_adherence/blast_72/GCA_050506775.1.tsv,+
GCA_050506775.1,Bacteraemia,VFG042977|WP_002379309|ebpB|ebpB,CP175268.1,99.441,1431,1431,1,1431,929466,930896,0.0,2545,analysis/virulence_adherence/blast_72/GCA_050506775.1.tsv,+
GCA_050506775.1,Bacteraemia,VFG042978|WP_011109477|ebpC|ebpC,CP175268.1,98.514,1884,1878,1,1878,930893,932776,0.0,3273,analysis/virulence_adherence/blast_72/GCA_050506775.1.tsv,+
GCA_050506815.1,Bacteraemia,VFG002164|WP_002395058|prgB/asc10|aggregation_substance_context,CP175260.1,95.434,3920,3918,2,3918,400242,404158,0.0,6259,analysis/virulence_adherence/blast_72/GCA_050506815.1.tsv,+
GCA_050506815.1,Bacteraemia,VFG002164|WP_002395058|prgB/asc10|aggregation_substance_context,CP175260.1,89.703,3875,3918,1,3855,134835,138695,0.0,5176,analysis/virulence_adherence/blast_72/GCA_050506815.1.tsv,+
GCA_050506815.1,Bacteraemia,VFG002164|WP_002395058|prgB/asc10|aggregation_substance_context,CP175259.1,94.857,3928,3918,1,3918,1,3927,0.0,6170,analysis/virulence_adherence/blast_72/GCA_050506815.1.tsv,+
GCA_050506815.1,Bacteraemia,VFG002165|WP_002356954|efaA|efaA,CP175260.1,99.461,927,927,1,927,1908091,1909017,0.0,1650,analysis/virulence_adherence/blast_72/GCA_050506815.1.tsv,+
GCA_050506815.1,Bacteraemia,VFG002165|WP_002356954|efaA|efaA,CP175260.1,68.237,828,927,81,890,496206,497015,5.09e-72,269,analysis/virulence_adherence/blast_72/GCA_050506815.1.tsv,+
GCA_050506815.1,Bacteraemia,VFG002166|WP_010714416|ace|ace,CP175260.1,96.142,1581,2025,1,1581,1030417,1031997,0.0,2577,analysis/virulence_adherence/blast_72/GCA_050506815.1.tsv,+
GCA_050506815.1,Bacteraemia,VFG002166|WP_010714416|ace|ace,CP175260.1,95.256,801,2025,1225,2025,1031500,1032300,0.0,1274,analysis/virulence_adherence/blast_72/GCA_050506815.1.tsv,+
GCA_050506815.1,Bacteraemia,VFG002166|WP_010714416|ace|ace,CP175260.1,91.317,357,2025,1084,1440,1031641,1031997,8.63e-143,505,analysis/virulence_adherence/blast_72/GCA_050506815.1.tsv,+
GCA_050506815.1,Bacteraemia,VFG002166|WP_010714416|ace|ace,CP175260.1,90.756,357,2025,1366,1722,1031500,1031856,4.469999999999999e-140,496,analysis/virulence_adherence/blast_72/GCA_050506815.1.tsv,+
GCA_050506815.1,Bacteraemia,VFG002166|WP_010714416|ace|ace,CP175260.1,89.352,216,2025,1084,1299,1031782,1031997,4.2e-77,287,analysis/virulence_adherence/blast_72/GCA_050506815.1.tsv,+
GCA_050506815.1,Bacteraemia,VFG002166|WP_010714416|ace|ace,CP175260.1,87.963,216,2025,1507,1722,1031500,1031715,2.6500000000000002e-73,273,analysis/virulence_adherence/blast_72/GCA_050506815.1.tsv,+
GCA_050506815.1,Bacteraemia,VFG002171|WP_011109430|EF0149|aggregation_substance_context,CP175260.1,99.974,3918,3918,1,3918,134835,138752,0.0,7062,analysis/virulence_adherence/blast_72/GCA_050506815.1.tsv,+
GCA_050506815.1,Bacteraemia,VFG002171|WP_011109430|EF0149|aggregation_substance_context,CP175260.1,89.584,3869,3918,2,3855,400242,404089,0.0,5139,analysis/virulence_adherence/blast_72/GCA_050506815.1.tsv,+
GCA_050506815.1,Bacteraemia,VFG002171|WP_011109430|EF0149|aggregation_substance_context,CP175259.1,89.184,3883,3918,1,3855,1,3858,0.0,5085,analysis/virulence_adherence/blast_72/GCA_050506815.1.tsv,+
GCA_050506815.1,Bacteraemia,VFG002172|WP_010710127|EF0485|aggregation_substance_context,CP175260.1,100.0,3918,3918,1,3918,400241,404158,0.0,7066,analysis/virulence_adherence/blast_72/GCA_050506815.1.tsv,+
GCA_050506815.1,Bacteraemia,VFG002172|WP_010710127|EF0485|aggregation_substance_context,CP175260.1,89.61,3869,3918,2,3849,134836,138689,0.0,5144,analysis/virulence_adherence/blast_72/GCA_050506815.1.tsv,+
GCA_050506815.1,Bacteraemia,VFG002172|WP_010710127|EF0485|aggregation_substance_context,CP175259.1,95.34,3927,3918,2,3918,2,3927,0.0,6254,analysis/virulence_adherence/blast_72/GCA_050506815.1.tsv,+
GCA_050506815.1,Bacteraemia,VFG002173|WP_010785625|asa1|asa1_or_validated_equivalent,CP175259.1,95.217,2300,3891,1603,3891,1630,3927,0.0,3651,analysis/virulence_adherence/blast_72/GCA_050506815.1.tsv,+
GCA_050506815.1,Bacteraemia,VFG002173|WP_010785625|asa1|asa1_or_validated_equivalent,CP175259.1,91.436,794,3891,1,794,1,794,0.0,1126,analysis/virulence_adherence/blast_72/GCA_050506815.1.tsv,+
GCA_050506815.1,Bacteraemia,VFG002173|WP_010785625|asa1|asa1_or_validated_equivalent,CP175260.1,94.718,2291,3891,1603,3891,401870,404158,0.0,3581,analysis/virulence_adherence/blast_72/GCA_050506815.1.tsv,+
GCA_050506815.1,Bacteraemia,VFG002173|WP_010785625|asa1|asa1_or_validated_equivalent,CP175260.1,94.595,2220,3891,1603,3822,136470,138689,0.0,3463,analysis/virulence_adherence/blast_72/GCA_050506815.1.tsv,+
GCA_050506815.1,Bacteraemia,VFG002173|WP_010785625|asa1|asa1_or_validated_equivalent,CP175260.1,90.482,830,3891,2,829,400242,401069,0.0,1136,analysis/virulence_adherence/blast_72/GCA_050506815.1.tsv,+
GCA_050506815.1,Bacteraemia,VFG002173|WP_010785625|asa1|asa1_or_validated_equivalent,CP175260.1,90.932,794,3891,1,794,134835,135628,0.0,1108,analysis/virulence_adherence/blast_72/GCA_050506815.1.tsv,+
GCA_050506815.1,Bacteraemia,VFG002174|WP_002369251|gelE|gelE,CP175260.1,98.891,1533,1533,1,1533,1699859,1698327,0.0,2689,analysis/virulence_adherence/blast_72/GCA_050506815.1.tsv,-
GCA_050506815.1,Bacteraemia,VFG002175|AAM75248|cylR1|cytolysin_operon_context,CP175260.1,100.0,285,285,1,285,432963,432679,6.25e-147,515,analysis/virulence_adherence/blast_72/GCA_050506815.1.tsv,-
GCA_050506815.1,Bacteraemia,VFG002176|AAM75252|cylB|cytolysin_operon_context,CP175260.1,99.814,2145,2145,1,2145,436567,438711,0.0,3851,analysis/virulence_adherence/blast_72/GCA_050506815.1.tsv,+
GCA_050506815.1,Bacteraemia,VFG002177|AAM75253|cylA|cylA,CP175260.1,99.839,1239,1239,1,1239,438708,439946,0.0,2226,analysis/virulence_adherence/blast_72/GCA_050506815.1.tsv,+
GCA_050506815.1,Bacteraemia,VFG002178|AAM75254|cylI|cytolysin_operon_context,CP175260.1,97.256,984,984,1,984,439947,440930,0.0,1654,analysis/virulence_adherence/blast_72/GCA_050506815.1.tsv,+
GCA_050506815.1,Bacteraemia,VFG002179|AAD09858|esp|esp,CP175260.1,99.911,5622,5622,1,5622,445594,451215,0.0,10117,analysis/virulence_adherence/blast_72/GCA_050506815.1.tsv,+
GCA_050506815.1,Bacteraemia,VFG002179|AAD09858|esp|esp,CP175260.1,96.992,1596,5622,3124,4719,448963,450558,0.0,2663,analysis/virulence_adherence/blast_72/GCA_050506815.1.tsv,+
GCA_050506815.1,Bacteraemia,VFG002179|AAD09858|esp|esp,CP175260.1,96.742,1596,5622,3370,4965,448717,450312,0.0,2645,analysis/virulence_adherence/blast_72/GCA_050506815.1.tsv,+
GCA_050506815.1,Bacteraemia,VFG002179|AAD09858|esp|esp,CP175260.1,96.296,1350,5622,3124,4473,449209,450558,0.0,2210,analysis/virulence_adherence/blast_72/GCA_050506815.1.tsv,+
GCA_050506815.1,Bacteraemia,VFG002179|AAD09858|esp|esp,CP175260.1,96.148,1350,5622,3616,4965,448717,450066,0.0,2201,analysis/virulence_adherence/blast_72/GCA_050506815.1.tsv,+
GCA_050506815.1,Bacteraemia,VFG002179|AAD09858|esp|esp,CP175260.1,95.652,1104,5622,3124,4227,449455,450558,0.0,1775,analysis/virulence_adherence/blast_72/GCA_050506815.1.tsv,+
GCA_050506815.1,Bacteraemia,VFG002179|AAD09858|esp|esp,CP175260.1,95.471,1104,5622,3862,4965,448717,449820,0.0,1766,analysis/virulence_adherence/blast_72/GCA_050506815.1.tsv,+
GCA_050506815.1,Bacteraemia,VFG002179|AAD09858|esp|esp,CP175260.1,94.915,885,5622,3124,4008,449701,450579,0.0,1395,analysis/virulence_adherence/blast_72/GCA_050506815.1.tsv,+
GCA_050506815.1,Bacteraemia,VFG002179|AAD09858|esp|esp,CP175260.1,94.689,885,5622,4108,4986,448717,449601,0.0,1386,analysis/virulence_adherence/blast_72/GCA_050506815.1.tsv,+
GCA_050506815.1,Bacteraemia,VFG002179|AAD09858|esp|esp,CP175260.1,94.444,612,5622,3124,3735,449947,450558,0.0,951,analysis/virulence_adherence/blast_72/GCA_050506815.1.tsv,+
GCA_050506815.1,Bacteraemia,VFG002179|AAD09858|esp|esp,CP175260.1,94.118,612,5622,4354,4965,448717,449328,0.0,942,analysis/virulence_adherence/blast_72/GCA_050506815.1.tsv,+
GCA_050506815.1,Bacteraemia,VFG002179|AAD09858|esp|esp,CP175260.1,99.2,500,5622,2487,2986,447828,448327,0.0,884,analysis/virulence_adherence/blast_72/GCA_050506815.1.tsv,+
GCA_050506815.1,Bacteraemia,VFG002179|AAD09858|esp|esp,CP175260.1,99.2,500,5622,2235,2734,448080,448579,0.0,884,analysis/virulence_adherence/blast_72/GCA_050506815.1.tsv,+
GCA_050506815.1,Bacteraemia,VFG002179|AAD09858|esp|esp,CP175260.1,90.71,366,5622,4600,4965,448717,449082,1.98e-143,508,analysis/virulence_adherence/blast_72/GCA_050506815.1.tsv,+
GCA_050506815.1,Bacteraemia,VFG002179|AAD09858|esp|esp,CP175260.1,90.71,366,5622,3124,3489,450193,450558,1.98e-143,508,analysis/virulence_adherence/blast_72/GCA_050506815.1.tsv,+
GCA_050506815.1,Bacteraemia,VFG002179|AAD09858|esp|esp,CP175260.1,98.387,248,5622,2739,2986,447828,448075,4.37e-120,430,analysis/virulence_adherence/blast_72/GCA_050506815.1.tsv,+
GCA_050506815.1,Bacteraemia,VFG002179|AAD09858|esp|esp,CP175260.1,98.387,248,5622,2235,2482,448332,448579,4.37e-120,430,analysis/virulence_adherence/blast_72/GCA_050506815.1.tsv,+
GCA_050506815.1,Bacteraemia,VFG002179|AAD09858|esp|esp,CP175260.1,84.021,194,5622,4948,5141,448582,448775,7.419999999999999e-54,211,analysis/virulence_adherence/blast_72/GCA_050506815.1.tsv,+
GCA_050506815.1,Bacteraemia,VFG002179|AAD09858|esp|esp,CP175260.1,84.021,194,5622,2989,3182,450541,450734,7.419999999999999e-54,211,analysis/virulence_adherence/blast_72/GCA_050506815.1.tsv,+
GCA_050506815.1,Bacteraemia,VFG002191|WP_002369252|sprE|sprE,CP175260.1,98.48,855,855,1,855,1698278,1697424,0.0,1484,analysis/virulence_adherence/blast_72/GCA_050506815.1.tsv,-
GCA_050506815.1,Bacteraemia,VFG042976|WP_154081516|ebpA|ebpA,CP175260.1,99.509,3465,3465,1,3465,1016407,1019871,0.0,6173,analysis/virulence_adherence/blast_72/GCA_050506815.1.tsv,+
GCA_050506815.1,Bacteraemia,VFG042977|WP_002379309|ebpB|ebpB,CP175260.1,99.441,1431,1431,1,1431,1019875,1021305,0.0,2545,analysis/virulence_adherence/blast_72/GCA_050506815.1.tsv,+
GCA_050506815.1,Bacteraemia,VFG042978|WP_011109477|ebpC|ebpC,CP175260.1,99.363,1884,1878,1,1878,1021302,1023185,0.0,3345,analysis/virulence_adherence/blast_72/GCA_050506815.1.tsv,+
GCA_050506815.1,Bacteraemia,VFG045470|AAM75247|cylR2|cytolysin_operon_context,CP175260.1,100.0,201,201,1,201,432678,432478,1.7e-101,363,analysis/virulence_adherence/blast_72/GCA_050506815.1.tsv,-
GCA_050506815.1,Bacteraemia,VFG045472|AAM75249|cylL|cytolysin_operon_context,CP175260.1,100.0,207,207,1,207,433082,433288,9.740000000000001e-105,374,analysis/virulence_adherence/blast_72/GCA_050506815.1.tsv,+
GCA_050506815.1,Bacteraemia,VFG045472|AAM75249|cylL|cytolysin_operon_context,CP175260.1,88.095,84,207,15,98,433372,433455,2.1499999999999998e-24,107,analysis/virulence_adherence/blast_72/GCA_050506815.1.tsv,+
GCA_050506815.1,Bacteraemia,VFG045473|AAM75250|cylS|cytolysin_operon_context,CP175260.1,100.0,192,192,1,192,433322,433513,1.24e-96,347,analysis/virulence_adherence/blast_72/GCA_050506815.1.tsv,+
GCA_050506815.1,Bacteraemia,VFG045473|AAM75250|cylS|cytolysin_operon_context,CP175260.1,88.095,84,192,51,134,433096,433179,1.98e-24,107,analysis/virulence_adherence/blast_72/GCA_050506815.1.tsv,+
GCA_050506815.1,Bacteraemia,VFG045474|AAM75251|cylM|cytolysin_operon_context,CP175260.1,99.698,2982,2982,1,2982,433574,436555,0.0,5338,analysis/virulence_adherence/blast_72/GCA_050506815.1.tsv,+
GCA_050506825.1,Bacteraemia,VFG002165|WP_002356954|efaA|efaA,CP175258.1,99.569,927,927,1,927,1898405,1899331,0.0,1654,analysis/virulence_adherence/blast_72/GCA_050506825.1.tsv,+
GCA_050506825.1,Bacteraemia,VFG002165|WP_002356954|efaA|efaA,CP175258.1,68.237,828,927,81,890,485969,486778,5.05e-72,269,analysis/virulence_adherence/blast_72/GCA_050506825.1.tsv,+
GCA_050506825.1,Bacteraemia,VFG002166|WP_010714416|ace|ace,CP175258.1,96.988,2025,2025,1,2025,1052453,1054477,0.0,3378,analysis/virulence_adherence/blast_72/GCA_050506825.1.tsv,+
GCA_050506825.1,Bacteraemia,VFG002166|WP_010714416|ace|ace,CP175258.1,91.841,478,2025,1104,1581,1053697,1054174,0.0,687,analysis/virulence_adherence/blast_72/GCA_050506825.1.tsv,+
GCA_050506825.1,Bacteraemia,VFG002166|WP_010714416|ace|ace,CP175258.1,90.361,498,2025,1225,1722,1053536,1054033,0.0,682,analysis/virulence_adherence/blast_72/GCA_050506825.1.tsv,+
GCA_050506825.1,Bacteraemia,VFG002166|WP_010714416|ace|ace,CP175258.1,89.636,357,2025,1366,1722,1053536,1053892,1.19e-134,478,analysis/virulence_adherence/blast_72/GCA_050506825.1.tsv,+
GCA_050506825.1,Bacteraemia,VFG002166|WP_010714416|ace|ace,CP175258.1,88.235,357,2025,1084,1440,1053818,1054174,3.9e-128,455,analysis/virulence_adherence/blast_72/GCA_050506825.1.tsv,+
GCA_050506825.1,Bacteraemia,VFG002166|WP_010714416|ace|ace,CP175258.1,87.963,216,2025,1507,1722,1053536,1053751,2.63e-73,273,analysis/virulence_adherence/blast_72/GCA_050506825.1.tsv,+
GCA_050506825.1,Bacteraemia,VFG002166|WP_010714416|ace|ace,CP175258.1,87.5,216,2025,1084,1299,1053959,1054174,1.12e-71,269,analysis/virulence_adherence/blast_72/GCA_050506825.1.tsv,+
GCA_050506825.1,Bacteraemia,VFG002174|WP_002369251|gelE|gelE,CP175258.1,98.761,1533,1533,1,1533,1718111,1716579,0.0,2680,analysis/virulence_adherence/blast_72/GCA_050506825.1.tsv,-
GCA_050506825.1,Bacteraemia,VFG002191|WP_002369252|sprE|sprE,CP175258.1,98.83,855,855,1,855,1716530,1715676,0.0,1498,analysis/virulence_adherence/blast_72/GCA_050506825.1.tsv,-
GCA_050506825.1,Bacteraemia,VFG042976|WP_154081516|ebpA|ebpA,CP175258.1,99.481,3465,3465,1,3465,1001843,1005307,0.0,6168,analysis/virulence_adherence/blast_72/GCA_050506825.1.tsv,+
GCA_050506825.1,Bacteraemia,VFG042976|WP_154081516|ebpA|ebpA,CP175258.1,100.0,596,3465,1,596,999438,1000033,0.0,1076,analysis/virulence_adherence/blast_72/GCA_050506825.1.tsv,+
GCA_050506825.1,Bacteraemia,VFG042977|WP_002379309|ebpB|ebpB,CP175258.1,99.371,1431,1431,1,1431,1005311,1006741,0.0,2541,analysis/virulence_adherence/blast_72/GCA_050506825.1.tsv,+
GCA_050506825.1,Bacteraemia,VFG042978|WP_011109477|ebpC|ebpC,CP175258.1,99.045,1884,1878,1,1878,1006738,1008621,0.0,3318,analysis/virulence_adherence/blast_72/GCA_050506825.1.tsv,+
GCA_050506865.1,Bacteraemia,VFG002164|WP_002395058|prgB/asc10|aggregation_substance_context,CP175257.1,95.434,3920,3918,2,3918,405178,409094,0.0,6259,analysis/virulence_adherence/blast_72/GCA_050506865.1.tsv,+
GCA_050506865.1,Bacteraemia,VFG002165|WP_002356954|efaA|efaA,CP175257.1,99.676,927,927,1,927,1848326,1849252,0.0,1659,analysis/virulence_adherence/blast_72/GCA_050506865.1.tsv,+
GCA_050506865.1,Bacteraemia,VFG002165|WP_002356954|efaA|efaA,CP175257.1,68.244,803,927,106,890,466124,466908,2.47e-69,260,analysis/virulence_adherence/blast_72/GCA_050506865.1.tsv,+
GCA_050506865.1,Bacteraemia,VFG002166|WP_010714416|ace|ace,CP175257.1,96.142,1581,2025,1,1581,1013341,1014921,0.0,2577,analysis/virulence_adherence/blast_72/GCA_050506865.1.tsv,+
GCA_050506865.1,Bacteraemia,VFG002166|WP_010714416|ace|ace,CP175257.1,95.256,801,2025,1225,2025,1014424,1015224,0.0,1274,analysis/virulence_adherence/blast_72/GCA_050506865.1.tsv,+
GCA_050506865.1,Bacteraemia,VFG002166|WP_010714416|ace|ace,CP175257.1,91.317,357,2025,1084,1440,1014565,1014921,8.09e-143,505,analysis/virulence_adherence/blast_72/GCA_050506865.1.tsv,+
GCA_050506865.1,Bacteraemia,VFG002166|WP_010714416|ace|ace,CP175257.1,90.756,357,2025,1366,1722,1014424,1014780,4.19e-140,496,analysis/virulence_adherence/blast_72/GCA_050506865.1.tsv,+
GCA_050506865.1,Bacteraemia,VFG002166|WP_010714416|ace|ace,CP175257.1,89.352,216,2025,1084,1299,1014706,1014921,3.94e-77,287,analysis/virulence_adherence/blast_72/GCA_050506865.1.tsv,+
GCA_050506865.1,Bacteraemia,VFG002166|WP_010714416|ace|ace,CP175257.1,87.963,216,2025,1507,1722,1014424,1014639,2.48e-73,273,analysis/virulence_adherence/blast_72/GCA_050506865.1.tsv,+
GCA_050506865.1,Bacteraemia,VFG002171|WP_011109430|EF0149|aggregation_substance_context,CP175257.1,89.584,3869,3918,2,3855,405178,409025,0.0,5139,analysis/virulence_adherence/blast_72/GCA_050506865.1.tsv,+
GCA_050506865.1,Bacteraemia,VFG002172|WP_010710127|EF0485|aggregation_substance_context,CP175257.1,100.0,3918,3918,1,3918,405177,409094,0.0,7066,analysis/virulence_adherence/blast_72/GCA_050506865.1.tsv,+
GCA_050506865.1,Bacteraemia,VFG002173|WP_010785625|asa1|asa1_or_validated_equivalent,CP175257.1,94.718,2291,3891,1603,3891,406806,409094,0.0,3581,analysis/virulence_adherence/blast_72/GCA_050506865.1.tsv,+
GCA_050506865.1,Bacteraemia,VFG002173|WP_010785625|asa1|asa1_or_validated_equivalent,CP175257.1,90.482,830,3891,2,829,405178,406005,0.0,1136,analysis/virulence_adherence/blast_72/GCA_050506865.1.tsv,+
GCA_050506865.1,Bacteraemia,VFG002175|AAM75248|cylR1|cytolysin_operon_context,CP175257.1,100.0,285,285,1,285,439516,439232,5.86e-147,515,analysis/virulence_adherence/blast_72/GCA_050506865.1.tsv,-
GCA_050506865.1,Bacteraemia,VFG002176|AAM75252|cylB|cytolysin_operon_context,CP175257.1,99.814,2145,2145,1,2145,443120,445264,0.0,3851,analysis/virulence_adherence/blast_72/GCA_050506865.1.tsv,+
GCA_050506865.1,Bacteraemia,VFG002177|AAM75253|cylA|cylA,CP175257.1,99.839,1239,1239,1,1239,445261,446499,0.0,2226,analysis/virulence_adherence/blast_72/GCA_050506865.1.tsv,+
GCA_050506865.1,Bacteraemia,VFG002178|AAM75254|cylI|cytolysin_operon_context,CP175257.1,96.748,984,984,1,984,446500,447483,0.0,1631,analysis/virulence_adherence/blast_72/GCA_050506865.1.tsv,+
GCA_050506865.1,Bacteraemia,VFG042976|WP_154081516|ebpA|ebpA,CP175257.1,99.538,3465,3465,1,3465,999338,1002802,0.0,6177,analysis/virulence_adherence/blast_72/GCA_050506865.1.tsv,+
GCA_050506865.1,Bacteraemia,VFG042977|WP_002379309|ebpB|ebpB,CP175257.1,99.441,1431,1431,1,1431,1002806,1004236,0.0,2545,analysis/virulence_adherence/blast_72/GCA_050506865.1.tsv,+
GCA_050506865.1,Bacteraemia,VFG042978|WP_011109477|ebpC|ebpC,CP175257.1,99.363,1884,1878,1,1878,1004233,1006116,0.0,3345,analysis/virulence_adherence/blast_72/GCA_050506865.1.tsv,+
GCA_050506865.1,Bacteraemia,VFG045470|AAM75247|cylR2|cytolysin_operon_context,CP175257.1,100.0,201,201,1,201,439231,439031,1.6e-101,363,analysis/virulence_adherence/blast_72/GCA_050506865.1.tsv,-
GCA_050506865.1,Bacteraemia,VFG045472|AAM75249|cylL|cytolysin_operon_context,CP175257.1,100.0,207,207,1,207,439635,439841,9.14e-105,374,analysis/virulence_adherence/blast_72/GCA_050506865.1.tsv,+
GCA_050506865.1,Bacteraemia,VFG045472|AAM75249|cylL|cytolysin_operon_context,CP175257.1,88.095,84,207,15,98,439925,440008,2.0199999999999998e-24,107,analysis/virulence_adherence/blast_72/GCA_050506865.1.tsv,+
GCA_050506865.1,Bacteraemia,VFG045473|AAM75250|cylS|cytolysin_operon_context,CP175257.1,100.0,192,192,1,192,439875,440066,1.17e-96,347,analysis/virulence_adherence/blast_72/GCA_050506865.1.tsv,+
GCA_050506865.1,Bacteraemia,VFG045473|AAM75250|cylS|cytolysin_operon_context,CP175257.1,88.095,84,192,51,134,439649,439732,1.86e-24,107,analysis/virulence_adherence/blast_72/GCA_050506865.1.tsv,+
GCA_050506865.1,Bacteraemia,VFG045474|AAM75251|cylM|cytolysin_operon_context,CP175257.1,99.698,2982,2982,1,2982,440127,443108,0.0,5338,analysis/virulence_adherence/blast_72/GCA_050506865.1.tsv,+
GCA_050506875.1,Bacteraemia,VFG002164|WP_002395058|prgB/asc10|aggregation_substance_context,CP175255.1,95.663,3920,3918,2,3918,478796,482685,0.0,6315,analysis/virulence_adherence/blast_72/GCA_050506875.1.tsv,+
GCA_050506875.1,Bacteraemia,VFG002165|WP_002356954|efaA|efaA,CP175255.1,99.461,927,927,1,927,1944684,1945610,0.0,1650,analysis/virulence_adherence/blast_72/GCA_050506875.1.tsv,+
GCA_050506875.1,Bacteraemia,VFG002165|WP_002356954|efaA|efaA,CP175255.1,68.237,828,927,81,890,550327,551136,5.02e-72,269,analysis/virulence_adherence/blast_72/GCA_050506875.1.tsv,+
GCA_050506875.1,Bacteraemia,VFG002166|WP_010714416|ace|ace,CP175255.1,95.193,1581,2025,1,1581,1085325,1086905,0.0,2509,analysis/virulence_adherence/blast_72/GCA_050506875.1.tsv,+
GCA_050506875.1,Bacteraemia,VFG002166|WP_010714416|ace|ace,CP175255.1,95.006,801,2025,1225,2025,1086408,1087208,0.0,1265,analysis/virulence_adherence/blast_72/GCA_050506875.1.tsv,+
GCA_050506875.1,Bacteraemia,VFG002166|WP_010714416|ace|ace,CP175255.1,93.277,357,2025,1084,1440,1086549,1086905,1.44e-152,536,analysis/virulence_adherence/blast_72/GCA_050506875.1.tsv,+
GCA_050506875.1,Bacteraemia,VFG002166|WP_010714416|ace|ace,CP175255.1,91.036,357,2025,1366,1722,1086408,1086764,1.04e-141,500,analysis/virulence_adherence/blast_72/GCA_050506875.1.tsv,+
GCA_050506875.1,Bacteraemia,VFG002166|WP_010714416|ace|ace,CP175255.1,90.278,216,2025,1084,1299,1086690,1086905,8e-80,296,analysis/virulence_adherence/blast_72/GCA_050506875.1.tsv,+
GCA_050506875.1,Bacteraemia,VFG002166|WP_010714416|ace|ace,CP175255.1,89.815,216,2025,1507,1722,1086408,1086623,9.75e-79,291,analysis/virulence_adherence/blast_72/GCA_050506875.1.tsv,+
GCA_050506875.1,Bacteraemia,VFG002166|WP_010714416|ace|ace,CP175255.1,89.474,76,2025,1647,1722,1086407,1086482,9.77e-22,102,analysis/virulence_adherence/blast_72/GCA_050506875.1.tsv,+
GCA_050506875.1,Bacteraemia,VFG002166|WP_010714416|ace|ace,CP175255.1,89.474,76,2025,1083,1158,1086830,1086905,9.77e-22,102,analysis/virulence_adherence/blast_72/GCA_050506875.1.tsv,+
GCA_050506875.1,Bacteraemia,VFG002171|WP_011109430|EF0149|aggregation_substance_context,CP175255.1,88.857,3868,3918,2,3855,478796,482616,0.0,5034,analysis/virulence_adherence/blast_72/GCA_050506875.1.tsv,+
GCA_050506875.1,Bacteraemia,VFG002172|WP_010710127|EF0485|aggregation_substance_context,CP175255.1,95.712,3918,3918,1,3918,478795,482685,0.0,6324,analysis/virulence_adherence/blast_72/GCA_050506875.1.tsv,+
GCA_050506875.1,Bacteraemia,VFG002173|WP_010785625|asa1|asa1_or_validated_equivalent,CP175255.1,95.81,2291,3891,1603,3891,480397,482685,0.0,3694,analysis/virulence_adherence/blast_72/GCA_050506875.1.tsv,+
GCA_050506875.1,Bacteraemia,VFG002173|WP_010785625|asa1|asa1_or_validated_equivalent,CP175255.1,87.59,830,3891,2,829,478796,479596,0.0,1043,analysis/virulence_adherence/blast_72/GCA_050506875.1.tsv,+
GCA_050506875.1,Bacteraemia,VFG002174|WP_002369251|gelE|gelE,CP175255.1,99.022,1533,1533,1,1533,1760917,1759385,0.0,2698,analysis/virulence_adherence/blast_72/GCA_050506875.1.tsv,-
GCA_050506875.1,Bacteraemia,VFG002191|WP_002369252|sprE|sprE,CP175255.1,98.596,855,855,1,855,1759336,1758482,0.0,1489,analysis/virulence_adherence/blast_72/GCA_050506875.1.tsv,-
GCA_050506875.1,Bacteraemia,VFG042976|WP_154081516|ebpA|ebpA,CP175255.1,99.278,3465,3465,1,3465,1074379,1077843,0.0,6137,analysis/virulence_adherence/blast_72/GCA_050506875.1.tsv,+
GCA_050506875.1,Bacteraemia,VFG042977|WP_002379309|ebpB|ebpB,CP175255.1,99.161,1431,1431,1,1431,1077847,1079277,0.0,2527,analysis/virulence_adherence/blast_72/GCA_050506875.1.tsv,+
GCA_050506875.1,Bacteraemia,VFG042978|WP_011109477|ebpC|ebpC,CP175255.1,98.885,1884,1878,1,1878,1079274,1081157,0.0,3305,analysis/virulence_adherence/blast_72/GCA_050506875.1.tsv,+
GCA_050506885.1,Bacteraemia,VFG002164|WP_002395058|prgB/asc10|aggregation_substance_context,CP175254.1,95.485,3920,3918,2,3918,364787,368676,0.0,6284,analysis/virulence_adherence/blast_72/GCA_050506885.1.tsv,+
GCA_050506885.1,Bacteraemia,VFG002164|WP_002395058|prgB/asc10|aggregation_substance_context,CP175251.1,89.602,3847,3918,1,3834,69929,73768,0.0,5121,analysis/virulence_adherence/blast_72/GCA_050506885.1.tsv,+
GCA_050506885.1,Bacteraemia,VFG002165|WP_002356954|efaA|efaA,CP175254.1,100.0,927,927,1,927,1920161,1921087,0.0,1673,analysis/virulence_adherence/blast_72/GCA_050506885.1.tsv,+
GCA_050506885.1,Bacteraemia,VFG002165|WP_002356954|efaA|efaA,CP175254.1,68.237,828,927,81,890,460646,461455,5.42e-72,269,analysis/virulence_adherence/blast_72/GCA_050506885.1.tsv,+
GCA_050506885.1,Bacteraemia,VFG002166|WP_010714416|ace|ace,CP175254.1,95.13,1581,2025,1,1581,983410,984990,0.0,2505,analysis/virulence_adherence/blast_72/GCA_050506885.1.tsv,+
GCA_050506885.1,Bacteraemia,VFG002166|WP_010714416|ace|ace,CP175254.1,95.131,801,2025,1225,2025,984493,985293,0.0,1269,analysis/virulence_adherence/blast_72/GCA_050506885.1.tsv,+
GCA_050506885.1,Bacteraemia,VFG002166|WP_010714416|ace|ace,CP175254.1,93.277,357,2025,1084,1440,984634,984990,1.5599999999999999e-152,536,analysis/virulence_adherence/blast_72/GCA_050506885.1.tsv,+
GCA_050506885.1,Bacteraemia,VFG002166|WP_010714416|ace|ace,CP175254.1,91.036,357,2025,1366,1722,984493,984849,1.12e-141,500,analysis/virulence_adherence/blast_72/GCA_050506885.1.tsv,+
GCA_050506885.1,Bacteraemia,VFG002166|WP_010714416|ace|ace,CP175254.1,90.278,216,2025,1084,1299,984775,984990,8.630000000000001e-80,296,analysis/virulence_adherence/blast_72/GCA_050506885.1.tsv,+
GCA_050506885.1,Bacteraemia,VFG002166|WP_010714416|ace|ace,CP175254.1,89.815,216,2025,1507,1722,984493,984708,1.05e-78,291,analysis/virulence_adherence/blast_72/GCA_050506885.1.tsv,+
GCA_050506885.1,Bacteraemia,VFG002166|WP_010714416|ace|ace,CP175254.1,89.474,76,2025,1647,1722,984492,984567,1.05e-21,102,analysis/virulence_adherence/blast_72/GCA_050506885.1.tsv,+
GCA_050506885.1,Bacteraemia,VFG002166|WP_010714416|ace|ace,CP175254.1,89.474,76,2025,1083,1158,984915,984990,1.05e-21,102,analysis/virulence_adherence/blast_72/GCA_050506885.1.tsv,+
GCA_050506885.1,Bacteraemia,VFG002171|WP_011109430|EF0149|aggregation_substance_context,CP175251.1,93.949,3900,3918,1,3900,69929,73828,0.0,5970,analysis/virulence_adherence/blast_72/GCA_050506885.1.tsv,+
GCA_050506885.1,Bacteraemia,VFG002171|WP_011109430|EF0149|aggregation_substance_context,CP175254.1,89.168,3868,3918,2,3855,364787,368607,0.0,5088,analysis/virulence_adherence/blast_72/GCA_050506885.1.tsv,+
GCA_050506885.1,Bacteraemia,VFG002172|WP_010710127|EF0485|aggregation_substance_context,CP175254.1,95.789,3918,3918,1,3918,364786,368676,0.0,6338,analysis/virulence_adherence/blast_72/GCA_050506885.1.tsv,+
GCA_050506885.1,Bacteraemia,VFG002172|WP_010710127|EF0485|aggregation_substance_context,CP175251.1,89.366,3846,3918,2,3834,69930,73768,0.0,5079,analysis/virulence_adherence/blast_72/GCA_050506885.1.tsv,+
GCA_050506885.1,Bacteraemia,VFG002173|WP_010785625|asa1|asa1_or_validated_equivalent,CP175254.1,96.203,2291,3891,1603,3891,366388,368676,0.0,3735,analysis/virulence_adherence/blast_72/GCA_050506885.1.tsv,+
GCA_050506885.1,Bacteraemia,VFG002173|WP_010785625|asa1|asa1_or_validated_equivalent,CP175254.1,87.59,830,3891,2,829,364787,365587,0.0,1043,analysis/virulence_adherence/blast_72/GCA_050506885.1.tsv,+
GCA_050506885.1,Bacteraemia,VFG002173|WP_010785625|asa1|asa1_or_validated_equivalent,CP175251.1,94.195,2205,3891,1603,3807,71564,73768,0.0,3400,analysis/virulence_adherence/blast_72/GCA_050506885.1.tsv,+
GCA_050506885.1,Bacteraemia,VFG002173|WP_010785625|asa1|asa1_or_validated_equivalent,CP175251.1,97.355,794,3891,1,794,69929,70722,0.0,1338,analysis/virulence_adherence/blast_72/GCA_050506885.1.tsv,+
GCA_050506885.1,Bacteraemia,VFG002174|WP_002369251|gelE|gelE,CP175254.1,100.0,1533,1533,1,1533,1693051,1691519,0.0,2765,analysis/virulence_adherence/blast_72/GCA_050506885.1.tsv,-
GCA_050506885.1,Bacteraemia,VFG002175|AAM75248|cylR1|cytolysin_operon_context,CP175252.1,100.0,285,285,1,285,27611,27327,6.659999999999999e-147,515,analysis/virulence_adherence/blast_72/GCA_050506885.1.tsv,-
GCA_050506885.1,Bacteraemia,VFG002176|AAM75252|cylB|cytolysin_operon_context,CP175252.1,99.767,2145,2145,1,2145,31215,33359,0.0,3846,analysis/virulence_adherence/blast_72/GCA_050506885.1.tsv,+
GCA_050506885.1,Bacteraemia,VFG002177|AAM75253|cylA|cylA,CP175252.1,99.839,1239,1239,1,1239,33356,34594,0.0,2226,analysis/virulence_adherence/blast_72/GCA_050506885.1.tsv,+
GCA_050506885.1,Bacteraemia,VFG002178|AAM75254|cylI|cytolysin_operon_context,CP175252.1,97.256,984,984,1,984,34595,35578,0.0,1654,analysis/virulence_adherence/blast_72/GCA_050506885.1.tsv,+
GCA_050506885.1,Bacteraemia,VFG002191|WP_002369252|sprE|sprE,CP175254.1,100.0,855,855,1,855,1691470,1690616,0.0,1543,analysis/virulence_adherence/blast_72/GCA_050506885.1.tsv,-
GCA_050506885.1,Bacteraemia,VFG042976|WP_154081516|ebpA|ebpA,CP175254.1,99.192,3465,3465,1,3465,972464,975928,0.0,6123,analysis/virulence_adherence/blast_72/GCA_050506885.1.tsv,+
GCA_050506885.1,Bacteraemia,VFG042977|WP_002379309|ebpB|ebpB,CP175254.1,99.161,1431,1431,1,1431,975932,977362,0.0,2527,analysis/virulence_adherence/blast_72/GCA_050506885.1.tsv,+
GCA_050506885.1,Bacteraemia,VFG042978|WP_011109477|ebpC|ebpC,CP175254.1,98.885,1884,1878,1,1878,977359,979242,0.0,3305,analysis/virulence_adherence/blast_72/GCA_050506885.1.tsv,+
GCA_050506885.1,Bacteraemia,VFG045470|AAM75247|cylR2|cytolysin_operon_context,CP175252.1,100.0,201,201,1,201,27326,27126,1.82e-101,363,analysis/virulence_adherence/blast_72/GCA_050506885.1.tsv,-
GCA_050506885.1,Bacteraemia,VFG045472|AAM75249|cylL|cytolysin_operon_context,CP175252.1,100.0,207,207,1,207,27730,27936,1.04e-104,374,analysis/virulence_adherence/blast_72/GCA_050506885.1.tsv,+
GCA_050506885.1,Bacteraemia,VFG045472|AAM75249|cylL|cytolysin_operon_context,CP175252.1,88.095,84,207,15,98,28020,28103,2.2899999999999998e-24,107,analysis/virulence_adherence/blast_72/GCA_050506885.1.tsv,+
GCA_050506885.1,Bacteraemia,VFG045473|AAM75250|cylS|cytolysin_operon_context,CP175252.1,100.0,192,192,1,192,27970,28161,1.33e-96,347,analysis/virulence_adherence/blast_72/GCA_050506885.1.tsv,+
GCA_050506885.1,Bacteraemia,VFG045473|AAM75250|cylS|cytolysin_operon_context,CP175252.1,88.095,84,192,51,134,27744,27827,2.11e-24,107,analysis/virulence_adherence/blast_72/GCA_050506885.1.tsv,+
GCA_050506885.1,Bacteraemia,VFG045474|AAM75251|cylM|cytolysin_operon_context,CP175252.1,99.698,2982,2982,1,2982,28222,31203,0.0,5338,analysis/virulence_adherence/blast_72/GCA_050506885.1.tsv,+
GCA_050506905.1,Bacteraemia,VFG002164|WP_002395058|prgB/asc10|aggregation_substance_context,CP175243.1,94.857,3928,3918,1,3918,11669,15595,0.0,6170,analysis/virulence_adherence/blast_72/GCA_050506905.1.tsv,+
GCA_050506905.1,Bacteraemia,VFG002164|WP_002395058|prgB/asc10|aggregation_substance_context,CP175240.1,89.695,3940,3918,1,3918,26343,30260,0.0,5261,analysis/virulence_adherence/blast_72/GCA_050506905.1.tsv,+
GCA_050506905.1,Bacteraemia,VFG002164|WP_002395058|prgB/asc10|aggregation_substance_context,CP175244.1,89.543,3940,3918,1,3918,11370,15287,0.0,5234,analysis/virulence_adherence/blast_72/GCA_050506905.1.tsv,+
GCA_050506905.1,Bacteraemia,VFG002165|WP_002356954|efaA|efaA,CP175239.1,99.892,927,927,1,927,1874195,1875121,0.0,1668,analysis/virulence_adherence/blast_72/GCA_050506905.1.tsv,+
GCA_050506905.1,Bacteraemia,VFG002165|WP_002356954|efaA|efaA,CP175239.1,68.493,803,927,106,890,3004504,3003720,5.78e-72,269,analysis/virulence_adherence/blast_72/GCA_050506905.1.tsv,-
GCA_050506905.1,Bacteraemia,VFG002166|WP_010714416|ace|ace,CP175239.1,100.0,2025,2025,1,2025,979870,981894,0.0,3653,analysis/virulence_adherence/blast_72/GCA_050506905.1.tsv,+
GCA_050506905.1,Bacteraemia,VFG002166|WP_010714416|ace|ace,CP175239.1,90.361,498,2025,1225,1722,980953,981450,0.0,682,analysis/virulence_adherence/blast_72/GCA_050506905.1.tsv,+
GCA_050506905.1,Bacteraemia,VFG002166|WP_010714416|ace|ace,CP175239.1,90.361,498,2025,1084,1581,981094,981591,0.0,682,analysis/virulence_adherence/blast_72/GCA_050506905.1.tsv,+
GCA_050506905.1,Bacteraemia,VFG002166|WP_010714416|ace|ace,CP175239.1,89.916,357,2025,1366,1722,980953,981309,3.21e-136,482,analysis/virulence_adherence/blast_72/GCA_050506905.1.tsv,+
GCA_050506905.1,Bacteraemia,VFG002166|WP_010714416|ace|ace,CP175239.1,89.916,357,2025,1084,1440,981235,981591,3.21e-136,482,analysis/virulence_adherence/blast_72/GCA_050506905.1.tsv,+
GCA_050506905.1,Bacteraemia,VFG002166|WP_010714416|ace|ace,CP175239.1,88.889,216,2025,1507,1722,980953,981168,5.81e-76,282,analysis/virulence_adherence/blast_72/GCA_050506905.1.tsv,+
GCA_050506905.1,Bacteraemia,VFG002166|WP_010714416|ace|ace,CP175239.1,88.889,216,2025,1084,1299,981376,981591,5.81e-76,282,analysis/virulence_adherence/blast_72/GCA_050506905.1.tsv,+
GCA_050506905.1,Bacteraemia,VFG002171|WP_011109430|EF0149|aggregation_substance_context,CP175240.1,95.108,3904,3918,1,3900,26343,30242,0.0,6174,analysis/virulence_adherence/blast_72/GCA_050506905.1.tsv,+
GCA_050506905.1,Bacteraemia,VFG002171|WP_011109430|EF0149|aggregation_substance_context,CP175244.1,95.051,3900,3918,1,3900,11370,15269,0.0,6164,analysis/virulence_adherence/blast_72/GCA_050506905.1.tsv,+
GCA_050506905.1,Bacteraemia,VFG002171|WP_011109430|EF0149|aggregation_substance_context,CP175243.1,89.184,3883,3918,1,3855,11669,15526,0.0,5085,analysis/virulence_adherence/blast_72/GCA_050506905.1.tsv,+
GCA_050506905.1,Bacteraemia,VFG002172|WP_010710127|EF0485|aggregation_substance_context,CP175243.1,95.34,3927,3918,2,3918,11670,15595,0.0,6254,analysis/virulence_adherence/blast_72/GCA_050506905.1.tsv,+
GCA_050506905.1,Bacteraemia,VFG002172|WP_010710127|EF0485|aggregation_substance_context,CP175240.1,89.72,3852,3918,2,3834,26344,30182,0.0,5150,analysis/virulence_adherence/blast_72/GCA_050506905.1.tsv,+
GCA_050506905.1,Bacteraemia,VFG002172|WP_010710127|EF0485|aggregation_substance_context,CP175244.1,89.538,3852,3918,2,3834,11371,15209,0.0,5119,analysis/virulence_adherence/blast_72/GCA_050506905.1.tsv,+
GCA_050506905.1,Bacteraemia,VFG002173|WP_010785625|asa1|asa1_or_validated_equivalent,CP175243.1,95.217,2300,3891,1603,3891,13298,15595,0.0,3651,analysis/virulence_adherence/blast_72/GCA_050506905.1.tsv,+
GCA_050506905.1,Bacteraemia,VFG002173|WP_010785625|asa1|asa1_or_validated_equivalent,CP175243.1,91.436,794,3891,1,794,11669,12462,0.0,1126,analysis/virulence_adherence/blast_72/GCA_050506905.1.tsv,+
GCA_050506905.1,Bacteraemia,VFG002173|WP_010785625|asa1|asa1_or_validated_equivalent,CP175244.1,95.283,2205,3891,1603,3807,13005,15209,0.0,3508,analysis/virulence_adherence/blast_72/GCA_050506905.1.tsv,+
GCA_050506905.1,Bacteraemia,VFG002173|WP_010785625|asa1|asa1_or_validated_equivalent,CP175244.1,94.081,794,3891,1,794,11370,12163,0.0,1221,analysis/virulence_adherence/blast_72/GCA_050506905.1.tsv,+
GCA_050506905.1,Bacteraemia,VFG002173|WP_010785625|asa1|asa1_or_validated_equivalent,CP175240.1,95.247,2209,3891,1603,3807,27978,30182,0.0,3505,analysis/virulence_adherence/blast_72/GCA_050506905.1.tsv,+
GCA_050506905.1,Bacteraemia,VFG002173|WP_010785625|asa1|asa1_or_validated_equivalent,CP175240.1,93.829,794,3891,1,794,26343,27136,0.0,1212,analysis/virulence_adherence/blast_72/GCA_050506905.1.tsv,+
GCA_050506905.1,Bacteraemia,VFG002174|WP_002369251|gelE|gelE,CP175239.1,100.0,1533,1533,1,1533,1682682,1681150,0.0,2765,analysis/virulence_adherence/blast_72/GCA_050506905.1.tsv,-
GCA_050506905.1,Bacteraemia,VFG002175|AAM75248|cylR1|cytolysin_operon_context,CP175242.1,100.0,285,285,1,285,33671,33387,7.11e-147,515,analysis/virulence_adherence/blast_72/GCA_050506905.1.tsv,-
GCA_050506905.1,Bacteraemia,VFG002176|AAM75252|cylB|cytolysin_operon_context,CP175242.1,99.767,2145,2145,1,2145,37275,39419,0.0,3846,analysis/virulence_adherence/blast_72/GCA_050506905.1.tsv,+
GCA_050506905.1,Bacteraemia,VFG002177|AAM75253|cylA|cylA,CP175242.1,99.839,1239,1239,1,1239,39416,40654,0.0,2226,analysis/virulence_adherence/blast_72/GCA_050506905.1.tsv,+
GCA_050506905.1,Bacteraemia,VFG002178|AAM75254|cylI|cytolysin_operon_context,CP175242.1,97.256,984,984,1,984,40655,41638,0.0,1654,analysis/virulence_adherence/blast_72/GCA_050506905.1.tsv,+
GCA_050506905.1,Bacteraemia,VFG002179|AAD09858|esp|esp,CP175239.1,84.838,2493,5622,3163,5622,2979890,2977416,0.0,2784,analysis/virulence_adherence/blast_72/GCA_050506905.1.tsv,-
GCA_050506905.1,Bacteraemia,VFG002179|AAD09858|esp|esp,CP175239.1,89.027,1686,5622,3456,5141,2979843,2978158,0.0,2207,analysis/virulence_adherence/blast_72/GCA_050506905.1.tsv,-
GCA_050506905.1,Bacteraemia,VFG002179|AAD09858|esp|esp,CP175239.1,83.415,2038,5622,45,2041,2982056,2980020,0.0,2159,analysis/virulence_adherence/blast_72/GCA_050506905.1.tsv,-
GCA_050506905.1,Bacteraemia,VFG002179|AAD09858|esp|esp,CP175239.1,90.024,1263,5622,3210,4472,2979597,2978335,0.0,1710,analysis/virulence_adherence/blast_72/GCA_050506905.1.tsv,-
GCA_050506905.1,Bacteraemia,VFG002179|AAD09858|esp|esp,CP175239.1,89.873,1264,5622,3702,4965,2979843,2978580,0.0,1703,analysis/virulence_adherence/blast_72/GCA_050506905.1.tsv,-
GCA_050506905.1,Bacteraemia,VFG002179|AAD09858|esp|esp,CP175239.1,89.774,1017,5622,3210,4226,2979351,2978335,0.0,1366,analysis/virulence_adherence/blast_72/GCA_050506905.1.tsv,-
GCA_050506905.1,Bacteraemia,VFG002179|AAD09858|esp|esp,CP175239.1,89.686,1018,5622,3948,4965,2979843,2978826,0.0,1363,analysis/virulence_adherence/blast_72/GCA_050506905.1.tsv,-
GCA_050506905.1,Bacteraemia,VFG002179|AAD09858|esp|esp,CP175239.1,90.347,777,5622,4194,4970,2979843,2979067,0.0,1064,analysis/virulence_adherence/blast_72/GCA_050506905.1.tsv,-
GCA_050506905.1,Bacteraemia,VFG002179|AAD09858|esp|esp,CP175239.1,90.013,771,5622,3210,3980,2979105,2978335,0.0,1044,analysis/virulence_adherence/blast_72/GCA_050506905.1.tsv,-
GCA_050506905.1,Bacteraemia,VFG002179|AAD09858|esp|esp,CP175239.1,90.095,525,5622,3210,3734,2978859,2978335,0.0,713,analysis/virulence_adherence/blast_72/GCA_050506905.1.tsv,-
GCA_050506905.1,Bacteraemia,VFG002179|AAD09858|esp|esp,CP175239.1,89.924,526,5622,4440,4965,2979843,2979318,0.0,710,analysis/virulence_adherence/blast_72/GCA_050506905.1.tsv,-
GCA_050506905.1,Bacteraemia,VFG002179|AAD09858|esp|esp,CP175239.1,89.643,280,5622,4686,4965,2979843,2979564,3.35e-103,375,analysis/virulence_adherence/blast_72/GCA_050506905.1.tsv,-
GCA_050506905.1,Bacteraemia,VFG002179|AAD09858|esp|esp,CP175239.1,89.606,279,5622,3210,3488,2978613,2978335,1.17e-102,373,analysis/virulence_adherence/blast_72/GCA_050506905.1.tsv,-
GCA_050506905.1,Bacteraemia,VFG002179|AAD09858|esp|esp,CP175239.1,85.827,254,5622,2989,3242,2978351,2978098,7.39e-80,297,analysis/virulence_adherence/blast_72/GCA_050506905.1.tsv,-
GCA_050506905.1,Bacteraemia,VFG002179|AAD09858|esp|esp,CP175239.1,84.906,212,5622,2989,3200,2978114,2977903,1.74e-62,239,analysis/virulence_adherence/blast_72/GCA_050506905.1.tsv,-
GCA_050506905.1,Bacteraemia,VFG002191|WP_002369252|sprE|sprE,CP175239.1,100.0,855,855,1,855,1681101,1680247,0.0,1543,analysis/virulence_adherence/blast_72/GCA_050506905.1.tsv,-
GCA_050506905.1,Bacteraemia,VFG042976|WP_154081516|ebpA|ebpA,CP175239.1,99.942,3465,3465,1,3465,969062,972526,0.0,6240,analysis/virulence_adherence/blast_72/GCA_050506905.1.tsv,+
GCA_050506905.1,Bacteraemia,VFG042977|WP_002379309|ebpB|ebpB,CP175239.1,100.0,1431,1431,1,1431,972530,973960,0.0,2581,analysis/virulence_adherence/blast_72/GCA_050506905.1.tsv,+
GCA_050506905.1,Bacteraemia,VFG042978|WP_011109477|ebpC|ebpC,CP175239.1,99.682,1884,1878,1,1878,973957,975840,0.0,3372,analysis/virulence_adherence/blast_72/GCA_050506905.1.tsv,+
GCA_050506905.1,Bacteraemia,VFG045470|AAM75247|cylR2|cytolysin_operon_context,CP175242.1,100.0,201,201,1,201,33386,33186,1.94e-101,363,analysis/virulence_adherence/blast_72/GCA_050506905.1.tsv,-
GCA_050506905.1,Bacteraemia,VFG045472|AAM75249|cylL|cytolysin_operon_context,CP175242.1,100.0,207,207,1,207,33790,33996,1.11e-104,374,analysis/virulence_adherence/blast_72/GCA_050506905.1.tsv,+
GCA_050506905.1,Bacteraemia,VFG045472|AAM75249|cylL|cytolysin_operon_context,CP175242.1,88.095,84,207,15,98,34080,34163,2.45e-24,107,analysis/virulence_adherence/blast_72/GCA_050506905.1.tsv,+
GCA_050506905.1,Bacteraemia,VFG045473|AAM75250|cylS|cytolysin_operon_context,CP175242.1,100.0,192,192,1,192,34030,34221,1.41e-96,347,analysis/virulence_adherence/blast_72/GCA_050506905.1.tsv,+
GCA_050506905.1,Bacteraemia,VFG045473|AAM75250|cylS|cytolysin_operon_context,CP175242.1,88.095,84,192,51,134,33804,33887,2.25e-24,107,analysis/virulence_adherence/blast_72/GCA_050506905.1.tsv,+
GCA_050506905.1,Bacteraemia,VFG045474|AAM75251|cylM|cytolysin_operon_context,CP175242.1,99.698,2982,2982,1,2982,34282,37263,0.0,5338,analysis/virulence_adherence/blast_72/GCA_050506905.1.tsv,+
GCA_050506915.1,Bacteraemia,VFG002165|WP_002356954|efaA|efaA,CP175237.1,99.569,927,927,1,927,1769761,1770687,0.0,1654,analysis/virulence_adherence/blast_72/GCA_050506915.1.tsv,+
GCA_050506915.1,Bacteraemia,VFG002165|WP_002356954|efaA|efaA,CP175237.1,68.237,828,927,81,890,417591,418400,4.83e-72,269,analysis/virulence_adherence/blast_72/GCA_050506915.1.tsv,+
GCA_050506915.1,Bacteraemia,VFG002166|WP_010714416|ace|ace,CP175237.1,96.837,1581,2025,1,1581,968943,970523,0.0,2626,analysis/virulence_adherence/blast_72/GCA_050506915.1.tsv,+
GCA_050506915.1,Bacteraemia,VFG002166|WP_010714416|ace|ace,CP175237.1,95.381,801,2025,1225,2025,970026,970826,0.0,1278,analysis/virulence_adherence/blast_72/GCA_050506915.1.tsv,+
GCA_050506915.1,Bacteraemia,VFG002166|WP_010714416|ace|ace,CP175237.1,92.157,357,2025,1366,1722,970026,970382,3.72e-147,518,analysis/virulence_adherence/blast_72/GCA_050506915.1.tsv,+
GCA_050506915.1,Bacteraemia,VFG002166|WP_010714416|ace|ace,CP175237.1,91.877,357,2025,1084,1440,970167,970523,1.58e-145,514,analysis/virulence_adherence/blast_72/GCA_050506915.1.tsv,+
GCA_050506915.1,Bacteraemia,VFG002166|WP_010714416|ace|ace,CP175237.1,91.204,216,2025,1084,1299,970308,970523,1.4899999999999998e-82,305,analysis/virulence_adherence/blast_72/GCA_050506915.1.tsv,+
GCA_050506915.1,Bacteraemia,VFG002166|WP_010714416|ace|ace,CP175237.1,90.278,216,2025,1507,1722,970026,970241,7.7e-80,296,analysis/virulence_adherence/blast_72/GCA_050506915.1.tsv,+
GCA_050506915.1,Bacteraemia,VFG002166|WP_010714416|ace|ace,CP175237.1,90.789,76,2025,1647,1722,970025,970100,7.72e-23,106,analysis/virulence_adherence/blast_72/GCA_050506915.1.tsv,+
GCA_050506915.1,Bacteraemia,VFG002166|WP_010714416|ace|ace,CP175237.1,89.333,75,2025,1084,1158,970449,970523,3.2800000000000003e-21,100,analysis/virulence_adherence/blast_72/GCA_050506915.1.tsv,+
GCA_050506915.1,Bacteraemia,VFG002174|WP_002369251|gelE|gelE,CP175237.1,98.956,1533,1533,1,1533,1651507,1649975,0.0,2693,analysis/virulence_adherence/blast_72/GCA_050506915.1.tsv,-
GCA_050506915.1,Bacteraemia,VFG002179|AAD09858|esp|esp,CP175237.1,99.268,2734,5622,1,2734,356266,358999,0.0,4841,analysis/virulence_adherence/blast_72/GCA_050506915.1.tsv,+
GCA_050506915.1,Bacteraemia,VFG002179|AAD09858|esp|esp,CP175237.1,98.97,2233,5622,2487,4719,358500,360732,0.0,3924,analysis/virulence_adherence/blast_72/GCA_050506915.1.tsv,+
GCA_050506915.1,Bacteraemia,VFG002179|AAD09858|esp|esp,CP175237.1,97.648,2253,5622,3370,5622,359137,361389,0.0,3825,analysis/virulence_adherence/blast_72/GCA_050506915.1.tsv,+
GCA_050506915.1,Bacteraemia,VFG002179|AAD09858|esp|esp,CP175237.1,96.074,1350,5622,3616,4965,359137,360486,0.0,2196,analysis/virulence_adherence/blast_72/GCA_050506915.1.tsv,+
GCA_050506915.1,Bacteraemia,VFG002179|AAD09858|esp|esp,CP175237.1,96.074,1350,5622,3124,4473,359383,360732,0.0,2196,analysis/virulence_adherence/blast_72/GCA_050506915.1.tsv,+
GCA_050506915.1,Bacteraemia,VFG002179|AAD09858|esp|esp,CP175237.1,95.471,1104,5622,3124,4227,359629,360732,0.0,1766,analysis/virulence_adherence/blast_72/GCA_050506915.1.tsv,+
GCA_050506915.1,Bacteraemia,VFG002179|AAD09858|esp|esp,CP175237.1,95.199,1104,5622,3862,4965,359137,360240,0.0,1753,analysis/virulence_adherence/blast_72/GCA_050506915.1.tsv,+
GCA_050506915.1,Bacteraemia,VFG002179|AAD09858|esp|esp,CP175237.1,94.802,885,5622,4108,4986,359137,360021,0.0,1390,analysis/virulence_adherence/blast_72/GCA_050506915.1.tsv,+
GCA_050506915.1,Bacteraemia,VFG002179|AAD09858|esp|esp,CP175237.1,94.35,885,5622,3124,4008,359875,360753,0.0,1372,analysis/virulence_adherence/blast_72/GCA_050506915.1.tsv,+
GCA_050506915.1,Bacteraemia,VFG002179|AAD09858|esp|esp,CP175237.1,94.444,612,5622,4354,4965,359137,359748,0.0,951,analysis/virulence_adherence/blast_72/GCA_050506915.1.tsv,+
GCA_050506915.1,Bacteraemia,VFG002179|AAD09858|esp|esp,CP175237.1,93.954,612,5622,3124,3735,360121,360732,0.0,938,analysis/virulence_adherence/blast_72/GCA_050506915.1.tsv,+
GCA_050506915.1,Bacteraemia,VFG002179|AAD09858|esp|esp,CP175237.1,90.71,366,5622,4600,4965,359137,359502,1.88e-143,508,analysis/virulence_adherence/blast_72/GCA_050506915.1.tsv,+
GCA_050506915.1,Bacteraemia,VFG002179|AAD09858|esp|esp,CP175237.1,90.437,366,5622,3124,3489,360367,360732,8e-142,503,analysis/virulence_adherence/blast_72/GCA_050506915.1.tsv,+
GCA_050506915.1,Bacteraemia,VFG002179|AAD09858|esp|esp,CP175237.1,98.387,248,5622,2739,2986,358500,358747,4.15e-120,430,analysis/virulence_adherence/blast_72/GCA_050506915.1.tsv,+
GCA_050506915.1,Bacteraemia,VFG002179|AAD09858|esp|esp,CP175237.1,95.161,248,5622,2235,2482,358752,358999,2.99e-109,394,analysis/virulence_adherence/blast_72/GCA_050506915.1.tsv,+
GCA_050506915.1,Bacteraemia,VFG002179|AAD09858|esp|esp,CP175237.1,84.536,194,5622,2989,3182,360715,360908,1.66e-55,215,analysis/virulence_adherence/blast_72/GCA_050506915.1.tsv,+
GCA_050506915.1,Bacteraemia,VFG002179|AAD09858|esp|esp,CP175237.1,84.021,194,5622,4948,5141,359002,359195,7.05e-54,211,analysis/virulence_adherence/blast_72/GCA_050506915.1.tsv,+
GCA_050506915.1,Bacteraemia,VFG002191|WP_002369252|sprE|sprE,CP175237.1,98.48,855,855,1,855,1649926,1649072,0.0,1484,analysis/virulence_adherence/blast_72/GCA_050506915.1.tsv,-
GCA_050506915.1,Bacteraemia,VFG042976|WP_154081516|ebpA|ebpA,CP175237.1,99.942,3465,3465,1,3465,923274,926738,0.0,6240,analysis/virulence_adherence/blast_72/GCA_050506915.1.tsv,+
GCA_050506915.1,Bacteraemia,VFG042977|WP_002379309|ebpB|ebpB,CP175237.1,99.161,1431,1431,1,1431,926742,928172,0.0,2527,analysis/virulence_adherence/blast_72/GCA_050506915.1.tsv,+
GCA_050506915.1,Bacteraemia,VFG042978|WP_011109477|ebpC|ebpC,CP175237.1,99.045,1884,1878,1,1878,928169,930052,0.0,3318,analysis/virulence_adherence/blast_72/GCA_050506915.1.tsv,+
GCA_050506925.1,Bacteraemia,VFG002165|WP_002356954|efaA|efaA,CP175233.1,99.569,927,927,1,927,1105365,1104439,0.0,1654,analysis/virulence_adherence/blast_72/GCA_050506925.1.tsv,-
GCA_050506925.1,Bacteraemia,VFG002165|WP_002356954|efaA|efaA,CP175233.1,68.237,828,927,81,890,2457750,2456941,4.82e-72,269,analysis/virulence_adherence/blast_72/GCA_050506925.1.tsv,-
GCA_050506925.1,Bacteraemia,VFG002166|WP_010714416|ace|ace,CP175233.1,96.837,1581,2025,1,1581,1906183,1904603,0.0,2626,analysis/virulence_adherence/blast_72/GCA_050506925.1.tsv,-
GCA_050506925.1,Bacteraemia,VFG002166|WP_010714416|ace|ace,CP175233.1,95.381,801,2025,1225,2025,1905100,1904300,0.0,1278,analysis/virulence_adherence/blast_72/GCA_050506925.1.tsv,-
GCA_050506925.1,Bacteraemia,VFG002166|WP_010714416|ace|ace,CP175233.1,92.157,357,2025,1366,1722,1905100,1904744,3.71e-147,518,analysis/virulence_adherence/blast_72/GCA_050506925.1.tsv,-
GCA_050506925.1,Bacteraemia,VFG002166|WP_010714416|ace|ace,CP175233.1,91.877,357,2025,1084,1440,1904959,1904603,1.58e-145,514,analysis/virulence_adherence/blast_72/GCA_050506925.1.tsv,-
GCA_050506925.1,Bacteraemia,VFG002166|WP_010714416|ace|ace,CP175233.1,91.204,216,2025,1084,1299,1904818,1904603,1.48e-82,305,analysis/virulence_adherence/blast_72/GCA_050506925.1.tsv,-
GCA_050506925.1,Bacteraemia,VFG002166|WP_010714416|ace|ace,CP175233.1,90.278,216,2025,1507,1722,1905100,1904885,7.68e-80,296,analysis/virulence_adherence/blast_72/GCA_050506925.1.tsv,-
GCA_050506925.1,Bacteraemia,VFG002166|WP_010714416|ace|ace,CP175233.1,90.789,76,2025,1647,1722,1905101,1905026,7.7e-23,106,analysis/virulence_adherence/blast_72/GCA_050506925.1.tsv,-
GCA_050506925.1,Bacteraemia,VFG002166|WP_010714416|ace|ace,CP175233.1,89.333,75,2025,1084,1158,1904677,1904603,3.2800000000000003e-21,100,analysis/virulence_adherence/blast_72/GCA_050506925.1.tsv,-
GCA_050506925.1,Bacteraemia,VFG002174|WP_002369251|gelE|gelE,CP175233.1,98.956,1533,1533,1,1533,1223619,1225151,0.0,2693,analysis/virulence_adherence/blast_72/GCA_050506925.1.tsv,+
GCA_050506925.1,Bacteraemia,VFG002179|AAD09858|esp|esp,CP175233.1,99.268,2734,5622,1,2734,2519075,2516342,0.0,4841,analysis/virulence_adherence/blast_72/GCA_050506925.1.tsv,-
GCA_050506925.1,Bacteraemia,VFG002179|AAD09858|esp|esp,CP175233.1,98.97,2233,5622,2487,4719,2516841,2514609,0.0,3924,analysis/virulence_adherence/blast_72/GCA_050506925.1.tsv,-
GCA_050506925.1,Bacteraemia,VFG002179|AAD09858|esp|esp,CP175233.1,97.648,2253,5622,3370,5622,2516204,2513952,0.0,3825,analysis/virulence_adherence/blast_72/GCA_050506925.1.tsv,-
GCA_050506925.1,Bacteraemia,VFG002179|AAD09858|esp|esp,CP175233.1,96.074,1350,5622,3124,4473,2515958,2514609,0.0,2196,analysis/virulence_adherence/blast_72/GCA_050506925.1.tsv,-
GCA_050506925.1,Bacteraemia,VFG002179|AAD09858|esp|esp,CP175233.1,96.074,1350,5622,3616,4965,2516204,2514855,0.0,2196,analysis/virulence_adherence/blast_72/GCA_050506925.1.tsv,-
GCA_050506925.1,Bacteraemia,VFG002179|AAD09858|esp|esp,CP175233.1,95.471,1104,5622,3124,4227,2515712,2514609,0.0,1766,analysis/virulence_adherence/blast_72/GCA_050506925.1.tsv,-
GCA_050506925.1,Bacteraemia,VFG002179|AAD09858|esp|esp,CP175233.1,95.199,1104,5622,3862,4965,2516204,2515101,0.0,1753,analysis/virulence_adherence/blast_72/GCA_050506925.1.tsv,-
GCA_050506925.1,Bacteraemia,VFG002179|AAD09858|esp|esp,CP175233.1,94.802,885,5622,4108,4986,2516204,2515320,0.0,1390,analysis/virulence_adherence/blast_72/GCA_050506925.1.tsv,-
GCA_050506925.1,Bacteraemia,VFG002179|AAD09858|esp|esp,CP175233.1,94.35,885,5622,3124,4008,2515466,2514588,0.0,1372,analysis/virulence_adherence/blast_72/GCA_050506925.1.tsv,-
GCA_050506925.1,Bacteraemia,VFG002179|AAD09858|esp|esp,CP175233.1,94.444,612,5622,4354,4965,2516204,2515593,0.0,951,analysis/virulence_adherence/blast_72/GCA_050506925.1.tsv,-
GCA_050506925.1,Bacteraemia,VFG002179|AAD09858|esp|esp,CP175233.1,93.954,612,5622,3124,3735,2515220,2514609,0.0,938,analysis/virulence_adherence/blast_72/GCA_050506925.1.tsv,-
GCA_050506925.1,Bacteraemia,VFG002179|AAD09858|esp|esp,CP175233.1,90.71,366,5622,4600,4965,2516204,2515839,1.88e-143,508,analysis/virulence_adherence/blast_72/GCA_050506925.1.tsv,-
GCA_050506925.1,Bacteraemia,VFG002179|AAD09858|esp|esp,CP175233.1,90.437,366,5622,3124,3489,2514974,2514609,7.99e-142,503,analysis/virulence_adherence/blast_72/GCA_050506925.1.tsv,-
GCA_050506925.1,Bacteraemia,VFG002179|AAD09858|esp|esp,CP175233.1,98.387,248,5622,2739,2986,2516841,2516594,4.14e-120,430,analysis/virulence_adherence/blast_72/GCA_050506925.1.tsv,-
GCA_050506925.1,Bacteraemia,VFG002179|AAD09858|esp|esp,CP175233.1,95.161,248,5622,2235,2482,2516589,2516342,2.98e-109,394,analysis/virulence_adherence/blast_72/GCA_050506925.1.tsv,-
GCA_050506925.1,Bacteraemia,VFG002179|AAD09858|esp|esp,CP175233.1,84.536,194,5622,2989,3182,2514626,2514433,1.65e-55,215,analysis/virulence_adherence/blast_72/GCA_050506925.1.tsv,-
GCA_050506925.1,Bacteraemia,VFG002179|AAD09858|esp|esp,CP175233.1,84.021,194,5622,4948,5141,2516339,2516146,7.029999999999999e-54,211,analysis/virulence_adherence/blast_72/GCA_050506925.1.tsv,-
GCA_050506925.1,Bacteraemia,VFG002191|WP_002369252|sprE|sprE,CP175233.1,98.48,855,855,1,855,1225200,1226054,0.0,1484,analysis/virulence_adherence/blast_72/GCA_050506925.1.tsv,+
GCA_050506925.1,Bacteraemia,VFG042976|WP_154081516|ebpA|ebpA,CP175233.1,99.942,3465,3465,1,3465,1952067,1948603,0.0,6240,analysis/virulence_adherence/blast_72/GCA_050506925.1.tsv,-
GCA_050506925.1,Bacteraemia,VFG042977|WP_002379309|ebpB|ebpB,CP175233.1,99.161,1431,1431,1,1431,1948599,1947169,0.0,2527,analysis/virulence_adherence/blast_72/GCA_050506925.1.tsv,-
GCA_050506925.1,Bacteraemia,VFG042978|WP_011109477|ebpC|ebpC,CP175233.1,99.045,1884,1878,1,1878,1947172,1945289,0.0,3318,analysis/virulence_adherence/blast_72/GCA_050506925.1.tsv,-
GCA_050506935.1,Bacteraemia,VFG002165|WP_002356954|efaA|efaA,CP175230.1,99.569,927,927,1,927,1045263,1044337,0.0,1654,analysis/virulence_adherence/blast_72/GCA_050506935.1.tsv,-
GCA_050506935.1,Bacteraemia,VFG002165|WP_002356954|efaA|efaA,CP175230.1,68.237,828,927,81,890,2397650,2396841,4.83e-72,269,analysis/virulence_adherence/blast_72/GCA_050506935.1.tsv,-
GCA_050506935.1,Bacteraemia,VFG002166|WP_010714416|ace|ace,CP175230.1,96.837,1581,2025,1,1581,1846083,1844503,0.0,2626,analysis/virulence_adherence/blast_72/GCA_050506935.1.tsv,-
GCA_050506935.1,Bacteraemia,VFG002166|WP_010714416|ace|ace,CP175230.1,95.381,801,2025,1225,2025,1845000,1844200,0.0,1278,analysis/virulence_adherence/blast_72/GCA_050506935.1.tsv,-
GCA_050506935.1,Bacteraemia,VFG002166|WP_010714416|ace|ace,CP175230.1,92.157,357,2025,1366,1722,1845000,1844644,3.72e-147,518,analysis/virulence_adherence/blast_72/GCA_050506935.1.tsv,-
GCA_050506935.1,Bacteraemia,VFG002166|WP_010714416|ace|ace,CP175230.1,91.877,357,2025,1084,1440,1844859,1844503,1.58e-145,514,analysis/virulence_adherence/blast_72/GCA_050506935.1.tsv,-
GCA_050506935.1,Bacteraemia,VFG002166|WP_010714416|ace|ace,CP175230.1,91.204,216,2025,1084,1299,1844718,1844503,1.4899999999999998e-82,305,analysis/virulence_adherence/blast_72/GCA_050506935.1.tsv,-
GCA_050506935.1,Bacteraemia,VFG002166|WP_010714416|ace|ace,CP175230.1,90.278,216,2025,1507,1722,1845000,1844785,7.7e-80,296,analysis/virulence_adherence/blast_72/GCA_050506935.1.tsv,-
GCA_050506935.1,Bacteraemia,VFG002166|WP_010714416|ace|ace,CP175230.1,90.789,76,2025,1647,1722,1845001,1844926,7.72e-23,106,analysis/virulence_adherence/blast_72/GCA_050506935.1.tsv,-
GCA_050506935.1,Bacteraemia,VFG002166|WP_010714416|ace|ace,CP175230.1,89.333,75,2025,1084,1158,1844577,1844503,3.2800000000000003e-21,100,analysis/virulence_adherence/blast_72/GCA_050506935.1.tsv,-
GCA_050506935.1,Bacteraemia,VFG002174|WP_002369251|gelE|gelE,CP175230.1,98.956,1533,1533,1,1533,1163517,1165049,0.0,2693,analysis/virulence_adherence/blast_72/GCA_050506935.1.tsv,+
GCA_050506935.1,Bacteraemia,VFG002179|AAD09858|esp|esp,CP175230.1,99.268,2734,5622,1,2734,2458975,2456242,0.0,4841,analysis/virulence_adherence/blast_72/GCA_050506935.1.tsv,-
GCA_050506935.1,Bacteraemia,VFG002179|AAD09858|esp|esp,CP175230.1,98.97,2233,5622,2487,4719,2456741,2454509,0.0,3924,analysis/virulence_adherence/blast_72/GCA_050506935.1.tsv,-
GCA_050506935.1,Bacteraemia,VFG002179|AAD09858|esp|esp,CP175230.1,97.648,2253,5622,3370,5622,2456104,2453852,0.0,3825,analysis/virulence_adherence/blast_72/GCA_050506935.1.tsv,-
GCA_050506935.1,Bacteraemia,VFG002179|AAD09858|esp|esp,CP175230.1,96.074,1350,5622,3124,4473,2455858,2454509,0.0,2196,analysis/virulence_adherence/blast_72/GCA_050506935.1.tsv,-
GCA_050506935.1,Bacteraemia,VFG002179|AAD09858|esp|esp,CP175230.1,96.074,1350,5622,3616,4965,2456104,2454755,0.0,2196,analysis/virulence_adherence/blast_72/GCA_050506935.1.tsv,-
GCA_050506935.1,Bacteraemia,VFG002179|AAD09858|esp|esp,CP175230.1,95.471,1104,5622,3124,4227,2455612,2454509,0.0,1766,analysis/virulence_adherence/blast_72/GCA_050506935.1.tsv,-
GCA_050506935.1,Bacteraemia,VFG002179|AAD09858|esp|esp,CP175230.1,95.199,1104,5622,3862,4965,2456104,2455001,0.0,1753,analysis/virulence_adherence/blast_72/GCA_050506935.1.tsv,-
GCA_050506935.1,Bacteraemia,VFG002179|AAD09858|esp|esp,CP175230.1,94.802,885,5622,4108,4986,2456104,2455220,0.0,1390,analysis/virulence_adherence/blast_72/GCA_050506935.1.tsv,-
GCA_050506935.1,Bacteraemia,VFG002179|AAD09858|esp|esp,CP175230.1,94.35,885,5622,3124,4008,2455366,2454488,0.0,1372,analysis/virulence_adherence/blast_72/GCA_050506935.1.tsv,-
GCA_050506935.1,Bacteraemia,VFG002179|AAD09858|esp|esp,CP175230.1,94.444,612,5622,4354,4965,2456104,2455493,0.0,951,analysis/virulence_adherence/blast_72/GCA_050506935.1.tsv,-
GCA_050506935.1,Bacteraemia,VFG002179|AAD09858|esp|esp,CP175230.1,93.954,612,5622,3124,3735,2455120,2454509,0.0,938,analysis/virulence_adherence/blast_72/GCA_050506935.1.tsv,-
GCA_050506935.1,Bacteraemia,VFG002179|AAD09858|esp|esp,CP175230.1,90.71,366,5622,4600,4965,2456104,2455739,1.88e-143,508,analysis/virulence_adherence/blast_72/GCA_050506935.1.tsv,-
GCA_050506935.1,Bacteraemia,VFG002179|AAD09858|esp|esp,CP175230.1,90.437,366,5622,3124,3489,2454874,2454509,8.01e-142,503,analysis/virulence_adherence/blast_72/GCA_050506935.1.tsv,-
GCA_050506935.1,Bacteraemia,VFG002179|AAD09858|esp|esp,CP175230.1,98.387,248,5622,2739,2986,2456741,2456494,4.15e-120,430,analysis/virulence_adherence/blast_72/GCA_050506935.1.tsv,-
GCA_050506935.1,Bacteraemia,VFG002179|AAD09858|esp|esp,CP175230.1,95.161,248,5622,2235,2482,2456489,2456242,2.99e-109,394,analysis/virulence_adherence/blast_72/GCA_050506935.1.tsv,-
GCA_050506935.1,Bacteraemia,VFG002179|AAD09858|esp|esp,CP175230.1,84.536,194,5622,2989,3182,2454526,2454333,1.66e-55,215,analysis/virulence_adherence/blast_72/GCA_050506935.1.tsv,-
GCA_050506935.1,Bacteraemia,VFG002179|AAD09858|esp|esp,CP175230.1,84.021,194,5622,4948,5141,2456239,2456046,7.05e-54,211,analysis/virulence_adherence/blast_72/GCA_050506935.1.tsv,-
GCA_050506935.1,Bacteraemia,VFG002191|WP_002369252|sprE|sprE,CP175230.1,98.48,855,855,1,855,1165098,1165952,0.0,1484,analysis/virulence_adherence/blast_72/GCA_050506935.1.tsv,+
GCA_050506935.1,Bacteraemia,VFG042976|WP_154081516|ebpA|ebpA,CP175230.1,99.942,3465,3465,1,3465,1891967,1888503,0.0,6240,analysis/virulence_adherence/blast_72/GCA_050506935.1.tsv,-
GCA_050506935.1,Bacteraemia,VFG042977|WP_002379309|ebpB|ebpB,CP175230.1,99.161,1431,1431,1,1431,1888499,1887069,0.0,2527,analysis/virulence_adherence/blast_72/GCA_050506935.1.tsv,-
GCA_050506935.1,Bacteraemia,VFG042978|WP_011109477|ebpC|ebpC,CP175230.1,99.045,1884,1878,1,1878,1887072,1885189,0.0,3318,analysis/virulence_adherence/blast_72/GCA_050506935.1.tsv,-
GCA_050506985.1,Bacteraemia,VFG002165|WP_002356954|efaA|efaA,CP175228.1,99.569,927,927,1,927,1045263,1044337,0.0,1654,analysis/virulence_adherence/blast_72/GCA_050506985.1.tsv,-
GCA_050506985.1,Bacteraemia,VFG002165|WP_002356954|efaA|efaA,CP175228.1,68.237,828,927,81,890,2397648,2396839,4.82e-72,269,analysis/virulence_adherence/blast_72/GCA_050506985.1.tsv,-
GCA_050506985.1,Bacteraemia,VFG002166|WP_010714416|ace|ace,CP175228.1,96.837,1581,2025,1,1581,1846081,1844501,0.0,2626,analysis/virulence_adherence/blast_72/GCA_050506985.1.tsv,-
GCA_050506985.1,Bacteraemia,VFG002166|WP_010714416|ace|ace,CP175228.1,95.381,801,2025,1225,2025,1844998,1844198,0.0,1278,analysis/virulence_adherence/blast_72/GCA_050506985.1.tsv,-
GCA_050506985.1,Bacteraemia,VFG002166|WP_010714416|ace|ace,CP175228.1,92.157,357,2025,1366,1722,1844998,1844642,3.71e-147,518,analysis/virulence_adherence/blast_72/GCA_050506985.1.tsv,-
GCA_050506985.1,Bacteraemia,VFG002166|WP_010714416|ace|ace,CP175228.1,91.877,357,2025,1084,1440,1844857,1844501,1.58e-145,514,analysis/virulence_adherence/blast_72/GCA_050506985.1.tsv,-
GCA_050506985.1,Bacteraemia,VFG002166|WP_010714416|ace|ace,CP175228.1,91.204,216,2025,1084,1299,1844716,1844501,1.48e-82,305,analysis/virulence_adherence/blast_72/GCA_050506985.1.tsv,-
GCA_050506985.1,Bacteraemia,VFG002166|WP_010714416|ace|ace,CP175228.1,90.278,216,2025,1507,1722,1844998,1844783,7.68e-80,296,analysis/virulence_adherence/blast_72/GCA_050506985.1.tsv,-
GCA_050506985.1,Bacteraemia,VFG002166|WP_010714416|ace|ace,CP175228.1,90.789,76,2025,1647,1722,1844999,1844924,7.7e-23,106,analysis/virulence_adherence/blast_72/GCA_050506985.1.tsv,-
GCA_050506985.1,Bacteraemia,VFG002166|WP_010714416|ace|ace,CP175228.1,89.333,75,2025,1084,1158,1844575,1844501,3.2800000000000003e-21,100,analysis/virulence_adherence/blast_72/GCA_050506985.1.tsv,-
GCA_050506985.1,Bacteraemia,VFG002174|WP_002369251|gelE|gelE,CP175228.1,98.956,1533,1533,1,1533,1163517,1165049,0.0,2693,analysis/virulence_adherence/blast_72/GCA_050506985.1.tsv,+
GCA_050506985.1,Bacteraemia,VFG002179|AAD09858|esp|esp,CP175228.1,99.268,2734,5622,1,2734,2458973,2456240,0.0,4841,analysis/virulence_adherence/blast_72/GCA_050506985.1.tsv,-
GCA_050506985.1,Bacteraemia,VFG002179|AAD09858|esp|esp,CP175228.1,98.97,2233,5622,2487,4719,2456739,2454507,0.0,3924,analysis/virulence_adherence/blast_72/GCA_050506985.1.tsv,-
GCA_050506985.1,Bacteraemia,VFG002179|AAD09858|esp|esp,CP175228.1,97.648,2253,5622,3370,5622,2456102,2453850,0.0,3825,analysis/virulence_adherence/blast_72/GCA_050506985.1.tsv,-
GCA_050506985.1,Bacteraemia,VFG002179|AAD09858|esp|esp,CP175228.1,96.074,1350,5622,3124,4473,2455856,2454507,0.0,2196,analysis/virulence_adherence/blast_72/GCA_050506985.1.tsv,-
GCA_050506985.1,Bacteraemia,VFG002179|AAD09858|esp|esp,CP175228.1,96.074,1350,5622,3616,4965,2456102,2454753,0.0,2196,analysis/virulence_adherence/blast_72/GCA_050506985.1.tsv,-
GCA_050506985.1,Bacteraemia,VFG002179|AAD09858|esp|esp,CP175228.1,95.471,1104,5622,3124,4227,2455610,2454507,0.0,1766,analysis/virulence_adherence/blast_72/GCA_050506985.1.tsv,-
GCA_050506985.1,Bacteraemia,VFG002179|AAD09858|esp|esp,CP175228.1,95.199,1104,5622,3862,4965,2456102,2454999,0.0,1753,analysis/virulence_adherence/blast_72/GCA_050506985.1.tsv,-
GCA_050506985.1,Bacteraemia,VFG002179|AAD09858|esp|esp,CP175228.1,94.802,885,5622,4108,4986,2456102,2455218,0.0,1390,analysis/virulence_adherence/blast_72/GCA_050506985.1.tsv,-
GCA_050506985.1,Bacteraemia,VFG002179|AAD09858|esp|esp,CP175228.1,94.35,885,5622,3124,4008,2455364,2454486,0.0,1372,analysis/virulence_adherence/blast_72/GCA_050506985.1.tsv,-
GCA_050506985.1,Bacteraemia,VFG002179|AAD09858|esp|esp,CP175228.1,94.444,612,5622,4354,4965,2456102,2455491,0.0,951,analysis/virulence_adherence/blast_72/GCA_050506985.1.tsv,-
GCA_050506985.1,Bacteraemia,VFG002179|AAD09858|esp|esp,CP175228.1,93.954,612,5622,3124,3735,2455118,2454507,0.0,938,analysis/virulence_adherence/blast_72/GCA_050506985.1.tsv,-
GCA_050506985.1,Bacteraemia,VFG002179|AAD09858|esp|esp,CP175228.1,90.71,366,5622,4600,4965,2456102,2455737,1.88e-143,508,analysis/virulence_adherence/blast_72/GCA_050506985.1.tsv,-
GCA_050506985.1,Bacteraemia,VFG002179|AAD09858|esp|esp,CP175228.1,90.437,366,5622,3124,3489,2454872,2454507,7.99e-142,503,analysis/virulence_adherence/blast_72/GCA_050506985.1.tsv,-
GCA_050506985.1,Bacteraemia,VFG002179|AAD09858|esp|esp,CP175228.1,98.387,248,5622,2739,2986,2456739,2456492,4.14e-120,430,analysis/virulence_adherence/blast_72/GCA_050506985.1.tsv,-
GCA_050506985.1,Bacteraemia,VFG002179|AAD09858|esp|esp,CP175228.1,95.161,248,5622,2235,2482,2456487,2456240,2.98e-109,394,analysis/virulence_adherence/blast_72/GCA_050506985.1.tsv,-
GCA_050506985.1,Bacteraemia,VFG002179|AAD09858|esp|esp,CP175228.1,84.536,194,5622,2989,3182,2454524,2454331,1.65e-55,215,analysis/virulence_adherence/blast_72/GCA_050506985.1.tsv,-
GCA_050506985.1,Bacteraemia,VFG002179|AAD09858|esp|esp,CP175228.1,84.021,194,5622,4948,5141,2456237,2456044,7.029999999999999e-54,211,analysis/virulence_adherence/blast_72/GCA_050506985.1.tsv,-
GCA_050506985.1,Bacteraemia,VFG002191|WP_002369252|sprE|sprE,CP175228.1,98.48,855,855,1,855,1165098,1165952,0.0,1484,analysis/virulence_adherence/blast_72/GCA_050506985.1.tsv,+
GCA_050506985.1,Bacteraemia,VFG042976|WP_154081516|ebpA|ebpA,CP175228.1,99.942,3465,3465,1,3465,1891965,1888501,0.0,6240,analysis/virulence_adherence/blast_72/GCA_050506985.1.tsv,-
GCA_050506985.1,Bacteraemia,VFG042977|WP_002379309|ebpB|ebpB,CP175228.1,99.161,1431,1431,1,1431,1888497,1887067,0.0,2527,analysis/virulence_adherence/blast_72/GCA_050506985.1.tsv,-
GCA_050506985.1,Bacteraemia,VFG042978|WP_011109477|ebpC|ebpC,CP175228.1,99.045,1884,1878,1,1878,1887070,1885187,0.0,3318,analysis/virulence_adherence/blast_72/GCA_050506985.1.tsv,-
GCA_050506995.1,Bacteraemia,VFG002164|WP_002395058|prgB/asc10|aggregation_substance_context,CP175225.1,95.384,3921,3918,2,3918,155853,159770,0.0,6249,analysis/virulence_adherence/blast_72/GCA_050506995.1.tsv,+
GCA_050506995.1,Bacteraemia,VFG002164|WP_002395058|prgB/asc10|aggregation_substance_context,CP175225.1,89.626,3875,3918,1,3855,2708590,2704730,0.0,5162,analysis/virulence_adherence/blast_72/GCA_050506995.1.tsv,-
GCA_050506995.1,Bacteraemia,VFG002165|WP_002356954|efaA|efaA,CP175225.1,99.461,927,927,1,927,1655574,1656500,0.0,1650,analysis/virulence_adherence/blast_72/GCA_050506995.1.tsv,+
GCA_050506995.1,Bacteraemia,VFG002165|WP_002356954|efaA|efaA,CP175225.1,68.237,828,927,81,890,256811,257620,4.91e-72,269,analysis/virulence_adherence/blast_72/GCA_050506995.1.tsv,+
GCA_050506995.1,Bacteraemia,VFG002166|WP_010714416|ace|ace,CP175225.1,96.142,1581,2025,1,1581,790919,792499,0.0,2577,analysis/virulence_adherence/blast_72/GCA_050506995.1.tsv,+
GCA_050506995.1,Bacteraemia,VFG002166|WP_010714416|ace|ace,CP175225.1,95.256,801,2025,1225,2025,792002,792802,0.0,1274,analysis/virulence_adherence/blast_72/GCA_050506995.1.tsv,+
GCA_050506995.1,Bacteraemia,VFG002166|WP_010714416|ace|ace,CP175225.1,91.317,357,2025,1084,1440,792143,792499,8.32e-143,505,analysis/virulence_adherence/blast_72/GCA_050506995.1.tsv,+
GCA_050506995.1,Bacteraemia,VFG002166|WP_010714416|ace|ace,CP175225.1,90.756,357,2025,1366,1722,792002,792358,4.31e-140,496,analysis/virulence_adherence/blast_72/GCA_050506995.1.tsv,+
GCA_050506995.1,Bacteraemia,VFG002166|WP_010714416|ace|ace,CP175225.1,89.352,216,2025,1084,1299,792284,792499,4.05e-77,287,analysis/virulence_adherence/blast_72/GCA_050506995.1.tsv,+
GCA_050506995.1,Bacteraemia,VFG002166|WP_010714416|ace|ace,CP175225.1,87.963,216,2025,1507,1722,792002,792217,2.5600000000000002e-73,273,analysis/virulence_adherence/blast_72/GCA_050506995.1.tsv,+
GCA_050506995.1,Bacteraemia,VFG002171|WP_011109430|EF0149|aggregation_substance_context,CP175225.1,98.367,3919,3918,1,3918,2708590,2704673,0.0,6772,analysis/virulence_adherence/blast_72/GCA_050506995.1.tsv,-
GCA_050506995.1,Bacteraemia,VFG002171|WP_011109430|EF0149|aggregation_substance_context,CP175225.1,89.432,3870,3918,2,3855,155853,159701,0.0,5111,analysis/virulence_adherence/blast_72/GCA_050506995.1.tsv,+
GCA_050506995.1,Bacteraemia,VFG002172|WP_010710127|EF0485|aggregation_substance_context,CP175225.1,99.49,3919,3918,1,3918,155852,159770,0.0,6974,analysis/virulence_adherence/blast_72/GCA_050506995.1.tsv,+
GCA_050506995.1,Bacteraemia,VFG002172|WP_010710127|EF0485|aggregation_substance_context,CP175225.1,90.072,3868,3918,2,3849,2708589,2704736,0.0,5231,analysis/virulence_adherence/blast_72/GCA_050506995.1.tsv,-
GCA_050506995.1,Bacteraemia,VFG002173|WP_010785625|asa1|asa1_or_validated_equivalent,CP175225.1,94.764,2292,3891,1603,3891,157481,159770,0.0,3584,analysis/virulence_adherence/blast_72/GCA_050506995.1.tsv,+
GCA_050506995.1,Bacteraemia,VFG002173|WP_010785625|asa1|asa1_or_validated_equivalent,CP175225.1,95.045,2220,3891,1603,3822,2706955,2704736,0.0,3508,analysis/virulence_adherence/blast_72/GCA_050506995.1.tsv,-
GCA_050506995.1,Bacteraemia,VFG002173|WP_010785625|asa1|asa1_or_validated_equivalent,CP175225.1,91.94,794,3891,1,794,2708590,2707797,0.0,1144,analysis/virulence_adherence/blast_72/GCA_050506995.1.tsv,-
GCA_050506995.1,Bacteraemia,VFG002173|WP_010785625|asa1|asa1_or_validated_equivalent,CP175225.1,90.482,830,3891,2,829,155853,156680,0.0,1136,analysis/virulence_adherence/blast_72/GCA_050506995.1.tsv,+
GCA_050506995.1,Bacteraemia,VFG002174|WP_002369251|gelE|gelE,CP175225.1,98.891,1533,1533,1,1533,1447340,1445808,0.0,2689,analysis/virulence_adherence/blast_72/GCA_050506995.1.tsv,-
GCA_050506995.1,Bacteraemia,VFG002175|AAM75248|cylR1|cytolysin_operon_context,CP175225.1,100.0,285,285,1,285,190193,189909,6.03e-147,515,analysis/virulence_adherence/blast_72/GCA_050506995.1.tsv,-
GCA_050506995.1,Bacteraemia,VFG002176|AAM75252|cylB|cytolysin_operon_context,CP175225.1,99.417,1372,2145,774,2145,196257,197628,0.0,2439,analysis/virulence_adherence/blast_72/GCA_050506995.1.tsv,+
GCA_050506995.1,Bacteraemia,VFG002176|AAM75252|cylB|cytolysin_operon_context,CP175225.1,100.0,790,2145,1,790,193797,194586,0.0,1425,analysis/virulence_adherence/blast_72/GCA_050506995.1.tsv,+
GCA_050506995.1,Bacteraemia,VFG002177|AAM75253|cylA|cylA,CP175225.1,99.839,1239,1239,1,1239,197625,198863,0.0,2226,analysis/virulence_adherence/blast_72/GCA_050506995.1.tsv,+
GCA_050506995.1,Bacteraemia,VFG002178|AAM75254|cylI|cytolysin_operon_context,CP175225.1,97.256,984,984,1,984,198864,199847,0.0,1654,analysis/virulence_adherence/blast_72/GCA_050506995.1.tsv,+
GCA_050506995.1,Bacteraemia,VFG002179|AAD09858|esp|esp,CP175225.1,99.929,5622,5622,1,5622,204511,210132,0.0,10121,analysis/virulence_adherence/blast_72/GCA_050506995.1.tsv,+
GCA_050506995.1,Bacteraemia,VFG002179|AAD09858|esp|esp,CP175225.1,96.992,1596,5622,3124,4719,207880,209475,0.0,2663,analysis/virulence_adherence/blast_72/GCA_050506995.1.tsv,+
GCA_050506995.1,Bacteraemia,VFG002179|AAD09858|esp|esp,CP175225.1,96.742,1596,5622,3370,4965,207634,209229,0.0,2645,analysis/virulence_adherence/blast_72/GCA_050506995.1.tsv,+
GCA_050506995.1,Bacteraemia,VFG002179|AAD09858|esp|esp,CP175225.1,96.296,1350,5622,3124,4473,208126,209475,0.0,2210,analysis/virulence_adherence/blast_72/GCA_050506995.1.tsv,+
GCA_050506995.1,Bacteraemia,VFG002179|AAD09858|esp|esp,CP175225.1,96.148,1350,5622,3616,4965,207634,208983,0.0,2201,analysis/virulence_adherence/blast_72/GCA_050506995.1.tsv,+
GCA_050506995.1,Bacteraemia,VFG002179|AAD09858|esp|esp,CP175225.1,95.652,1104,5622,3124,4227,208372,209475,0.0,1775,analysis/virulence_adherence/blast_72/GCA_050506995.1.tsv,+
GCA_050506995.1,Bacteraemia,VFG002179|AAD09858|esp|esp,CP175225.1,95.471,1104,5622,3862,4965,207634,208737,0.0,1766,analysis/virulence_adherence/blast_72/GCA_050506995.1.tsv,+
GCA_050506995.1,Bacteraemia,VFG002179|AAD09858|esp|esp,CP175225.1,94.915,885,5622,3124,4008,208618,209496,0.0,1395,analysis/virulence_adherence/blast_72/GCA_050506995.1.tsv,+
GCA_050506995.1,Bacteraemia,VFG002179|AAD09858|esp|esp,CP175225.1,94.689,885,5622,4108,4986,207634,208518,0.0,1386,analysis/virulence_adherence/blast_72/GCA_050506995.1.tsv,+
GCA_050506995.1,Bacteraemia,VFG002179|AAD09858|esp|esp,CP175225.1,94.444,612,5622,3124,3735,208864,209475,0.0,951,analysis/virulence_adherence/blast_72/GCA_050506995.1.tsv,+
GCA_050506995.1,Bacteraemia,VFG002179|AAD09858|esp|esp,CP175225.1,94.118,612,5622,4354,4965,207634,208245,0.0,942,analysis/virulence_adherence/blast_72/GCA_050506995.1.tsv,+
GCA_050506995.1,Bacteraemia,VFG002179|AAD09858|esp|esp,CP175225.1,99.2,500,5622,2487,2986,206745,207244,0.0,884,analysis/virulence_adherence/blast_72/GCA_050506995.1.tsv,+
GCA_050506995.1,Bacteraemia,VFG002179|AAD09858|esp|esp,CP175225.1,99.2,500,5622,2235,2734,206997,207496,0.0,884,analysis/virulence_adherence/blast_72/GCA_050506995.1.tsv,+
GCA_050506995.1,Bacteraemia,VFG002179|AAD09858|esp|esp,CP175225.1,90.71,366,5622,4600,4965,207634,207999,1.91e-143,508,analysis/virulence_adherence/blast_72/GCA_050506995.1.tsv,+
GCA_050506995.1,Bacteraemia,VFG002179|AAD09858|esp|esp,CP175225.1,90.71,366,5622,3124,3489,209110,209475,1.91e-143,508,analysis/virulence_adherence/blast_72/GCA_050506995.1.tsv,+
GCA_050506995.1,Bacteraemia,VFG002179|AAD09858|esp|esp,CP175225.1,98.387,248,5622,2739,2986,206745,206992,4.21e-120,430,analysis/virulence_adherence/blast_72/GCA_050506995.1.tsv,+
GCA_050506995.1,Bacteraemia,VFG002179|AAD09858|esp|esp,CP175225.1,98.387,248,5622,2235,2482,207249,207496,4.21e-120,430,analysis/virulence_adherence/blast_72/GCA_050506995.1.tsv,+
GCA_050506995.1,Bacteraemia,VFG002179|AAD09858|esp|esp,CP175225.1,84.021,194,5622,4948,5141,207499,207692,7.159999999999999e-54,211,analysis/virulence_adherence/blast_72/GCA_050506995.1.tsv,+
GCA_050506995.1,Bacteraemia,VFG002179|AAD09858|esp|esp,CP175225.1,84.021,194,5622,2989,3182,209458,209651,7.159999999999999e-54,211,analysis/virulence_adherence/blast_72/GCA_050506995.1.tsv,+
GCA_050506995.1,Bacteraemia,VFG002191|WP_002369252|sprE|sprE,CP175225.1,98.48,855,855,1,855,1445759,1444905,0.0,1484,analysis/virulence_adherence/blast_72/GCA_050506995.1.tsv,-
GCA_050506995.1,Bacteraemia,VFG042976|WP_154081516|ebpA|ebpA,CP175225.1,99.509,3465,3465,1,3465,776916,780380,0.0,6173,analysis/virulence_adherence/blast_72/GCA_050506995.1.tsv,+
GCA_050506995.1,Bacteraemia,VFG042977|WP_002379309|ebpB|ebpB,CP175225.1,99.441,1431,1431,1,1431,780384,781814,0.0,2545,analysis/virulence_adherence/blast_72/GCA_050506995.1.tsv,+
GCA_050506995.1,Bacteraemia,VFG042978|WP_011109477|ebpC|ebpC,CP175225.1,99.363,1884,1878,1,1878,781811,783694,0.0,3345,analysis/virulence_adherence/blast_72/GCA_050506995.1.tsv,+
GCA_050506995.1,Bacteraemia,VFG045470|AAM75247|cylR2|cytolysin_operon_context,CP175225.1,100.0,201,201,1,201,189908,189708,1.64e-101,363,analysis/virulence_adherence/blast_72/GCA_050506995.1.tsv,-
GCA_050506995.1,Bacteraemia,VFG045472|AAM75249|cylL|cytolysin_operon_context,CP175225.1,100.0,207,207,1,207,190312,190518,9.4e-105,374,analysis/virulence_adherence/blast_72/GCA_050506995.1.tsv,+
GCA_050506995.1,Bacteraemia,VFG045472|AAM75249|cylL|cytolysin_operon_context,CP175225.1,88.095,84,207,15,98,190602,190685,2.08e-24,107,analysis/virulence_adherence/blast_72/GCA_050506995.1.tsv,+
GCA_050506995.1,Bacteraemia,VFG045473|AAM75250|cylS|cytolysin_operon_context,CP175225.1,100.0,192,192,1,192,190552,190743,1.2e-96,347,analysis/virulence_adherence/blast_72/GCA_050506995.1.tsv,+
GCA_050506995.1,Bacteraemia,VFG045473|AAM75250|cylS|cytolysin_operon_context,CP175225.1,88.095,84,192,51,134,190326,190409,1.9099999999999997e-24,107,analysis/virulence_adherence/blast_72/GCA_050506995.1.tsv,+
GCA_050506995.1,Bacteraemia,VFG045474|AAM75251|cylM|cytolysin_operon_context,CP175225.1,99.698,2982,2982,1,2982,190804,193785,0.0,5338,analysis/virulence_adherence/blast_72/GCA_050506995.1.tsv,+
GCA_050507065.1,Bacteraemia,VFG002164|WP_002395058|prgB/asc10|aggregation_substance_context,CP175224.1,95.434,3920,3918,2,3918,2319131,2323047,0.0,6259,analysis/virulence_adherence/blast_72/GCA_050507065.1.tsv,+
GCA_050507065.1,Bacteraemia,VFG002164|WP_002395058|prgB/asc10|aggregation_substance_context,CP175224.1,89.703,3875,3918,1,3855,1973349,1969489,0.0,5176,analysis/virulence_adherence/blast_72/GCA_050507065.1.tsv,-
GCA_050507065.1,Bacteraemia,VFG002164|WP_002395058|prgB/asc10|aggregation_substance_context,CP175223.1,94.857,3928,3918,1,3918,1,3927,0.0,6170,analysis/virulence_adherence/blast_72/GCA_050507065.1.tsv,+
GCA_050507065.1,Bacteraemia,VFG002165|WP_002356954|efaA|efaA,CP175224.1,99.461,927,927,1,927,920163,921089,0.0,1650,analysis/virulence_adherence/blast_72/GCA_050507065.1.tsv,+
GCA_050507065.1,Bacteraemia,VFG002165|WP_002356954|efaA|efaA,CP175224.1,68.237,828,927,81,890,2420088,2420897,4.97e-72,269,analysis/virulence_adherence/blast_72/GCA_050507065.1.tsv,+
GCA_050507065.1,Bacteraemia,VFG002166|WP_010714416|ace|ace,CP175224.1,96.142,1581,2025,1,1581,55511,57091,0.0,2577,analysis/virulence_adherence/blast_72/GCA_050507065.1.tsv,+
GCA_050507065.1,Bacteraemia,VFG002166|WP_010714416|ace|ace,CP175224.1,95.256,801,2025,1225,2025,56594,57394,0.0,1274,analysis/virulence_adherence/blast_72/GCA_050507065.1.tsv,+
GCA_050507065.1,Bacteraemia,VFG002166|WP_010714416|ace|ace,CP175224.1,91.317,357,2025,1084,1440,56735,57091,8.43e-143,505,analysis/virulence_adherence/blast_72/GCA_050507065.1.tsv,+
GCA_050507065.1,Bacteraemia,VFG002166|WP_010714416|ace|ace,CP175224.1,90.756,357,2025,1366,1722,56594,56950,4.37e-140,496,analysis/virulence_adherence/blast_72/GCA_050507065.1.tsv,+
GCA_050507065.1,Bacteraemia,VFG002166|WP_010714416|ace|ace,CP175224.1,89.352,216,2025,1084,1299,56876,57091,4.1000000000000004e-77,287,analysis/virulence_adherence/blast_72/GCA_050507065.1.tsv,+
GCA_050507065.1,Bacteraemia,VFG002166|WP_010714416|ace|ace,CP175224.1,87.963,216,2025,1507,1722,56594,56809,2.5900000000000002e-73,273,analysis/virulence_adherence/blast_72/GCA_050507065.1.tsv,+
GCA_050507065.1,Bacteraemia,VFG002171|WP_011109430|EF0149|aggregation_substance_context,CP175224.1,99.974,3918,3918,1,3918,1973349,1969432,0.0,7062,analysis/virulence_adherence/blast_72/GCA_050507065.1.tsv,-
GCA_050507065.1,Bacteraemia,VFG002171|WP_011109430|EF0149|aggregation_substance_context,CP175224.1,89.584,3869,3918,2,3855,2319131,2322978,0.0,5139,analysis/virulence_adherence/blast_72/GCA_050507065.1.tsv,+
GCA_050507065.1,Bacteraemia,VFG002171|WP_011109430|EF0149|aggregation_substance_context,CP175223.1,89.184,3883,3918,1,3855,1,3858,0.0,5085,analysis/virulence_adherence/blast_72/GCA_050507065.1.tsv,+
GCA_050507065.1,Bacteraemia,VFG002172|WP_010710127|EF0485|aggregation_substance_context,CP175224.1,100.0,3918,3918,1,3918,2319130,2323047,0.0,7066,analysis/virulence_adherence/blast_72/GCA_050507065.1.tsv,+
GCA_050507065.1,Bacteraemia,VFG002172|WP_010710127|EF0485|aggregation_substance_context,CP175224.1,89.61,3869,3918,2,3849,1973348,1969495,0.0,5144,analysis/virulence_adherence/blast_72/GCA_050507065.1.tsv,-
GCA_050507065.1,Bacteraemia,VFG002172|WP_010710127|EF0485|aggregation_substance_context,CP175223.1,95.34,3927,3918,2,3918,2,3927,0.0,6254,analysis/virulence_adherence/blast_72/GCA_050507065.1.tsv,+
GCA_050507065.1,Bacteraemia,VFG002173|WP_010785625|asa1|asa1_or_validated_equivalent,CP175223.1,95.217,2300,3891,1603,3891,1630,3927,0.0,3651,analysis/virulence_adherence/blast_72/GCA_050507065.1.tsv,+
GCA_050507065.1,Bacteraemia,VFG002173|WP_010785625|asa1|asa1_or_validated_equivalent,CP175223.1,91.436,794,3891,1,794,1,794,0.0,1126,analysis/virulence_adherence/blast_72/GCA_050507065.1.tsv,+
GCA_050507065.1,Bacteraemia,VFG002173|WP_010785625|asa1|asa1_or_validated_equivalent,CP175224.1,94.718,2291,3891,1603,3891,2320759,2323047,0.0,3581,analysis/virulence_adherence/blast_72/GCA_050507065.1.tsv,+
GCA_050507065.1,Bacteraemia,VFG002173|WP_010785625|asa1|asa1_or_validated_equivalent,CP175224.1,94.595,2220,3891,1603,3822,1971714,1969495,0.0,3463,analysis/virulence_adherence/blast_72/GCA_050507065.1.tsv,-
GCA_050507065.1,Bacteraemia,VFG002173|WP_010785625|asa1|asa1_or_validated_equivalent,CP175224.1,90.482,830,3891,2,829,2319131,2319958,0.0,1136,analysis/virulence_adherence/blast_72/GCA_050507065.1.tsv,+
GCA_050507065.1,Bacteraemia,VFG002173|WP_010785625|asa1|asa1_or_validated_equivalent,CP175224.1,90.932,794,3891,1,794,1973349,1972556,0.0,1108,analysis/virulence_adherence/blast_72/GCA_050507065.1.tsv,-
GCA_050507065.1,Bacteraemia,VFG002174|WP_002369251|gelE|gelE,CP175224.1,98.891,1533,1533,1,1533,711929,710397,0.0,2689,analysis/virulence_adherence/blast_72/GCA_050507065.1.tsv,-
GCA_050507065.1,Bacteraemia,VFG002175|AAM75248|cylR1|cytolysin_operon_context,CP175224.1,100.0,285,285,1,285,2353470,2353186,6.11e-147,515,analysis/virulence_adherence/blast_72/GCA_050507065.1.tsv,-
GCA_050507065.1,Bacteraemia,VFG002176|AAM75252|cylB|cytolysin_operon_context,CP175224.1,99.417,1372,2145,774,2145,2359534,2360905,0.0,2439,analysis/virulence_adherence/blast_72/GCA_050507065.1.tsv,+
GCA_050507065.1,Bacteraemia,VFG002176|AAM75252|cylB|cytolysin_operon_context,CP175224.1,100.0,790,2145,1,790,2357074,2357863,0.0,1425,analysis/virulence_adherence/blast_72/GCA_050507065.1.tsv,+
GCA_050507065.1,Bacteraemia,VFG002177|AAM75253|cylA|cylA,CP175224.1,99.839,1239,1239,1,1239,2360902,2362140,0.0,2226,analysis/virulence_adherence/blast_72/GCA_050507065.1.tsv,+
GCA_050507065.1,Bacteraemia,VFG002178|AAM75254|cylI|cytolysin_operon_context,CP175224.1,97.256,984,984,1,984,2362141,2363124,0.0,1654,analysis/virulence_adherence/blast_72/GCA_050507065.1.tsv,+
GCA_050507065.1,Bacteraemia,VFG002179|AAD09858|esp|esp,CP175224.1,99.929,5622,5622,1,5622,2367788,2373409,0.0,10121,analysis/virulence_adherence/blast_72/GCA_050507065.1.tsv,+
GCA_050507065.1,Bacteraemia,VFG002179|AAD09858|esp|esp,CP175224.1,96.992,1596,5622,3124,4719,2371157,2372752,0.0,2663,analysis/virulence_adherence/blast_72/GCA_050507065.1.tsv,+
GCA_050507065.1,Bacteraemia,VFG002179|AAD09858|esp|esp,CP175224.1,96.742,1596,5622,3370,4965,2370911,2372506,0.0,2645,analysis/virulence_adherence/blast_72/GCA_050507065.1.tsv,+
GCA_050507065.1,Bacteraemia,VFG002179|AAD09858|esp|esp,CP175224.1,96.296,1350,5622,3124,4473,2371403,2372752,0.0,2210,analysis/virulence_adherence/blast_72/GCA_050507065.1.tsv,+
GCA_050507065.1,Bacteraemia,VFG002179|AAD09858|esp|esp,CP175224.1,96.148,1350,5622,3616,4965,2370911,2372260,0.0,2201,analysis/virulence_adherence/blast_72/GCA_050507065.1.tsv,+
GCA_050507065.1,Bacteraemia,VFG002179|AAD09858|esp|esp,CP175224.1,95.652,1104,5622,3124,4227,2371649,2372752,0.0,1775,analysis/virulence_adherence/blast_72/GCA_050507065.1.tsv,+
GCA_050507065.1,Bacteraemia,VFG002179|AAD09858|esp|esp,CP175224.1,95.471,1104,5622,3862,4965,2370911,2372014,0.0,1766,analysis/virulence_adherence/blast_72/GCA_050507065.1.tsv,+
GCA_050507065.1,Bacteraemia,VFG002179|AAD09858|esp|esp,CP175224.1,94.915,885,5622,3124,4008,2371895,2372773,0.0,1395,analysis/virulence_adherence/blast_72/GCA_050507065.1.tsv,+
GCA_050507065.1,Bacteraemia,VFG002179|AAD09858|esp|esp,CP175224.1,94.689,885,5622,4108,4986,2370911,2371795,0.0,1386,analysis/virulence_adherence/blast_72/GCA_050507065.1.tsv,+
GCA_050507065.1,Bacteraemia,VFG002179|AAD09858|esp|esp,CP175224.1,94.444,612,5622,3124,3735,2372141,2372752,0.0,951,analysis/virulence_adherence/blast_72/GCA_050507065.1.tsv,+
GCA_050507065.1,Bacteraemia,VFG002179|AAD09858|esp|esp,CP175224.1,94.118,612,5622,4354,4965,2370911,2371522,0.0,942,analysis/virulence_adherence/blast_72/GCA_050507065.1.tsv,+
GCA_050507065.1,Bacteraemia,VFG002179|AAD09858|esp|esp,CP175224.1,99.2,500,5622,2487,2986,2370022,2370521,0.0,884,analysis/virulence_adherence/blast_72/GCA_050507065.1.tsv,+
GCA_050507065.1,Bacteraemia,VFG002179|AAD09858|esp|esp,CP175224.1,99.2,500,5622,2235,2734,2370274,2370773,0.0,884,analysis/virulence_adherence/blast_72/GCA_050507065.1.tsv,+
GCA_050507065.1,Bacteraemia,VFG002179|AAD09858|esp|esp,CP175224.1,90.71,366,5622,4600,4965,2370911,2371276,1.94e-143,508,analysis/virulence_adherence/blast_72/GCA_050507065.1.tsv,+
GCA_050507065.1,Bacteraemia,VFG002179|AAD09858|esp|esp,CP175224.1,90.71,366,5622,3124,3489,2372387,2372752,1.94e-143,508,analysis/virulence_adherence/blast_72/GCA_050507065.1.tsv,+
GCA_050507065.1,Bacteraemia,VFG002179|AAD09858|esp|esp,CP175224.1,98.387,248,5622,2739,2986,2370022,2370269,4.27e-120,430,analysis/virulence_adherence/blast_72/GCA_050507065.1.tsv,+
GCA_050507065.1,Bacteraemia,VFG002179|AAD09858|esp|esp,CP175224.1,98.387,248,5622,2235,2482,2370526,2370773,4.27e-120,430,analysis/virulence_adherence/blast_72/GCA_050507065.1.tsv,+
GCA_050507065.1,Bacteraemia,VFG002179|AAD09858|esp|esp,CP175224.1,84.021,194,5622,4948,5141,2370776,2370969,7.25e-54,211,analysis/virulence_adherence/blast_72/GCA_050507065.1.tsv,+
GCA_050507065.1,Bacteraemia,VFG002179|AAD09858|esp|esp,CP175224.1,84.021,194,5622,2989,3182,2372735,2372928,7.25e-54,211,analysis/virulence_adherence/blast_72/GCA_050507065.1.tsv,+
GCA_050507065.1,Bacteraemia,VFG002191|WP_002369252|sprE|sprE,CP175224.1,98.48,855,855,1,855,710348,709494,0.0,1484,analysis/virulence_adherence/blast_72/GCA_050507065.1.tsv,-
GCA_050507065.1,Bacteraemia,VFG042976|WP_154081516|ebpA|ebpA,CP175224.1,99.509,3465,3465,1,3465,41508,44972,0.0,6173,analysis/virulence_adherence/blast_72/GCA_050507065.1.tsv,+
GCA_050507065.1,Bacteraemia,VFG042977|WP_002379309|ebpB|ebpB,CP175224.1,99.441,1431,1431,1,1431,44976,46406,0.0,2545,analysis/virulence_adherence/blast_72/GCA_050507065.1.tsv,+
GCA_050507065.1,Bacteraemia,VFG042978|WP_011109477|ebpC|ebpC,CP175224.1,99.363,1884,1878,1,1878,46403,48286,0.0,3345,analysis/virulence_adherence/blast_72/GCA_050507065.1.tsv,+
GCA_050507065.1,Bacteraemia,VFG045470|AAM75247|cylR2|cytolysin_operon_context,CP175224.1,100.0,201,201,1,201,2353185,2352985,1.67e-101,363,analysis/virulence_adherence/blast_72/GCA_050507065.1.tsv,-
GCA_050507065.1,Bacteraemia,VFG045472|AAM75249|cylL|cytolysin_operon_context,CP175224.1,100.0,207,207,1,207,2353589,2353795,9.520000000000001e-105,374,analysis/virulence_adherence/blast_72/GCA_050507065.1.tsv,+
GCA_050507065.1,Bacteraemia,VFG045472|AAM75249|cylL|cytolysin_operon_context,CP175224.1,88.095,84,207,15,98,2353879,2353962,2.1e-24,107,analysis/virulence_adherence/blast_72/GCA_050507065.1.tsv,+
GCA_050507065.1,Bacteraemia,VFG045473|AAM75250|cylS|cytolysin_operon_context,CP175224.1,100.0,192,192,1,192,2353829,2354020,1.22e-96,347,analysis/virulence_adherence/blast_72/GCA_050507065.1.tsv,+
GCA_050507065.1,Bacteraemia,VFG045473|AAM75250|cylS|cytolysin_operon_context,CP175224.1,88.095,84,192,51,134,2353603,2353686,1.93e-24,107,analysis/virulence_adherence/blast_72/GCA_050507065.1.tsv,+
GCA_050507065.1,Bacteraemia,VFG045474|AAM75251|cylM|cytolysin_operon_context,CP175224.1,99.698,2982,2982,1,2982,2354081,2357062,0.0,5338,analysis/virulence_adherence/blast_72/GCA_050507065.1.tsv,+
GCA_050507075.1,Bacteraemia,VFG002164|WP_002395058|prgB/asc10|aggregation_substance_context,CP175221.1,94.469,3923,3918,2,3918,431906,435798,0.0,6107,analysis/virulence_adherence/blast_72/GCA_050507075.1.tsv,+
GCA_050507075.1,Bacteraemia,VFG002165|WP_002356954|efaA|efaA,CP175221.1,99.892,927,927,1,927,2019407,2020333,0.0,1668,analysis/virulence_adherence/blast_72/GCA_050507075.1.tsv,+
GCA_050507075.1,Bacteraemia,VFG002165|WP_002356954|efaA|efaA,CP175221.1,68.237,828,927,81,890,523185,523994,5.39e-72,269,analysis/virulence_adherence/blast_72/GCA_050507075.1.tsv,+
GCA_050507075.1,Bacteraemia,VFG002166|WP_010714416|ace|ace,CP175221.1,99.852,2025,2025,1,2025,1037958,1039982,0.0,3639,analysis/virulence_adherence/blast_72/GCA_050507075.1.tsv,+
GCA_050507075.1,Bacteraemia,VFG002166|WP_010714416|ace|ace,CP175221.1,90.964,498,2025,1084,1581,1039182,1039679,0.0,696,analysis/virulence_adherence/blast_72/GCA_050507075.1.tsv,+
GCA_050507075.1,Bacteraemia,VFG002166|WP_010714416|ace|ace,CP175221.1,89.96,498,2025,1225,1722,1039041,1039538,0.0,673,analysis/virulence_adherence/blast_72/GCA_050507075.1.tsv,+
GCA_050507075.1,Bacteraemia,VFG002166|WP_010714416|ace|ace,CP175221.1,89.916,357,2025,1366,1722,1039041,1039397,2.99e-136,482,analysis/virulence_adherence/blast_72/GCA_050507075.1.tsv,+
GCA_050507075.1,Bacteraemia,VFG002166|WP_010714416|ace|ace,CP175221.1,89.636,357,2025,1084,1440,1039323,1039679,1.27e-134,478,analysis/virulence_adherence/blast_72/GCA_050507075.1.tsv,+
GCA_050507075.1,Bacteraemia,VFG002166|WP_010714416|ace|ace,CP175221.1,89.815,216,2025,1084,1299,1039464,1039679,1.05e-78,291,analysis/virulence_adherence/blast_72/GCA_050507075.1.tsv,+
GCA_050507075.1,Bacteraemia,VFG002166|WP_010714416|ace|ace,CP175221.1,88.889,216,2025,1507,1722,1039041,1039256,5.42e-76,282,analysis/virulence_adherence/blast_72/GCA_050507075.1.tsv,+
GCA_050507075.1,Bacteraemia,VFG002171|WP_011109430|EF0149|aggregation_substance_context,CP175221.1,89.105,3864,3918,2,3855,431906,435729,0.0,5071,analysis/virulence_adherence/blast_72/GCA_050507075.1.tsv,+
GCA_050507075.1,Bacteraemia,VFG002172|WP_010710127|EF0485|aggregation_substance_context,CP175221.1,94.67,3921,3918,1,3918,431905,435798,0.0,6143,analysis/virulence_adherence/blast_72/GCA_050507075.1.tsv,+
GCA_050507075.1,Bacteraemia,VFG002173|WP_010785625|asa1|asa1_or_validated_equivalent,CP175221.1,95.984,2291,3891,1603,3891,433510,435798,0.0,3712,analysis/virulence_adherence/blast_72/GCA_050507075.1.tsv,+
GCA_050507075.1,Bacteraemia,VFG002173|WP_010785625|asa1|asa1_or_validated_equivalent,CP175221.1,86.194,833,3891,2,829,431906,432709,0.0,993,analysis/virulence_adherence/blast_72/GCA_050507075.1.tsv,+
GCA_050507075.1,Bacteraemia,VFG002174|WP_002369251|gelE|gelE,CP175221.1,100.0,1533,1533,1,1533,1783883,1782351,0.0,2765,analysis/virulence_adherence/blast_72/GCA_050507075.1.tsv,-
GCA_050507075.1,Bacteraemia,VFG002191|WP_002369252|sprE|sprE,CP175221.1,100.0,855,855,1,855,1782302,1781448,0.0,1543,analysis/virulence_adherence/blast_72/GCA_050507075.1.tsv,-
GCA_050507075.1,Bacteraemia,VFG042976|WP_154081516|ebpA|ebpA,CP175221.1,99.913,3465,3465,1,3465,1027150,1030614,0.0,6236,analysis/virulence_adherence/blast_72/GCA_050507075.1.tsv,+
GCA_050507075.1,Bacteraemia,VFG042977|WP_002379309|ebpB|ebpB,CP175221.1,100.0,1431,1431,1,1431,1030618,1032048,0.0,2581,analysis/virulence_adherence/blast_72/GCA_050507075.1.tsv,+
GCA_050507075.1,Bacteraemia,VFG042978|WP_011109477|ebpC|ebpC,CP175221.1,99.682,1884,1878,1,1878,1032045,1033928,0.0,3372,analysis/virulence_adherence/blast_72/GCA_050507075.1.tsv,+
GCA_050507105.1,Bacteraemia,VFG002164|WP_002395058|prgB/asc10|aggregation_substance_context,CP175219.1,94.469,3923,3918,2,3918,500492,504384,0.0,6107,analysis/virulence_adherence/blast_72/GCA_050507105.1.tsv,+
GCA_050507105.1,Bacteraemia,VFG002165|WP_002356954|efaA|efaA,CP175219.1,99.892,927,927,1,927,2088000,2088926,0.0,1668,analysis/virulence_adherence/blast_72/GCA_050507105.1.tsv,+
GCA_050507105.1,Bacteraemia,VFG002165|WP_002356954|efaA|efaA,CP175219.1,68.237,828,927,81,890,591773,592582,5.39e-72,269,analysis/virulence_adherence/blast_72/GCA_050507105.1.tsv,+
GCA_050507105.1,Bacteraemia,VFG002166|WP_010714416|ace|ace,CP175219.1,99.852,2025,2025,1,2025,1106549,1108573,0.0,3639,analysis/virulence_adherence/blast_72/GCA_050507105.1.tsv,+
GCA_050507105.1,Bacteraemia,VFG002166|WP_010714416|ace|ace,CP175219.1,90.964,498,2025,1084,1581,1107773,1108270,0.0,696,analysis/virulence_adherence/blast_72/GCA_050507105.1.tsv,+
GCA_050507105.1,Bacteraemia,VFG002166|WP_010714416|ace|ace,CP175219.1,89.96,498,2025,1225,1722,1107632,1108129,0.0,673,analysis/virulence_adherence/blast_72/GCA_050507105.1.tsv,+
GCA_050507105.1,Bacteraemia,VFG002166|WP_010714416|ace|ace,CP175219.1,89.916,357,2025,1366,1722,1107632,1107988,2.99e-136,482,analysis/virulence_adherence/blast_72/GCA_050507105.1.tsv,+
GCA_050507105.1,Bacteraemia,VFG002166|WP_010714416|ace|ace,CP175219.1,89.636,357,2025,1084,1440,1107914,1108270,1.27e-134,478,analysis/virulence_adherence/blast_72/GCA_050507105.1.tsv,+
GCA_050507105.1,Bacteraemia,VFG002166|WP_010714416|ace|ace,CP175219.1,89.815,216,2025,1084,1299,1108055,1108270,1.05e-78,291,analysis/virulence_adherence/blast_72/GCA_050507105.1.tsv,+
GCA_050507105.1,Bacteraemia,VFG002166|WP_010714416|ace|ace,CP175219.1,88.889,216,2025,1507,1722,1107632,1107847,5.42e-76,282,analysis/virulence_adherence/blast_72/GCA_050507105.1.tsv,+
GCA_050507105.1,Bacteraemia,VFG002171|WP_011109430|EF0149|aggregation_substance_context,CP175219.1,89.105,3864,3918,2,3855,500492,504315,0.0,5071,analysis/virulence_adherence/blast_72/GCA_050507105.1.tsv,+
GCA_050507105.1,Bacteraemia,VFG002172|WP_010710127|EF0485|aggregation_substance_context,CP175219.1,94.67,3921,3918,1,3918,500491,504384,0.0,6143,analysis/virulence_adherence/blast_72/GCA_050507105.1.tsv,+
GCA_050507105.1,Bacteraemia,VFG002173|WP_010785625|asa1|asa1_or_validated_equivalent,CP175219.1,95.984,2291,3891,1603,3891,502096,504384,0.0,3712,analysis/virulence_adherence/blast_72/GCA_050507105.1.tsv,+
GCA_050507105.1,Bacteraemia,VFG002173|WP_010785625|asa1|asa1_or_validated_equivalent,CP175219.1,86.194,833,3891,2,829,500492,501295,0.0,993,analysis/virulence_adherence/blast_72/GCA_050507105.1.tsv,+
GCA_050507105.1,Bacteraemia,VFG002174|WP_002369251|gelE|gelE,CP175219.1,100.0,1533,1533,1,1533,1852475,1850943,0.0,2765,analysis/virulence_adherence/blast_72/GCA_050507105.1.tsv,-
GCA_050507105.1,Bacteraemia,VFG002191|WP_002369252|sprE|sprE,CP175219.1,100.0,855,855,1,855,1850894,1850040,0.0,1543,analysis/virulence_adherence/blast_72/GCA_050507105.1.tsv,-
GCA_050507105.1,Bacteraemia,VFG042976|WP_154081516|ebpA|ebpA,CP175219.1,99.913,3465,3465,1,3465,1095741,1099205,0.0,6236,analysis/virulence_adherence/blast_72/GCA_050507105.1.tsv,+
GCA_050507105.1,Bacteraemia,VFG042977|WP_002379309|ebpB|ebpB,CP175219.1,100.0,1431,1431,1,1431,1099209,1100639,0.0,2581,analysis/virulence_adherence/blast_72/GCA_050507105.1.tsv,+
GCA_050507105.1,Bacteraemia,VFG042978|WP_011109477|ebpC|ebpC,CP175219.1,99.682,1884,1878,1,1878,1100636,1102519,0.0,3372,analysis/virulence_adherence/blast_72/GCA_050507105.1.tsv,+
GCA_050516645.1,Bacteraemia,VFG002164|WP_002395058|prgB/asc10|aggregation_substance_context,CP175404.1,96.759,3918,3918,1,3918,48457,52374,0.0,6494,analysis/virulence_adherence/blast_72/GCA_050516645.1.tsv,+
GCA_050516645.1,Bacteraemia,VFG002164|WP_002395058|prgB/asc10|aggregation_substance_context,CP175405.1,95.995,3920,3918,1,3918,20928,24846,0.0,6351,analysis/virulence_adherence/blast_72/GCA_050516645.1.tsv,+
GCA_050516645.1,Bacteraemia,VFG002165|WP_002356954|efaA|efaA,CP175406.1,99.569,927,927,1,927,1588403,1589329,0.0,1654,analysis/virulence_adherence/blast_72/GCA_050516645.1.tsv,+
GCA_050516645.1,Bacteraemia,VFG002165|WP_002356954|efaA|efaA,CP175406.1,68.237,828,927,81,890,209641,210450,5.25e-72,269,analysis/virulence_adherence/blast_72/GCA_050516645.1.tsv,+
GCA_050516645.1,Bacteraemia,VFG002166|WP_010714416|ace|ace,CP175406.1,98.025,2025,2025,1,2025,732476,734500,0.0,3472,analysis/virulence_adherence/blast_72/GCA_050516645.1.tsv,+
GCA_050516645.1,Bacteraemia,VFG002166|WP_010714416|ace|ace,CP175406.1,89.759,498,2025,1225,1722,733559,734056,0.0,669,analysis/virulence_adherence/blast_72/GCA_050516645.1.tsv,+
GCA_050516645.1,Bacteraemia,VFG002166|WP_010714416|ace|ace,CP175406.1,87.751,498,2025,1084,1581,733700,734197,1.32e-178,624,analysis/virulence_adherence/blast_72/GCA_050516645.1.tsv,+
GCA_050516645.1,Bacteraemia,VFG002166|WP_010714416|ace|ace,CP175406.1,89.106,358,2025,1083,1440,733840,734197,1.84e-132,471,analysis/virulence_adherence/blast_72/GCA_050516645.1.tsv,+
GCA_050516645.1,Bacteraemia,VFG002166|WP_010714416|ace|ace,CP175406.1,87.395,357,2025,1366,1722,733559,733915,8.92e-124,442,analysis/virulence_adherence/blast_72/GCA_050516645.1.tsv,+
GCA_050516645.1,Bacteraemia,VFG002166|WP_010714416|ace|ace,CP175406.1,88.889,216,2025,1507,1722,733559,733774,5.28e-76,282,analysis/virulence_adherence/blast_72/GCA_050516645.1.tsv,+
GCA_050516645.1,Bacteraemia,VFG002166|WP_010714416|ace|ace,CP175406.1,88.426,216,2025,1084,1299,733982,734197,2.24e-74,278,analysis/virulence_adherence/blast_72/GCA_050516645.1.tsv,+
GCA_050516645.1,Bacteraemia,VFG002171|WP_011109430|EF0149|aggregation_substance_context,CP175405.1,89.907,3874,3918,1,3855,20928,24777,0.0,5200,analysis/virulence_adherence/blast_72/GCA_050516645.1.tsv,+
GCA_050516645.1,Bacteraemia,VFG002171|WP_011109430|EF0149|aggregation_substance_context,CP175404.1,89.661,3869,3918,1,3855,48457,52305,0.0,5160,analysis/virulence_adherence/blast_72/GCA_050516645.1.tsv,+
GCA_050516645.1,Bacteraemia,VFG002172|WP_010710127|EF0485|aggregation_substance_context,CP175405.1,95.381,3919,3918,2,3918,20929,24846,0.0,6241,analysis/virulence_adherence/blast_72/GCA_050516645.1.tsv,+
GCA_050516645.1,Bacteraemia,VFG002172|WP_010710127|EF0485|aggregation_substance_context,CP175404.1,95.251,3917,3918,2,3918,48458,52374,0.0,6226,analysis/virulence_adherence/blast_72/GCA_050516645.1.tsv,+
GCA_050516645.1,Bacteraemia,VFG002173|WP_010785625|asa1|asa1_or_validated_equivalent,CP175405.1,96.203,2291,3891,1603,3891,22558,24846,0.0,3735,analysis/virulence_adherence/blast_72/GCA_050516645.1.tsv,+
GCA_050516645.1,Bacteraemia,VFG002173|WP_010785625|asa1|asa1_or_validated_equivalent,CP175405.1,95.214,794,3891,1,794,20928,21721,0.0,1261,analysis/virulence_adherence/blast_72/GCA_050516645.1.tsv,+
GCA_050516645.1,Bacteraemia,VFG002173|WP_010785625|asa1|asa1_or_validated_equivalent,CP175404.1,94.762,2291,3891,1603,3891,50086,52374,0.0,3586,analysis/virulence_adherence/blast_72/GCA_050516645.1.tsv,+
GCA_050516645.1,Bacteraemia,VFG002173|WP_010785625|asa1|asa1_or_validated_equivalent,CP175404.1,93.141,831,3891,1,829,48457,49285,0.0,1237,analysis/virulence_adherence/blast_72/GCA_050516645.1.tsv,+
GCA_050516645.1,Bacteraemia,VFG002174|WP_002369251|gelE|gelE,CP175406.1,98.695,1533,1533,1,1533,1406594,1405062,0.0,2675,analysis/virulence_adherence/blast_72/GCA_050516645.1.tsv,-
GCA_050516645.1,Bacteraemia,VFG002175|AAM75248|cylR1|cytolysin_operon_context,CP175405.1,98.596,285,285,1,285,55125,54841,1.73e-141,497,analysis/virulence_adherence/blast_72/GCA_050516645.1.tsv,-
GCA_050516645.1,Bacteraemia,VFG002176|AAM75252|cylB|cytolysin_operon_context,CP175405.1,99.674,2145,2145,1,2145,58729,60873,0.0,3837,analysis/virulence_adherence/blast_72/GCA_050516645.1.tsv,+
GCA_050516645.1,Bacteraemia,VFG002177|AAM75253|cylA|cylA,CP175405.1,99.596,1239,1239,1,1239,60870,62108,0.0,2213,analysis/virulence_adherence/blast_72/GCA_050516645.1.tsv,+
GCA_050516645.1,Bacteraemia,VFG002178|AAM75254|cylI|cytolysin_operon_context,CP175405.1,99.898,984,984,1,984,62109,63092,0.0,1771,analysis/virulence_adherence/blast_72/GCA_050516645.1.tsv,+
GCA_050516645.1,Bacteraemia,VFG002191|WP_002369252|sprE|sprE,CP175406.1,98.83,855,855,1,855,1405013,1404159,0.0,1498,analysis/virulence_adherence/blast_72/GCA_050516645.1.tsv,-
GCA_050516645.1,Bacteraemia,VFG042976|WP_154081516|ebpA|ebpA,CP175406.1,99.423,3465,3465,1,3465,719081,722545,0.0,6159,analysis/virulence_adherence/blast_72/GCA_050516645.1.tsv,+
GCA_050516645.1,Bacteraemia,VFG042977|WP_002379309|ebpB|ebpB,CP175406.1,99.161,1431,1431,1,1431,722549,723979,0.0,2527,analysis/virulence_adherence/blast_72/GCA_050516645.1.tsv,+
GCA_050516645.1,Bacteraemia,VFG042978|WP_011109477|ebpC|ebpC,CP175406.1,99.151,1884,1878,1,1878,723976,725859,0.0,3327,analysis/virulence_adherence/blast_72/GCA_050516645.1.tsv,+
GCA_050516645.1,Bacteraemia,VFG045470|AAM75247|cylR2|cytolysin_operon_context,CP175405.1,99.005,201,201,1,201,54840,54641,1.1100000000000001e-97,351,analysis/virulence_adherence/blast_72/GCA_050516645.1.tsv,-
GCA_050516645.1,Bacteraemia,VFG045472|AAM75249|cylL|cytolysin_operon_context,CP175405.1,100.0,207,207,1,207,55244,55450,1.01e-104,374,analysis/virulence_adherence/blast_72/GCA_050516645.1.tsv,+
GCA_050516645.1,Bacteraemia,VFG045472|AAM75249|cylL|cytolysin_operon_context,CP175405.1,88.095,84,207,15,98,55534,55617,2.22e-24,107,analysis/virulence_adherence/blast_72/GCA_050516645.1.tsv,+
GCA_050516645.1,Bacteraemia,VFG045473|AAM75250|cylS|cytolysin_operon_context,CP175405.1,100.0,192,192,1,192,55484,55675,1.28e-96,347,analysis/virulence_adherence/blast_72/GCA_050516645.1.tsv,+
GCA_050516645.1,Bacteraemia,VFG045473|AAM75250|cylS|cytolysin_operon_context,CP175405.1,88.095,84,192,51,134,55258,55341,2.0399999999999997e-24,107,analysis/virulence_adherence/blast_72/GCA_050516645.1.tsv,+
GCA_050516645.1,Bacteraemia,VFG045474|AAM75251|cylM|cytolysin_operon_context,CP175405.1,99.497,2982,2982,1,2982,55736,58717,0.0,5311,analysis/virulence_adherence/blast_72/GCA_050516645.1.tsv,+
GCA_050516655.1,Bacteraemia,VFG002164|WP_002395058|prgB/asc10|aggregation_substance_context,CP175401.1,96.759,3918,3918,1,3918,48457,52374,0.0,6494,analysis/virulence_adherence/blast_72/GCA_050516655.1.tsv,+
GCA_050516655.1,Bacteraemia,VFG002164|WP_002395058|prgB/asc10|aggregation_substance_context,CP175398.1,95.995,3920,3918,1,3918,88355,92273,0.0,6351,analysis/virulence_adherence/blast_72/GCA_050516655.1.tsv,+
GCA_050516655.1,Bacteraemia,VFG002165|WP_002356954|efaA|efaA,CP175400.1,99.569,927,927,1,927,2903142,2902216,0.0,1654,analysis/virulence_adherence/blast_72/GCA_050516655.1.tsv,-
GCA_050516655.1,Bacteraemia,VFG002165|WP_002356954|efaA|efaA,CP175400.1,68.237,828,927,81,890,1312825,1312016,5.25e-72,269,analysis/virulence_adherence/blast_72/GCA_050516655.1.tsv,-
GCA_050516655.1,Bacteraemia,VFG002166|WP_010714416|ace|ace,CP175400.1,98.025,2025,2025,1,2025,789990,787966,0.0,3472,analysis/virulence_adherence/blast_72/GCA_050516655.1.tsv,-
GCA_050516655.1,Bacteraemia,VFG002166|WP_010714416|ace|ace,CP175400.1,89.759,498,2025,1225,1722,788907,788410,0.0,669,analysis/virulence_adherence/blast_72/GCA_050516655.1.tsv,-
GCA_050516655.1,Bacteraemia,VFG002166|WP_010714416|ace|ace,CP175400.1,87.751,498,2025,1084,1581,788766,788269,1.32e-178,624,analysis/virulence_adherence/blast_72/GCA_050516655.1.tsv,-
GCA_050516655.1,Bacteraemia,VFG002166|WP_010714416|ace|ace,CP175400.1,89.106,358,2025,1083,1440,788626,788269,1.84e-132,471,analysis/virulence_adherence/blast_72/GCA_050516655.1.tsv,-
GCA_050516655.1,Bacteraemia,VFG002166|WP_010714416|ace|ace,CP175400.1,87.395,357,2025,1366,1722,788907,788551,8.92e-124,442,analysis/virulence_adherence/blast_72/GCA_050516655.1.tsv,-
GCA_050516655.1,Bacteraemia,VFG002166|WP_010714416|ace|ace,CP175400.1,88.889,216,2025,1507,1722,788907,788692,5.28e-76,282,analysis/virulence_adherence/blast_72/GCA_050516655.1.tsv,-
GCA_050516655.1,Bacteraemia,VFG002166|WP_010714416|ace|ace,CP175400.1,88.426,216,2025,1084,1299,788484,788269,2.24e-74,278,analysis/virulence_adherence/blast_72/GCA_050516655.1.tsv,-
GCA_050516655.1,Bacteraemia,VFG002171|WP_011109430|EF0149|aggregation_substance_context,CP175398.1,89.907,3874,3918,1,3855,88355,92204,0.0,5200,analysis/virulence_adherence/blast_72/GCA_050516655.1.tsv,+
GCA_050516655.1,Bacteraemia,VFG002171|WP_011109430|EF0149|aggregation_substance_context,CP175401.1,89.661,3869,3918,1,3855,48457,52305,0.0,5160,analysis/virulence_adherence/blast_72/GCA_050516655.1.tsv,+
GCA_050516655.1,Bacteraemia,VFG002172|WP_010710127|EF0485|aggregation_substance_context,CP175398.1,95.381,3919,3918,2,3918,88356,92273,0.0,6241,analysis/virulence_adherence/blast_72/GCA_050516655.1.tsv,+
GCA_050516655.1,Bacteraemia,VFG002172|WP_010710127|EF0485|aggregation_substance_context,CP175401.1,95.251,3917,3918,2,3918,48458,52374,0.0,6226,analysis/virulence_adherence/blast_72/GCA_050516655.1.tsv,+
GCA_050516655.1,Bacteraemia,VFG002173|WP_010785625|asa1|asa1_or_validated_equivalent,CP175398.1,96.203,2291,3891,1603,3891,89985,92273,0.0,3735,analysis/virulence_adherence/blast_72/GCA_050516655.1.tsv,+
GCA_050516655.1,Bacteraemia,VFG002173|WP_010785625|asa1|asa1_or_validated_equivalent,CP175398.1,95.214,794,3891,1,794,88355,89148,0.0,1261,analysis/virulence_adherence/blast_72/GCA_050516655.1.tsv,+
GCA_050516655.1,Bacteraemia,VFG002173|WP_010785625|asa1|asa1_or_validated_equivalent,CP175401.1,94.762,2291,3891,1603,3891,50086,52374,0.0,3586,analysis/virulence_adherence/blast_72/GCA_050516655.1.tsv,+
GCA_050516655.1,Bacteraemia,VFG002173|WP_010785625|asa1|asa1_or_validated_equivalent,CP175401.1,93.141,831,3891,1,829,48457,49285,0.0,1237,analysis/virulence_adherence/blast_72/GCA_050516655.1.tsv,+
GCA_050516655.1,Bacteraemia,VFG002174|WP_002369251|gelE|gelE,CP175400.1,98.695,1533,1533,1,1533,115872,117404,0.0,2675,analysis/virulence_adherence/blast_72/GCA_050516655.1.tsv,+
GCA_050516655.1,Bacteraemia,VFG002175|AAM75248|cylR1|cytolysin_operon_context,CP175398.1,98.596,285,285,1,285,56328,56044,1.73e-141,497,analysis/virulence_adherence/blast_72/GCA_050516655.1.tsv,-
GCA_050516655.1,Bacteraemia,VFG002176|AAM75252|cylB|cytolysin_operon_context,CP175398.1,99.674,2145,2145,1,2145,59932,62076,0.0,3837,analysis/virulence_adherence/blast_72/GCA_050516655.1.tsv,+
GCA_050516655.1,Bacteraemia,VFG002177|AAM75253|cylA|cylA,CP175398.1,99.596,1239,1239,1,1239,62073,63311,0.0,2213,analysis/virulence_adherence/blast_72/GCA_050516655.1.tsv,+
GCA_050516655.1,Bacteraemia,VFG002178|AAM75254|cylI|cytolysin_operon_context,CP175398.1,99.898,984,984,1,984,63312,64295,0.0,1771,analysis/virulence_adherence/blast_72/GCA_050516655.1.tsv,+
GCA_050516655.1,Bacteraemia,VFG002191|WP_002369252|sprE|sprE,CP175400.1,98.83,855,855,1,855,117453,118307,0.0,1498,analysis/virulence_adherence/blast_72/GCA_050516655.1.tsv,+
GCA_050516655.1,Bacteraemia,VFG042976|WP_154081516|ebpA|ebpA,CP175400.1,99.423,3465,3465,1,3465,803385,799921,0.0,6159,analysis/virulence_adherence/blast_72/GCA_050516655.1.tsv,-
GCA_050516655.1,Bacteraemia,VFG042977|WP_002379309|ebpB|ebpB,CP175400.1,99.161,1431,1431,1,1431,799917,798487,0.0,2527,analysis/virulence_adherence/blast_72/GCA_050516655.1.tsv,-
GCA_050516655.1,Bacteraemia,VFG042978|WP_011109477|ebpC|ebpC,CP175400.1,99.151,1884,1878,1,1878,798490,796607,0.0,3327,analysis/virulence_adherence/blast_72/GCA_050516655.1.tsv,-
GCA_050516655.1,Bacteraemia,VFG045470|AAM75247|cylR2|cytolysin_operon_context,CP175398.1,99.005,201,201,1,201,56043,55844,1.1100000000000001e-97,351,analysis/virulence_adherence/blast_72/GCA_050516655.1.tsv,-
GCA_050516655.1,Bacteraemia,VFG045472|AAM75249|cylL|cytolysin_operon_context,CP175398.1,100.0,207,207,1,207,56447,56653,1.01e-104,374,analysis/virulence_adherence/blast_72/GCA_050516655.1.tsv,+
GCA_050516655.1,Bacteraemia,VFG045472|AAM75249|cylL|cytolysin_operon_context,CP175398.1,88.095,84,207,15,98,56737,56820,2.22e-24,107,analysis/virulence_adherence/blast_72/GCA_050516655.1.tsv,+
GCA_050516655.1,Bacteraemia,VFG045473|AAM75250|cylS|cytolysin_operon_context,CP175398.1,100.0,192,192,1,192,56687,56878,1.28e-96,347,analysis/virulence_adherence/blast_72/GCA_050516655.1.tsv,+
GCA_050516655.1,Bacteraemia,VFG045473|AAM75250|cylS|cytolysin_operon_context,CP175398.1,88.095,84,192,51,134,56461,56544,2.0399999999999997e-24,107,analysis/virulence_adherence/blast_72/GCA_050516655.1.tsv,+
GCA_050516655.1,Bacteraemia,VFG045474|AAM75251|cylM|cytolysin_operon_context,CP175398.1,99.497,2982,2982,1,2982,56939,59920,0.0,5311,analysis/virulence_adherence/blast_72/GCA_050516655.1.tsv,+
GCA_050516665.1,Bacteraemia,VFG002164|WP_002395058|prgB/asc10|aggregation_substance_context,CP175397.1,95.434,3920,3918,2,3918,400278,404194,0.0,6259,analysis/virulence_adherence/blast_72/GCA_050516665.1.tsv,+
GCA_050516665.1,Bacteraemia,VFG002164|WP_002395058|prgB/asc10|aggregation_substance_context,CP175397.1,89.703,3875,3918,1,3855,134859,138719,0.0,5176,analysis/virulence_adherence/blast_72/GCA_050516665.1.tsv,+
GCA_050516665.1,Bacteraemia,VFG002164|WP_002395058|prgB/asc10|aggregation_substance_context,CP175396.1,94.857,3928,3918,1,3918,71577,67651,0.0,6170,analysis/virulence_adherence/blast_72/GCA_050516665.1.tsv,-
GCA_050516665.1,Bacteraemia,VFG002165|WP_002356954|efaA|efaA,CP175397.1,99.461,927,927,1,927,1905903,1906829,0.0,1650,analysis/virulence_adherence/blast_72/GCA_050516665.1.tsv,+
GCA_050516665.1,Bacteraemia,VFG002165|WP_002356954|efaA|efaA,CP175397.1,68.237,828,927,81,890,497111,497920,5.14e-72,269,analysis/virulence_adherence/blast_72/GCA_050516665.1.tsv,+
GCA_050516665.1,Bacteraemia,VFG002166|WP_010714416|ace|ace,CP175397.1,96.142,1581,2025,1,1581,1034423,1036003,0.0,2577,analysis/virulence_adherence/blast_72/GCA_050516665.1.tsv,+
GCA_050516665.1,Bacteraemia,VFG002166|WP_010714416|ace|ace,CP175397.1,95.256,801,2025,1225,2025,1035506,1036306,0.0,1274,analysis/virulence_adherence/blast_72/GCA_050516665.1.tsv,+
GCA_050516665.1,Bacteraemia,VFG002166|WP_010714416|ace|ace,CP175397.1,91.317,357,2025,1084,1440,1035647,1036003,8.73e-143,505,analysis/virulence_adherence/blast_72/GCA_050516665.1.tsv,+
GCA_050516665.1,Bacteraemia,VFG002166|WP_010714416|ace|ace,CP175397.1,90.756,357,2025,1366,1722,1035506,1035862,4.52e-140,496,analysis/virulence_adherence/blast_72/GCA_050516665.1.tsv,+
GCA_050516665.1,Bacteraemia,VFG002166|WP_010714416|ace|ace,CP175397.1,89.352,216,2025,1084,1299,1035788,1036003,4.25e-77,287,analysis/virulence_adherence/blast_72/GCA_050516665.1.tsv,+
GCA_050516665.1,Bacteraemia,VFG002166|WP_010714416|ace|ace,CP175397.1,87.963,216,2025,1507,1722,1035506,1035721,2.6800000000000002e-73,273,analysis/virulence_adherence/blast_72/GCA_050516665.1.tsv,+
GCA_050516665.1,Bacteraemia,VFG002171|WP_011109430|EF0149|aggregation_substance_context,CP175397.1,99.974,3918,3918,1,3918,134859,138776,0.0,7062,analysis/virulence_adherence/blast_72/GCA_050516665.1.tsv,+
GCA_050516665.1,Bacteraemia,VFG002171|WP_011109430|EF0149|aggregation_substance_context,CP175397.1,89.584,3869,3918,2,3855,400278,404125,0.0,5139,analysis/virulence_adherence/blast_72/GCA_050516665.1.tsv,+
GCA_050516665.1,Bacteraemia,VFG002171|WP_011109430|EF0149|aggregation_substance_context,CP175396.1,89.184,3883,3918,1,3855,71577,67720,0.0,5085,analysis/virulence_adherence/blast_72/GCA_050516665.1.tsv,-
GCA_050516665.1,Bacteraemia,VFG002172|WP_010710127|EF0485|aggregation_substance_context,CP175397.1,100.0,3918,3918,1,3918,400277,404194,0.0,7066,analysis/virulence_adherence/blast_72/GCA_050516665.1.tsv,+
GCA_050516665.1,Bacteraemia,VFG002172|WP_010710127|EF0485|aggregation_substance_context,CP175397.1,89.61,3869,3918,2,3849,134860,138713,0.0,5144,analysis/virulence_adherence/blast_72/GCA_050516665.1.tsv,+
GCA_050516665.1,Bacteraemia,VFG002172|WP_010710127|EF0485|aggregation_substance_context,CP175396.1,95.34,3927,3918,2,3918,71576,67651,0.0,6254,analysis/virulence_adherence/blast_72/GCA_050516665.1.tsv,-
GCA_050516665.1,Bacteraemia,VFG002173|WP_010785625|asa1|asa1_or_validated_equivalent,CP175396.1,95.217,2300,3891,1603,3891,69948,67651,0.0,3651,analysis/virulence_adherence/blast_72/GCA_050516665.1.tsv,-
GCA_050516665.1,Bacteraemia,VFG002173|WP_010785625|asa1|asa1_or_validated_equivalent,CP175396.1,91.436,794,3891,1,794,71577,70784,0.0,1126,analysis/virulence_adherence/blast_72/GCA_050516665.1.tsv,-
GCA_050516665.1,Bacteraemia,VFG002173|WP_010785625|asa1|asa1_or_validated_equivalent,CP175397.1,94.718,2291,3891,1603,3891,401906,404194,0.0,3581,analysis/virulence_adherence/blast_72/GCA_050516665.1.tsv,+
GCA_050516665.1,Bacteraemia,VFG002173|WP_010785625|asa1|asa1_or_validated_equivalent,CP175397.1,94.595,2220,3891,1603,3822,136494,138713,0.0,3463,analysis/virulence_adherence/blast_72/GCA_050516665.1.tsv,+
GCA_050516665.1,Bacteraemia,VFG002173|WP_010785625|asa1|asa1_or_validated_equivalent,CP175397.1,90.482,830,3891,2,829,400278,401105,0.0,1136,analysis/virulence_adherence/blast_72/GCA_050516665.1.tsv,+
GCA_050516665.1,Bacteraemia,VFG002173|WP_010785625|asa1|asa1_or_validated_equivalent,CP175397.1,90.932,794,3891,1,794,134859,135652,0.0,1108,analysis/virulence_adherence/blast_72/GCA_050516665.1.tsv,+
GCA_050516665.1,Bacteraemia,VFG002174|WP_002369251|gelE|gelE,CP175397.1,98.891,1533,1533,1,1533,1697669,1696137,0.0,2689,analysis/virulence_adherence/blast_72/GCA_050516665.1.tsv,-
GCA_050516665.1,Bacteraemia,VFG002175|AAM75248|cylR1|cytolysin_operon_context,CP175397.1,100.0,285,285,1,285,434617,434333,6.32e-147,515,analysis/virulence_adherence/blast_72/GCA_050516665.1.tsv,-
GCA_050516665.1,Bacteraemia,VFG002176|AAM75252|cylB|cytolysin_operon_context,CP175397.1,99.814,2145,2145,1,2145,438221,440365,0.0,3851,analysis/virulence_adherence/blast_72/GCA_050516665.1.tsv,+
GCA_050516665.1,Bacteraemia,VFG002177|AAM75253|cylA|cylA,CP175397.1,99.839,1239,1239,1,1239,440362,441600,0.0,2226,analysis/virulence_adherence/blast_72/GCA_050516665.1.tsv,+
GCA_050516665.1,Bacteraemia,VFG002178|AAM75254|cylI|cytolysin_operon_context,CP175397.1,97.256,984,984,1,984,441601,442584,0.0,1654,analysis/virulence_adherence/blast_72/GCA_050516665.1.tsv,+
GCA_050516665.1,Bacteraemia,VFG002179|AAD09858|esp|esp,CP175397.1,99.879,2482,5622,1,2482,447248,449729,0.0,4463,analysis/virulence_adherence/blast_72/GCA_050516665.1.tsv,+
GCA_050516665.1,Bacteraemia,VFG002179|AAD09858|esp|esp,CP175397.1,98.491,2253,5622,3370,5622,449867,452119,0.0,3910,analysis/virulence_adherence/blast_72/GCA_050516665.1.tsv,+
GCA_050516665.1,Bacteraemia,VFG002179|AAD09858|esp|esp,CP175397.1,98.99,1981,5622,2739,4719,449482,451462,0.0,3483,analysis/virulence_adherence/blast_72/GCA_050516665.1.tsv,+
GCA_050516665.1,Bacteraemia,VFG002179|AAD09858|esp|esp,CP175397.1,96.296,1350,5622,3124,4473,450113,451462,0.0,2210,analysis/virulence_adherence/blast_72/GCA_050516665.1.tsv,+
GCA_050516665.1,Bacteraemia,VFG002179|AAD09858|esp|esp,CP175397.1,96.148,1350,5622,3616,4965,449867,451216,0.0,2201,analysis/virulence_adherence/blast_72/GCA_050516665.1.tsv,+
GCA_050516665.1,Bacteraemia,VFG002179|AAD09858|esp|esp,CP175397.1,95.652,1104,5622,3124,4227,450359,451462,0.0,1775,analysis/virulence_adherence/blast_72/GCA_050516665.1.tsv,+
GCA_050516665.1,Bacteraemia,VFG002179|AAD09858|esp|esp,CP175397.1,95.29,1104,5622,3862,4965,449867,450970,0.0,1757,analysis/virulence_adherence/blast_72/GCA_050516665.1.tsv,+
GCA_050516665.1,Bacteraemia,VFG002179|AAD09858|esp|esp,CP175397.1,94.915,885,5622,3124,4008,450605,451483,0.0,1395,analysis/virulence_adherence/blast_72/GCA_050516665.1.tsv,+
GCA_050516665.1,Bacteraemia,VFG002179|AAD09858|esp|esp,CP175397.1,94.872,858,5622,4108,4965,449867,450724,0.0,1350,analysis/virulence_adherence/blast_72/GCA_050516665.1.tsv,+
GCA_050516665.1,Bacteraemia,VFG002179|AAD09858|esp|esp,CP175397.1,92.958,639,5622,4354,4986,449867,450505,0.0,951,analysis/virulence_adherence/blast_72/GCA_050516665.1.tsv,+
GCA_050516665.1,Bacteraemia,VFG002179|AAD09858|esp|esp,CP175397.1,94.444,612,5622,3124,3735,450851,451462,0.0,951,analysis/virulence_adherence/blast_72/GCA_050516665.1.tsv,+
GCA_050516665.1,Bacteraemia,VFG002179|AAD09858|esp|esp,CP175397.1,90.71,366,5622,4600,4965,449867,450232,2.0000000000000001e-143,508,analysis/virulence_adherence/blast_72/GCA_050516665.1.tsv,+
GCA_050516665.1,Bacteraemia,VFG002179|AAD09858|esp|esp,CP175397.1,90.71,366,5622,3124,3489,451097,451462,2.0000000000000001e-143,508,analysis/virulence_adherence/blast_72/GCA_050516665.1.tsv,+
GCA_050516665.1,Bacteraemia,VFG002179|AAD09858|esp|esp,CP175397.1,98.79,248,5622,2487,2734,449482,449729,3.63e-121,434,analysis/virulence_adherence/blast_72/GCA_050516665.1.tsv,+
GCA_050516665.1,Bacteraemia,VFG002179|AAD09858|esp|esp,CP175397.1,84.021,194,5622,4948,5141,449732,449925,7.499999999999999e-54,211,analysis/virulence_adherence/blast_72/GCA_050516665.1.tsv,+
GCA_050516665.1,Bacteraemia,VFG002179|AAD09858|esp|esp,CP175397.1,84.021,194,5622,2989,3182,451445,451638,7.499999999999999e-54,211,analysis/virulence_adherence/blast_72/GCA_050516665.1.tsv,+
GCA_050516665.1,Bacteraemia,VFG002191|WP_002369252|sprE|sprE,CP175397.1,98.48,855,855,1,855,1696088,1695234,0.0,1484,analysis/virulence_adherence/blast_72/GCA_050516665.1.tsv,-
GCA_050516665.1,Bacteraemia,VFG042976|WP_154081516|ebpA|ebpA,CP175397.1,99.481,3465,3465,1,3465,1020420,1023884,0.0,6168,analysis/virulence_adherence/blast_72/GCA_050516665.1.tsv,+
GCA_050516665.1,Bacteraemia,VFG042977|WP_002379309|ebpB|ebpB,CP175397.1,99.441,1431,1431,1,1431,1023888,1025318,0.0,2545,analysis/virulence_adherence/blast_72/GCA_050516665.1.tsv,+
GCA_050516665.1,Bacteraemia,VFG042978|WP_011109477|ebpC|ebpC,CP175397.1,99.363,1884,1878,1,1878,1025315,1027198,0.0,3345,analysis/virulence_adherence/blast_72/GCA_050516665.1.tsv,+
GCA_050516665.1,Bacteraemia,VFG045470|AAM75247|cylR2|cytolysin_operon_context,CP175397.1,100.0,201,201,1,201,434332,434132,1.72e-101,363,analysis/virulence_adherence/blast_72/GCA_050516665.1.tsv,-
GCA_050516665.1,Bacteraemia,VFG045472|AAM75249|cylL|cytolysin_operon_context,CP175397.1,100.0,207,207,1,207,434736,434942,9.850000000000001e-105,374,analysis/virulence_adherence/blast_72/GCA_050516665.1.tsv,+
GCA_050516665.1,Bacteraemia,VFG045472|AAM75249|cylL|cytolysin_operon_context,CP175397.1,88.095,84,207,15,98,435026,435109,2.18e-24,107,analysis/virulence_adherence/blast_72/GCA_050516665.1.tsv,+
GCA_050516665.1,Bacteraemia,VFG045473|AAM75250|cylS|cytolysin_operon_context,CP175397.1,100.0,192,192,1,192,434976,435167,1.26e-96,347,analysis/virulence_adherence/blast_72/GCA_050516665.1.tsv,+
GCA_050516665.1,Bacteraemia,VFG045473|AAM75250|cylS|cytolysin_operon_context,CP175397.1,88.095,84,192,51,134,434750,434833,2e-24,107,analysis/virulence_adherence/blast_72/GCA_050516665.1.tsv,+
GCA_050516665.1,Bacteraemia,VFG045474|AAM75251|cylM|cytolysin_operon_context,CP175397.1,99.698,2982,2982,1,2982,435228,438209,0.0,5338,analysis/virulence_adherence/blast_72/GCA_050516665.1.tsv,+
GCA_050516675.1,Bacteraemia,VFG002164|WP_002395058|prgB/asc10|aggregation_substance_context,CP175395.1,95.434,3920,3918,2,3918,400091,404007,0.0,6259,analysis/virulence_adherence/blast_72/GCA_050516675.1.tsv,+
GCA_050516675.1,Bacteraemia,VFG002164|WP_002395058|prgB/asc10|aggregation_substance_context,CP175395.1,89.703,3875,3918,1,3855,134667,138527,0.0,5176,analysis/virulence_adherence/blast_72/GCA_050516675.1.tsv,+
GCA_050516675.1,Bacteraemia,VFG002164|WP_002395058|prgB/asc10|aggregation_substance_context,CP175394.1,94.857,3928,3918,1,3918,1,3927,0.0,6170,analysis/virulence_adherence/blast_72/GCA_050516675.1.tsv,+
GCA_050516675.1,Bacteraemia,VFG002165|WP_002356954|efaA|efaA,CP175395.1,99.461,927,927,1,927,1903176,1904102,0.0,1650,analysis/virulence_adherence/blast_72/GCA_050516675.1.tsv,+
GCA_050516675.1,Bacteraemia,VFG002165|WP_002356954|efaA|efaA,CP175395.1,68.237,828,927,81,890,497670,498479,5.09e-72,269,analysis/virulence_adherence/blast_72/GCA_050516675.1.tsv,+
GCA_050516675.1,Bacteraemia,VFG002166|WP_010714416|ace|ace,CP175395.1,96.142,1581,2025,1,1581,1031777,1033357,0.0,2577,analysis/virulence_adherence/blast_72/GCA_050516675.1.tsv,+
GCA_050516675.1,Bacteraemia,VFG002166|WP_010714416|ace|ace,CP175395.1,95.256,801,2025,1225,2025,1032860,1033660,0.0,1274,analysis/virulence_adherence/blast_72/GCA_050516675.1.tsv,+
GCA_050516675.1,Bacteraemia,VFG002166|WP_010714416|ace|ace,CP175395.1,91.317,357,2025,1084,1440,1033001,1033357,8.64e-143,505,analysis/virulence_adherence/blast_72/GCA_050516675.1.tsv,+
GCA_050516675.1,Bacteraemia,VFG002166|WP_010714416|ace|ace,CP175395.1,90.756,357,2025,1366,1722,1032860,1033216,4.48e-140,496,analysis/virulence_adherence/blast_72/GCA_050516675.1.tsv,+
GCA_050516675.1,Bacteraemia,VFG002166|WP_010714416|ace|ace,CP175395.1,89.352,216,2025,1084,1299,1033142,1033357,4.2e-77,287,analysis/virulence_adherence/blast_72/GCA_050516675.1.tsv,+
GCA_050516675.1,Bacteraemia,VFG002166|WP_010714416|ace|ace,CP175395.1,87.963,216,2025,1507,1722,1032860,1033075,2.6500000000000002e-73,273,analysis/virulence_adherence/blast_72/GCA_050516675.1.tsv,+
GCA_050516675.1,Bacteraemia,VFG002171|WP_011109430|EF0149|aggregation_substance_context,CP175395.1,99.974,3918,3918,1,3918,134667,138584,0.0,7062,analysis/virulence_adherence/blast_72/GCA_050516675.1.tsv,+
GCA_050516675.1,Bacteraemia,VFG002171|WP_011109430|EF0149|aggregation_substance_context,CP175395.1,89.584,3869,3918,2,3855,400091,403938,0.0,5139,analysis/virulence_adherence/blast_72/GCA_050516675.1.tsv,+
GCA_050516675.1,Bacteraemia,VFG002171|WP_011109430|EF0149|aggregation_substance_context,CP175394.1,89.184,3883,3918,1,3855,1,3858,0.0,5085,analysis/virulence_adherence/blast_72/GCA_050516675.1.tsv,+
GCA_050516675.1,Bacteraemia,VFG002172|WP_010710127|EF0485|aggregation_substance_context,CP175395.1,100.0,3918,3918,1,3918,400090,404007,0.0,7066,analysis/virulence_adherence/blast_72/GCA_050516675.1.tsv,+
GCA_050516675.1,Bacteraemia,VFG002172|WP_010710127|EF0485|aggregation_substance_context,CP175395.1,89.61,3869,3918,2,3849,134668,138521,0.0,5144,analysis/virulence_adherence/blast_72/GCA_050516675.1.tsv,+
GCA_050516675.1,Bacteraemia,VFG002172|WP_010710127|EF0485|aggregation_substance_context,CP175394.1,95.34,3927,3918,2,3918,2,3927,0.0,6254,analysis/virulence_adherence/blast_72/GCA_050516675.1.tsv,+
GCA_050516675.1,Bacteraemia,VFG002173|WP_010785625|asa1|asa1_or_validated_equivalent,CP175394.1,95.217,2300,3891,1603,3891,1630,3927,0.0,3651,analysis/virulence_adherence/blast_72/GCA_050516675.1.tsv,+
GCA_050516675.1,Bacteraemia,VFG002173|WP_010785625|asa1|asa1_or_validated_equivalent,CP175394.1,91.436,794,3891,1,794,1,794,0.0,1126,analysis/virulence_adherence/blast_72/GCA_050516675.1.tsv,+
GCA_050516675.1,Bacteraemia,VFG002173|WP_010785625|asa1|asa1_or_validated_equivalent,CP175395.1,94.718,2291,3891,1603,3891,401719,404007,0.0,3581,analysis/virulence_adherence/blast_72/GCA_050516675.1.tsv,+
GCA_050516675.1,Bacteraemia,VFG002173|WP_010785625|asa1|asa1_or_validated_equivalent,CP175395.1,94.595,2220,3891,1603,3822,136302,138521,0.0,3463,analysis/virulence_adherence/blast_72/GCA_050516675.1.tsv,+
GCA_050516675.1,Bacteraemia,VFG002173|WP_010785625|asa1|asa1_or_validated_equivalent,CP175395.1,90.482,830,3891,2,829,400091,400918,0.0,1136,analysis/virulence_adherence/blast_72/GCA_050516675.1.tsv,+
GCA_050516675.1,Bacteraemia,VFG002173|WP_010785625|asa1|asa1_or_validated_equivalent,CP175395.1,90.932,794,3891,1,794,134667,135460,0.0,1108,analysis/virulence_adherence/blast_72/GCA_050516675.1.tsv,+
GCA_050516675.1,Bacteraemia,VFG002174|WP_002369251|gelE|gelE,CP175395.1,98.891,1533,1533,1,1533,1694948,1693416,0.0,2689,analysis/virulence_adherence/blast_72/GCA_050516675.1.tsv,-
GCA_050516675.1,Bacteraemia,VFG002175|AAM75248|cylR1|cytolysin_operon_context,CP175395.1,100.0,285,285,1,285,434430,434146,6.26e-147,515,analysis/virulence_adherence/blast_72/GCA_050516675.1.tsv,-
GCA_050516675.1,Bacteraemia,VFG002176|AAM75252|cylB|cytolysin_operon_context,CP175395.1,99.814,2145,2145,1,2145,438034,440178,0.0,3851,analysis/virulence_adherence/blast_72/GCA_050516675.1.tsv,+
GCA_050516675.1,Bacteraemia,VFG002177|AAM75253|cylA|cylA,CP175395.1,99.839,1239,1239,1,1239,440175,441413,0.0,2226,analysis/virulence_adherence/blast_72/GCA_050516675.1.tsv,+
GCA_050516675.1,Bacteraemia,VFG002178|AAM75254|cylI|cytolysin_operon_context,CP175395.1,97.256,984,984,1,984,441414,442397,0.0,1654,analysis/virulence_adherence/blast_72/GCA_050516675.1.tsv,+
GCA_050516675.1,Bacteraemia,VFG002179|AAD09858|esp|esp,CP175395.1,99.929,5622,5622,1,5622,447061,452682,0.0,10121,analysis/virulence_adherence/blast_72/GCA_050516675.1.tsv,+
GCA_050516675.1,Bacteraemia,VFG002179|AAD09858|esp|esp,CP175395.1,96.992,1596,5622,3124,4719,450430,452025,0.0,2663,analysis/virulence_adherence/blast_72/GCA_050516675.1.tsv,+
GCA_050516675.1,Bacteraemia,VFG002179|AAD09858|esp|esp,CP175395.1,96.742,1596,5622,3370,4965,450184,451779,0.0,2645,analysis/virulence_adherence/blast_72/GCA_050516675.1.tsv,+
GCA_050516675.1,Bacteraemia,VFG002179|AAD09858|esp|esp,CP175395.1,96.296,1350,5622,3124,4473,450676,452025,0.0,2210,analysis/virulence_adherence/blast_72/GCA_050516675.1.tsv,+
GCA_050516675.1,Bacteraemia,VFG002179|AAD09858|esp|esp,CP175395.1,96.148,1350,5622,3616,4965,450184,451533,0.0,2201,analysis/virulence_adherence/blast_72/GCA_050516675.1.tsv,+
GCA_050516675.1,Bacteraemia,VFG002179|AAD09858|esp|esp,CP175395.1,95.652,1104,5622,3124,4227,450922,452025,0.0,1775,analysis/virulence_adherence/blast_72/GCA_050516675.1.tsv,+
GCA_050516675.1,Bacteraemia,VFG002179|AAD09858|esp|esp,CP175395.1,95.471,1104,5622,3862,4965,450184,451287,0.0,1766,analysis/virulence_adherence/blast_72/GCA_050516675.1.tsv,+
GCA_050516675.1,Bacteraemia,VFG002179|AAD09858|esp|esp,CP175395.1,94.915,885,5622,3124,4008,451168,452046,0.0,1395,analysis/virulence_adherence/blast_72/GCA_050516675.1.tsv,+
GCA_050516675.1,Bacteraemia,VFG002179|AAD09858|esp|esp,CP175395.1,94.689,885,5622,4108,4986,450184,451068,0.0,1386,analysis/virulence_adherence/blast_72/GCA_050516675.1.tsv,+
GCA_050516675.1,Bacteraemia,VFG002179|AAD09858|esp|esp,CP175395.1,94.444,612,5622,3124,3735,451414,452025,0.0,951,analysis/virulence_adherence/blast_72/GCA_050516675.1.tsv,+
GCA_050516675.1,Bacteraemia,VFG002179|AAD09858|esp|esp,CP175395.1,94.118,612,5622,4354,4965,450184,450795,0.0,942,analysis/virulence_adherence/blast_72/GCA_050516675.1.tsv,+
GCA_050516675.1,Bacteraemia,VFG002179|AAD09858|esp|esp,CP175395.1,99.2,500,5622,2487,2986,449295,449794,0.0,884,analysis/virulence_adherence/blast_72/GCA_050516675.1.tsv,+
GCA_050516675.1,Bacteraemia,VFG002179|AAD09858|esp|esp,CP175395.1,99.2,500,5622,2235,2734,449547,450046,0.0,884,analysis/virulence_adherence/blast_72/GCA_050516675.1.tsv,+
GCA_050516675.1,Bacteraemia,VFG002179|AAD09858|esp|esp,CP175395.1,90.71,366,5622,4600,4965,450184,450549,1.98e-143,508,analysis/virulence_adherence/blast_72/GCA_050516675.1.tsv,+
GCA_050516675.1,Bacteraemia,VFG002179|AAD09858|esp|esp,CP175395.1,90.71,366,5622,3124,3489,451660,452025,1.98e-143,508,analysis/virulence_adherence/blast_72/GCA_050516675.1.tsv,+
GCA_050516675.1,Bacteraemia,VFG002179|AAD09858|esp|esp,CP175395.1,98.387,248,5622,2739,2986,449295,449542,4.38e-120,430,analysis/virulence_adherence/blast_72/GCA_050516675.1.tsv,+
GCA_050516675.1,Bacteraemia,VFG002179|AAD09858|esp|esp,CP175395.1,98.387,248,5622,2235,2482,449799,450046,4.38e-120,430,analysis/virulence_adherence/blast_72/GCA_050516675.1.tsv,+
GCA_050516675.1,Bacteraemia,VFG002179|AAD09858|esp|esp,CP175395.1,84.021,194,5622,4948,5141,450049,450242,7.43e-54,211,analysis/virulence_adherence/blast_72/GCA_050516675.1.tsv,+
GCA_050516675.1,Bacteraemia,VFG002179|AAD09858|esp|esp,CP175395.1,84.021,194,5622,2989,3182,452008,452201,7.43e-54,211,analysis/virulence_adherence/blast_72/GCA_050516675.1.tsv,+
GCA_050516675.1,Bacteraemia,VFG002191|WP_002369252|sprE|sprE,CP175395.1,98.48,855,855,1,855,1693367,1692513,0.0,1484,analysis/virulence_adherence/blast_72/GCA_050516675.1.tsv,-
GCA_050516675.1,Bacteraemia,VFG042976|WP_154081516|ebpA|ebpA,CP175395.1,99.509,3465,3465,1,3465,1017774,1021238,0.0,6173,analysis/virulence_adherence/blast_72/GCA_050516675.1.tsv,+
GCA_050516675.1,Bacteraemia,VFG042977|WP_002379309|ebpB|ebpB,CP175395.1,99.441,1431,1431,1,1431,1021242,1022672,0.0,2545,analysis/virulence_adherence/blast_72/GCA_050516675.1.tsv,+
GCA_050516675.1,Bacteraemia,VFG042978|WP_011109477|ebpC|ebpC,CP175395.1,99.363,1884,1878,1,1878,1022669,1024552,0.0,3345,analysis/virulence_adherence/blast_72/GCA_050516675.1.tsv,+
GCA_050516675.1,Bacteraemia,VFG045470|AAM75247|cylR2|cytolysin_operon_context,CP175395.1,100.0,201,201,1,201,434145,433945,1.71e-101,363,analysis/virulence_adherence/blast_72/GCA_050516675.1.tsv,-
GCA_050516675.1,Bacteraemia,VFG045472|AAM75249|cylL|cytolysin_operon_context,CP175395.1,100.0,207,207,1,207,434549,434755,9.76e-105,374,analysis/virulence_adherence/blast_72/GCA_050516675.1.tsv,+
GCA_050516675.1,Bacteraemia,VFG045472|AAM75249|cylL|cytolysin_operon_context,CP175395.1,88.095,84,207,15,98,434839,434922,2.1599999999999998e-24,107,analysis/virulence_adherence/blast_72/GCA_050516675.1.tsv,+
GCA_050516675.1,Bacteraemia,VFG045473|AAM75250|cylS|cytolysin_operon_context,CP175395.1,100.0,192,192,1,192,434789,434980,1.25e-96,347,analysis/virulence_adherence/blast_72/GCA_050516675.1.tsv,+
GCA_050516675.1,Bacteraemia,VFG045473|AAM75250|cylS|cytolysin_operon_context,CP175395.1,88.095,84,192,51,134,434563,434646,1.98e-24,107,analysis/virulence_adherence/blast_72/GCA_050516675.1.tsv,+
GCA_050516675.1,Bacteraemia,VFG045474|AAM75251|cylM|cytolysin_operon_context,CP175395.1,99.698,2982,2982,1,2982,435041,438022,0.0,5338,analysis/virulence_adherence/blast_72/GCA_050516675.1.tsv,+
GCF_049262565.1,Reproductive,VFG002164|WP_002395058|prgB/asc10|aggregation_substance_context,NZ_CP185998.1,96.759,3918,3918,1,3918,10543,14460,0.0,6494,analysis/virulence_adherence/blast_72/GCF_049262565.1.tsv,+
GCF_049262565.1,Reproductive,VFG002165|WP_002356954|efaA|efaA,NZ_CP185997.1,99.784,927,927,1,927,1868762,1869687,0.0,1660,analysis/virulence_adherence/blast_72/GCF_049262565.1.tsv,+
GCF_049262565.1,Reproductive,VFG002165|WP_002356954|efaA|efaA,NZ_CP185997.1,68.237,828,927,81,890,446678,447487,5.02e-72,269,analysis/virulence_adherence/blast_72/GCF_049262565.1.tsv,+
GCF_049262565.1,Reproductive,VFG002166|WP_010714416|ace|ace,NZ_CP185997.1,97.537,1299,2025,1,1299,994614,995912,0.0,2199,analysis/virulence_adherence/blast_72/GCF_049262565.1.tsv,+
GCF_049262565.1,Reproductive,VFG002166|WP_010714416|ace|ace,NZ_CP185997.1,95.568,519,2025,1507,2025,995697,996215,0.0,833,analysis/virulence_adherence/blast_72/GCF_049262565.1.tsv,+
GCF_049262565.1,Reproductive,VFG002166|WP_010714416|ace|ace,NZ_CP185997.1,92.593,216,2025,1225,1440,995697,995912,7.01e-87,318,analysis/virulence_adherence/blast_72/GCF_049262565.1.tsv,+
GCF_049262565.1,Reproductive,VFG002166|WP_010714416|ace|ace,NZ_CP185997.1,92.13,216,2025,1366,1581,995697,995912,2.9800000000000003e-85,314,analysis/virulence_adherence/blast_72/GCF_049262565.1.tsv,+
GCF_049262565.1,Reproductive,VFG002166|WP_010714416|ace|ace,NZ_CP185997.1,90.789,76,2025,1647,1722,995696,995771,8.02e-23,106,analysis/virulence_adherence/blast_72/GCF_049262565.1.tsv,+
GCF_049262565.1,Reproductive,VFG002171|WP_011109430|EF0149|aggregation_substance_context,NZ_CP185998.1,90.026,3870,3918,1,3855,10543,14391,0.0,5218,analysis/virulence_adherence/blast_72/GCF_049262565.1.tsv,+
GCF_049262565.1,Reproductive,VFG002172|WP_010710127|EF0485|aggregation_substance_context,NZ_CP185998.1,96.094,3917,3918,2,3918,10544,14460,0.0,6375,analysis/virulence_adherence/blast_72/GCF_049262565.1.tsv,+
GCF_049262565.1,Reproductive,VFG002173|WP_010785625|asa1|asa1_or_validated_equivalent,NZ_CP185998.1,95.286,2291,3891,1603,3891,12172,14460,0.0,3640,analysis/virulence_adherence/blast_72/GCF_049262565.1.tsv,+
GCF_049262565.1,Reproductive,VFG002173|WP_010785625|asa1|asa1_or_validated_equivalent,NZ_CP185998.1,92.9,831,3891,1,829,10543,11371,0.0,1228,analysis/virulence_adherence/blast_72/GCF_049262565.1.tsv,+
GCF_049262565.1,Reproductive,VFG002174|WP_002369251|gelE|gelE,NZ_CP185997.1,98.956,1533,1533,1,1533,1662934,1661402,0.0,2693,analysis/virulence_adherence/blast_72/GCF_049262565.1.tsv,-
GCF_049262565.1,Reproductive,VFG002179|AAD09858|esp|esp,NZ_CP185997.1,99.268,2734,5622,1,2734,386609,389341,0.0,4837,analysis/virulence_adherence/blast_72/GCF_049262565.1.tsv,+
GCF_049262565.1,Reproductive,VFG002179|AAD09858|esp|esp,NZ_CP185997.1,98.504,1003,5622,2487,3489,388842,389844,0.0,1742,analysis/virulence_adherence/blast_72/GCF_049262565.1.tsv,+
GCF_049262565.1,Reproductive,VFG002179|AAD09858|esp|esp,NZ_CP185997.1,96.383,1023,5622,4600,5622,389479,390501,0.0,1679,analysis/virulence_adherence/blast_72/GCF_049262565.1.tsv,+
GCF_049262565.1,Reproductive,VFG002179|AAD09858|esp|esp,NZ_CP185997.1,89.822,393,5622,3616,4008,389479,389865,5.99e-150,530,analysis/virulence_adherence/blast_72/GCF_049262565.1.tsv,+
GCF_049262565.1,Reproductive,VFG002179|AAD09858|esp|esp,NZ_CP185997.1,90.984,366,5622,3370,3735,389479,389844,1.6100000000000002e-144,512,analysis/virulence_adherence/blast_72/GCF_049262565.1.tsv,+
GCF_049262565.1,Reproductive,VFG002179|AAD09858|esp|esp,NZ_CP185997.1,90.437,366,5622,4108,4473,389479,389844,8.32e-142,503,analysis/virulence_adherence/blast_72/GCF_049262565.1.tsv,+
GCF_049262565.1,Reproductive,VFG002179|AAD09858|esp|esp,NZ_CP185997.1,90.437,366,5622,4354,4719,389479,389844,8.32e-142,503,analysis/virulence_adherence/blast_72/GCF_049262565.1.tsv,+
GCF_049262565.1,Reproductive,VFG002179|AAD09858|esp|esp,NZ_CP185997.1,89.344,366,5622,3862,4227,389479,389844,2.23e-136,485,analysis/virulence_adherence/blast_72/GCF_049262565.1.tsv,+
GCF_049262565.1,Reproductive,VFG002179|AAD09858|esp|esp,NZ_CP185997.1,98.387,248,5622,2739,2986,388842,389089,4.3199999999999996e-120,430,analysis/virulence_adherence/blast_72/GCF_049262565.1.tsv,+
GCF_049262565.1,Reproductive,VFG002179|AAD09858|esp|esp,NZ_CP185997.1,95.161,248,5622,2235,2482,389094,389341,3.11e-109,394,analysis/virulence_adherence/blast_72/GCF_049262565.1.tsv,+
GCF_049262565.1,Reproductive,VFG002179|AAD09858|esp|esp,NZ_CP185997.1,84.536,194,5622,2989,3182,389827,390020,1.72e-55,215,analysis/virulence_adherence/blast_72/GCF_049262565.1.tsv,+
GCF_049262565.1,Reproductive,VFG002179|AAD09858|esp|esp,NZ_CP185997.1,83.505,194,5622,4948,5141,389344,389537,8.93e-53,206,analysis/virulence_adherence/blast_72/GCF_049262565.1.tsv,+
GCF_049262565.1,Reproductive,VFG002191|WP_002369252|sprE|sprE,NZ_CP185997.1,98.363,855,855,1,855,1661353,1660499,0.0,1480,analysis/virulence_adherence/blast_72/GCF_049262565.1.tsv,-
GCF_049262565.1,Reproductive,VFG042976|WP_154081516|ebpA|ebpA,NZ_CP185997.1,99.913,3465,3465,1,3465,983806,987270,0.0,6236,analysis/virulence_adherence/blast_72/GCF_049262565.1.tsv,+
GCF_049262565.1,Reproductive,VFG042977|WP_002379309|ebpB|ebpB,NZ_CP185997.1,99.161,1431,1431,1,1431,987274,988704,0.0,2527,analysis/virulence_adherence/blast_72/GCF_049262565.1.tsv,+
GCF_049262565.1,Reproductive,VFG042978|WP_011109477|ebpC|ebpC,NZ_CP185997.1,99.045,1884,1878,1,1878,988701,990584,0.0,3318,analysis/virulence_adherence/blast_72/GCF_049262565.1.tsv,+
GCF_053117575.1,Reproductive,VFG002164|WP_002395058|prgB/asc10|aggregation_substance_context,NZ_CP181217.1,97.371,3918,3918,1,3918,64231,68148,0.0,6602,analysis/virulence_adherence/blast_72/GCF_053117575.1.tsv,+
GCF_053117575.1,Reproductive,VFG002164|WP_002395058|prgB/asc10|aggregation_substance_context,NZ_CP181217.1,94.832,3928,3918,1,3918,11053,14979,0.0,6166,analysis/virulence_adherence/blast_72/GCF_053117575.1.tsv,+
GCF_053117575.1,Reproductive,VFG002164|WP_002395058|prgB/asc10|aggregation_substance_context,NZ_CP181216.1,95.434,3920,3918,2,3918,400135,404051,0.0,6259,analysis/virulence_adherence/blast_72/GCF_053117575.1.tsv,+
GCF_053117575.1,Reproductive,VFG002164|WP_002395058|prgB/asc10|aggregation_substance_context,NZ_CP181216.1,89.703,3875,3918,1,3855,134727,138587,0.0,5176,analysis/virulence_adherence/blast_72/GCF_053117575.1.tsv,+
GCF_053117575.1,Reproductive,VFG002165|WP_002356954|efaA|efaA,NZ_CP181216.1,99.461,927,927,1,927,1913977,1914903,0.0,1650,analysis/virulence_adherence/blast_72/GCF_053117575.1.tsv,+
GCF_053117575.1,Reproductive,VFG002165|WP_002356954|efaA|efaA,NZ_CP181216.1,68.237,828,927,81,890,497718,498527,5.21e-72,269,analysis/virulence_adherence/blast_72/GCF_053117575.1.tsv,+
GCF_053117575.1,Reproductive,VFG002166|WP_010714416|ace|ace,NZ_CP181216.1,96.142,1581,2025,1,1581,1031826,1033406,0.0,2577,analysis/virulence_adherence/blast_72/GCF_053117575.1.tsv,+
GCF_053117575.1,Reproductive,VFG002166|WP_010714416|ace|ace,NZ_CP181216.1,95.256,801,2025,1225,2025,1032909,1033709,0.0,1274,analysis/virulence_adherence/blast_72/GCF_053117575.1.tsv,+
GCF_053117575.1,Reproductive,VFG002166|WP_010714416|ace|ace,NZ_CP181216.1,91.317,357,2025,1084,1440,1033050,1033406,8.84e-143,505,analysis/virulence_adherence/blast_72/GCF_053117575.1.tsv,+
GCF_053117575.1,Reproductive,VFG002166|WP_010714416|ace|ace,NZ_CP181216.1,90.756,357,2025,1366,1722,1032909,1033265,4.579999999999999e-140,496,analysis/virulence_adherence/blast_72/GCF_053117575.1.tsv,+
GCF_053117575.1,Reproductive,VFG002166|WP_010714416|ace|ace,NZ_CP181216.1,89.352,216,2025,1084,1299,1033191,1033406,4.3e-77,287,analysis/virulence_adherence/blast_72/GCF_053117575.1.tsv,+
GCF_053117575.1,Reproductive,VFG002166|WP_010714416|ace|ace,NZ_CP181216.1,87.963,216,2025,1507,1722,1032909,1033124,2.71e-73,273,analysis/virulence_adherence/blast_72/GCF_053117575.1.tsv,+
GCF_053117575.1,Reproductive,VFG002171|WP_011109430|EF0149|aggregation_substance_context,NZ_CP181216.1,99.974,3918,3918,1,3918,134727,138644,0.0,7062,analysis/virulence_adherence/blast_72/GCF_053117575.1.tsv,+
GCF_053117575.1,Reproductive,VFG002171|WP_011109430|EF0149|aggregation_substance_context,NZ_CP181216.1,89.584,3869,3918,2,3855,400135,403982,0.0,5139,analysis/virulence_adherence/blast_72/GCF_053117575.1.tsv,+
GCF_053117575.1,Reproductive,VFG002171|WP_011109430|EF0149|aggregation_substance_context,NZ_CP181217.1,89.184,3883,3918,1,3855,11053,14910,0.0,5085,analysis/virulence_adherence/blast_72/GCF_053117575.1.tsv,+
GCF_053117575.1,Reproductive,VFG002171|WP_011109430|EF0149|aggregation_substance_context,NZ_CP181217.1,89.222,3869,3918,1,3855,64231,68079,0.0,5084,analysis/virulence_adherence/blast_72/GCF_053117575.1.tsv,+
GCF_053117575.1,Reproductive,VFG002172|WP_010710127|EF0485|aggregation_substance_context,NZ_CP181216.1,100.0,3918,3918,1,3918,400134,404051,0.0,7066,analysis/virulence_adherence/blast_72/GCF_053117575.1.tsv,+
GCF_053117575.1,Reproductive,VFG002172|WP_010710127|EF0485|aggregation_substance_context,NZ_CP181216.1,89.61,3869,3918,2,3849,134728,138581,0.0,5144,analysis/virulence_adherence/blast_72/GCF_053117575.1.tsv,+
GCF_053117575.1,Reproductive,VFG002172|WP_010710127|EF0485|aggregation_substance_context,NZ_CP181217.1,95.314,3927,3918,2,3918,11054,14979,0.0,6249,analysis/virulence_adherence/blast_72/GCF_053117575.1.tsv,+
GCF_053117575.1,Reproductive,VFG002172|WP_010710127|EF0485|aggregation_substance_context,NZ_CP181217.1,95.124,3917,3918,2,3918,64232,68148,0.0,6203,analysis/virulence_adherence/blast_72/GCF_053117575.1.tsv,+
GCF_053117575.1,Reproductive,VFG002173|WP_010785625|asa1|asa1_or_validated_equivalent,NZ_CP181217.1,95.174,2300,3891,1603,3891,12682,14979,0.0,3646,analysis/virulence_adherence/blast_72/GCF_053117575.1.tsv,+
GCF_053117575.1,Reproductive,VFG002173|WP_010785625|asa1|asa1_or_validated_equivalent,NZ_CP181217.1,94.849,2291,3891,1603,3891,65860,68148,0.0,3595,analysis/virulence_adherence/blast_72/GCF_053117575.1.tsv,+
GCF_053117575.1,Reproductive,VFG002173|WP_010785625|asa1|asa1_or_validated_equivalent,NZ_CP181217.1,93.622,831,3891,1,829,64231,65059,0.0,1255,analysis/virulence_adherence/blast_72/GCF_053117575.1.tsv,+
GCF_053117575.1,Reproductive,VFG002173|WP_010785625|asa1|asa1_or_validated_equivalent,NZ_CP181217.1,91.436,794,3891,1,794,11053,11846,0.0,1126,analysis/virulence_adherence/blast_72/GCF_053117575.1.tsv,+
GCF_053117575.1,Reproductive,VFG002173|WP_010785625|asa1|asa1_or_validated_equivalent,NZ_CP181216.1,94.718,2291,3891,1603,3891,401763,404051,0.0,3581,analysis/virulence_adherence/blast_72/GCF_053117575.1.tsv,+
GCF_053117575.1,Reproductive,VFG002173|WP_010785625|asa1|asa1_or_validated_equivalent,NZ_CP181216.1,94.595,2220,3891,1603,3822,136362,138581,0.0,3463,analysis/virulence_adherence/blast_72/GCF_053117575.1.tsv,+
GCF_053117575.1,Reproductive,VFG002173|WP_010785625|asa1|asa1_or_validated_equivalent,NZ_CP181216.1,90.482,830,3891,2,829,400135,400962,0.0,1136,analysis/virulence_adherence/blast_72/GCF_053117575.1.tsv,+
GCF_053117575.1,Reproductive,VFG002173|WP_010785625|asa1|asa1_or_validated_equivalent,NZ_CP181216.1,90.932,794,3891,1,794,134727,135520,0.0,1108,analysis/virulence_adherence/blast_72/GCF_053117575.1.tsv,+
GCF_053117575.1,Reproductive,VFG002174|WP_002369251|gelE|gelE,NZ_CP181216.1,98.891,1533,1533,1,1533,1705742,1704210,0.0,2689,analysis/virulence_adherence/blast_72/GCF_053117575.1.tsv,-
GCF_053117575.1,Reproductive,VFG002175|AAM75248|cylR1|cytolysin_operon_context,NZ_CP181216.1,100.0,285,285,1,285,434474,434190,6.4e-147,515,analysis/virulence_adherence/blast_72/GCF_053117575.1.tsv,-
GCF_053117575.1,Reproductive,VFG002176|AAM75252|cylB|cytolysin_operon_context,NZ_CP181216.1,99.814,2145,2145,1,2145,438078,440222,0.0,3851,analysis/virulence_adherence/blast_72/GCF_053117575.1.tsv,+
GCF_053117575.1,Reproductive,VFG002177|AAM75253|cylA|cylA,NZ_CP181216.1,99.839,1239,1239,1,1239,440219,441457,0.0,2226,analysis/virulence_adherence/blast_72/GCF_053117575.1.tsv,+
GCF_053117575.1,Reproductive,VFG002178|AAM75254|cylI|cytolysin_operon_context,NZ_CP181216.1,97.256,984,984,1,984,441458,442441,0.0,1654,analysis/virulence_adherence/blast_72/GCF_053117575.1.tsv,+
GCF_053117575.1,Reproductive,VFG002179|AAD09858|esp|esp,NZ_CP181216.1,99.751,5622,5622,1,5622,447105,452726,0.0,10076,analysis/virulence_adherence/blast_72/GCF_053117575.1.tsv,+
GCF_053117575.1,Reproductive,VFG002179|AAD09858|esp|esp,NZ_CP181216.1,97.368,1596,5622,3124,4719,450474,452069,0.0,2690,analysis/virulence_adherence/blast_72/GCF_053117575.1.tsv,+
GCF_053117575.1,Reproductive,VFG002179|AAD09858|esp|esp,NZ_CP181216.1,97.243,1596,5622,3370,4965,450228,451823,0.0,2681,analysis/virulence_adherence/blast_72/GCF_053117575.1.tsv,+
GCF_053117575.1,Reproductive,VFG002179|AAD09858|esp|esp,NZ_CP181216.1,97.037,1350,5622,3124,4473,450720,452069,0.0,2255,analysis/virulence_adherence/blast_72/GCF_053117575.1.tsv,+
GCF_053117575.1,Reproductive,VFG002179|AAD09858|esp|esp,NZ_CP181216.1,96.741,1350,5622,3616,4965,450228,451577,0.0,2237,analysis/virulence_adherence/blast_72/GCF_053117575.1.tsv,+
GCF_053117575.1,Reproductive,VFG002179|AAD09858|esp|esp,NZ_CP181216.1,96.558,1104,5622,3124,4227,450966,452069,0.0,1820,analysis/virulence_adherence/blast_72/GCF_053117575.1.tsv,+
GCF_053117575.1,Reproductive,VFG002179|AAD09858|esp|esp,NZ_CP181216.1,96.014,1104,5622,3862,4965,450228,451331,0.0,1793,analysis/virulence_adherence/blast_72/GCF_053117575.1.tsv,+
GCF_053117575.1,Reproductive,VFG002179|AAD09858|esp|esp,NZ_CP181216.1,95.367,885,5622,3124,4008,451212,452090,0.0,1413,analysis/virulence_adherence/blast_72/GCF_053117575.1.tsv,+
GCF_053117575.1,Reproductive,VFG002179|AAD09858|esp|esp,NZ_CP181216.1,95.571,858,5622,4108,4965,450228,451085,0.0,1377,analysis/virulence_adherence/blast_72/GCF_053117575.1.tsv,+
GCF_053117575.1,Reproductive,VFG002179|AAD09858|esp|esp,NZ_CP181216.1,94.771,612,5622,3124,3735,451458,452069,0.0,960,analysis/virulence_adherence/blast_72/GCF_053117575.1.tsv,+
GCF_053117575.1,Reproductive,VFG002179|AAD09858|esp|esp,NZ_CP181216.1,94.118,612,5622,4354,4965,450228,450839,0.0,942,analysis/virulence_adherence/blast_72/GCF_053117575.1.tsv,+
GCF_053117575.1,Reproductive,VFG002179|AAD09858|esp|esp,NZ_CP181216.1,99.2,500,5622,2487,2986,449339,449838,0.0,884,analysis/virulence_adherence/blast_72/GCF_053117575.1.tsv,+
GCF_053117575.1,Reproductive,VFG002179|AAD09858|esp|esp,NZ_CP181216.1,99.2,500,5622,2235,2734,449591,450090,0.0,884,analysis/virulence_adherence/blast_72/GCF_053117575.1.tsv,+
GCF_053117575.1,Reproductive,VFG002179|AAD09858|esp|esp,NZ_CP181216.1,91.257,366,5622,3124,3489,451704,452069,3.9199999999999996e-146,517,analysis/virulence_adherence/blast_72/GCF_053117575.1.tsv,+
GCF_053117575.1,Reproductive,VFG002179|AAD09858|esp|esp,NZ_CP181216.1,90.71,366,5622,4600,4965,450228,450593,2.03e-143,508,analysis/virulence_adherence/blast_72/GCF_053117575.1.tsv,+
GCF_053117575.1,Reproductive,VFG002179|AAD09858|esp|esp,NZ_CP181216.1,98.387,248,5622,2739,2986,449339,449586,4.47e-120,430,analysis/virulence_adherence/blast_72/GCF_053117575.1.tsv,+
GCF_053117575.1,Reproductive,VFG002179|AAD09858|esp|esp,NZ_CP181216.1,98.387,248,5622,2235,2482,449843,450090,4.47e-120,430,analysis/virulence_adherence/blast_72/GCF_053117575.1.tsv,+
GCF_053117575.1,Reproductive,VFG002179|AAD09858|esp|esp,NZ_CP181216.1,84.021,194,5622,4948,5141,450093,450286,7.599999999999999e-54,211,analysis/virulence_adherence/blast_72/GCF_053117575.1.tsv,+
GCF_053117575.1,Reproductive,VFG002179|AAD09858|esp|esp,NZ_CP181216.1,84.021,194,5622,2989,3182,452052,452245,7.599999999999999e-54,211,analysis/virulence_adherence/blast_72/GCF_053117575.1.tsv,+
GCF_053117575.1,Reproductive,VFG002191|WP_002369252|sprE|sprE,NZ_CP181216.1,98.48,855,855,1,855,1704161,1703307,0.0,1484,analysis/virulence_adherence/blast_72/GCF_053117575.1.tsv,-
GCF_053117575.1,Reproductive,VFG042976|WP_154081516|ebpA|ebpA,NZ_CP181216.1,99.509,3465,3465,1,3465,1017823,1021287,0.0,6173,analysis/virulence_adherence/blast_72/GCF_053117575.1.tsv,+
GCF_053117575.1,Reproductive,VFG042977|WP_002379309|ebpB|ebpB,NZ_CP181216.1,99.441,1431,1431,1,1431,1021291,1022721,0.0,2545,analysis/virulence_adherence/blast_72/GCF_053117575.1.tsv,+
GCF_053117575.1,Reproductive,VFG042978|WP_011109477|ebpC|ebpC,NZ_CP181216.1,99.363,1884,1878,1,1878,1022718,1024601,0.0,3345,analysis/virulence_adherence/blast_72/GCF_053117575.1.tsv,+
GCF_053117575.1,Reproductive,VFG045470|AAM75247|cylR2|cytolysin_operon_context,NZ_CP181216.1,100.0,201,201,1,201,434189,433989,1.75e-101,363,analysis/virulence_adherence/blast_72/GCF_053117575.1.tsv,-
GCF_053117575.1,Reproductive,VFG045472|AAM75249|cylL|cytolysin_operon_context,NZ_CP181216.1,100.0,207,207,1,207,434593,434799,9.98e-105,374,analysis/virulence_adherence/blast_72/GCF_053117575.1.tsv,+
GCF_053117575.1,Reproductive,VFG045472|AAM75249|cylL|cytolysin_operon_context,NZ_CP181216.1,88.095,84,207,15,98,434883,434966,2.21e-24,107,analysis/virulence_adherence/blast_72/GCF_053117575.1.tsv,+
GCF_053117575.1,Reproductive,VFG045473|AAM75250|cylS|cytolysin_operon_context,NZ_CP181216.1,100.0,192,192,1,192,434833,435024,1.27e-96,347,analysis/virulence_adherence/blast_72/GCF_053117575.1.tsv,+
GCF_053117575.1,Reproductive,VFG045473|AAM75250|cylS|cytolysin_operon_context,NZ_CP181216.1,88.095,84,192,51,134,434607,434690,2.0299999999999998e-24,107,analysis/virulence_adherence/blast_72/GCF_053117575.1.tsv,+
GCF_053117575.1,Reproductive,VFG045474|AAM75251|cylM|cytolysin_operon_context,NZ_CP181216.1,99.698,2982,2982,1,2982,435085,438066,0.0,5338,analysis/virulence_adherence/blast_72/GCF_053117575.1.tsv,+
GCF_053117585.1,Reproductive,VFG002164|WP_002395058|prgB/asc10|aggregation_substance_context,NZ_CP181214.1,95.434,3920,3918,2,3918,405557,409473,0.0,6259,analysis/virulence_adherence/blast_72/GCF_053117585.1.tsv,+
GCF_053117585.1,Reproductive,VFG002164|WP_002395058|prgB/asc10|aggregation_substance_context,NZ_CP181214.1,94.555,3379,3918,457,3834,130155,133532,0.0,5258,analysis/virulence_adherence/blast_72/GCF_053117585.1.tsv,+
GCF_053117585.1,Reproductive,VFG002164|WP_002395058|prgB/asc10|aggregation_substance_context,NZ_CP181214.1,87.747,506,3918,1,494,129116,129621,0.0,640,analysis/virulence_adherence/blast_72/GCF_053117585.1.tsv,+
GCF_053117585.1,Reproductive,VFG002164|WP_002395058|prgB/asc10|aggregation_substance_context,NZ_CP181215.1,91.28,3922,3918,1,3918,20424,24302,0.0,5506,analysis/virulence_adherence/blast_72/GCF_053117585.1.tsv,+
GCF_053117585.1,Reproductive,VFG002164|WP_002395058|prgB/asc10|aggregation_substance_context,NZ_CP181215.1,83.801,321,3918,172,492,19973,20272,4.43e-99,360,analysis/virulence_adherence/blast_72/GCF_053117585.1.tsv,+
GCF_053117585.1,Reproductive,VFG002165|WP_002356954|efaA|efaA,NZ_CP181214.1,99.676,927,927,1,927,1888428,1889354,0.0,1659,analysis/virulence_adherence/blast_72/GCF_053117585.1.tsv,+
GCF_053117585.1,Reproductive,VFG002165|WP_002356954|efaA|efaA,NZ_CP181214.1,68.244,803,927,106,890,509081,509865,2.59e-69,260,analysis/virulence_adherence/blast_72/GCF_053117585.1.tsv,+
GCF_053117585.1,Reproductive,VFG002166|WP_010714416|ace|ace,NZ_CP181214.1,96.142,1581,2025,1,1581,1057603,1059183,0.0,2577,analysis/virulence_adherence/blast_72/GCF_053117585.1.tsv,+
GCF_053117585.1,Reproductive,VFG002166|WP_010714416|ace|ace,NZ_CP181214.1,95.256,801,2025,1225,2025,1058686,1059486,0.0,1274,analysis/virulence_adherence/blast_72/GCF_053117585.1.tsv,+
GCF_053117585.1,Reproductive,VFG002166|WP_010714416|ace|ace,NZ_CP181214.1,91.317,357,2025,1084,1440,1058827,1059183,8.47e-143,505,analysis/virulence_adherence/blast_72/GCF_053117585.1.tsv,+
GCF_053117585.1,Reproductive,VFG002166|WP_010714416|ace|ace,NZ_CP181214.1,90.756,357,2025,1366,1722,1058686,1059042,4.39e-140,496,analysis/virulence_adherence/blast_72/GCF_053117585.1.tsv,+
GCF_053117585.1,Reproductive,VFG002166|WP_010714416|ace|ace,NZ_CP181214.1,89.352,216,2025,1084,1299,1058968,1059183,4.12e-77,287,analysis/virulence_adherence/blast_72/GCF_053117585.1.tsv,+
GCF_053117585.1,Reproductive,VFG002166|WP_010714416|ace|ace,NZ_CP181214.1,87.963,216,2025,1507,1722,1058686,1058901,2.6e-73,273,analysis/virulence_adherence/blast_72/GCF_053117585.1.tsv,+
GCF_053117585.1,Reproductive,VFG002171|WP_011109430|EF0149|aggregation_substance_context,NZ_CP181214.1,89.584,3869,3918,2,3855,405557,409404,0.0,5139,analysis/virulence_adherence/blast_72/GCF_053117585.1.tsv,+
GCF_053117585.1,Reproductive,VFG002171|WP_011109430|EF0149|aggregation_substance_context,NZ_CP181214.1,88.914,3509,3918,409,3904,130107,133596,0.0,4545,analysis/virulence_adherence/blast_72/GCF_053117585.1.tsv,+
GCF_053117585.1,Reproductive,VFG002171|WP_011109430|EF0149|aggregation_substance_context,NZ_CP181214.1,87.154,506,3918,1,494,129116,129621,2.01e-179,627,analysis/virulence_adherence/blast_72/GCF_053117585.1.tsv,+
GCF_053117585.1,Reproductive,VFG002171|WP_011109430|EF0149|aggregation_substance_context,NZ_CP181215.1,87.119,3874,3918,1,3855,20424,24233,0.0,4704,analysis/virulence_adherence/blast_72/GCF_053117585.1.tsv,+
GCF_053117585.1,Reproductive,VFG002171|WP_011109430|EF0149|aggregation_substance_context,NZ_CP181215.1,82.298,322,3918,172,492,19973,20272,2.62e-89,327,analysis/virulence_adherence/blast_72/GCF_053117585.1.tsv,+
GCF_053117585.1,Reproductive,VFG002172|WP_010710127|EF0485|aggregation_substance_context,NZ_CP181214.1,100.0,3918,3918,1,3918,405556,409473,0.0,7066,analysis/virulence_adherence/blast_72/GCF_053117585.1.tsv,+
GCF_053117585.1,Reproductive,VFG002172|WP_010710127|EF0485|aggregation_substance_context,NZ_CP181214.1,94.525,3379,3918,457,3834,130155,133532,0.0,5253,analysis/virulence_adherence/blast_72/GCF_053117585.1.tsv,+
GCF_053117585.1,Reproductive,VFG002172|WP_010710127|EF0485|aggregation_substance_context,NZ_CP181214.1,88.515,505,3918,2,494,129117,129621,0.0,656,analysis/virulence_adherence/blast_72/GCF_053117585.1.tsv,+
GCF_053117585.1,Reproductive,VFG002172|WP_010710127|EF0485|aggregation_substance_context,NZ_CP181215.1,91.382,3922,3918,2,3918,20425,24302,0.0,5531,analysis/virulence_adherence/blast_72/GCF_053117585.1.tsv,+
GCF_053117585.1,Reproductive,VFG002172|WP_010710127|EF0485|aggregation_substance_context,NZ_CP181215.1,83.125,320,3918,173,492,19974,20272,8.01e-96,349,analysis/virulence_adherence/blast_72/GCF_053117585.1.tsv,+
GCF_053117585.1,Reproductive,VFG002173|WP_010785625|asa1|asa1_or_validated_equivalent,NZ_CP181215.1,96.592,2289,3891,1603,3891,22014,24302,0.0,3777,analysis/virulence_adherence/blast_72/GCF_053117585.1.tsv,+
GCF_053117585.1,Reproductive,VFG002173|WP_010785625|asa1|asa1_or_validated_equivalent,NZ_CP181215.1,81.731,832,3891,1,829,20424,21213,0.0,798,analysis/virulence_adherence/blast_72/GCF_053117585.1.tsv,+
GCF_053117585.1,Reproductive,VFG002173|WP_010785625|asa1|asa1_or_validated_equivalent,NZ_CP181215.1,85.047,321,3891,172,492,19973,20272,1.6399999999999998e-104,378,analysis/virulence_adherence/blast_72/GCF_053117585.1.tsv,+
GCF_053117585.1,Reproductive,VFG002173|WP_010785625|asa1|asa1_or_validated_equivalent,NZ_CP181214.1,96.33,2207,3891,1603,3807,131328,133532,0.0,3610,analysis/virulence_adherence/blast_72/GCF_053117585.1.tsv,+
GCF_053117585.1,Reproductive,VFG002173|WP_010785625|asa1|asa1_or_validated_equivalent,NZ_CP181214.1,94.718,2291,3891,1603,3891,407185,409473,0.0,3581,analysis/virulence_adherence/blast_72/GCF_053117585.1.tsv,+
GCF_053117585.1,Reproductive,VFG002173|WP_010785625|asa1|asa1_or_validated_equivalent,NZ_CP181214.1,90.482,830,3891,2,829,405557,406384,0.0,1136,analysis/virulence_adherence/blast_72/GCF_053117585.1.tsv,+
GCF_053117585.1,Reproductive,VFG002173|WP_010785625|asa1|asa1_or_validated_equivalent,NZ_CP181214.1,88.735,506,3891,1,494,129116,129621,0.0,663,analysis/virulence_adherence/blast_72/GCF_053117585.1.tsv,+
GCF_053117585.1,Reproductive,VFG002173|WP_010785625|asa1|asa1_or_validated_equivalent,NZ_CP181214.1,91.689,373,3891,457,829,130155,130527,3.37e-151,534,analysis/virulence_adherence/blast_72/GCF_053117585.1.tsv,+
GCF_053117585.1,Reproductive,VFG002175|AAM75248|cylR1|cytolysin_operon_context,NZ_CP181214.1,100.0,285,285,1,285,439895,439611,6.14e-147,515,analysis/virulence_adherence/blast_72/GCF_053117585.1.tsv,-
GCF_053117585.1,Reproductive,VFG002176|AAM75252|cylB|cytolysin_operon_context,NZ_CP181214.1,99.814,2145,2145,1,2145,443499,445643,0.0,3851,analysis/virulence_adherence/blast_72/GCF_053117585.1.tsv,+
GCF_053117585.1,Reproductive,VFG002177|AAM75253|cylA|cylA,NZ_CP181214.1,99.839,1239,1239,1,1239,445640,446878,0.0,2226,analysis/virulence_adherence/blast_72/GCF_053117585.1.tsv,+
GCF_053117585.1,Reproductive,VFG002177|AAM75253|cylA|cylA,NZ_CP181214.1,95.775,71,1239,1169,1239,489386,489456,9.35e-26,115,analysis/virulence_adherence/blast_72/GCF_053117585.1.tsv,+
GCF_053117585.1,Reproductive,VFG002178|AAM75254|cylI|cytolysin_operon_context,NZ_CP181214.1,97.154,984,984,1,984,446879,447862,0.0,1649,analysis/virulence_adherence/blast_72/GCF_053117585.1.tsv,+
GCF_053117585.1,Reproductive,VFG002178|AAM75254|cylI|cytolysin_operon_context,NZ_CP181214.1,96.447,985,984,1,984,489457,490440,0.0,1612,analysis/virulence_adherence/blast_72/GCF_053117585.1.tsv,+
GCF_053117585.1,Reproductive,VFG002179|AAD09858|esp|esp,NZ_CP181214.1,99.678,4965,5622,1,4965,452526,457490,0.0,8882,analysis/virulence_adherence/blast_72/GCF_053117585.1.tsv,+
GCF_053117585.1,Reproductive,VFG002179|AAD09858|esp|esp,NZ_CP181214.1,98.399,2499,5622,3124,5622,455895,458393,0.0,4327,analysis/virulence_adherence/blast_72/GCF_053117585.1.tsv,+
GCF_053117585.1,Reproductive,VFG002179|AAD09858|esp|esp,NZ_CP181214.1,96.617,1596,5622,3124,4719,456141,457736,0.0,2636,analysis/virulence_adherence/blast_72/GCF_053117585.1.tsv,+
GCF_053117585.1,Reproductive,VFG002179|AAD09858|esp|esp,NZ_CP181214.1,96.366,1596,5622,3370,4965,455649,457244,0.0,2617,analysis/virulence_adherence/blast_72/GCF_053117585.1.tsv,+
GCF_053117585.1,Reproductive,VFG002179|AAD09858|esp|esp,NZ_CP181214.1,95.852,1350,5622,3616,4965,455649,456998,0.0,2183,analysis/virulence_adherence/blast_72/GCF_053117585.1.tsv,+
GCF_053117585.1,Reproductive,VFG002179|AAD09858|esp|esp,NZ_CP181214.1,95.852,1350,5622,3124,4473,456387,457736,0.0,2183,analysis/virulence_adherence/blast_72/GCF_053117585.1.tsv,+
GCF_053117585.1,Reproductive,VFG002179|AAD09858|esp|esp,NZ_CP181214.1,94.783,1131,5622,3862,4986,455649,456779,0.0,1775,analysis/virulence_adherence/blast_72/GCF_053117585.1.tsv,+
GCF_053117585.1,Reproductive,VFG002179|AAD09858|esp|esp,NZ_CP181214.1,95.652,1104,5622,3124,4227,456633,457736,0.0,1775,analysis/virulence_adherence/blast_72/GCF_053117585.1.tsv,+
GCF_053117585.1,Reproductive,VFG002179|AAD09858|esp|esp,NZ_CP181214.1,94.915,885,5622,3124,4008,456879,457757,0.0,1395,analysis/virulence_adherence/blast_72/GCF_053117585.1.tsv,+
GCF_053117585.1,Reproductive,VFG002179|AAD09858|esp|esp,NZ_CP181214.1,94.689,885,5622,4108,4986,455649,456533,0.0,1386,analysis/virulence_adherence/blast_72/GCF_053117585.1.tsv,+
GCF_053117585.1,Reproductive,VFG002179|AAD09858|esp|esp,NZ_CP181214.1,94.444,612,5622,3124,3735,457125,457736,0.0,951,analysis/virulence_adherence/blast_72/GCF_053117585.1.tsv,+
GCF_053117585.1,Reproductive,VFG002179|AAD09858|esp|esp,NZ_CP181214.1,94.118,612,5622,4354,4965,455649,456260,0.0,942,analysis/virulence_adherence/blast_72/GCF_053117585.1.tsv,+
GCF_053117585.1,Reproductive,VFG002179|AAD09858|esp|esp,NZ_CP181214.1,99.2,500,5622,2487,2986,454760,455259,0.0,884,analysis/virulence_adherence/blast_72/GCF_053117585.1.tsv,+
GCF_053117585.1,Reproductive,VFG002179|AAD09858|esp|esp,NZ_CP181214.1,99.2,500,5622,2235,2734,455012,455511,0.0,884,analysis/virulence_adherence/blast_72/GCF_053117585.1.tsv,+
GCF_053117585.1,Reproductive,VFG002179|AAD09858|esp|esp,NZ_CP181214.1,90.71,366,5622,4600,4965,455649,456014,1.95e-143,508,analysis/virulence_adherence/blast_72/GCF_053117585.1.tsv,+
GCF_053117585.1,Reproductive,VFG002179|AAD09858|esp|esp,NZ_CP181214.1,90.71,366,5622,3124,3489,457371,457736,1.95e-143,508,analysis/virulence_adherence/blast_72/GCF_053117585.1.tsv,+
GCF_053117585.1,Reproductive,VFG002179|AAD09858|esp|esp,NZ_CP181214.1,98.387,248,5622,2739,2986,454760,455007,4.29e-120,430,analysis/virulence_adherence/blast_72/GCF_053117585.1.tsv,+
GCF_053117585.1,Reproductive,VFG002179|AAD09858|esp|esp,NZ_CP181214.1,98.387,248,5622,2235,2482,455264,455511,4.29e-120,430,analysis/virulence_adherence/blast_72/GCF_053117585.1.tsv,+
GCF_053117585.1,Reproductive,VFG002179|AAD09858|esp|esp,NZ_CP181214.1,84.021,194,5622,4948,5141,455514,455707,7.279999999999999e-54,211,analysis/virulence_adherence/blast_72/GCF_053117585.1.tsv,+
GCF_053117585.1,Reproductive,VFG002179|AAD09858|esp|esp,NZ_CP181214.1,84.021,194,5622,2989,3182,457719,457912,7.279999999999999e-54,211,analysis/virulence_adherence/blast_72/GCF_053117585.1.tsv,+
GCF_053117585.1,Reproductive,VFG042976|WP_154081516|ebpA|ebpA,NZ_CP181214.1,99.538,3465,3465,1,3465,1043600,1047064,0.0,6177,analysis/virulence_adherence/blast_72/GCF_053117585.1.tsv,+
GCF_053117585.1,Reproductive,VFG042977|WP_002379309|ebpB|ebpB,NZ_CP181214.1,99.441,1431,1431,1,1431,1047068,1048498,0.0,2545,analysis/virulence_adherence/blast_72/GCF_053117585.1.tsv,+
GCF_053117585.1,Reproductive,VFG042978|WP_011109477|ebpC|ebpC,NZ_CP181214.1,99.363,1884,1878,1,1878,1048495,1050378,0.0,3345,analysis/virulence_adherence/blast_72/GCF_053117585.1.tsv,+
GCF_053117585.1,Reproductive,VFG045470|AAM75247|cylR2|cytolysin_operon_context,NZ_CP181214.1,100.0,201,201,1,201,439610,439410,1.67e-101,363,analysis/virulence_adherence/blast_72/GCF_053117585.1.tsv,-
GCF_053117585.1,Reproductive,VFG045472|AAM75249|cylL|cytolysin_operon_context,NZ_CP181214.1,100.0,207,207,1,207,440014,440220,9.56e-105,374,analysis/virulence_adherence/blast_72/GCF_053117585.1.tsv,+
GCF_053117585.1,Reproductive,VFG045472|AAM75249|cylL|cytolysin_operon_context,NZ_CP181214.1,88.095,84,207,15,98,440304,440387,2.11e-24,107,analysis/virulence_adherence/blast_72/GCF_053117585.1.tsv,+
GCF_053117585.1,Reproductive,VFG045473|AAM75250|cylS|cytolysin_operon_context,NZ_CP181214.1,100.0,192,192,1,192,440254,440445,1.22e-96,347,analysis/virulence_adherence/blast_72/GCF_053117585.1.tsv,+
GCF_053117585.1,Reproductive,VFG045473|AAM75250|cylS|cytolysin_operon_context,NZ_CP181214.1,88.095,84,192,51,134,440028,440111,1.94e-24,107,analysis/virulence_adherence/blast_72/GCF_053117585.1.tsv,+
GCF_053117585.1,Reproductive,VFG045474|AAM75251|cylM|cytolysin_operon_context,NZ_CP181214.1,99.698,2982,2982,1,2982,440506,443487,0.0,5338,analysis/virulence_adherence/blast_72/GCF_053117585.1.tsv,+
GCF_053117655.1,Reproductive,VFG002164|WP_002395058|prgB/asc10|aggregation_substance_context,NZ_CP181220.1,95.255,3920,3918,2,3918,367200,371116,0.0,6228,analysis/virulence_adherence/blast_72/GCF_053117655.1.tsv,+
GCF_053117655.1,Reproductive,VFG002164|WP_002395058|prgB/asc10|aggregation_substance_context,NZ_CP181221.1,89.444,3941,3918,1,3918,2801,6717,0.0,5212,analysis/virulence_adherence/blast_72/GCF_053117655.1.tsv,+
GCF_053117655.1,Reproductive,VFG002165|WP_002356954|efaA|efaA,NZ_CP181220.1,99.461,927,927,1,927,1814892,1815818,0.0,1650,analysis/virulence_adherence/blast_72/GCF_053117655.1.tsv,+
GCF_053117655.1,Reproductive,VFG002165|WP_002356954|efaA|efaA,NZ_CP181220.1,68.237,828,927,81,890,428138,428947,4.75e-72,269,analysis/virulence_adherence/blast_72/GCF_053117655.1.tsv,+
GCF_053117655.1,Reproductive,VFG002166|WP_010714416|ace|ace,NZ_CP181220.1,96.142,1581,2025,1,1581,968358,969938,0.0,2577,analysis/virulence_adherence/blast_72/GCF_053117655.1.tsv,+
GCF_053117655.1,Reproductive,VFG002166|WP_010714416|ace|ace,NZ_CP181220.1,95.256,801,2025,1225,2025,969441,970241,0.0,1274,analysis/virulence_adherence/blast_72/GCF_053117655.1.tsv,+
GCF_053117655.1,Reproductive,VFG002166|WP_010714416|ace|ace,NZ_CP181220.1,91.317,357,2025,1084,1440,969582,969938,8.05e-143,505,analysis/virulence_adherence/blast_72/GCF_053117655.1.tsv,+
GCF_053117655.1,Reproductive,VFG002166|WP_010714416|ace|ace,NZ_CP181220.1,90.756,357,2025,1366,1722,969441,969797,4.1699999999999996e-140,496,analysis/virulence_adherence/blast_72/GCF_053117655.1.tsv,+
GCF_053117655.1,Reproductive,VFG002166|WP_010714416|ace|ace,NZ_CP181220.1,89.352,216,2025,1084,1299,969723,969938,3.92e-77,287,analysis/virulence_adherence/blast_72/GCF_053117655.1.tsv,+
GCF_053117655.1,Reproductive,VFG002166|WP_010714416|ace|ace,NZ_CP181220.1,87.963,216,2025,1507,1722,969441,969656,2.4700000000000002e-73,273,analysis/virulence_adherence/blast_72/GCF_053117655.1.tsv,+
GCF_053117655.1,Reproductive,VFG002171|WP_011109430|EF0149|aggregation_substance_context,NZ_CP181221.1,97.846,3900,3918,1,3900,2801,6699,0.0,6652,analysis/virulence_adherence/blast_72/GCF_053117655.1.tsv,+
GCF_053117655.1,Reproductive,VFG002171|WP_011109430|EF0149|aggregation_substance_context,NZ_CP181220.1,89.661,3869,3918,2,3855,367200,371047,0.0,5153,analysis/virulence_adherence/blast_72/GCF_053117655.1.tsv,+
GCF_053117655.1,Reproductive,VFG002172|WP_010710127|EF0485|aggregation_substance_context,NZ_CP181220.1,99.413,3918,3918,1,3918,367199,371116,0.0,6963,analysis/virulence_adherence/blast_72/GCF_053117655.1.tsv,+
GCF_053117655.1,Reproductive,VFG002172|WP_010710127|EF0485|aggregation_substance_context,NZ_CP181221.1,89.595,3854,3918,2,3834,2802,6639,0.0,5118,analysis/virulence_adherence/blast_72/GCF_053117655.1.tsv,+
GCF_053117655.1,Reproductive,VFG002173|WP_010785625|asa1|asa1_or_validated_equivalent,NZ_CP181220.1,94.762,2291,3891,1603,3891,368828,371116,0.0,3586,analysis/virulence_adherence/blast_72/GCF_053117655.1.tsv,+
GCF_053117655.1,Reproductive,VFG002173|WP_010785625|asa1|asa1_or_validated_equivalent,NZ_CP181220.1,90.921,793,3891,2,794,367200,367992,0.0,1106,analysis/virulence_adherence/blast_72/GCF_053117655.1.tsv,+
GCF_053117655.1,Reproductive,VFG002173|WP_010785625|asa1|asa1_or_validated_equivalent,NZ_CP181221.1,95.102,2205,3891,1603,3807,4435,6639,0.0,3490,analysis/virulence_adherence/blast_72/GCF_053117655.1.tsv,+
GCF_053117655.1,Reproductive,VFG002173|WP_010785625|asa1|asa1_or_validated_equivalent,NZ_CP181221.1,90.932,794,3891,1,794,2801,3593,0.0,1104,analysis/virulence_adherence/blast_72/GCF_053117655.1.tsv,+
GCF_053117655.1,Reproductive,VFG002175|AAM75248|cylR1|cytolysin_operon_context,NZ_CP181220.1,100.0,285,285,1,285,401537,401253,5.84e-147,515,analysis/virulence_adherence/blast_72/GCF_053117655.1.tsv,-
GCF_053117655.1,Reproductive,VFG002176|AAM75252|cylB|cytolysin_operon_context,NZ_CP181220.1,99.814,2145,2145,1,2145,405141,407285,0.0,3851,analysis/virulence_adherence/blast_72/GCF_053117655.1.tsv,+
GCF_053117655.1,Reproductive,VFG002177|AAM75253|cylA|cylA,NZ_CP181220.1,99.839,1239,1239,1,1239,407282,408520,0.0,2226,analysis/virulence_adherence/blast_72/GCF_053117655.1.tsv,+
GCF_053117655.1,Reproductive,VFG002178|AAM75254|cylI|cytolysin_operon_context,NZ_CP181220.1,97.154,984,984,1,984,408521,409503,0.0,1645,analysis/virulence_adherence/blast_72/GCF_053117655.1.tsv,+
GCF_053117655.1,Reproductive,VFG042976|WP_154081516|ebpA|ebpA,NZ_CP181220.1,99.509,3465,3465,1,3465,954355,957819,0.0,6173,analysis/virulence_adherence/blast_72/GCF_053117655.1.tsv,+
GCF_053117655.1,Reproductive,VFG042977|WP_002379309|ebpB|ebpB,NZ_CP181220.1,99.441,1431,1431,1,1431,957823,959253,0.0,2545,analysis/virulence_adherence/blast_72/GCF_053117655.1.tsv,+
GCF_053117655.1,Reproductive,VFG042978|WP_011109477|ebpC|ebpC,NZ_CP181220.1,99.363,1884,1878,1,1878,959250,961133,0.0,3345,analysis/virulence_adherence/blast_72/GCF_053117655.1.tsv,+
GCF_053117655.1,Reproductive,VFG045470|AAM75247|cylR2|cytolysin_operon_context,NZ_CP181220.1,100.0,201,201,1,201,401252,401052,1.59e-101,363,analysis/virulence_adherence/blast_72/GCF_053117655.1.tsv,-
GCF_053117655.1,Reproductive,VFG045472|AAM75249|cylL|cytolysin_operon_context,NZ_CP181220.1,100.0,207,207,1,207,401656,401862,9.09e-105,374,analysis/virulence_adherence/blast_72/GCF_053117655.1.tsv,+
GCF_053117655.1,Reproductive,VFG045472|AAM75249|cylL|cytolysin_operon_context,NZ_CP181220.1,88.095,84,207,15,98,401946,402029,2.01e-24,107,analysis/virulence_adherence/blast_72/GCF_053117655.1.tsv,+
GCF_053117655.1,Reproductive,VFG045473|AAM75250|cylS|cytolysin_operon_context,NZ_CP181220.1,100.0,192,192,1,192,401896,402087,1.16e-96,347,analysis/virulence_adherence/blast_72/GCF_053117655.1.tsv,+
GCF_053117655.1,Reproductive,VFG045473|AAM75250|cylS|cytolysin_operon_context,NZ_CP181220.1,88.095,84,192,51,134,401670,401753,1.85e-24,107,analysis/virulence_adherence/blast_72/GCF_053117655.1.tsv,+
GCF_053117655.1,Reproductive,VFG045474|AAM75251|cylM|cytolysin_operon_context,NZ_CP181220.1,99.698,2982,2982,1,2982,402148,405129,0.0,5338,analysis/virulence_adherence/blast_72/GCF_053117655.1.tsv,+
GCF_053117665.1,Reproductive,VFG002164|WP_002395058|prgB/asc10|aggregation_substance_context,NZ_CP181222.1,94.457,2291,3918,1630,3918,1311343,1313631,0.0,3554,analysis/virulence_adherence/blast_72/GCF_053117665.1.tsv,+
GCF_053117665.1,Reproductive,VFG002164|WP_002395058|prgB/asc10|aggregation_substance_context,NZ_CP181222.1,91.707,832,3918,1,829,1309740,1310569,0.0,1181,analysis/virulence_adherence/blast_72/GCF_053117665.1.tsv,+
GCF_053117665.1,Reproductive,VFG002165|WP_002356954|efaA|efaA,NZ_CP181222.1,99.569,927,927,1,927,1152557,1151631,0.0,1654,analysis/virulence_adherence/blast_72/GCF_053117665.1.tsv,-
GCF_053117665.1,Reproductive,VFG002165|WP_002356954|efaA|efaA,NZ_CP181222.1,68.237,828,927,81,890,475999,476808,5.52e-72,269,analysis/virulence_adherence/blast_72/GCF_053117665.1.tsv,+
GCF_053117665.1,Reproductive,VFG002166|WP_010714416|ace|ace,NZ_CP181222.1,96.988,2025,2025,1,2025,2062289,2060265,0.0,3378,analysis/virulence_adherence/blast_72/GCF_053117665.1.tsv,-
GCF_053117665.1,Reproductive,VFG002166|WP_010714416|ace|ace,NZ_CP181222.1,91.841,478,2025,1104,1581,2061045,2060568,0.0,687,analysis/virulence_adherence/blast_72/GCF_053117665.1.tsv,-
GCF_053117665.1,Reproductive,VFG002166|WP_010714416|ace|ace,NZ_CP181222.1,90.361,498,2025,1225,1722,2061206,2060709,0.0,682,analysis/virulence_adherence/blast_72/GCF_053117665.1.tsv,-
GCF_053117665.1,Reproductive,VFG002166|WP_010714416|ace|ace,NZ_CP181222.1,89.636,357,2025,1366,1722,2061206,2060850,1.2999999999999999e-134,478,analysis/virulence_adherence/blast_72/GCF_053117665.1.tsv,-
GCF_053117665.1,Reproductive,VFG002166|WP_010714416|ace|ace,NZ_CP181222.1,88.235,357,2025,1084,1440,2060924,2060568,4.26e-128,455,analysis/virulence_adherence/blast_72/GCF_053117665.1.tsv,-
GCF_053117665.1,Reproductive,VFG002166|WP_010714416|ace|ace,NZ_CP181222.1,87.963,216,2025,1507,1722,2061206,2060991,2.88e-73,273,analysis/virulence_adherence/blast_72/GCF_053117665.1.tsv,-
GCF_053117665.1,Reproductive,VFG002166|WP_010714416|ace|ace,NZ_CP181222.1,87.5,216,2025,1084,1299,2060783,2060568,1.22e-71,269,analysis/virulence_adherence/blast_72/GCF_053117665.1.tsv,-
GCF_053117665.1,Reproductive,VFG002171|WP_011109430|EF0149|aggregation_substance_context,NZ_CP181222.1,95.901,2220,3918,1636,3855,1311343,1313562,0.0,3594,analysis/virulence_adherence/blast_72/GCF_053117665.1.tsv,+
GCF_053117665.1,Reproductive,VFG002171|WP_011109430|EF0149|aggregation_substance_context,NZ_CP181222.1,89.182,795,3918,1,794,1309740,1310534,0.0,1043,analysis/virulence_adherence/blast_72/GCF_053117665.1.tsv,+
GCF_053117665.1,Reproductive,VFG002172|WP_010710127|EF0485|aggregation_substance_context,NZ_CP181222.1,94.369,2291,3918,1630,3918,1311343,1313631,0.0,3545,analysis/virulence_adherence/blast_72/GCF_053117665.1.tsv,+
GCF_053117665.1,Reproductive,VFG002172|WP_010710127|EF0485|aggregation_substance_context,NZ_CP181222.1,89.29,831,3918,2,829,1309741,1310569,0.0,1089,analysis/virulence_adherence/blast_72/GCF_053117665.1.tsv,+
GCF_053117665.1,Reproductive,VFG002173|WP_010785625|asa1|asa1_or_validated_equivalent,NZ_CP181222.1,96.557,3892,3891,1,3891,1309740,1313631,0.0,6412,analysis/virulence_adherence/blast_72/GCF_053117665.1.tsv,+
GCF_053117665.1,Reproductive,VFG002174|WP_002369251|gelE|gelE,NZ_CP181222.1,98.826,1533,1533,1,1533,2030133,2028601,0.0,2684,analysis/virulence_adherence/blast_72/GCF_053117665.1.tsv,-
GCF_053117665.1,Reproductive,VFG002175|AAM75248|cylR1|cytolysin_operon_context,NZ_CP181222.1,99.649,285,285,1,285,1362795,1362511,2.8900000000000002e-145,510,analysis/virulence_adherence/blast_72/GCF_053117665.1.tsv,-
GCF_053117665.1,Reproductive,VFG002176|AAM75252|cylB|cytolysin_operon_context,NZ_CP181222.1,99.285,1538,2145,1,1538,1366399,1367936,0.0,2725,analysis/virulence_adherence/blast_72/GCF_053117665.1.tsv,+
GCF_053117665.1,Reproductive,VFG002176|AAM75252|cylB|cytolysin_operon_context,NZ_CP181222.1,97.953,635,2145,1511,2145,2059077,2058443,0.0,1087,analysis/virulence_adherence/blast_72/GCF_053117665.1.tsv,-
GCF_053117665.1,Reproductive,VFG002177|AAM75253|cylA|cylA,NZ_CP181222.1,98.789,1239,1239,1,1239,2058446,2057208,0.0,2168,analysis/virulence_adherence/blast_72/GCF_053117665.1.tsv,-
GCF_053117665.1,Reproductive,VFG002178|AAM75254|cylI|cytolysin_operon_context,NZ_CP181222.1,97.764,984,984,1,984,2057207,2056224,0.0,1676,analysis/virulence_adherence/blast_72/GCF_053117665.1.tsv,-
GCF_053117665.1,Reproductive,VFG002179|AAD09858|esp|esp,NZ_CP181222.1,99.305,2734,5622,1,2734,424224,426957,0.0,4846,analysis/virulence_adherence/blast_72/GCF_053117665.1.tsv,+
GCF_053117665.1,Reproductive,VFG002179|AAD09858|esp|esp,NZ_CP181222.1,98.871,2479,5622,2487,4965,426458,428936,0.0,4345,analysis/virulence_adherence/blast_72/GCF_053117665.1.tsv,+
GCF_053117665.1,Reproductive,VFG002179|AAD09858|esp|esp,NZ_CP181222.1,97.519,2499,5622,3124,5622,427341,429839,0.0,4228,analysis/virulence_adherence/blast_72/GCF_053117665.1.tsv,+
GCF_053117665.1,Reproductive,VFG002179|AAD09858|esp|esp,NZ_CP181222.1,97.243,1596,5622,3370,4965,427095,428690,0.0,2681,analysis/virulence_adherence/blast_72/GCF_053117665.1.tsv,+
GCF_053117665.1,Reproductive,VFG002179|AAD09858|esp|esp,NZ_CP181222.1,96.178,1596,5622,3124,4719,427587,429182,0.0,2604,analysis/virulence_adherence/blast_72/GCF_053117665.1.tsv,+
GCF_053117665.1,Reproductive,VFG002179|AAD09858|esp|esp,NZ_CP181222.1,95.778,1350,5622,3124,4473,427833,429182,0.0,2178,analysis/virulence_adherence/blast_72/GCF_053117665.1.tsv,+
GCF_053117665.1,Reproductive,VFG002179|AAD09858|esp|esp,NZ_CP181222.1,95.704,1350,5622,3616,4965,427095,428444,0.0,2174,analysis/virulence_adherence/blast_72/GCF_053117665.1.tsv,+
GCF_053117665.1,Reproductive,VFG002179|AAD09858|esp|esp,NZ_CP181222.1,95.562,1104,5622,3124,4227,428079,429182,0.0,1771,analysis/virulence_adherence/blast_72/GCF_053117665.1.tsv,+
GCF_053117665.1,Reproductive,VFG002179|AAD09858|esp|esp,NZ_CP181222.1,94.656,1104,5622,3862,4965,427095,428198,0.0,1726,analysis/virulence_adherence/blast_72/GCF_053117665.1.tsv,+
GCF_053117665.1,Reproductive,VFG002179|AAD09858|esp|esp,NZ_CP181222.1,94.689,885,5622,3124,4008,428325,429203,0.0,1386,analysis/virulence_adherence/blast_72/GCF_053117665.1.tsv,+
GCF_053117665.1,Reproductive,VFG002179|AAD09858|esp|esp,NZ_CP181222.1,93.898,885,5622,4108,4986,427095,427979,0.0,1354,analysis/virulence_adherence/blast_72/GCF_053117665.1.tsv,+
GCF_053117665.1,Reproductive,VFG002179|AAD09858|esp|esp,NZ_CP181222.1,93.114,639,5622,4354,4986,427095,427733,0.0,956,analysis/virulence_adherence/blast_72/GCF_053117665.1.tsv,+
GCF_053117665.1,Reproductive,VFG002179|AAD09858|esp|esp,NZ_CP181222.1,93.791,612,5622,3124,3735,428571,429182,0.0,933,analysis/virulence_adherence/blast_72/GCF_053117665.1.tsv,+
GCF_053117665.1,Reproductive,VFG002179|AAD09858|esp|esp,NZ_CP181222.1,90.71,366,5622,4600,4965,427095,427460,2.1500000000000002e-143,508,analysis/virulence_adherence/blast_72/GCF_053117665.1.tsv,+
GCF_053117665.1,Reproductive,VFG002179|AAD09858|esp|esp,NZ_CP181222.1,90.437,366,5622,3124,3489,428817,429182,9.15e-142,503,analysis/virulence_adherence/blast_72/GCF_053117665.1.tsv,+
GCF_053117665.1,Reproductive,VFG002179|AAD09858|esp|esp,NZ_CP181222.1,98.387,248,5622,2739,2986,426458,426705,4.75e-120,430,analysis/virulence_adherence/blast_72/GCF_053117665.1.tsv,+
GCF_053117665.1,Reproductive,VFG002179|AAD09858|esp|esp,NZ_CP181222.1,95.161,248,5622,2235,2482,426710,426957,3.42e-109,394,analysis/virulence_adherence/blast_72/GCF_053117665.1.tsv,+
GCF_053117665.1,Reproductive,VFG002179|AAD09858|esp|esp,NZ_CP181222.1,84.536,194,5622,2989,3182,429165,429358,1.89e-55,215,analysis/virulence_adherence/blast_72/GCF_053117665.1.tsv,+
GCF_053117665.1,Reproductive,VFG002179|AAD09858|esp|esp,NZ_CP181222.1,84.021,194,5622,4948,5141,426960,427153,8.059999999999999e-54,211,analysis/virulence_adherence/blast_72/GCF_053117665.1.tsv,+
GCF_053117665.1,Reproductive,VFG002191|WP_002369252|sprE|sprE,NZ_CP181222.1,98.363,855,855,1,855,2028552,2027698,0.0,1480,analysis/virulence_adherence/blast_72/GCF_053117665.1.tsv,-
GCF_053117665.1,Reproductive,VFG042976|WP_154081516|ebpA|ebpA,NZ_CP181222.1,99.481,3465,3465,1,3465,2075301,2071837,0.0,6168,analysis/virulence_adherence/blast_72/GCF_053117665.1.tsv,-
GCF_053117665.1,Reproductive,VFG042977|WP_002379309|ebpB|ebpB,NZ_CP181222.1,99.371,1431,1431,1,1431,2071833,2070403,0.0,2541,analysis/virulence_adherence/blast_72/GCF_053117665.1.tsv,-
GCF_053117665.1,Reproductive,VFG042978|WP_011109477|ebpC|ebpC,NZ_CP181222.1,99.045,1884,1878,1,1878,2070406,2068523,0.0,3318,analysis/virulence_adherence/blast_72/GCF_053117665.1.tsv,-
GCF_053117665.1,Reproductive,VFG045470|AAM75247|cylR2|cytolysin_operon_context,NZ_CP181222.1,97.512,201,201,1,201,1362510,1362311,2.57e-93,337,analysis/virulence_adherence/blast_72/GCF_053117665.1.tsv,-
GCF_053117665.1,Reproductive,VFG045472|AAM75249|cylL|cytolysin_operon_context,NZ_CP181222.1,99.517,207,207,1,207,1362914,1363120,4.5e-103,370,analysis/virulence_adherence/blast_72/GCF_053117665.1.tsv,+
GCF_053117665.1,Reproductive,VFG045472|AAM75249|cylL|cytolysin_operon_context,NZ_CP181222.1,86.905,84,207,15,98,1363204,1363287,9.95e-23,103,analysis/virulence_adherence/blast_72/GCF_053117665.1.tsv,+
GCF_053117665.1,Reproductive,VFG045473|AAM75250|cylS|cytolysin_operon_context,NZ_CP181222.1,99.479,192,192,1,192,1363154,1363345,5.75e-95,343,analysis/virulence_adherence/blast_72/GCF_053117665.1.tsv,+
GCF_053117665.1,Reproductive,VFG045473|AAM75250|cylS|cytolysin_operon_context,NZ_CP181222.1,88.095,84,192,51,134,1362928,1363011,2.1499999999999998e-24,107,analysis/virulence_adherence/blast_72/GCF_053117665.1.tsv,+
GCF_053117665.1,Reproductive,VFG045474|AAM75251|cylM|cytolysin_operon_context,NZ_CP181222.1,98.793,2982,2982,1,2982,1363406,1366387,0.0,5216,analysis/virulence_adherence/blast_72/GCF_053117665.1.tsv,+
GCF_053117675.1,Reproductive,VFG002164|WP_002395058|prgB/asc10|aggregation_substance_context,NZ_CP181227.1,96.35,3918,3918,1,3918,23471,27388,0.0,6422,analysis/virulence_adherence/blast_72/GCF_053117675.1.tsv,+
GCF_053117675.1,Reproductive,VFG002164|WP_002395058|prgB/asc10|aggregation_substance_context,NZ_CP181228.1,94.646,3922,3918,1,3918,12804,16715,0.0,6117,analysis/virulence_adherence/blast_72/GCF_053117675.1.tsv,+
GCF_053117675.1,Reproductive,VFG002164|WP_002395058|prgB/asc10|aggregation_substance_context,NZ_CP181228.1,94.646,3922,3918,1,3918,63506,67417,0.0,6117,analysis/virulence_adherence/blast_72/GCF_053117675.1.tsv,+
GCF_053117675.1,Reproductive,VFG002165|WP_002356954|efaA|efaA,NZ_CP181226.1,99.676,927,927,1,927,1845288,1846214,0.0,1659,analysis/virulence_adherence/blast_72/GCF_053117675.1.tsv,+
GCF_053117675.1,Reproductive,VFG002165|WP_002356954|efaA|efaA,NZ_CP181226.1,68.237,828,927,81,890,451471,452280,5.06e-72,269,analysis/virulence_adherence/blast_72/GCF_053117675.1.tsv,+
GCF_053117675.1,Reproductive,VFG002166|WP_010714416|ace|ace,NZ_CP181226.1,95.572,1581,2025,1,1581,1039797,1041377,0.0,2536,analysis/virulence_adherence/blast_72/GCF_053117675.1.tsv,+
GCF_053117675.1,Reproductive,VFG002166|WP_010714416|ace|ace,NZ_CP181226.1,97.628,801,2025,1225,2025,1040880,1041680,0.0,1360,analysis/virulence_adherence/blast_72/GCF_053117675.1.tsv,+
GCF_053117675.1,Reproductive,VFG002166|WP_010714416|ace|ace,NZ_CP181226.1,89.356,357,2025,1366,1722,1040880,1041236,1.46e-133,473,analysis/virulence_adherence/blast_72/GCF_053117675.1.tsv,+
GCF_053117675.1,Reproductive,VFG002166|WP_010714416|ace|ace,NZ_CP181226.1,89.106,358,2025,1083,1440,1041020,1041377,1.77e-132,471,analysis/virulence_adherence/blast_72/GCF_053117675.1.tsv,+
GCF_053117675.1,Reproductive,VFG002166|WP_010714416|ace|ace,NZ_CP181226.1,88.426,216,2025,1507,1722,1040880,1041095,2.1699999999999998e-74,278,analysis/virulence_adherence/blast_72/GCF_053117675.1.tsv,+
GCF_053117675.1,Reproductive,VFG002166|WP_010714416|ace|ace,NZ_CP181226.1,88.426,216,2025,1084,1299,1041162,1041377,2.1699999999999998e-74,278,analysis/virulence_adherence/blast_72/GCF_053117675.1.tsv,+
GCF_053117675.1,Reproductive,VFG002166|WP_010714416|ace|ace,NZ_CP181226.1,90.789,76,2025,1647,1722,1040879,1040954,8.09e-23,106,analysis/virulence_adherence/blast_72/GCF_053117675.1.tsv,+
GCF_053117675.1,Reproductive,VFG002171|WP_011109430|EF0149|aggregation_substance_context,NZ_CP181228.1,89.619,3911,3918,1,3900,12804,16697,0.0,5199,analysis/virulence_adherence/blast_72/GCF_053117675.1.tsv,+
GCF_053117675.1,Reproductive,VFG002171|WP_011109430|EF0149|aggregation_substance_context,NZ_CP181228.1,89.619,3911,3918,1,3900,63506,67399,0.0,5199,analysis/virulence_adherence/blast_72/GCF_053117675.1.tsv,+
GCF_053117675.1,Reproductive,VFG002171|WP_011109430|EF0149|aggregation_substance_context,NZ_CP181227.1,89.69,3870,3918,1,3855,23471,27319,0.0,5159,analysis/virulence_adherence/blast_72/GCF_053117675.1.tsv,+
GCF_053117675.1,Reproductive,VFG002172|WP_010710127|EF0485|aggregation_substance_context,NZ_CP181227.1,95.992,3917,3918,2,3918,23472,27388,0.0,6357,analysis/virulence_adherence/blast_72/GCF_053117675.1.tsv,+
GCF_053117675.1,Reproductive,VFG002172|WP_010710127|EF0485|aggregation_substance_context,NZ_CP181228.1,94.731,3834,3918,2,3834,12805,16637,0.0,5997,analysis/virulence_adherence/blast_72/GCF_053117675.1.tsv,+
GCF_053117675.1,Reproductive,VFG002172|WP_010710127|EF0485|aggregation_substance_context,NZ_CP181228.1,94.731,3834,3918,2,3834,63507,67339,0.0,5997,analysis/virulence_adherence/blast_72/GCF_053117675.1.tsv,+
GCF_053117675.1,Reproductive,VFG002173|WP_010785625|asa1|asa1_or_validated_equivalent,NZ_CP181227.1,97.556,2291,3891,1603,3891,25100,27388,0.0,3874,analysis/virulence_adherence/blast_72/GCF_053117675.1.tsv,+
GCF_053117675.1,Reproductive,VFG002173|WP_010785625|asa1|asa1_or_validated_equivalent,NZ_CP181227.1,92.78,831,3891,1,829,23471,24299,0.0,1223,analysis/virulence_adherence/blast_72/GCF_053117675.1.tsv,+
GCF_053117675.1,Reproductive,VFG002173|WP_010785625|asa1|asa1_or_validated_equivalent,NZ_CP181228.1,94.472,2207,3891,1603,3807,14433,16637,0.0,3425,analysis/virulence_adherence/blast_72/GCF_053117675.1.tsv,+
GCF_053117675.1,Reproductive,VFG002173|WP_010785625|asa1|asa1_or_validated_equivalent,NZ_CP181228.1,94.472,2207,3891,1603,3807,65135,67339,0.0,3425,analysis/virulence_adherence/blast_72/GCF_053117675.1.tsv,+
GCF_053117675.1,Reproductive,VFG002173|WP_010785625|asa1|asa1_or_validated_equivalent,NZ_CP181228.1,93.261,831,3891,1,829,12804,13632,0.0,1242,analysis/virulence_adherence/blast_72/GCF_053117675.1.tsv,+
GCF_053117675.1,Reproductive,VFG002173|WP_010785625|asa1|asa1_or_validated_equivalent,NZ_CP181228.1,93.261,831,3891,1,829,63506,64334,0.0,1242,analysis/virulence_adherence/blast_72/GCF_053117675.1.tsv,+
GCF_053117675.1,Reproductive,VFG002179|AAD09858|esp|esp,NZ_CP181226.1,99.517,2482,5622,1,2482,417140,419620,0.0,4419,analysis/virulence_adherence/blast_72/GCF_053117675.1.tsv,+
GCF_053117675.1,Reproductive,VFG002179|AAD09858|esp|esp,NZ_CP181226.1,97.839,2499,5622,3124,5622,420004,422502,0.0,4264,analysis/virulence_adherence/blast_72/GCF_053117675.1.tsv,+
GCF_053117675.1,Reproductive,VFG002179|AAD09858|esp|esp,NZ_CP181226.1,99.012,2227,5622,2739,4965,419373,421599,0.0,3918,analysis/virulence_adherence/blast_72/GCF_053117675.1.tsv,+
GCF_053117675.1,Reproductive,VFG002179|AAD09858|esp|esp,NZ_CP181226.1,96.366,1596,5622,3370,4965,419758,421353,0.0,2617,analysis/virulence_adherence/blast_72/GCF_053117675.1.tsv,+
GCF_053117675.1,Reproductive,VFG002179|AAD09858|esp|esp,NZ_CP181226.1,96.241,1596,5622,3124,4719,420250,421845,0.0,2608,analysis/virulence_adherence/blast_72/GCF_053117675.1.tsv,+
GCF_053117675.1,Reproductive,VFG002179|AAD09858|esp|esp,NZ_CP181226.1,95.556,1350,5622,3616,4965,419758,421107,0.0,2165,analysis/virulence_adherence/blast_72/GCF_053117675.1.tsv,+
GCF_053117675.1,Reproductive,VFG002179|AAD09858|esp|esp,NZ_CP181226.1,95.481,1350,5622,3124,4473,420496,421845,0.0,2160,analysis/virulence_adherence/blast_72/GCF_053117675.1.tsv,+
GCF_053117675.1,Reproductive,VFG002179|AAD09858|esp|esp,NZ_CP181226.1,94.518,1131,5622,3862,4986,419758,420888,0.0,1762,analysis/virulence_adherence/blast_72/GCF_053117675.1.tsv,+
GCF_053117675.1,Reproductive,VFG002179|AAD09858|esp|esp,NZ_CP181226.1,95.199,1104,5622,3124,4227,420742,421845,0.0,1753,analysis/virulence_adherence/blast_72/GCF_053117675.1.tsv,+
GCF_053117675.1,Reproductive,VFG002179|AAD09858|esp|esp,NZ_CP181226.1,94.802,885,5622,4108,4986,419758,420642,0.0,1390,analysis/virulence_adherence/blast_72/GCF_053117675.1.tsv,+
GCF_053117675.1,Reproductive,VFG002179|AAD09858|esp|esp,NZ_CP181226.1,94.576,885,5622,3124,4008,420988,421866,0.0,1381,analysis/virulence_adherence/blast_72/GCF_053117675.1.tsv,+
GCF_053117675.1,Reproductive,VFG002179|AAD09858|esp|esp,NZ_CP181226.1,94.444,612,5622,4354,4965,419758,420369,0.0,951,analysis/virulence_adherence/blast_72/GCF_053117675.1.tsv,+
GCF_053117675.1,Reproductive,VFG002179|AAD09858|esp|esp,NZ_CP181226.1,94.118,612,5622,3124,3735,421234,421845,0.0,942,analysis/virulence_adherence/blast_72/GCF_053117675.1.tsv,+
GCF_053117675.1,Reproductive,VFG002179|AAD09858|esp|esp,NZ_CP181226.1,90.71,366,5622,4600,4965,419758,420123,1.97e-143,508,analysis/virulence_adherence/blast_72/GCF_053117675.1.tsv,+
GCF_053117675.1,Reproductive,VFG002179|AAD09858|esp|esp,NZ_CP181226.1,90.437,366,5622,3124,3489,421480,421845,8.389999999999999e-142,503,analysis/virulence_adherence/blast_72/GCF_053117675.1.tsv,+
GCF_053117675.1,Reproductive,VFG002179|AAD09858|esp|esp,NZ_CP181226.1,98.387,248,5622,2487,2734,419373,419620,4.35e-120,430,analysis/virulence_adherence/blast_72/GCF_053117675.1.tsv,+
GCF_053117675.1,Reproductive,VFG002179|AAD09858|esp|esp,NZ_CP181226.1,84.021,194,5622,4948,5141,419623,419816,7.39e-54,211,analysis/virulence_adherence/blast_72/GCF_053117675.1.tsv,+
GCF_053117675.1,Reproductive,VFG002179|AAD09858|esp|esp,NZ_CP181226.1,83.505,194,5622,2989,3182,421828,422021,9e-53,206,analysis/virulence_adherence/blast_72/GCF_053117675.1.tsv,+
GCF_053117675.1,Reproductive,VFG042976|WP_154081516|ebpA|ebpA,NZ_CP181226.1,99.481,3465,3465,1,3465,991772,995236,0.0,6168,analysis/virulence_adherence/blast_72/GCF_053117675.1.tsv,+
GCF_053117675.1,Reproductive,VFG042977|WP_002379309|ebpB|ebpB,NZ_CP181226.1,99.371,1431,1431,1,1431,995240,996670,0.0,2541,analysis/virulence_adherence/blast_72/GCF_053117675.1.tsv,+
GCF_053117675.1,Reproductive,VFG042978|WP_011109477|ebpC|ebpC,NZ_CP181226.1,99.363,1884,1878,1,1878,996667,998550,0.0,3345,analysis/virulence_adherence/blast_72/GCF_053117675.1.tsv,+
GCF_053117685.1,Reproductive,VFG002164|WP_002395058|prgB/asc10|aggregation_substance_context,NZ_CP181229.1,95.434,3920,3918,2,3918,2706230,2702314,0.0,6259,analysis/virulence_adherence/blast_72/GCF_053117685.1.tsv,-
GCF_053117685.1,Reproductive,VFG002164|WP_002395058|prgB/asc10|aggregation_substance_context,NZ_CP181229.1,89.703,3875,3918,1,3855,134643,138503,0.0,5176,analysis/virulence_adherence/blast_72/GCF_053117685.1.tsv,+
GCF_053117685.1,Reproductive,VFG002164|WP_002395058|prgB/asc10|aggregation_substance_context,NZ_CP181230.1,94.857,3928,3918,1,3918,11780,15706,0.0,6170,analysis/virulence_adherence/blast_72/GCF_053117685.1.tsv,+
GCF_053117685.1,Reproductive,VFG002164|WP_002395058|prgB/asc10|aggregation_substance_context,NZ_CP181231.1,95.679,2291,3918,1630,3918,12195,14483,0.0,3681,analysis/virulence_adherence/blast_72/GCF_053117685.1.tsv,+
GCF_053117685.1,Reproductive,VFG002164|WP_002395058|prgB/asc10|aggregation_substance_context,NZ_CP181231.1,92.9,831,3918,1,829,10593,11421,0.0,1228,analysis/virulence_adherence/blast_72/GCF_053117685.1.tsv,+
GCF_053117685.1,Reproductive,VFG002165|WP_002356954|efaA|efaA,NZ_CP181229.1,99.461,927,927,1,927,1189506,1188580,0.0,1650,analysis/virulence_adherence/blast_72/GCF_053117685.1.tsv,-
GCF_053117685.1,Reproductive,VFG002165|WP_002356954|efaA|efaA,NZ_CP181229.1,68.237,828,927,81,890,2608888,2608079,5.150000000000001e-72,269,analysis/virulence_adherence/blast_72/GCF_053117685.1.tsv,-
GCF_053117685.1,Reproductive,VFG002166|WP_010714416|ace|ace,NZ_CP181229.1,96.078,1581,2025,1,1581,2076471,2074892,0.0,2569,analysis/virulence_adherence/blast_72/GCF_053117685.1.tsv,-
GCF_053117685.1,Reproductive,VFG002166|WP_010714416|ace|ace,NZ_CP181229.1,95.256,801,2025,1225,2025,2075389,2074589,0.0,1274,analysis/virulence_adherence/blast_72/GCF_053117685.1.tsv,-
GCF_053117685.1,Reproductive,VFG002166|WP_010714416|ace|ace,NZ_CP181229.1,91.317,357,2025,1084,1440,2075248,2074892,8.75e-143,505,analysis/virulence_adherence/blast_72/GCF_053117685.1.tsv,-
GCF_053117685.1,Reproductive,VFG002166|WP_010714416|ace|ace,NZ_CP181229.1,90.756,357,2025,1366,1722,2075389,2075033,4.53e-140,496,analysis/virulence_adherence/blast_72/GCF_053117685.1.tsv,-
GCF_053117685.1,Reproductive,VFG002166|WP_010714416|ace|ace,NZ_CP181229.1,89.352,216,2025,1084,1299,2075107,2074892,4.25e-77,287,analysis/virulence_adherence/blast_72/GCF_053117685.1.tsv,-
GCF_053117685.1,Reproductive,VFG002166|WP_010714416|ace|ace,NZ_CP181229.1,87.963,216,2025,1507,1722,2075389,2075174,2.6800000000000002e-73,273,analysis/virulence_adherence/blast_72/GCF_053117685.1.tsv,-
GCF_053117685.1,Reproductive,VFG002171|WP_011109430|EF0149|aggregation_substance_context,NZ_CP181229.1,99.974,3918,3918,1,3918,134643,138560,0.0,7062,analysis/virulence_adherence/blast_72/GCF_053117685.1.tsv,+
GCF_053117685.1,Reproductive,VFG002171|WP_011109430|EF0149|aggregation_substance_context,NZ_CP181229.1,89.584,3869,3918,2,3855,2706230,2702383,0.0,5139,analysis/virulence_adherence/blast_72/GCF_053117685.1.tsv,-
GCF_053117685.1,Reproductive,VFG002171|WP_011109430|EF0149|aggregation_substance_context,NZ_CP181230.1,89.184,3883,3918,1,3855,11780,15637,0.0,5085,analysis/virulence_adherence/blast_72/GCF_053117685.1.tsv,+
GCF_053117685.1,Reproductive,VFG002171|WP_011109430|EF0149|aggregation_substance_context,NZ_CP181231.1,94.879,2226,3918,1636,3861,12195,14420,0.0,3501,analysis/virulence_adherence/blast_72/GCF_053117685.1.tsv,+
GCF_053117685.1,Reproductive,VFG002171|WP_011109430|EF0149|aggregation_substance_context,NZ_CP181231.1,91.814,794,3918,1,794,10593,11386,0.0,1140,analysis/virulence_adherence/blast_72/GCF_053117685.1.tsv,+
GCF_053117685.1,Reproductive,VFG002172|WP_010710127|EF0485|aggregation_substance_context,NZ_CP181229.1,100.0,3918,3918,1,3918,2706231,2702314,0.0,7066,analysis/virulence_adherence/blast_72/GCF_053117685.1.tsv,-
GCF_053117685.1,Reproductive,VFG002172|WP_010710127|EF0485|aggregation_substance_context,NZ_CP181229.1,89.61,3869,3918,2,3849,134644,138497,0.0,5144,analysis/virulence_adherence/blast_72/GCF_053117685.1.tsv,+
GCF_053117685.1,Reproductive,VFG002172|WP_010710127|EF0485|aggregation_substance_context,NZ_CP181230.1,95.34,3927,3918,2,3918,11781,15706,0.0,6254,analysis/virulence_adherence/blast_72/GCF_053117685.1.tsv,+
GCF_053117685.1,Reproductive,VFG002172|WP_010710127|EF0485|aggregation_substance_context,NZ_CP181231.1,95.766,2291,3918,1630,3918,12195,14483,0.0,3690,analysis/virulence_adherence/blast_72/GCF_053117685.1.tsv,+
GCF_053117685.1,Reproductive,VFG002172|WP_010710127|EF0485|aggregation_substance_context,NZ_CP181231.1,90.636,833,3918,2,829,10594,11421,0.0,1142,analysis/virulence_adherence/blast_72/GCF_053117685.1.tsv,+
GCF_053117685.1,Reproductive,VFG002173|WP_010785625|asa1|asa1_or_validated_equivalent,NZ_CP181231.1,96.942,3891,3891,1,3891,10593,14483,0.0,6481,analysis/virulence_adherence/blast_72/GCF_053117685.1.tsv,+
GCF_053117685.1,Reproductive,VFG002173|WP_010785625|asa1|asa1_or_validated_equivalent,NZ_CP181230.1,95.217,2300,3891,1603,3891,13409,15706,0.0,3651,analysis/virulence_adherence/blast_72/GCF_053117685.1.tsv,+
GCF_053117685.1,Reproductive,VFG002173|WP_010785625|asa1|asa1_or_validated_equivalent,NZ_CP181230.1,91.436,794,3891,1,794,11780,12573,0.0,1126,analysis/virulence_adherence/blast_72/GCF_053117685.1.tsv,+
GCF_053117685.1,Reproductive,VFG002173|WP_010785625|asa1|asa1_or_validated_equivalent,NZ_CP181229.1,94.718,2291,3891,1603,3891,2704602,2702314,0.0,3581,analysis/virulence_adherence/blast_72/GCF_053117685.1.tsv,-
GCF_053117685.1,Reproductive,VFG002173|WP_010785625|asa1|asa1_or_validated_equivalent,NZ_CP181229.1,94.595,2220,3891,1603,3822,136278,138497,0.0,3463,analysis/virulence_adherence/blast_72/GCF_053117685.1.tsv,+
GCF_053117685.1,Reproductive,VFG002173|WP_010785625|asa1|asa1_or_validated_equivalent,NZ_CP181229.1,90.482,830,3891,2,829,2706230,2705403,0.0,1136,analysis/virulence_adherence/blast_72/GCF_053117685.1.tsv,-
GCF_053117685.1,Reproductive,VFG002173|WP_010785625|asa1|asa1_or_validated_equivalent,NZ_CP181229.1,90.932,794,3891,1,794,134643,135436,0.0,1108,analysis/virulence_adherence/blast_72/GCF_053117685.1.tsv,+
GCF_053117685.1,Reproductive,VFG002174|WP_002369251|gelE|gelE,NZ_CP181229.1,98.891,1533,1533,1,1533,1397739,1399271,0.0,2689,analysis/virulence_adherence/blast_72/GCF_053117685.1.tsv,+
GCF_053117685.1,Reproductive,VFG002175|AAM75248|cylR1|cytolysin_operon_context,NZ_CP181229.1,100.0,285,285,1,285,2671892,2672176,6.34e-147,515,analysis/virulence_adherence/blast_72/GCF_053117685.1.tsv,+
GCF_053117685.1,Reproductive,VFG002176|AAM75252|cylB|cytolysin_operon_context,NZ_CP181229.1,99.814,2145,2145,1,2145,2668288,2666144,0.0,3851,analysis/virulence_adherence/blast_72/GCF_053117685.1.tsv,-
GCF_053117685.1,Reproductive,VFG002177|AAM75253|cylA|cylA,NZ_CP181229.1,99.839,1239,1239,1,1239,2666147,2664909,0.0,2226,analysis/virulence_adherence/blast_72/GCF_053117685.1.tsv,-
GCF_053117685.1,Reproductive,VFG002178|AAM75254|cylI|cytolysin_operon_context,NZ_CP181229.1,97.256,984,984,1,984,2664908,2663925,0.0,1654,analysis/virulence_adherence/blast_72/GCF_053117685.1.tsv,-
GCF_053117685.1,Reproductive,VFG002179|AAD09858|esp|esp,NZ_CP181229.1,99.9,2986,5622,1,2986,2659261,2656276,0.0,5372,analysis/virulence_adherence/blast_72/GCF_053117685.1.tsv,-
GCF_053117685.1,Reproductive,VFG002179|AAD09858|esp|esp,NZ_CP181229.1,99.062,2239,5622,2235,4473,2656775,2654537,0.0,3944,analysis/virulence_adherence/blast_72/GCF_053117685.1.tsv,-
GCF_053117685.1,Reproductive,VFG002179|AAD09858|esp|esp,NZ_CP181229.1,98.306,2007,5622,3616,5622,2655886,2653880,0.0,3467,analysis/virulence_adherence/blast_72/GCF_053117685.1.tsv,-
GCF_053117685.1,Reproductive,VFG002179|AAD09858|esp|esp,NZ_CP181229.1,96.444,1350,5622,3370,4719,2655886,2654537,0.0,2219,analysis/virulence_adherence/blast_72/GCF_053117685.1.tsv,-
GCF_053117685.1,Reproductive,VFG002179|AAD09858|esp|esp,NZ_CP181229.1,95.652,1104,5622,3124,4227,2655640,2654537,0.0,1775,analysis/virulence_adherence/blast_72/GCF_053117685.1.tsv,-
GCF_053117685.1,Reproductive,VFG002179|AAD09858|esp|esp,NZ_CP181229.1,95.29,1104,5622,3862,4965,2655886,2654783,0.0,1757,analysis/virulence_adherence/blast_72/GCF_053117685.1.tsv,-
GCF_053117685.1,Reproductive,VFG002179|AAD09858|esp|esp,NZ_CP181229.1,94.915,885,5622,3124,4008,2655394,2654516,0.0,1395,analysis/virulence_adherence/blast_72/GCF_053117685.1.tsv,-
GCF_053117685.1,Reproductive,VFG002179|AAD09858|esp|esp,NZ_CP181229.1,94.639,858,5622,4108,4965,2655886,2655029,0.0,1341,analysis/virulence_adherence/blast_72/GCF_053117685.1.tsv,-
GCF_053117685.1,Reproductive,VFG002179|AAD09858|esp|esp,NZ_CP181229.1,94.444,612,5622,3124,3735,2655148,2654537,0.0,951,analysis/virulence_adherence/blast_72/GCF_053117685.1.tsv,-
GCF_053117685.1,Reproductive,VFG002179|AAD09858|esp|esp,NZ_CP181229.1,93.137,612,5622,4354,4965,2655886,2655275,0.0,915,analysis/virulence_adherence/blast_72/GCF_053117685.1.tsv,-
GCF_053117685.1,Reproductive,VFG002179|AAD09858|esp|esp,NZ_CP181229.1,99.2,500,5622,2235,2734,2656523,2656024,0.0,884,analysis/virulence_adherence/blast_72/GCF_053117685.1.tsv,-
GCF_053117685.1,Reproductive,VFG002179|AAD09858|esp|esp,NZ_CP181229.1,99.2,500,5622,2487,2986,2657027,2656528,0.0,884,analysis/virulence_adherence/blast_72/GCF_053117685.1.tsv,-
GCF_053117685.1,Reproductive,VFG002179|AAD09858|esp|esp,NZ_CP181229.1,89.059,393,5622,4600,4986,2655886,2655494,3.88e-146,517,analysis/virulence_adherence/blast_72/GCF_053117685.1.tsv,-
GCF_053117685.1,Reproductive,VFG002179|AAD09858|esp|esp,NZ_CP181229.1,90.71,366,5622,3124,3489,2654902,2654537,2.01e-143,508,analysis/virulence_adherence/blast_72/GCF_053117685.1.tsv,-
GCF_053117685.1,Reproductive,VFG002179|AAD09858|esp|esp,NZ_CP181229.1,98.387,248,5622,2235,2482,2656271,2656024,4.43e-120,430,analysis/virulence_adherence/blast_72/GCF_053117685.1.tsv,-
GCF_053117685.1,Reproductive,VFG002179|AAD09858|esp|esp,NZ_CP181229.1,98.387,248,5622,2739,2986,2657027,2656780,4.43e-120,430,analysis/virulence_adherence/blast_72/GCF_053117685.1.tsv,-
GCF_053117685.1,Reproductive,VFG002179|AAD09858|esp|esp,NZ_CP181229.1,84.021,194,5622,2989,3182,2654554,2654361,7.519999999999999e-54,211,analysis/virulence_adherence/blast_72/GCF_053117685.1.tsv,-
GCF_053117685.1,Reproductive,VFG002179|AAD09858|esp|esp,NZ_CP181229.1,84.021,194,5622,4948,5141,2656021,2655828,7.519999999999999e-54,211,analysis/virulence_adherence/blast_72/GCF_053117685.1.tsv,-
GCF_053117685.1,Reproductive,VFG002191|WP_002369252|sprE|sprE,NZ_CP181229.1,98.48,855,855,1,855,1399320,1400174,0.0,1484,analysis/virulence_adherence/blast_72/GCF_053117685.1.tsv,+
GCF_053117685.1,Reproductive,VFG042976|WP_154081516|ebpA|ebpA,NZ_CP181229.1,99.538,3465,3465,1,3465,2090474,2087010,0.0,6177,analysis/virulence_adherence/blast_72/GCF_053117685.1.tsv,-
GCF_053117685.1,Reproductive,VFG042977|WP_002379309|ebpB|ebpB,NZ_CP181229.1,99.441,1431,1431,1,1431,2087006,2085576,0.0,2545,analysis/virulence_adherence/blast_72/GCF_053117685.1.tsv,-
GCF_053117685.1,Reproductive,VFG042978|WP_011109477|ebpC|ebpC,NZ_CP181229.1,99.363,1884,1878,1,1878,2085579,2083696,0.0,3345,analysis/virulence_adherence/blast_72/GCF_053117685.1.tsv,-
GCF_053117685.1,Reproductive,VFG045470|AAM75247|cylR2|cytolysin_operon_context,NZ_CP181229.1,100.0,201,201,1,201,2672177,2672377,1.73e-101,363,analysis/virulence_adherence/blast_72/GCF_053117685.1.tsv,+
GCF_053117685.1,Reproductive,VFG045472|AAM75249|cylL|cytolysin_operon_context,NZ_CP181229.1,100.0,207,207,1,207,2671773,2671567,9.87e-105,374,analysis/virulence_adherence/blast_72/GCF_053117685.1.tsv,-
GCF_053117685.1,Reproductive,VFG045472|AAM75249|cylL|cytolysin_operon_context,NZ_CP181229.1,88.095,84,207,15,98,2671483,2671400,2.18e-24,107,analysis/virulence_adherence/blast_72/GCF_053117685.1.tsv,-
GCF_053117685.1,Reproductive,VFG045473|AAM75250|cylS|cytolysin_operon_context,NZ_CP181229.1,100.0,192,192,1,192,2671533,2671342,1.26e-96,347,analysis/virulence_adherence/blast_72/GCF_053117685.1.tsv,-
GCF_053117685.1,Reproductive,VFG045473|AAM75250|cylS|cytolysin_operon_context,NZ_CP181229.1,88.095,84,192,51,134,2671759,2671676,2.01e-24,107,analysis/virulence_adherence/blast_72/GCF_053117685.1.tsv,-
GCF_053117685.1,Reproductive,VFG045474|AAM75251|cylM|cytolysin_operon_context,NZ_CP181229.1,99.698,2982,2982,1,2982,2671281,2668300,0.0,5338,analysis/virulence_adherence/blast_72/GCF_053117685.1.tsv,-
GCF_053117695.1,Reproductive,VFG002164|WP_002395058|prgB/asc10|aggregation_substance_context,NZ_CP181235.1,95.635,2291,3918,1630,3918,26984,24696,0.0,3676,analysis/virulence_adherence/blast_72/GCF_053117695.1.tsv,-
GCF_053117695.1,Reproductive,VFG002164|WP_002395058|prgB/asc10|aggregation_substance_context,NZ_CP181235.1,92.9,831,3918,1,829,28586,27758,0.0,1228,analysis/virulence_adherence/blast_72/GCF_053117695.1.tsv,-
GCF_053117695.1,Reproductive,VFG002165|WP_002356954|efaA|efaA,NZ_CP181234.1,99.892,927,927,1,927,1269349,1268423,0.0,1668,analysis/virulence_adherence/blast_72/GCF_053117695.1.tsv,-
GCF_053117695.1,Reproductive,VFG002165|WP_002356954|efaA|efaA,NZ_CP181234.1,68.357,828,927,81,890,2631258,2630449,1.1900000000000001e-73,273,analysis/virulence_adherence/blast_72/GCF_053117695.1.tsv,-
GCF_053117695.1,Reproductive,VFG002166|WP_010714416|ace|ace,NZ_CP181234.1,97.679,2025,2025,1,2025,2076378,2074354,0.0,3441,analysis/virulence_adherence/blast_72/GCF_053117695.1.tsv,-
GCF_053117695.1,Reproductive,VFG002166|WP_010714416|ace|ace,NZ_CP181234.1,92.771,498,2025,1225,1722,2075295,2074798,0.0,737,analysis/virulence_adherence/blast_72/GCF_053117695.1.tsv,-
GCF_053117695.1,Reproductive,VFG002166|WP_010714416|ace|ace,NZ_CP181234.1,92.369,498,2025,1084,1581,2075154,2074657,0.0,728,analysis/virulence_adherence/blast_72/GCF_053117695.1.tsv,-
GCF_053117695.1,Reproductive,VFG002166|WP_010714416|ace|ace,NZ_CP181234.1,92.997,357,2025,1084,1440,2075013,2074657,6.2e-151,532,analysis/virulence_adherence/blast_72/GCF_053117695.1.tsv,-
GCF_053117695.1,Reproductive,VFG002166|WP_010714416|ace|ace,NZ_CP181234.1,89.356,357,2025,1366,1722,2075295,2074939,1.46e-133,473,analysis/virulence_adherence/blast_72/GCF_053117695.1.tsv,-
GCF_053117695.1,Reproductive,VFG002166|WP_010714416|ace|ace,NZ_CP181234.1,94.907,216,2025,1084,1299,2074872,2074657,2.17e-93,341,analysis/virulence_adherence/blast_72/GCF_053117695.1.tsv,-
GCF_053117695.1,Reproductive,VFG002166|WP_010714416|ace|ace,NZ_CP181234.1,89.815,216,2025,1507,1722,2075295,2075080,9.860000000000001e-79,291,analysis/virulence_adherence/blast_72/GCF_053117695.1.tsv,-
GCF_053117695.1,Reproductive,VFG002166|WP_010714416|ace|ace,NZ_CP181234.1,89.333,75,2025,1084,1158,2074731,2074657,3.45e-21,100,analysis/virulence_adherence/blast_72/GCF_053117695.1.tsv,-
GCF_053117695.1,Reproductive,VFG002171|WP_011109430|EF0149|aggregation_substance_context,NZ_CP181235.1,94.924,2226,3918,1636,3861,26984,24759,0.0,3506,analysis/virulence_adherence/blast_72/GCF_053117695.1.tsv,-
GCF_053117695.1,Reproductive,VFG002171|WP_011109430|EF0149|aggregation_substance_context,NZ_CP181235.1,91.814,794,3918,1,794,28586,27793,0.0,1140,analysis/virulence_adherence/blast_72/GCF_053117695.1.tsv,-
GCF_053117695.1,Reproductive,VFG002172|WP_010710127|EF0485|aggregation_substance_context,NZ_CP181235.1,95.81,2291,3918,1630,3918,26984,24696,0.0,3694,analysis/virulence_adherence/blast_72/GCF_053117695.1.tsv,-
GCF_053117695.1,Reproductive,VFG002172|WP_010710127|EF0485|aggregation_substance_context,NZ_CP181235.1,90.636,833,3918,2,829,28585,27758,0.0,1142,analysis/virulence_adherence/blast_72/GCF_053117695.1.tsv,-
GCF_053117695.1,Reproductive,VFG002173|WP_010785625|asa1|asa1_or_validated_equivalent,NZ_CP181235.1,96.967,3891,3891,1,3891,28586,24696,0.0,6486,analysis/virulence_adherence/blast_72/GCF_053117695.1.tsv,-
GCF_053117695.1,Reproductive,VFG002174|WP_002369251|gelE|gelE,NZ_CP181234.1,98.891,1533,1533,1,1533,1426455,1427986,0.0,2685,analysis/virulence_adherence/blast_72/GCF_053117695.1.tsv,+
GCF_053117695.1,Reproductive,VFG002179|AAD09858|esp|esp,NZ_CP181234.1,99.305,2734,5622,1,2734,2682439,2679706,0.0,4846,analysis/virulence_adherence/blast_72/GCF_053117695.1.tsv,-
GCF_053117695.1,Reproductive,VFG002179|AAD09858|esp|esp,NZ_CP181234.1,98.925,2233,5622,2487,4719,2680205,2677973,0.0,3920,analysis/virulence_adherence/blast_72/GCF_053117695.1.tsv,-
GCF_053117695.1,Reproductive,VFG002179|AAD09858|esp|esp,NZ_CP181234.1,97.559,2253,5622,3370,5622,2679568,2677316,0.0,3816,analysis/virulence_adherence/blast_72/GCF_053117695.1.tsv,-
GCF_053117695.1,Reproductive,VFG002179|AAD09858|esp|esp,NZ_CP181234.1,96.074,1350,5622,3616,4965,2679568,2678219,0.0,2196,analysis/virulence_adherence/blast_72/GCF_053117695.1.tsv,-
GCF_053117695.1,Reproductive,VFG002179|AAD09858|esp|esp,NZ_CP181234.1,95.852,1350,5622,3124,4473,2679322,2677973,0.0,2183,analysis/virulence_adherence/blast_72/GCF_053117695.1.tsv,-
GCF_053117695.1,Reproductive,VFG002179|AAD09858|esp|esp,NZ_CP181234.1,95.29,1104,5622,3124,4227,2679076,2677973,0.0,1757,analysis/virulence_adherence/blast_72/GCF_053117695.1.tsv,-
GCF_053117695.1,Reproductive,VFG002179|AAD09858|esp|esp,NZ_CP181234.1,95.199,1104,5622,3862,4965,2679568,2678465,0.0,1753,analysis/virulence_adherence/blast_72/GCF_053117695.1.tsv,-
GCF_053117695.1,Reproductive,VFG002179|AAD09858|esp|esp,NZ_CP181234.1,94.576,885,5622,4108,4986,2679568,2678684,0.0,1381,analysis/virulence_adherence/blast_72/GCF_053117695.1.tsv,-
GCF_053117695.1,Reproductive,VFG002179|AAD09858|esp|esp,NZ_CP181234.1,94.237,885,5622,3124,4008,2678830,2677952,0.0,1368,analysis/virulence_adherence/blast_72/GCF_053117695.1.tsv,-
GCF_053117695.1,Reproductive,VFG002179|AAD09858|esp|esp,NZ_CP181234.1,94.118,612,5622,4354,4965,2679568,2678957,0.0,942,analysis/virulence_adherence/blast_72/GCF_053117695.1.tsv,-
GCF_053117695.1,Reproductive,VFG002179|AAD09858|esp|esp,NZ_CP181234.1,93.791,612,5622,3124,3735,2678584,2677973,0.0,933,analysis/virulence_adherence/blast_72/GCF_053117695.1.tsv,-
GCF_053117695.1,Reproductive,VFG002179|AAD09858|esp|esp,NZ_CP181234.1,90.71,366,5622,4600,4965,2679568,2679203,1.98e-143,508,analysis/virulence_adherence/blast_72/GCF_053117695.1.tsv,-
GCF_053117695.1,Reproductive,VFG002179|AAD09858|esp|esp,NZ_CP181234.1,90.164,366,5622,3124,3489,2678338,2677973,1.03e-140,499,analysis/virulence_adherence/blast_72/GCF_053117695.1.tsv,-
GCF_053117695.1,Reproductive,VFG002179|AAD09858|esp|esp,NZ_CP181234.1,98.387,248,5622,2739,2986,2680205,2679958,4.36e-120,430,analysis/virulence_adherence/blast_72/GCF_053117695.1.tsv,-
GCF_053117695.1,Reproductive,VFG002179|AAD09858|esp|esp,NZ_CP181234.1,95.161,248,5622,2235,2482,2679953,2679706,3.14e-109,394,analysis/virulence_adherence/blast_72/GCF_053117695.1.tsv,-
GCF_053117695.1,Reproductive,VFG002179|AAD09858|esp|esp,NZ_CP181234.1,84.021,194,5622,2989,3182,2677990,2677797,7.409999999999999e-54,211,analysis/virulence_adherence/blast_72/GCF_053117695.1.tsv,-
GCF_053117695.1,Reproductive,VFG002179|AAD09858|esp|esp,NZ_CP181234.1,84.021,194,5622,4948,5141,2679703,2679510,7.409999999999999e-54,211,analysis/virulence_adherence/blast_72/GCF_053117695.1.tsv,-
GCF_053117695.1,Reproductive,VFG002191|WP_002369252|sprE|sprE,NZ_CP181234.1,98.48,855,855,1,855,1428035,1428889,0.0,1484,analysis/virulence_adherence/blast_72/GCF_053117695.1.tsv,+
GCF_053117695.1,Reproductive,VFG042976|WP_154081516|ebpA|ebpA,NZ_CP181234.1,99.307,3465,3465,1,3465,2089773,2086309,0.0,6141,analysis/virulence_adherence/blast_72/GCF_053117695.1.tsv,-
GCF_053117695.1,Reproductive,VFG042977|WP_002379309|ebpB|ebpB,NZ_CP181234.1,99.092,1431,1431,1,1431,2086305,2084875,0.0,2523,analysis/virulence_adherence/blast_72/GCF_053117695.1.tsv,-
GCF_053117695.1,Reproductive,VFG042978|WP_011109477|ebpC|ebpC,NZ_CP181234.1,98.992,1884,1878,1,1878,2084878,2082995,0.0,3314,analysis/virulence_adherence/blast_72/GCF_053117695.1.tsv,-
GCF_053117705.1,Reproductive,VFG002164|WP_002395058|prgB/asc10|aggregation_substance_context,NZ_CP181238.1,95.434,3920,3918,2,3918,400259,404175,0.0,6259,analysis/virulence_adherence/blast_72/GCF_053117705.1.tsv,+
GCF_053117705.1,Reproductive,VFG002164|WP_002395058|prgB/asc10|aggregation_substance_context,NZ_CP181238.1,89.649,3874,3918,1,3855,134835,138695,0.0,5167,analysis/virulence_adherence/blast_72/GCF_053117705.1.tsv,+
GCF_053117705.1,Reproductive,VFG002164|WP_002395058|prgB/asc10|aggregation_substance_context,NZ_CP181239.1,94.883,3928,3918,1,3918,11053,14979,0.0,6175,analysis/virulence_adherence/blast_72/GCF_053117705.1.tsv,+
GCF_053117705.1,Reproductive,VFG002164|WP_002395058|prgB/asc10|aggregation_substance_context,NZ_CP181240.1,89.543,3940,3918,1,3918,25313,29230,0.0,5234,analysis/virulence_adherence/blast_72/GCF_053117705.1.tsv,+
GCF_053117705.1,Reproductive,VFG002165|WP_002356954|efaA|efaA,NZ_CP181238.1,99.461,927,927,1,927,1927366,1928292,0.0,1650,analysis/virulence_adherence/blast_72/GCF_053117705.1.tsv,+
GCF_053117705.1,Reproductive,VFG002165|WP_002356954|efaA|efaA,NZ_CP181238.1,68.237,828,927,81,890,497337,498146,5.16e-72,269,analysis/virulence_adherence/blast_72/GCF_053117705.1.tsv,+
GCF_053117705.1,Reproductive,VFG002166|WP_010714416|ace|ace,NZ_CP181238.1,96.142,1581,2025,1,1581,1029756,1031336,0.0,2577,analysis/virulence_adherence/blast_72/GCF_053117705.1.tsv,+
GCF_053117705.1,Reproductive,VFG002166|WP_010714416|ace|ace,NZ_CP181238.1,95.256,801,2025,1225,2025,1030839,1031639,0.0,1274,analysis/virulence_adherence/blast_72/GCF_053117705.1.tsv,+
GCF_053117705.1,Reproductive,VFG002166|WP_010714416|ace|ace,NZ_CP181238.1,91.317,357,2025,1084,1440,1030980,1031336,8.75e-143,505,analysis/virulence_adherence/blast_72/GCF_053117705.1.tsv,+
GCF_053117705.1,Reproductive,VFG002166|WP_010714416|ace|ace,NZ_CP181238.1,90.756,357,2025,1366,1722,1030839,1031195,4.53e-140,496,analysis/virulence_adherence/blast_72/GCF_053117705.1.tsv,+
GCF_053117705.1,Reproductive,VFG002166|WP_010714416|ace|ace,NZ_CP181238.1,89.352,216,2025,1084,1299,1031121,1031336,4.26e-77,287,analysis/virulence_adherence/blast_72/GCF_053117705.1.tsv,+
GCF_053117705.1,Reproductive,VFG002166|WP_010714416|ace|ace,NZ_CP181238.1,87.963,216,2025,1507,1722,1030839,1031054,2.69e-73,273,analysis/virulence_adherence/blast_72/GCF_053117705.1.tsv,+
GCF_053117705.1,Reproductive,VFG002171|WP_011109430|EF0149|aggregation_substance_context,NZ_CP181238.1,99.77,3918,3918,1,3918,134835,138752,0.0,7026,analysis/virulence_adherence/blast_72/GCF_053117705.1.tsv,+
GCF_053117705.1,Reproductive,VFG002171|WP_011109430|EF0149|aggregation_substance_context,NZ_CP181238.1,89.584,3869,3918,2,3855,400259,404106,0.0,5139,analysis/virulence_adherence/blast_72/GCF_053117705.1.tsv,+
GCF_053117705.1,Reproductive,VFG002171|WP_011109430|EF0149|aggregation_substance_context,NZ_CP181240.1,95.389,3904,3918,1,3900,25313,29212,0.0,6223,analysis/virulence_adherence/blast_72/GCF_053117705.1.tsv,+
GCF_053117705.1,Reproductive,VFG002171|WP_011109430|EF0149|aggregation_substance_context,NZ_CP181239.1,89.209,3883,3918,1,3855,11053,14910,0.0,5090,analysis/virulence_adherence/blast_72/GCF_053117705.1.tsv,+
GCF_053117705.1,Reproductive,VFG002172|WP_010710127|EF0485|aggregation_substance_context,NZ_CP181238.1,100.0,3918,3918,1,3918,400258,404175,0.0,7066,analysis/virulence_adherence/blast_72/GCF_053117705.1.tsv,+
GCF_053117705.1,Reproductive,VFG002172|WP_010710127|EF0485|aggregation_substance_context,NZ_CP181238.1,89.555,3868,3918,2,3849,134836,138689,0.0,5136,analysis/virulence_adherence/blast_72/GCF_053117705.1.tsv,+
GCF_053117705.1,Reproductive,VFG002172|WP_010710127|EF0485|aggregation_substance_context,NZ_CP181239.1,95.365,3927,3918,2,3918,11054,14979,0.0,6258,analysis/virulence_adherence/blast_72/GCF_053117705.1.tsv,+
GCF_053117705.1,Reproductive,VFG002172|WP_010710127|EF0485|aggregation_substance_context,NZ_CP181240.1,89.953,3852,3918,2,3834,25314,29152,0.0,5191,analysis/virulence_adherence/blast_72/GCF_053117705.1.tsv,+
GCF_053117705.1,Reproductive,VFG002173|WP_010785625|asa1|asa1_or_validated_equivalent,NZ_CP181239.1,95.217,2300,3891,1603,3891,12682,14979,0.0,3651,analysis/virulence_adherence/blast_72/GCF_053117705.1.tsv,+
GCF_053117705.1,Reproductive,VFG002173|WP_010785625|asa1|asa1_or_validated_equivalent,NZ_CP181239.1,91.436,794,3891,1,794,11053,11846,0.0,1126,analysis/virulence_adherence/blast_72/GCF_053117705.1.tsv,+
GCF_053117705.1,Reproductive,VFG002173|WP_010785625|asa1|asa1_or_validated_equivalent,NZ_CP181238.1,94.718,2291,3891,1603,3891,401887,404175,0.0,3581,analysis/virulence_adherence/blast_72/GCF_053117705.1.tsv,+
GCF_053117705.1,Reproductive,VFG002173|WP_010785625|asa1|asa1_or_validated_equivalent,NZ_CP181238.1,94.595,2220,3891,1603,3822,136470,138689,0.0,3463,analysis/virulence_adherence/blast_72/GCF_053117705.1.tsv,+
GCF_053117705.1,Reproductive,VFG002173|WP_010785625|asa1|asa1_or_validated_equivalent,NZ_CP181238.1,90.482,830,3891,2,829,400259,401086,0.0,1136,analysis/virulence_adherence/blast_72/GCF_053117705.1.tsv,+
GCF_053117705.1,Reproductive,VFG002173|WP_010785625|asa1|asa1_or_validated_equivalent,NZ_CP181238.1,90.932,794,3891,1,794,134835,135628,0.0,1108,analysis/virulence_adherence/blast_72/GCF_053117705.1.tsv,+
GCF_053117705.1,Reproductive,VFG002173|WP_010785625|asa1|asa1_or_validated_equivalent,NZ_CP181240.1,95.111,2209,3891,1603,3807,26948,29152,0.0,3491,analysis/virulence_adherence/blast_72/GCF_053117705.1.tsv,+
GCF_053117705.1,Reproductive,VFG002173|WP_010785625|asa1|asa1_or_validated_equivalent,NZ_CP181240.1,93.577,794,3891,1,794,25313,26106,0.0,1203,analysis/virulence_adherence/blast_72/GCF_053117705.1.tsv,+
GCF_053117705.1,Reproductive,VFG002174|WP_002369251|gelE|gelE,NZ_CP181238.1,98.891,1533,1533,1,1533,1719134,1717602,0.0,2689,analysis/virulence_adherence/blast_72/GCF_053117705.1.tsv,-
GCF_053117705.1,Reproductive,VFG002175|AAM75248|cylR1|cytolysin_operon_context,NZ_CP181238.1,100.0,285,285,1,285,434598,434314,6.34e-147,515,analysis/virulence_adherence/blast_72/GCF_053117705.1.tsv,-
GCF_053117705.1,Reproductive,VFG002176|AAM75252|cylB|cytolysin_operon_context,NZ_CP181238.1,99.814,2145,2145,1,2145,438202,440346,0.0,3851,analysis/virulence_adherence/blast_72/GCF_053117705.1.tsv,+
GCF_053117705.1,Reproductive,VFG002177|AAM75253|cylA|cylA,NZ_CP181238.1,99.839,1239,1239,1,1239,440343,441581,0.0,2226,analysis/virulence_adherence/blast_72/GCF_053117705.1.tsv,+
GCF_053117705.1,Reproductive,VFG002178|AAM75254|cylI|cytolysin_operon_context,NZ_CP181238.1,97.256,984,984,1,984,441582,442565,0.0,1654,analysis/virulence_adherence/blast_72/GCF_053117705.1.tsv,+
GCF_053117705.1,Reproductive,VFG002179|AAD09858|esp|esp,NZ_CP181238.1,99.445,2884,5622,2739,5622,449463,452346,0.0,5130,analysis/virulence_adherence/blast_72/GCF_053117705.1.tsv,+
GCF_053117705.1,Reproductive,VFG002179|AAD09858|esp|esp,NZ_CP181238.1,99.919,2482,5622,1,2482,447229,449710,0.0,4468,analysis/virulence_adherence/blast_72/GCF_053117705.1.tsv,+
GCF_053117705.1,Reproductive,VFG002179|AAD09858|esp|esp,NZ_CP181238.1,97.368,1596,5622,3124,4719,450094,451689,0.0,2690,analysis/virulence_adherence/blast_72/GCF_053117705.1.tsv,+
GCF_053117705.1,Reproductive,VFG002179|AAD09858|esp|esp,NZ_CP181238.1,97.243,1596,5622,3370,4965,449848,451443,0.0,2681,analysis/virulence_adherence/blast_72/GCF_053117705.1.tsv,+
GCF_053117705.1,Reproductive,VFG002179|AAD09858|esp|esp,NZ_CP181238.1,97.037,1350,5622,3124,4473,450340,451689,0.0,2255,analysis/virulence_adherence/blast_72/GCF_053117705.1.tsv,+
GCF_053117705.1,Reproductive,VFG002179|AAD09858|esp|esp,NZ_CP181238.1,96.741,1350,5622,3616,4965,449848,451197,0.0,2237,analysis/virulence_adherence/blast_72/GCF_053117705.1.tsv,+
GCF_053117705.1,Reproductive,VFG002179|AAD09858|esp|esp,NZ_CP181238.1,96.558,1104,5622,3124,4227,450586,451689,0.0,1820,analysis/virulence_adherence/blast_72/GCF_053117705.1.tsv,+
GCF_053117705.1,Reproductive,VFG002179|AAD09858|esp|esp,NZ_CP181238.1,96.014,1104,5622,3862,4965,449848,450951,0.0,1793,analysis/virulence_adherence/blast_72/GCF_053117705.1.tsv,+
GCF_053117705.1,Reproductive,VFG002179|AAD09858|esp|esp,NZ_CP181238.1,95.367,885,5622,3124,4008,450832,451710,0.0,1413,analysis/virulence_adherence/blast_72/GCF_053117705.1.tsv,+
GCF_053117705.1,Reproductive,VFG002179|AAD09858|esp|esp,NZ_CP181238.1,95.571,858,5622,4108,4965,449848,450705,0.0,1377,analysis/virulence_adherence/blast_72/GCF_053117705.1.tsv,+
GCF_053117705.1,Reproductive,VFG002179|AAD09858|esp|esp,NZ_CP181238.1,94.771,612,5622,3124,3735,451078,451689,0.0,960,analysis/virulence_adherence/blast_72/GCF_053117705.1.tsv,+
GCF_053117705.1,Reproductive,VFG002179|AAD09858|esp|esp,NZ_CP181238.1,94.118,612,5622,4354,4965,449848,450459,0.0,942,analysis/virulence_adherence/blast_72/GCF_053117705.1.tsv,+
GCF_053117705.1,Reproductive,VFG002179|AAD09858|esp|esp,NZ_CP181238.1,91.257,366,5622,3124,3489,451324,451689,3.88e-146,517,analysis/virulence_adherence/blast_72/GCF_053117705.1.tsv,+
GCF_053117705.1,Reproductive,VFG002179|AAD09858|esp|esp,NZ_CP181238.1,90.71,366,5622,4600,4965,449848,450213,2.01e-143,508,analysis/virulence_adherence/blast_72/GCF_053117705.1.tsv,+
GCF_053117705.1,Reproductive,VFG002179|AAD09858|esp|esp,NZ_CP181238.1,98.79,248,5622,2487,2734,449463,449710,3.64e-121,434,analysis/virulence_adherence/blast_72/GCF_053117705.1.tsv,+
GCF_053117705.1,Reproductive,VFG002179|AAD09858|esp|esp,NZ_CP181238.1,84.021,194,5622,4948,5141,449713,449906,7.519999999999999e-54,211,analysis/virulence_adherence/blast_72/GCF_053117705.1.tsv,+
GCF_053117705.1,Reproductive,VFG002179|AAD09858|esp|esp,NZ_CP181238.1,84.021,194,5622,2989,3182,451672,451865,7.519999999999999e-54,211,analysis/virulence_adherence/blast_72/GCF_053117705.1.tsv,+
GCF_053117705.1,Reproductive,VFG002191|WP_002369252|sprE|sprE,NZ_CP181238.1,98.48,855,855,1,855,1717553,1716699,0.0,1484,analysis/virulence_adherence/blast_72/GCF_053117705.1.tsv,-
GCF_053117705.1,Reproductive,VFG042976|WP_154081516|ebpA|ebpA,NZ_CP181238.1,99.538,3465,3465,1,3465,1015753,1019217,0.0,6177,analysis/virulence_adherence/blast_72/GCF_053117705.1.tsv,+
GCF_053117705.1,Reproductive,VFG042977|WP_002379309|ebpB|ebpB,NZ_CP181238.1,99.441,1431,1431,1,1431,1019221,1020651,0.0,2545,analysis/virulence_adherence/blast_72/GCF_053117705.1.tsv,+
GCF_053117705.1,Reproductive,VFG042978|WP_011109477|ebpC|ebpC,NZ_CP181238.1,99.363,1884,1878,1,1878,1020648,1022531,0.0,3345,analysis/virulence_adherence/blast_72/GCF_053117705.1.tsv,+
GCF_053117705.1,Reproductive,VFG045470|AAM75247|cylR2|cytolysin_operon_context,NZ_CP181238.1,100.0,201,201,1,201,434313,434113,1.73e-101,363,analysis/virulence_adherence/blast_72/GCF_053117705.1.tsv,-
GCF_053117705.1,Reproductive,VFG045472|AAM75249|cylL|cytolysin_operon_context,NZ_CP181238.1,100.0,207,207,1,207,434717,434923,9.88e-105,374,analysis/virulence_adherence/blast_72/GCF_053117705.1.tsv,+
GCF_053117705.1,Reproductive,VFG045472|AAM75249|cylL|cytolysin_operon_context,NZ_CP181238.1,88.095,84,207,15,98,435007,435090,2.18e-24,107,analysis/virulence_adherence/blast_72/GCF_053117705.1.tsv,+
GCF_053117705.1,Reproductive,VFG045473|AAM75250|cylS|cytolysin_operon_context,NZ_CP181238.1,100.0,192,192,1,192,434957,435148,1.26e-96,347,analysis/virulence_adherence/blast_72/GCF_053117705.1.tsv,+
GCF_053117705.1,Reproductive,VFG045473|AAM75250|cylS|cytolysin_operon_context,NZ_CP181238.1,88.095,84,192,51,134,434731,434814,2.01e-24,107,analysis/virulence_adherence/blast_72/GCF_053117705.1.tsv,+
GCF_053117705.1,Reproductive,VFG045474|AAM75251|cylM|cytolysin_operon_context,NZ_CP181238.1,99.698,2982,2982,1,2982,435209,438190,0.0,5338,analysis/virulence_adherence/blast_72/GCF_053117705.1.tsv,+
GCF_906464925.1,Reproductive,VFG002164|WP_002395058|prgB/asc10|aggregation_substance_context,NZ_OD940435.1,93.954,3920,3918,1,3918,11806,15723,0.0,5996,analysis/virulence_adherence/blast_72/GCF_906464925.1.tsv,+
GCF_906464925.1,Reproductive,VFG002164|WP_002395058|prgB/asc10|aggregation_substance_context,NZ_OD940434.1,89.703,3875,3918,1,3855,140416,144276,0.0,5176,analysis/virulence_adherence/blast_72/GCF_906464925.1.tsv,+
GCF_906464925.1,Reproductive,VFG002165|WP_002356954|efaA|efaA,NZ_OD940434.1,99.676,927,927,1,927,1806480,1807406,0.0,1659,analysis/virulence_adherence/blast_72/GCF_906464925.1.tsv,+
GCF_906464925.1,Reproductive,VFG002165|WP_002356954|efaA|efaA,NZ_OD940434.1,68.237,828,927,81,890,463343,464152,4.9e-72,269,analysis/virulence_adherence/blast_72/GCF_906464925.1.tsv,+
GCF_906464925.1,Reproductive,VFG002166|WP_010714416|ace|ace,NZ_OD940434.1,95.572,1581,2025,1,1581,968925,970505,0.0,2536,analysis/virulence_adherence/blast_72/GCF_906464925.1.tsv,+
GCF_906464925.1,Reproductive,VFG002166|WP_010714416|ace|ace,NZ_OD940434.1,97.628,801,2025,1225,2025,970008,970808,0.0,1360,analysis/virulence_adherence/blast_72/GCF_906464925.1.tsv,+
GCF_906464925.1,Reproductive,VFG002166|WP_010714416|ace|ace,NZ_OD940434.1,89.356,357,2025,1366,1722,970008,970364,1.41e-133,473,analysis/virulence_adherence/blast_72/GCF_906464925.1.tsv,+
GCF_906464925.1,Reproductive,VFG002166|WP_010714416|ace|ace,NZ_OD940434.1,89.106,358,2025,1083,1440,970148,970505,1.72e-132,471,analysis/virulence_adherence/blast_72/GCF_906464925.1.tsv,+
GCF_906464925.1,Reproductive,VFG002166|WP_010714416|ace|ace,NZ_OD940434.1,88.426,216,2025,1507,1722,970008,970223,2.1e-74,278,analysis/virulence_adherence/blast_72/GCF_906464925.1.tsv,+
GCF_906464925.1,Reproductive,VFG002166|WP_010714416|ace|ace,NZ_OD940434.1,88.426,216,2025,1084,1299,970290,970505,2.1e-74,278,analysis/virulence_adherence/blast_72/GCF_906464925.1.tsv,+
GCF_906464925.1,Reproductive,VFG002166|WP_010714416|ace|ace,NZ_OD940434.1,90.789,76,2025,1647,1722,970007,970082,7.83e-23,106,analysis/virulence_adherence/blast_72/GCF_906464925.1.tsv,+
GCF_906464925.1,Reproductive,VFG002171|WP_011109430|EF0149|aggregation_substance_context,NZ_OD940434.1,99.974,3918,3918,1,3918,140416,144333,0.0,7062,analysis/virulence_adherence/blast_72/GCF_906464925.1.tsv,+
GCF_906464925.1,Reproductive,VFG002171|WP_011109430|EF0149|aggregation_substance_context,NZ_OD940435.1,89.612,3870,3918,1,3855,11806,15654,0.0,5146,analysis/virulence_adherence/blast_72/GCF_906464925.1.tsv,+
GCF_906464925.1,Reproductive,VFG002172|WP_010710127|EF0485|aggregation_substance_context,NZ_OD940435.1,95.33,3919,3918,2,3918,11807,15723,0.0,6238,analysis/virulence_adherence/blast_72/GCF_906464925.1.tsv,+
GCF_906464925.1,Reproductive,VFG002172|WP_010710127|EF0485|aggregation_substance_context,NZ_OD940434.1,89.61,3869,3918,2,3849,140417,144270,0.0,5144,analysis/virulence_adherence/blast_72/GCF_906464925.1.tsv,+
GCF_906464925.1,Reproductive,VFG002173|WP_010785625|asa1|asa1_or_validated_equivalent,NZ_OD940435.1,95.981,2289,3891,1603,3891,13435,15723,0.0,3714,analysis/virulence_adherence/blast_72/GCF_906464925.1.tsv,+
GCF_906464925.1,Reproductive,VFG002173|WP_010785625|asa1|asa1_or_validated_equivalent,NZ_OD940435.1,94.692,829,3891,1,829,11806,12634,0.0,1297,analysis/virulence_adherence/blast_72/GCF_906464925.1.tsv,+
GCF_906464925.1,Reproductive,VFG002173|WP_010785625|asa1|asa1_or_validated_equivalent,NZ_OD940434.1,94.595,2220,3891,1603,3822,142051,144270,0.0,3463,analysis/virulence_adherence/blast_72/GCF_906464925.1.tsv,+
GCF_906464925.1,Reproductive,VFG002173|WP_010785625|asa1|asa1_or_validated_equivalent,NZ_OD940434.1,90.932,794,3891,1,794,140416,141209,0.0,1108,analysis/virulence_adherence/blast_72/GCF_906464925.1.tsv,+
GCF_906464925.1,Reproductive,VFG002174|WP_002369251|gelE|gelE,NZ_OD940434.1,99.739,1533,1533,1,1533,1635829,1634297,0.0,2747,analysis/virulence_adherence/blast_72/GCF_906464925.1.tsv,-
GCF_906464925.1,Reproductive,VFG002179|AAD09858|esp|esp,NZ_OD940434.1,99.133,2884,5622,2739,5622,438846,441729,0.0,5089,analysis/virulence_adherence/blast_72/GCF_906464925.1.tsv,+
GCF_906464925.1,Reproductive,VFG002179|AAD09858|esp|esp,NZ_OD940434.1,99.476,2482,5622,1,2482,436612,439093,0.0,4418,analysis/virulence_adherence/blast_72/GCF_906464925.1.tsv,+
GCF_906464925.1,Reproductive,VFG002179|AAD09858|esp|esp,NZ_OD940434.1,97.055,1596,5622,3370,4965,439231,440826,0.0,2667,analysis/virulence_adherence/blast_72/GCF_906464925.1.tsv,+
GCF_906464925.1,Reproductive,VFG002179|AAD09858|esp|esp,NZ_OD940434.1,96.867,1596,5622,3124,4719,439477,441072,0.0,2654,analysis/virulence_adherence/blast_72/GCF_906464925.1.tsv,+
GCF_906464925.1,Reproductive,VFG002179|AAD09858|esp|esp,NZ_OD940434.1,96.667,1350,5622,3616,4965,439231,440580,0.0,2232,analysis/virulence_adherence/blast_72/GCF_906464925.1.tsv,+
GCF_906464925.1,Reproductive,VFG002179|AAD09858|esp|esp,NZ_OD940434.1,96.296,1350,5622,3124,4473,439723,441072,0.0,2210,analysis/virulence_adherence/blast_72/GCF_906464925.1.tsv,+
GCF_906464925.1,Reproductive,VFG002179|AAD09858|esp|esp,NZ_OD940434.1,96.105,1104,5622,3862,4965,439231,440334,0.0,1798,analysis/virulence_adherence/blast_72/GCF_906464925.1.tsv,+
GCF_906464925.1,Reproductive,VFG002179|AAD09858|esp|esp,NZ_OD940434.1,95.833,1104,5622,3124,4227,439969,441072,0.0,1784,analysis/virulence_adherence/blast_72/GCF_906464925.1.tsv,+
GCF_906464925.1,Reproductive,VFG002179|AAD09858|esp|esp,NZ_OD940434.1,95.921,858,5622,4108,4965,439231,440088,0.0,1390,analysis/virulence_adherence/blast_72/GCF_906464925.1.tsv,+
GCF_906464925.1,Reproductive,VFG002179|AAD09858|esp|esp,NZ_OD940434.1,94.689,885,5622,3124,4008,440215,441093,0.0,1386,analysis/virulence_adherence/blast_72/GCF_906464925.1.tsv,+
GCF_906464925.1,Reproductive,VFG002179|AAD09858|esp|esp,NZ_OD940434.1,94.608,612,5622,4354,4965,439231,439842,0.0,956,analysis/virulence_adherence/blast_72/GCF_906464925.1.tsv,+
GCF_906464925.1,Reproductive,VFG002179|AAD09858|esp|esp,NZ_OD940434.1,94.118,612,5622,3124,3735,440461,441072,0.0,942,analysis/virulence_adherence/blast_72/GCF_906464925.1.tsv,+
GCF_906464925.1,Reproductive,VFG002179|AAD09858|esp|esp,NZ_OD940434.1,90.984,366,5622,4600,4965,439231,439596,1.5700000000000002e-144,512,analysis/virulence_adherence/blast_72/GCF_906464925.1.tsv,+
GCF_906464925.1,Reproductive,VFG002179|AAD09858|esp|esp,NZ_OD940434.1,90.71,366,5622,3124,3489,440707,441072,1.91e-143,508,analysis/virulence_adherence/blast_72/GCF_906464925.1.tsv,+
GCF_906464925.1,Reproductive,VFG002179|AAD09858|esp|esp,NZ_OD940434.1,98.387,248,5622,2487,2734,438846,439093,4.21e-120,430,analysis/virulence_adherence/blast_72/GCF_906464925.1.tsv,+
GCF_906464925.1,Reproductive,VFG002179|AAD09858|esp|esp,NZ_OD940434.1,84.021,194,5622,4948,5141,439096,439289,7.15e-54,211,analysis/virulence_adherence/blast_72/GCF_906464925.1.tsv,+
GCF_906464925.1,Reproductive,VFG002179|AAD09858|esp|esp,NZ_OD940434.1,83.505,194,5622,2989,3182,441055,441248,8.71e-53,206,analysis/virulence_adherence/blast_72/GCF_906464925.1.tsv,+
GCF_906464925.1,Reproductive,VFG002191|WP_002369252|sprE|sprE,NZ_OD940434.1,99.766,855,855,1,855,1634248,1633394,0.0,1534,analysis/virulence_adherence/blast_72/GCF_906464925.1.tsv,-
GCF_906464925.1,Reproductive,VFG042976|WP_154081516|ebpA|ebpA,NZ_OD940434.1,99.481,3465,3465,1,3465,957869,961333,0.0,6168,analysis/virulence_adherence/blast_72/GCF_906464925.1.tsv,+
GCF_906464925.1,Reproductive,VFG042977|WP_002379309|ebpB|ebpB,NZ_OD940434.1,99.371,1431,1431,1,1431,961337,962767,0.0,2541,analysis/virulence_adherence/blast_72/GCF_906464925.1.tsv,+
GCF_906464925.1,Reproductive,VFG042978|WP_011109477|ebpC|ebpC,NZ_OD940434.1,99.363,1884,1878,1,1878,962764,964647,0.0,3345,analysis/virulence_adherence/blast_72/GCF_906464925.1.tsv,+
