genome_accession	source	ST	BioProject	AMR_gene	AMR_class	AMR_plot_class	AMRFinderPlus_contig_ID	replicon_accession	replicon_description	localisation_classification	evidence_used	replicon_length_bp	replicon_role	sequence_report_path	AMRFinderPlus_raw_record_ID
GCA_029011255.1	Reproductive	165	PRJNA934404	lsa(A)	LINCOSAMIDE/STREPTOGRAMIN	Macrolide/lincosamide	CP118048.1	CP118048.1	chromosome	Chromosome	Accepted AMRFinderPlus hit (Functional_matrix_status=included_in_functional_presence); exact contig-accession match to NCBI Datasets sequence_report.jsonl; assignedMoleculeLocationType=Chromosome	2699936	assembled-molecule	local_archive/large_outputs/Efaecalis_14_AMRFinder/01_ncbi_download/efaecalis_genomes/ncbi_dataset/data/GCA_029011255.1/sequence_report.jsonl	GCA_029011255.1:1
GCA_029011395.1	Reproductive	44	PRJNA934404	lsa(A)	LINCOSAMIDE/STREPTOGRAMIN	Macrolide/lincosamide	CP118057.1	CP118057.1	chromosome	Chromosome	Accepted AMRFinderPlus hit (Functional_matrix_status=included_in_functional_presence); exact contig-accession match to NCBI Datasets sequence_report.jsonl; assignedMoleculeLocationType=Chromosome	2940442	assembled-molecule	local_archive/large_outputs/Efaecalis_14_AMRFinder/01_ncbi_download/efaecalis_genomes/ncbi_dataset/data/GCA_029011395.1/sequence_report.jsonl	GCA_029011395.1:2
GCA_029011395.1	Reproductive	44	PRJNA934404	tet(M)	TETRACYCLINE	Tetracycline	CP118057.1	CP118057.1	chromosome	Chromosome	Accepted AMRFinderPlus hit (Functional_matrix_status=included_in_functional_presence); exact contig-accession match to NCBI Datasets sequence_report.jsonl; assignedMoleculeLocationType=Chromosome	2940442	assembled-molecule	local_archive/large_outputs/Efaecalis_14_AMRFinder/01_ncbi_download/efaecalis_genomes/ncbi_dataset/data/GCA_029011395.1/sequence_report.jsonl	GCA_029011395.1:1
GCA_029011535.1	Reproductive	19	PRJNA934404	tet(S)	TETRACYCLINE	Tetracycline	CP118072.1	CP118072.1	chromosome	Chromosome	Accepted AMRFinderPlus hit (Functional_matrix_status=included_in_functional_presence); exact contig-accession match to NCBI Datasets sequence_report.jsonl; assignedMoleculeLocationType=Chromosome	2795902	assembled-molecule	local_archive/large_outputs/Efaecalis_14_AMRFinder/01_ncbi_download/efaecalis_genomes/ncbi_dataset/data/GCA_029011535.1/sequence_report.jsonl	GCA_029011535.1:2
GCA_029011535.1	Reproductive	19	PRJNA934404	erm(B)	LINCOSAMIDE/MACROLIDE/STREPTOGRAMIN	Macrolide/lincosamide	CP118073.1	CP118073.1	pEfVSI19_01	Plasmid	Accepted AMRFinderPlus hit (Functional_matrix_status=included_in_functional_presence); exact contig-accession match to NCBI Datasets sequence_report.jsonl; assignedMoleculeLocationType=Plasmid	70631	assembled-molecule	local_archive/large_outputs/Efaecalis_14_AMRFinder/01_ncbi_download/efaecalis_genomes/ncbi_dataset/data/GCA_029011535.1/sequence_report.jsonl	GCA_029011535.1:3
GCA_029011745.1	Reproductive	44	PRJNA934404	tet(M)	TETRACYCLINE	Tetracycline	CP118085.1	CP118085.1	chromosome	Chromosome	Accepted AMRFinderPlus hit (Functional_matrix_status=included_in_functional_presence); exact contig-accession match to NCBI Datasets sequence_report.jsonl; assignedMoleculeLocationType=Chromosome	2984075	assembled-molecule	local_archive/large_outputs/Efaecalis_14_AMRFinder/01_ncbi_download/efaecalis_genomes/ncbi_dataset/data/GCA_029011745.1/sequence_report.jsonl	GCA_029011745.1:1
GCA_050469755.1	Bacteraemia	6	PRJNA1185791	aac(6')-Ie/aph(2'')-Ia	AMINOGLYCOSIDE	Aminoglycoside	CP175101.1	CP175101.1	chromosome	Chromosome	Accepted AMRFinderPlus hit (Functional_matrix_status=included_in_functional_presence); exact contig-accession match to NCBI Datasets sequence_report.jsonl; assignedMoleculeLocationType=Chromosome	3037128	assembled-molecule	local_archive/large_outputs/Efaecalis_58_AMRFinder/01_ncbi_download/efaecalis_genomes/ncbi_dataset/data/GCA_050469755.1/sequence_report.jsonl	GCA_050469755.1:7
GCA_050469755.1	Bacteraemia	6	PRJNA1185791	dfrF	TRIMETHOPRIM	Other	CP175101.1	CP175101.1	chromosome	Chromosome	Accepted AMRFinderPlus hit (Functional_matrix_status=included_in_functional_presence); exact contig-accession match to NCBI Datasets sequence_report.jsonl; assignedMoleculeLocationType=Chromosome	3037128	assembled-molecule	local_archive/large_outputs/Efaecalis_58_AMRFinder/01_ncbi_download/efaecalis_genomes/ncbi_dataset/data/GCA_050469755.1/sequence_report.jsonl	GCA_050469755.1:2
GCA_050469755.1	Bacteraemia	6	PRJNA1185791	dfrF	TRIMETHOPRIM	Other	CP175101.1	CP175101.1	chromosome	Chromosome	Accepted AMRFinderPlus hit (Functional_matrix_status=included_in_functional_presence); exact contig-accession match to NCBI Datasets sequence_report.jsonl; assignedMoleculeLocationType=Chromosome	3037128	assembled-molecule	local_archive/large_outputs/Efaecalis_58_AMRFinder/01_ncbi_download/efaecalis_genomes/ncbi_dataset/data/GCA_050469755.1/sequence_report.jsonl	GCA_050469755.1:3
GCA_050469755.1	Bacteraemia	6	PRJNA1185791	gyrA_S83I	QUINOLONE	Other	CP175101.1	CP175101.1	chromosome	Chromosome	Accepted AMRFinderPlus hit (Functional_matrix_status=included_in_functional_presence); exact contig-accession match to NCBI Datasets sequence_report.jsonl; assignedMoleculeLocationType=Chromosome	3037128	assembled-molecule	local_archive/large_outputs/Efaecalis_58_AMRFinder/01_ncbi_download/efaecalis_genomes/ncbi_dataset/data/GCA_050469755.1/sequence_report.jsonl	GCA_050469755.1:6
GCA_050469755.1	Bacteraemia	6	PRJNA1185791	lsa(A)	LINCOSAMIDE/STREPTOGRAMIN	Macrolide/lincosamide	CP175101.1	CP175101.1	chromosome	Chromosome	Accepted AMRFinderPlus hit (Functional_matrix_status=included_in_functional_presence); exact contig-accession match to NCBI Datasets sequence_report.jsonl; assignedMoleculeLocationType=Chromosome	3037128	assembled-molecule	local_archive/large_outputs/Efaecalis_58_AMRFinder/01_ncbi_download/efaecalis_genomes/ncbi_dataset/data/GCA_050469755.1/sequence_report.jsonl	GCA_050469755.1:4
GCA_050469755.1	Bacteraemia	6	PRJNA1185791	parC_S80I	QUINOLONE	Other	CP175101.1	CP175101.1	chromosome	Chromosome	Accepted AMRFinderPlus hit (Functional_matrix_status=included_in_functional_presence); exact contig-accession match to NCBI Datasets sequence_report.jsonl; assignedMoleculeLocationType=Chromosome	3037128	assembled-molecule	local_archive/large_outputs/Efaecalis_58_AMRFinder/01_ncbi_download/efaecalis_genomes/ncbi_dataset/data/GCA_050469755.1/sequence_report.jsonl	GCA_050469755.1:1
GCA_050469755.1	Bacteraemia	6	PRJNA1185791	tet(M)	TETRACYCLINE	Tetracycline	CP175101.1	CP175101.1	chromosome	Chromosome	Accepted AMRFinderPlus hit (Functional_matrix_status=included_in_functional_presence); exact contig-accession match to NCBI Datasets sequence_report.jsonl; assignedMoleculeLocationType=Chromosome	3037128	assembled-molecule	local_archive/large_outputs/Efaecalis_58_AMRFinder/01_ncbi_download/efaecalis_genomes/ncbi_dataset/data/GCA_050469755.1/sequence_report.jsonl	GCA_050469755.1:5
GCA_050471105.1	Bacteraemia	40	PRJNA1185791	lsa(A)	LINCOSAMIDE/STREPTOGRAMIN	Macrolide/lincosamide	CP175093.1	CP175093.1	chromosome	Chromosome	Accepted AMRFinderPlus hit (Functional_matrix_status=included_in_functional_presence); exact contig-accession match to NCBI Datasets sequence_report.jsonl; assignedMoleculeLocationType=Chromosome	2942728	assembled-molecule	local_archive/large_outputs/Efaecalis_58_AMRFinder/01_ncbi_download/efaecalis_genomes/ncbi_dataset/data/GCA_050471105.1/sequence_report.jsonl	GCA_050471105.1:1
GCA_050471105.1	Bacteraemia	40	PRJNA1185791	tet(M)	TETRACYCLINE	Tetracycline	CP175093.1	CP175093.1	chromosome	Chromosome	Accepted AMRFinderPlus hit (Functional_matrix_status=included_in_functional_presence); exact contig-accession match to NCBI Datasets sequence_report.jsonl; assignedMoleculeLocationType=Chromosome	2942728	assembled-molecule	local_archive/large_outputs/Efaecalis_58_AMRFinder/01_ncbi_download/efaecalis_genomes/ncbi_dataset/data/GCA_050471105.1/sequence_report.jsonl	GCA_050471105.1:2
GCA_050472745.1	Bacteraemia	6	PRJNA1185791	ant(6)-Ia	AMINOGLYCOSIDE	Aminoglycoside	CP175061.1	CP175061.1	unnamed1	Plasmid	Accepted AMRFinderPlus hit (Functional_matrix_status=included_in_functional_presence); exact contig-accession match to NCBI Datasets sequence_report.jsonl; assignedMoleculeLocationType=Plasmid	67301	assembled-molecule	local_archive/large_outputs/Efaecalis_58_AMRFinder/01_ncbi_download/efaecalis_genomes/ncbi_dataset/data/GCA_050472745.1/sequence_report.jsonl	GCA_050472745.1:1
GCA_050472745.1	Bacteraemia	6	PRJNA1185791	aph(3')-IIIa	AMINOGLYCOSIDE	Aminoglycoside	CP175061.1	CP175061.1	unnamed1	Plasmid	Accepted AMRFinderPlus hit (Functional_matrix_status=included_in_functional_presence); exact contig-accession match to NCBI Datasets sequence_report.jsonl; assignedMoleculeLocationType=Plasmid	67301	assembled-molecule	local_archive/large_outputs/Efaecalis_58_AMRFinder/01_ncbi_download/efaecalis_genomes/ncbi_dataset/data/GCA_050472745.1/sequence_report.jsonl	GCA_050472745.1:3
GCA_050472745.1	Bacteraemia	6	PRJNA1185791	erm(B)	LINCOSAMIDE/MACROLIDE/STREPTOGRAMIN	Macrolide/lincosamide	CP175061.1	CP175061.1	unnamed1	Plasmid	Accepted AMRFinderPlus hit (Functional_matrix_status=included_in_functional_presence); exact contig-accession match to NCBI Datasets sequence_report.jsonl; assignedMoleculeLocationType=Plasmid	67301	assembled-molecule	local_archive/large_outputs/Efaecalis_58_AMRFinder/01_ncbi_download/efaecalis_genomes/ncbi_dataset/data/GCA_050472745.1/sequence_report.jsonl	GCA_050472745.1:4
GCA_050472745.1	Bacteraemia	6	PRJNA1185791	sat4	STREPTOTHRICIN	Other	CP175061.1	CP175061.1	unnamed1	Plasmid	Accepted AMRFinderPlus hit (Functional_matrix_status=included_in_functional_presence); exact contig-accession match to NCBI Datasets sequence_report.jsonl; assignedMoleculeLocationType=Plasmid	67301	assembled-molecule	local_archive/large_outputs/Efaecalis_58_AMRFinder/01_ncbi_download/efaecalis_genomes/ncbi_dataset/data/GCA_050472745.1/sequence_report.jsonl	GCA_050472745.1:2
GCA_050472745.1	Bacteraemia	6	PRJNA1185791	aac(6')-Ie/aph(2'')-Ia	AMINOGLYCOSIDE	Aminoglycoside	CP175062.1	CP175062.1	chromosome	Chromosome	Accepted AMRFinderPlus hit (Functional_matrix_status=included_in_functional_presence); exact contig-accession match to NCBI Datasets sequence_report.jsonl; assignedMoleculeLocationType=Chromosome	3118646	assembled-molecule	local_archive/large_outputs/Efaecalis_58_AMRFinder/01_ncbi_download/efaecalis_genomes/ncbi_dataset/data/GCA_050472745.1/sequence_report.jsonl	GCA_050472745.1:6
GCA_050472745.1	Bacteraemia	6	PRJNA1185791	dfrF	TRIMETHOPRIM	Other	CP175062.1	CP175062.1	chromosome	Chromosome	Accepted AMRFinderPlus hit (Functional_matrix_status=included_in_functional_presence); exact contig-accession match to NCBI Datasets sequence_report.jsonl; assignedMoleculeLocationType=Chromosome	3118646	assembled-molecule	local_archive/large_outputs/Efaecalis_58_AMRFinder/01_ncbi_download/efaecalis_genomes/ncbi_dataset/data/GCA_050472745.1/sequence_report.jsonl	GCA_050472745.1:10
GCA_050472745.1	Bacteraemia	6	PRJNA1185791	dfrF	TRIMETHOPRIM	Other	CP175062.1	CP175062.1	chromosome	Chromosome	Accepted AMRFinderPlus hit (Functional_matrix_status=included_in_functional_presence); exact contig-accession match to NCBI Datasets sequence_report.jsonl; assignedMoleculeLocationType=Chromosome	3118646	assembled-molecule	local_archive/large_outputs/Efaecalis_58_AMRFinder/01_ncbi_download/efaecalis_genomes/ncbi_dataset/data/GCA_050472745.1/sequence_report.jsonl	GCA_050472745.1:9
GCA_050472745.1	Bacteraemia	6	PRJNA1185791	gyrA_S83I	QUINOLONE	Other	CP175062.1	CP175062.1	chromosome	Chromosome	Accepted AMRFinderPlus hit (Functional_matrix_status=included_in_functional_presence); exact contig-accession match to NCBI Datasets sequence_report.jsonl; assignedMoleculeLocationType=Chromosome	3118646	assembled-molecule	local_archive/large_outputs/Efaecalis_58_AMRFinder/01_ncbi_download/efaecalis_genomes/ncbi_dataset/data/GCA_050472745.1/sequence_report.jsonl	GCA_050472745.1:5
GCA_050472745.1	Bacteraemia	6	PRJNA1185791	lsa(A)	LINCOSAMIDE/STREPTOGRAMIN	Macrolide/lincosamide	CP175062.1	CP175062.1	chromosome	Chromosome	Accepted AMRFinderPlus hit (Functional_matrix_status=included_in_functional_presence); exact contig-accession match to NCBI Datasets sequence_report.jsonl; assignedMoleculeLocationType=Chromosome	3118646	assembled-molecule	local_archive/large_outputs/Efaecalis_58_AMRFinder/01_ncbi_download/efaecalis_genomes/ncbi_dataset/data/GCA_050472745.1/sequence_report.jsonl	GCA_050472745.1:11
GCA_050472745.1	Bacteraemia	6	PRJNA1185791	parC_S80I	QUINOLONE	Other	CP175062.1	CP175062.1	chromosome	Chromosome	Accepted AMRFinderPlus hit (Functional_matrix_status=included_in_functional_presence); exact contig-accession match to NCBI Datasets sequence_report.jsonl; assignedMoleculeLocationType=Chromosome	3118646	assembled-molecule	local_archive/large_outputs/Efaecalis_58_AMRFinder/01_ncbi_download/efaecalis_genomes/ncbi_dataset/data/GCA_050472745.1/sequence_report.jsonl	GCA_050472745.1:8
GCA_050472745.1	Bacteraemia	6	PRJNA1185791	tet(M)	TETRACYCLINE	Tetracycline	CP175062.1	CP175062.1	chromosome	Chromosome	Accepted AMRFinderPlus hit (Functional_matrix_status=included_in_functional_presence); exact contig-accession match to NCBI Datasets sequence_report.jsonl; assignedMoleculeLocationType=Chromosome	3118646	assembled-molecule	local_archive/large_outputs/Efaecalis_58_AMRFinder/01_ncbi_download/efaecalis_genomes/ncbi_dataset/data/GCA_050472745.1/sequence_report.jsonl	GCA_050472745.1:12
GCA_050472745.1	Bacteraemia	6	PRJNA1185791	tet(M)	TETRACYCLINE	Tetracycline	CP175062.1	CP175062.1	chromosome	Chromosome	Accepted AMRFinderPlus hit (Functional_matrix_status=included_in_functional_presence); exact contig-accession match to NCBI Datasets sequence_report.jsonl; assignedMoleculeLocationType=Chromosome	3118646	assembled-molecule	local_archive/large_outputs/Efaecalis_58_AMRFinder/01_ncbi_download/efaecalis_genomes/ncbi_dataset/data/GCA_050472745.1/sequence_report.jsonl	GCA_050472745.1:7
GCA_050472755.1	Bacteraemia	53	PRJNA1185791	erm(B)	LINCOSAMIDE/MACROLIDE/STREPTOGRAMIN	Macrolide/lincosamide	CP175059.1	CP175059.1	unnamed1	Plasmid	Accepted AMRFinderPlus hit (Functional_matrix_status=included_in_functional_presence); exact contig-accession match to NCBI Datasets sequence_report.jsonl; assignedMoleculeLocationType=Plasmid	42347	assembled-molecule	local_archive/large_outputs/Efaecalis_58_AMRFinder/01_ncbi_download/efaecalis_genomes/ncbi_dataset/data/GCA_050472755.1/sequence_report.jsonl	GCA_050472755.1:1
GCA_050472755.1	Bacteraemia	53	PRJNA1185791	erm(B)	LINCOSAMIDE/MACROLIDE/STREPTOGRAMIN	Macrolide/lincosamide	CP175059.1	CP175059.1	unnamed1	Plasmid	Accepted AMRFinderPlus hit (Functional_matrix_status=included_in_functional_presence); exact contig-accession match to NCBI Datasets sequence_report.jsonl; assignedMoleculeLocationType=Plasmid	42347	assembled-molecule	local_archive/large_outputs/Efaecalis_58_AMRFinder/01_ncbi_download/efaecalis_genomes/ncbi_dataset/data/GCA_050472755.1/sequence_report.jsonl	GCA_050472755.1:4
GCA_050472755.1	Bacteraemia	53	PRJNA1185791	tet(L)	TETRACYCLINE	Tetracycline	CP175059.1	CP175059.1	unnamed1	Plasmid	Accepted AMRFinderPlus hit (Functional_matrix_status=included_in_functional_presence); exact contig-accession match to NCBI Datasets sequence_report.jsonl; assignedMoleculeLocationType=Plasmid	42347	assembled-molecule	local_archive/large_outputs/Efaecalis_58_AMRFinder/01_ncbi_download/efaecalis_genomes/ncbi_dataset/data/GCA_050472755.1/sequence_report.jsonl	GCA_050472755.1:3
GCA_050472755.1	Bacteraemia	53	PRJNA1185791	tet(M)	TETRACYCLINE	Tetracycline	CP175059.1	CP175059.1	unnamed1	Plasmid	Accepted AMRFinderPlus hit (Functional_matrix_status=included_in_functional_presence); exact contig-accession match to NCBI Datasets sequence_report.jsonl; assignedMoleculeLocationType=Plasmid	42347	assembled-molecule	local_archive/large_outputs/Efaecalis_58_AMRFinder/01_ncbi_download/efaecalis_genomes/ncbi_dataset/data/GCA_050472755.1/sequence_report.jsonl	GCA_050472755.1:2
GCA_050472755.1	Bacteraemia	53	PRJNA1185791	dfrG	TRIMETHOPRIM	Other	CP175060.1	CP175060.1	chromosome	Chromosome	Accepted AMRFinderPlus hit (Functional_matrix_status=included_in_functional_presence); exact contig-accession match to NCBI Datasets sequence_report.jsonl; assignedMoleculeLocationType=Chromosome	2745438	assembled-molecule	local_archive/large_outputs/Efaecalis_58_AMRFinder/01_ncbi_download/efaecalis_genomes/ncbi_dataset/data/GCA_050472755.1/sequence_report.jsonl	GCA_050472755.1:6
GCA_050472755.1	Bacteraemia	53	PRJNA1185791	gyrA_S83Y	QUINOLONE	Other	CP175060.1	CP175060.1	chromosome	Chromosome	Accepted AMRFinderPlus hit (Functional_matrix_status=included_in_functional_presence); exact contig-accession match to NCBI Datasets sequence_report.jsonl; assignedMoleculeLocationType=Chromosome	2745438	assembled-molecule	local_archive/large_outputs/Efaecalis_58_AMRFinder/01_ncbi_download/efaecalis_genomes/ncbi_dataset/data/GCA_050472755.1/sequence_report.jsonl	GCA_050472755.1:5
GCA_050472755.1	Bacteraemia	53	PRJNA1185791	lsa(A)	LINCOSAMIDE/STREPTOGRAMIN	Macrolide/lincosamide	CP175060.1	CP175060.1	chromosome	Chromosome	Accepted AMRFinderPlus hit (Functional_matrix_status=included_in_functional_presence); exact contig-accession match to NCBI Datasets sequence_report.jsonl; assignedMoleculeLocationType=Chromosome	2745438	assembled-molecule	local_archive/large_outputs/Efaecalis_58_AMRFinder/01_ncbi_download/efaecalis_genomes/ncbi_dataset/data/GCA_050472755.1/sequence_report.jsonl	GCA_050472755.1:8
GCA_050472755.1	Bacteraemia	53	PRJNA1185791	parC_S80I	QUINOLONE	Other	CP175060.1	CP175060.1	chromosome	Chromosome	Accepted AMRFinderPlus hit (Functional_matrix_status=included_in_functional_presence); exact contig-accession match to NCBI Datasets sequence_report.jsonl; assignedMoleculeLocationType=Chromosome	2745438	assembled-molecule	local_archive/large_outputs/Efaecalis_58_AMRFinder/01_ncbi_download/efaecalis_genomes/ncbi_dataset/data/GCA_050472755.1/sequence_report.jsonl	GCA_050472755.1:7
GCA_050473345.1	Bacteraemia	202	PRJNA1185791	lsa(A)	LINCOSAMIDE/STREPTOGRAMIN	Macrolide/lincosamide	CP175058.1	CP175058.1	chromosome	Chromosome	Accepted AMRFinderPlus hit (Functional_matrix_status=included_in_functional_presence); exact contig-accession match to NCBI Datasets sequence_report.jsonl; assignedMoleculeLocationType=Chromosome	2794695	assembled-molecule	local_archive/large_outputs/Efaecalis_58_AMRFinder/01_ncbi_download/efaecalis_genomes/ncbi_dataset/data/GCA_050473345.1/sequence_report.jsonl	GCA_050473345.1:1
GCA_050473355.1	Bacteraemia	21	PRJNA1185791	lsa(A)	LINCOSAMIDE/STREPTOGRAMIN	Macrolide/lincosamide	CP175057.1	CP175057.1	chromosome	Chromosome	Accepted AMRFinderPlus hit (Functional_matrix_status=included_in_functional_presence); exact contig-accession match to NCBI Datasets sequence_report.jsonl; assignedMoleculeLocationType=Chromosome	2841459	assembled-molecule	local_archive/large_outputs/Efaecalis_58_AMRFinder/01_ncbi_download/efaecalis_genomes/ncbi_dataset/data/GCA_050473355.1/sequence_report.jsonl	GCA_050473355.1:10
GCA_050473355.1	Bacteraemia	21	PRJNA1185791	tet(M)	TETRACYCLINE	Tetracycline	CP175057.1	CP175057.1	chromosome	Chromosome	Accepted AMRFinderPlus hit (Functional_matrix_status=included_in_functional_presence); exact contig-accession match to NCBI Datasets sequence_report.jsonl; assignedMoleculeLocationType=Chromosome	2841459	assembled-molecule	local_archive/large_outputs/Efaecalis_58_AMRFinder/01_ncbi_download/efaecalis_genomes/ncbi_dataset/data/GCA_050473355.1/sequence_report.jsonl	GCA_050473355.1:11
GCA_050473905.1	Bacteraemia	6	PRJNA1185791	catA	PHENICOL	Other	CP175054.1	CP175054.1	unnamed1	Plasmid	Accepted AMRFinderPlus hit (Functional_matrix_status=included_in_functional_presence); exact contig-accession match to NCBI Datasets sequence_report.jsonl; assignedMoleculeLocationType=Plasmid	23077	assembled-molecule	local_archive/large_outputs/Efaecalis_58_AMRFinder/01_ncbi_download/efaecalis_genomes/ncbi_dataset/data/GCA_050473905.1/sequence_report.jsonl	GCA_050473905.1:2
GCA_050473905.1	Bacteraemia	6	PRJNA1185791	erm(B)	LINCOSAMIDE/MACROLIDE/STREPTOGRAMIN	Macrolide/lincosamide	CP175054.1	CP175054.1	unnamed1	Plasmid	Accepted AMRFinderPlus hit (Functional_matrix_status=included_in_functional_presence); exact contig-accession match to NCBI Datasets sequence_report.jsonl; assignedMoleculeLocationType=Plasmid	23077	assembled-molecule	local_archive/large_outputs/Efaecalis_58_AMRFinder/01_ncbi_download/efaecalis_genomes/ncbi_dataset/data/GCA_050473905.1/sequence_report.jsonl	GCA_050473905.1:1
GCA_050473905.1	Bacteraemia	6	PRJNA1185791	aac(6')-Ie/aph(2'')-Ia	AMINOGLYCOSIDE	Aminoglycoside	CP175056.1	CP175056.1	chromosome	Chromosome	Accepted AMRFinderPlus hit (Functional_matrix_status=included_in_functional_presence); exact contig-accession match to NCBI Datasets sequence_report.jsonl; assignedMoleculeLocationType=Chromosome	3104972	assembled-molecule	local_archive/large_outputs/Efaecalis_58_AMRFinder/01_ncbi_download/efaecalis_genomes/ncbi_dataset/data/GCA_050473905.1/sequence_report.jsonl	GCA_050473905.1:6
GCA_050473905.1	Bacteraemia	6	PRJNA1185791	ant(6)-Ia	AMINOGLYCOSIDE	Aminoglycoside	CP175056.1	CP175056.1	chromosome	Chromosome	Accepted AMRFinderPlus hit (Functional_matrix_status=included_in_functional_presence); exact contig-accession match to NCBI Datasets sequence_report.jsonl; assignedMoleculeLocationType=Chromosome	3104972	assembled-molecule	local_archive/large_outputs/Efaecalis_58_AMRFinder/01_ncbi_download/efaecalis_genomes/ncbi_dataset/data/GCA_050473905.1/sequence_report.jsonl	GCA_050473905.1:9
GCA_050473905.1	Bacteraemia	6	PRJNA1185791	aph(3')-IIIa	AMINOGLYCOSIDE	Aminoglycoside	CP175056.1	CP175056.1	chromosome	Chromosome	Accepted AMRFinderPlus hit (Functional_matrix_status=included_in_functional_presence); exact contig-accession match to NCBI Datasets sequence_report.jsonl; assignedMoleculeLocationType=Chromosome	3104972	assembled-molecule	local_archive/large_outputs/Efaecalis_58_AMRFinder/01_ncbi_download/efaecalis_genomes/ncbi_dataset/data/GCA_050473905.1/sequence_report.jsonl	GCA_050473905.1:7
GCA_050473905.1	Bacteraemia	6	PRJNA1185791	dfrF	TRIMETHOPRIM	Other	CP175056.1	CP175056.1	chromosome	Chromosome	Accepted AMRFinderPlus hit (Functional_matrix_status=included_in_functional_presence); exact contig-accession match to NCBI Datasets sequence_report.jsonl; assignedMoleculeLocationType=Chromosome	3104972	assembled-molecule	local_archive/large_outputs/Efaecalis_58_AMRFinder/01_ncbi_download/efaecalis_genomes/ncbi_dataset/data/GCA_050473905.1/sequence_report.jsonl	GCA_050473905.1:11
GCA_050473905.1	Bacteraemia	6	PRJNA1185791	dfrF	TRIMETHOPRIM	Other	CP175056.1	CP175056.1	chromosome	Chromosome	Accepted AMRFinderPlus hit (Functional_matrix_status=included_in_functional_presence); exact contig-accession match to NCBI Datasets sequence_report.jsonl; assignedMoleculeLocationType=Chromosome	3104972	assembled-molecule	local_archive/large_outputs/Efaecalis_58_AMRFinder/01_ncbi_download/efaecalis_genomes/ncbi_dataset/data/GCA_050473905.1/sequence_report.jsonl	GCA_050473905.1:4
GCA_050473905.1	Bacteraemia	6	PRJNA1185791	erm(B)	LINCOSAMIDE/MACROLIDE/STREPTOGRAMIN	Macrolide/lincosamide	CP175056.1	CP175056.1	chromosome	Chromosome	Accepted AMRFinderPlus hit (Functional_matrix_status=included_in_functional_presence); exact contig-accession match to NCBI Datasets sequence_report.jsonl; assignedMoleculeLocationType=Chromosome	3104972	assembled-molecule	local_archive/large_outputs/Efaecalis_58_AMRFinder/01_ncbi_download/efaecalis_genomes/ncbi_dataset/data/GCA_050473905.1/sequence_report.jsonl	GCA_050473905.1:10
GCA_050473905.1	Bacteraemia	6	PRJNA1185791	gyrA_S83I	QUINOLONE	Other	CP175056.1	CP175056.1	chromosome	Chromosome	Accepted AMRFinderPlus hit (Functional_matrix_status=included_in_functional_presence); exact contig-accession match to NCBI Datasets sequence_report.jsonl; assignedMoleculeLocationType=Chromosome	3104972	assembled-molecule	local_archive/large_outputs/Efaecalis_58_AMRFinder/01_ncbi_download/efaecalis_genomes/ncbi_dataset/data/GCA_050473905.1/sequence_report.jsonl	GCA_050473905.1:3
GCA_050473905.1	Bacteraemia	6	PRJNA1185791	lsa(A)	LINCOSAMIDE/STREPTOGRAMIN	Macrolide/lincosamide	CP175056.1	CP175056.1	chromosome	Chromosome	Accepted AMRFinderPlus hit (Functional_matrix_status=included_in_functional_presence); exact contig-accession match to NCBI Datasets sequence_report.jsonl; assignedMoleculeLocationType=Chromosome	3104972	assembled-molecule	local_archive/large_outputs/Efaecalis_58_AMRFinder/01_ncbi_download/efaecalis_genomes/ncbi_dataset/data/GCA_050473905.1/sequence_report.jsonl	GCA_050473905.1:12
GCA_050473905.1	Bacteraemia	6	PRJNA1185791	parC_S80I	QUINOLONE	Other	CP175056.1	CP175056.1	chromosome	Chromosome	Accepted AMRFinderPlus hit (Functional_matrix_status=included_in_functional_presence); exact contig-accession match to NCBI Datasets sequence_report.jsonl; assignedMoleculeLocationType=Chromosome	3104972	assembled-molecule	local_archive/large_outputs/Efaecalis_58_AMRFinder/01_ncbi_download/efaecalis_genomes/ncbi_dataset/data/GCA_050473905.1/sequence_report.jsonl	GCA_050473905.1:5
GCA_050473905.1	Bacteraemia	6	PRJNA1185791	sat4	STREPTOTHRICIN	Other	CP175056.1	CP175056.1	chromosome	Chromosome	Accepted AMRFinderPlus hit (Functional_matrix_status=included_in_functional_presence); exact contig-accession match to NCBI Datasets sequence_report.jsonl; assignedMoleculeLocationType=Chromosome	3104972	assembled-molecule	local_archive/large_outputs/Efaecalis_58_AMRFinder/01_ncbi_download/efaecalis_genomes/ncbi_dataset/data/GCA_050473905.1/sequence_report.jsonl	GCA_050473905.1:8
GCA_050473905.1	Bacteraemia	6	PRJNA1185791	tet(M)	TETRACYCLINE	Tetracycline	CP175056.1	CP175056.1	chromosome	Chromosome	Accepted AMRFinderPlus hit (Functional_matrix_status=included_in_functional_presence); exact contig-accession match to NCBI Datasets sequence_report.jsonl; assignedMoleculeLocationType=Chromosome	3104972	assembled-molecule	local_archive/large_outputs/Efaecalis_58_AMRFinder/01_ncbi_download/efaecalis_genomes/ncbi_dataset/data/GCA_050473905.1/sequence_report.jsonl	GCA_050473905.1:13
GCA_050473905.1	Bacteraemia	6	PRJNA1185791	tet(M)	TETRACYCLINE	Tetracycline	CP175056.1	CP175056.1	chromosome	Chromosome	Accepted AMRFinderPlus hit (Functional_matrix_status=included_in_functional_presence); exact contig-accession match to NCBI Datasets sequence_report.jsonl; assignedMoleculeLocationType=Chromosome	3104972	assembled-molecule	local_archive/large_outputs/Efaecalis_58_AMRFinder/01_ncbi_download/efaecalis_genomes/ncbi_dataset/data/GCA_050473905.1/sequence_report.jsonl	GCA_050473905.1:14
GCA_050474485.1	Bacteraemia	32	PRJNA1185791	lsa(A)	LINCOSAMIDE/STREPTOGRAMIN	Macrolide/lincosamide	CP175046.1	CP175046.1	chromosome	Chromosome	Accepted AMRFinderPlus hit (Functional_matrix_status=included_in_functional_presence); exact contig-accession match to NCBI Datasets sequence_report.jsonl; assignedMoleculeLocationType=Chromosome	2733050	assembled-molecule	local_archive/large_outputs/Efaecalis_58_AMRFinder/01_ncbi_download/efaecalis_genomes/ncbi_dataset/data/GCA_050474485.1/sequence_report.jsonl	GCA_050474485.1:1
GCA_050474495.1	Bacteraemia	778	PRJNA1185791	aac(6')-Ie/aph(2'')-Ia	AMINOGLYCOSIDE	Aminoglycoside	CP175042.1	CP175042.1	unnamed1	Plasmid	Accepted AMRFinderPlus hit (Functional_matrix_status=included_in_functional_presence); exact contig-accession match to NCBI Datasets sequence_report.jsonl; assignedMoleculeLocationType=Plasmid	67144	assembled-molecule	local_archive/large_outputs/Efaecalis_58_AMRFinder/01_ncbi_download/efaecalis_genomes/ncbi_dataset/data/GCA_050474495.1/sequence_report.jsonl	GCA_050474495.1:2
GCA_050474495.1	Bacteraemia	778	PRJNA1185791	erm(B)	LINCOSAMIDE/MACROLIDE/STREPTOGRAMIN	Macrolide/lincosamide	CP175042.1	CP175042.1	unnamed1	Plasmid	Accepted AMRFinderPlus hit (Functional_matrix_status=included_in_functional_presence); exact contig-accession match to NCBI Datasets sequence_report.jsonl; assignedMoleculeLocationType=Plasmid	67144	assembled-molecule	local_archive/large_outputs/Efaecalis_58_AMRFinder/01_ncbi_download/efaecalis_genomes/ncbi_dataset/data/GCA_050474495.1/sequence_report.jsonl	GCA_050474495.1:1
GCA_050474495.1	Bacteraemia	778	PRJNA1185791	gyrA_S83I	QUINOLONE	Other	CP175045.1	CP175045.1	chromosome	Chromosome	Accepted AMRFinderPlus hit (Functional_matrix_status=included_in_functional_presence); exact contig-accession match to NCBI Datasets sequence_report.jsonl; assignedMoleculeLocationType=Chromosome	3208846	assembled-molecule	local_archive/large_outputs/Efaecalis_58_AMRFinder/01_ncbi_download/efaecalis_genomes/ncbi_dataset/data/GCA_050474495.1/sequence_report.jsonl	GCA_050474495.1:5
GCA_050474495.1	Bacteraemia	778	PRJNA1185791	lsa(A)	LINCOSAMIDE/STREPTOGRAMIN	Macrolide/lincosamide	CP175045.1	CP175045.1	chromosome	Chromosome	Accepted AMRFinderPlus hit (Functional_matrix_status=included_in_functional_presence); exact contig-accession match to NCBI Datasets sequence_report.jsonl; assignedMoleculeLocationType=Chromosome	3208846	assembled-molecule	local_archive/large_outputs/Efaecalis_58_AMRFinder/01_ncbi_download/efaecalis_genomes/ncbi_dataset/data/GCA_050474495.1/sequence_report.jsonl	GCA_050474495.1:3
GCA_050474495.1	Bacteraemia	778	PRJNA1185791	parC_S80I	QUINOLONE	Other	CP175045.1	CP175045.1	chromosome	Chromosome	Accepted AMRFinderPlus hit (Functional_matrix_status=included_in_functional_presence); exact contig-accession match to NCBI Datasets sequence_report.jsonl; assignedMoleculeLocationType=Chromosome	3208846	assembled-molecule	local_archive/large_outputs/Efaecalis_58_AMRFinder/01_ncbi_download/efaecalis_genomes/ncbi_dataset/data/GCA_050474495.1/sequence_report.jsonl	GCA_050474495.1:4
GCA_050474495.1	Bacteraemia	778	PRJNA1185791	tet(M)	TETRACYCLINE	Tetracycline	CP175045.1	CP175045.1	chromosome	Chromosome	Accepted AMRFinderPlus hit (Functional_matrix_status=included_in_functional_presence); exact contig-accession match to NCBI Datasets sequence_report.jsonl; assignedMoleculeLocationType=Chromosome	3208846	assembled-molecule	local_archive/large_outputs/Efaecalis_58_AMRFinder/01_ncbi_download/efaecalis_genomes/ncbi_dataset/data/GCA_050474495.1/sequence_report.jsonl	GCA_050474495.1:6
GCA_050475565.1	Bacteraemia	28	PRJNA1185791	aac(6')-Ie/aph(2'')-Ia	AMINOGLYCOSIDE	Aminoglycoside	CP175029.1	CP175029.1	unnamed2	Plasmid	Accepted AMRFinderPlus hit (Functional_matrix_status=included_in_functional_presence); exact contig-accession match to NCBI Datasets sequence_report.jsonl; assignedMoleculeLocationType=Plasmid	56318	assembled-molecule	local_archive/large_outputs/Efaecalis_58_AMRFinder/01_ncbi_download/efaecalis_genomes/ncbi_dataset/data/GCA_050475565.1/sequence_report.jsonl	GCA_050475565.1:1
GCA_050475565.1	Bacteraemia	28	PRJNA1185791	erm(B)	LINCOSAMIDE/MACROLIDE/STREPTOGRAMIN	Macrolide/lincosamide	CP175030.1	CP175030.1	chromosome	Chromosome	Accepted AMRFinderPlus hit (Functional_matrix_status=included_in_functional_presence); exact contig-accession match to NCBI Datasets sequence_report.jsonl; assignedMoleculeLocationType=Chromosome	3072001	assembled-molecule	local_archive/large_outputs/Efaecalis_58_AMRFinder/01_ncbi_download/efaecalis_genomes/ncbi_dataset/data/GCA_050475565.1/sequence_report.jsonl	GCA_050475565.1:3
GCA_050475565.1	Bacteraemia	28	PRJNA1185791	gyrA_S83I	QUINOLONE	Other	CP175030.1	CP175030.1	chromosome	Chromosome	Accepted AMRFinderPlus hit (Functional_matrix_status=included_in_functional_presence); exact contig-accession match to NCBI Datasets sequence_report.jsonl; assignedMoleculeLocationType=Chromosome	3072001	assembled-molecule	local_archive/large_outputs/Efaecalis_58_AMRFinder/01_ncbi_download/efaecalis_genomes/ncbi_dataset/data/GCA_050475565.1/sequence_report.jsonl	GCA_050475565.1:2
GCA_050475565.1	Bacteraemia	28	PRJNA1185791	lsa(A)	LINCOSAMIDE/STREPTOGRAMIN	Macrolide/lincosamide	CP175030.1	CP175030.1	chromosome	Chromosome	Accepted AMRFinderPlus hit (Functional_matrix_status=included_in_functional_presence); exact contig-accession match to NCBI Datasets sequence_report.jsonl; assignedMoleculeLocationType=Chromosome	3072001	assembled-molecule	local_archive/large_outputs/Efaecalis_58_AMRFinder/01_ncbi_download/efaecalis_genomes/ncbi_dataset/data/GCA_050475565.1/sequence_report.jsonl	GCA_050475565.1:4
GCA_050475565.1	Bacteraemia	28	PRJNA1185791	parC_S80I	QUINOLONE	Other	CP175030.1	CP175030.1	chromosome	Chromosome	Accepted AMRFinderPlus hit (Functional_matrix_status=included_in_functional_presence); exact contig-accession match to NCBI Datasets sequence_report.jsonl; assignedMoleculeLocationType=Chromosome	3072001	assembled-molecule	local_archive/large_outputs/Efaecalis_58_AMRFinder/01_ncbi_download/efaecalis_genomes/ncbi_dataset/data/GCA_050475565.1/sequence_report.jsonl	GCA_050475565.1:5
GCA_050475565.1	Bacteraemia	28	PRJNA1185791	tet(M)	TETRACYCLINE	Tetracycline	CP175030.1	CP175030.1	chromosome	Chromosome	Accepted AMRFinderPlus hit (Functional_matrix_status=included_in_functional_presence); exact contig-accession match to NCBI Datasets sequence_report.jsonl; assignedMoleculeLocationType=Chromosome	3072001	assembled-molecule	local_archive/large_outputs/Efaecalis_58_AMRFinder/01_ncbi_download/efaecalis_genomes/ncbi_dataset/data/GCA_050475565.1/sequence_report.jsonl	GCA_050475565.1:6
GCA_050475575.1	Bacteraemia	179	PRJNA1185791	aac(6')-Ie/aph(2'')-Ia	AMINOGLYCOSIDE	Aminoglycoside	CP175027.1	CP175027.1	chromosome	Chromosome	Accepted AMRFinderPlus hit (Functional_matrix_status=included_in_functional_presence); exact contig-accession match to NCBI Datasets sequence_report.jsonl; assignedMoleculeLocationType=Chromosome	2993298	assembled-molecule	local_archive/large_outputs/Efaecalis_58_AMRFinder/01_ncbi_download/efaecalis_genomes/ncbi_dataset/data/GCA_050475575.1/sequence_report.jsonl	GCA_050475575.1:4
GCA_050475575.1	Bacteraemia	179	PRJNA1185791	erm(B)	LINCOSAMIDE/MACROLIDE/STREPTOGRAMIN	Macrolide/lincosamide	CP175027.1	CP175027.1	chromosome	Chromosome	Accepted AMRFinderPlus hit (Functional_matrix_status=included_in_functional_presence); exact contig-accession match to NCBI Datasets sequence_report.jsonl; assignedMoleculeLocationType=Chromosome	2993298	assembled-molecule	local_archive/large_outputs/Efaecalis_58_AMRFinder/01_ncbi_download/efaecalis_genomes/ncbi_dataset/data/GCA_050475575.1/sequence_report.jsonl	GCA_050475575.1:2
GCA_050475575.1	Bacteraemia	179	PRJNA1185791	lsa(A)	LINCOSAMIDE/STREPTOGRAMIN	Macrolide/lincosamide	CP175027.1	CP175027.1	chromosome	Chromosome	Accepted AMRFinderPlus hit (Functional_matrix_status=included_in_functional_presence); exact contig-accession match to NCBI Datasets sequence_report.jsonl; assignedMoleculeLocationType=Chromosome	2993298	assembled-molecule	local_archive/large_outputs/Efaecalis_58_AMRFinder/01_ncbi_download/efaecalis_genomes/ncbi_dataset/data/GCA_050475575.1/sequence_report.jsonl	GCA_050475575.1:5
GCA_050475575.1	Bacteraemia	179	PRJNA1185791	tet(M)	TETRACYCLINE	Tetracycline	CP175027.1	CP175027.1	chromosome	Chromosome	Accepted AMRFinderPlus hit (Functional_matrix_status=included_in_functional_presence); exact contig-accession match to NCBI Datasets sequence_report.jsonl; assignedMoleculeLocationType=Chromosome	2993298	assembled-molecule	local_archive/large_outputs/Efaecalis_58_AMRFinder/01_ncbi_download/efaecalis_genomes/ncbi_dataset/data/GCA_050475575.1/sequence_report.jsonl	GCA_050475575.1:1
GCA_050476085.1	Bacteraemia	21	PRJNA1185791	lsa(A)	LINCOSAMIDE/STREPTOGRAMIN	Macrolide/lincosamide	CP175020.1	CP175020.1	chromosome	Chromosome	Accepted AMRFinderPlus hit (Functional_matrix_status=included_in_functional_presence); exact contig-accession match to NCBI Datasets sequence_report.jsonl; assignedMoleculeLocationType=Chromosome	3008707	assembled-molecule	local_archive/large_outputs/Efaecalis_58_AMRFinder/01_ncbi_download/efaecalis_genomes/ncbi_dataset/data/GCA_050476085.1/sequence_report.jsonl	GCA_050476085.1:2
GCA_050480515.1	Bacteraemia	40	PRJNA1185791	lsa(A)	LINCOSAMIDE/STREPTOGRAMIN	Macrolide/lincosamide	CP174930.1	CP174930.1	chromosome	Chromosome	Accepted AMRFinderPlus hit (Functional_matrix_status=included_in_functional_presence); exact contig-accession match to NCBI Datasets sequence_report.jsonl; assignedMoleculeLocationType=Chromosome	2947309	assembled-molecule	local_archive/large_outputs/Efaecalis_58_AMRFinder/01_ncbi_download/efaecalis_genomes/ncbi_dataset/data/GCA_050480515.1/sequence_report.jsonl	GCA_050480515.1:1
GCA_050480515.1	Bacteraemia	40	PRJNA1185791	tet(M)	TETRACYCLINE	Tetracycline	CP174930.1	CP174930.1	chromosome	Chromosome	Accepted AMRFinderPlus hit (Functional_matrix_status=included_in_functional_presence); exact contig-accession match to NCBI Datasets sequence_report.jsonl; assignedMoleculeLocationType=Chromosome	2947309	assembled-molecule	local_archive/large_outputs/Efaecalis_58_AMRFinder/01_ncbi_download/efaecalis_genomes/ncbi_dataset/data/GCA_050480515.1/sequence_report.jsonl	GCA_050480515.1:2
GCA_050481105.1	Bacteraemia	40	PRJNA1185791	lsa(A)	LINCOSAMIDE/STREPTOGRAMIN	Macrolide/lincosamide	CP174928.1	CP174928.1	chromosome	Chromosome	Accepted AMRFinderPlus hit (Functional_matrix_status=included_in_functional_presence); exact contig-accession match to NCBI Datasets sequence_report.jsonl; assignedMoleculeLocationType=Chromosome	2974126	assembled-molecule	local_archive/large_outputs/Efaecalis_58_AMRFinder/01_ncbi_download/efaecalis_genomes/ncbi_dataset/data/GCA_050481105.1/sequence_report.jsonl	GCA_050481105.1:1
GCA_050481105.1	Bacteraemia	40	PRJNA1185791	tet(M)	TETRACYCLINE	Tetracycline	CP174928.1	CP174928.1	chromosome	Chromosome	Accepted AMRFinderPlus hit (Functional_matrix_status=included_in_functional_presence); exact contig-accession match to NCBI Datasets sequence_report.jsonl; assignedMoleculeLocationType=Chromosome	2974126	assembled-molecule	local_archive/large_outputs/Efaecalis_58_AMRFinder/01_ncbi_download/efaecalis_genomes/ncbi_dataset/data/GCA_050481105.1/sequence_report.jsonl	GCA_050481105.1:2
GCA_050481115.1	Bacteraemia	40	PRJNA1185791	lsa(A)	LINCOSAMIDE/STREPTOGRAMIN	Macrolide/lincosamide	CP174925.1	CP174925.1	chromosome	Chromosome	Accepted AMRFinderPlus hit (Functional_matrix_status=included_in_functional_presence); exact contig-accession match to NCBI Datasets sequence_report.jsonl; assignedMoleculeLocationType=Chromosome	2993907	assembled-molecule	local_archive/large_outputs/Efaecalis_58_AMRFinder/01_ncbi_download/efaecalis_genomes/ncbi_dataset/data/GCA_050481115.1/sequence_report.jsonl	GCA_050481115.1:1
GCA_050481115.1	Bacteraemia	40	PRJNA1185791	tet(M)	TETRACYCLINE	Tetracycline	CP174925.1	CP174925.1	chromosome	Chromosome	Accepted AMRFinderPlus hit (Functional_matrix_status=included_in_functional_presence); exact contig-accession match to NCBI Datasets sequence_report.jsonl; assignedMoleculeLocationType=Chromosome	2993907	assembled-molecule	local_archive/large_outputs/Efaecalis_58_AMRFinder/01_ncbi_download/efaecalis_genomes/ncbi_dataset/data/GCA_050481115.1/sequence_report.jsonl	GCA_050481115.1:2
GCA_050481685.1	Bacteraemia	40	PRJNA1185791	lsa(A)	LINCOSAMIDE/STREPTOGRAMIN	Macrolide/lincosamide	CP174922.1	CP174922.1	chromosome	Chromosome	Accepted AMRFinderPlus hit (Functional_matrix_status=included_in_functional_presence); exact contig-accession match to NCBI Datasets sequence_report.jsonl; assignedMoleculeLocationType=Chromosome	2993910	assembled-molecule	local_archive/large_outputs/Efaecalis_58_AMRFinder/01_ncbi_download/efaecalis_genomes/ncbi_dataset/data/GCA_050481685.1/sequence_report.jsonl	GCA_050481685.1:1
GCA_050481685.1	Bacteraemia	40	PRJNA1185791	tet(M)	TETRACYCLINE	Tetracycline	CP174922.1	CP174922.1	chromosome	Chromosome	Accepted AMRFinderPlus hit (Functional_matrix_status=included_in_functional_presence); exact contig-accession match to NCBI Datasets sequence_report.jsonl; assignedMoleculeLocationType=Chromosome	2993910	assembled-molecule	local_archive/large_outputs/Efaecalis_58_AMRFinder/01_ncbi_download/efaecalis_genomes/ncbi_dataset/data/GCA_050481685.1/sequence_report.jsonl	GCA_050481685.1:2
GCA_050481695.1	Bacteraemia	6	PRJNA1185791	aadD1	AMINOGLYCOSIDE	Aminoglycoside	CP174918.1	CP174918.1	unnamed1	Plasmid	Accepted AMRFinderPlus hit (Functional_matrix_status=included_in_functional_presence); exact contig-accession match to NCBI Datasets sequence_report.jsonl; assignedMoleculeLocationType=Plasmid	32284	assembled-molecule	local_archive/large_outputs/Efaecalis_58_AMRFinder/01_ncbi_download/efaecalis_genomes/ncbi_dataset/data/GCA_050481695.1/sequence_report.jsonl	GCA_050481695.1:2
GCA_050481695.1	Bacteraemia	6	PRJNA1185791	vanA	GLYCOPEPTIDE	Vancomycin/glycopeptide	CP174918.1	CP174918.1	unnamed1	Plasmid	Accepted AMRFinderPlus hit (Functional_matrix_status=included_in_functional_presence); exact contig-accession match to NCBI Datasets sequence_report.jsonl; assignedMoleculeLocationType=Plasmid	32284	assembled-molecule	local_archive/large_outputs/Efaecalis_58_AMRFinder/01_ncbi_download/efaecalis_genomes/ncbi_dataset/data/GCA_050481695.1/sequence_report.jsonl	GCA_050481695.1:6
GCA_050481695.1	Bacteraemia	6	PRJNA1185791	vanH-A	GLYCOPEPTIDE	Vancomycin/glycopeptide	CP174918.1	CP174918.1	unnamed1	Plasmid	Accepted AMRFinderPlus hit (Functional_matrix_status=included_in_functional_presence); exact contig-accession match to NCBI Datasets sequence_report.jsonl; assignedMoleculeLocationType=Plasmid	32284	assembled-molecule	local_archive/large_outputs/Efaecalis_58_AMRFinder/01_ncbi_download/efaecalis_genomes/ncbi_dataset/data/GCA_050481695.1/sequence_report.jsonl	GCA_050481695.1:7
GCA_050481695.1	Bacteraemia	6	PRJNA1185791	vanR-A	GLYCOPEPTIDE	Vancomycin/glycopeptide	CP174918.1	CP174918.1	unnamed1	Plasmid	Accepted AMRFinderPlus hit (Functional_matrix_status=included_in_functional_presence); exact contig-accession match to NCBI Datasets sequence_report.jsonl; assignedMoleculeLocationType=Plasmid	32284	assembled-molecule	local_archive/large_outputs/Efaecalis_58_AMRFinder/01_ncbi_download/efaecalis_genomes/ncbi_dataset/data/GCA_050481695.1/sequence_report.jsonl	GCA_050481695.1:9
GCA_050481695.1	Bacteraemia	6	PRJNA1185791	vanS-A	GLYCOPEPTIDE	Vancomycin/glycopeptide	CP174918.1	CP174918.1	unnamed1	Plasmid	Accepted AMRFinderPlus hit (Functional_matrix_status=included_in_functional_presence); exact contig-accession match to NCBI Datasets sequence_report.jsonl; assignedMoleculeLocationType=Plasmid	32284	assembled-molecule	local_archive/large_outputs/Efaecalis_58_AMRFinder/01_ncbi_download/efaecalis_genomes/ncbi_dataset/data/GCA_050481695.1/sequence_report.jsonl	GCA_050481695.1:8
GCA_050481695.1	Bacteraemia	6	PRJNA1185791	vanX-A	GLYCOPEPTIDE	Vancomycin/glycopeptide	CP174918.1	CP174918.1	unnamed1	Plasmid	Accepted AMRFinderPlus hit (Functional_matrix_status=included_in_functional_presence); exact contig-accession match to NCBI Datasets sequence_report.jsonl; assignedMoleculeLocationType=Plasmid	32284	assembled-molecule	local_archive/large_outputs/Efaecalis_58_AMRFinder/01_ncbi_download/efaecalis_genomes/ncbi_dataset/data/GCA_050481695.1/sequence_report.jsonl	GCA_050481695.1:5
GCA_050481695.1	Bacteraemia	6	PRJNA1185791	vanY-A	GLYCOPEPTIDE	Vancomycin/glycopeptide	CP174918.1	CP174918.1	unnamed1	Plasmid	Accepted AMRFinderPlus hit (Functional_matrix_status=included_in_functional_presence); exact contig-accession match to NCBI Datasets sequence_report.jsonl; assignedMoleculeLocationType=Plasmid	32284	assembled-molecule	local_archive/large_outputs/Efaecalis_58_AMRFinder/01_ncbi_download/efaecalis_genomes/ncbi_dataset/data/GCA_050481695.1/sequence_report.jsonl	GCA_050481695.1:4
GCA_050481695.1	Bacteraemia	6	PRJNA1185791	vanZ-A	GLYCOPEPTIDE	Vancomycin/glycopeptide	CP174918.1	CP174918.1	unnamed1	Plasmid	Accepted AMRFinderPlus hit (Functional_matrix_status=included_in_functional_presence); exact contig-accession match to NCBI Datasets sequence_report.jsonl; assignedMoleculeLocationType=Plasmid	32284	assembled-molecule	local_archive/large_outputs/Efaecalis_58_AMRFinder/01_ncbi_download/efaecalis_genomes/ncbi_dataset/data/GCA_050481695.1/sequence_report.jsonl	GCA_050481695.1:3
GCA_050481695.1	Bacteraemia	6	PRJNA1185791	ant(6)-Ia	AMINOGLYCOSIDE	Aminoglycoside	CP174919.1	CP174919.1	unnamed2	Plasmid	Accepted AMRFinderPlus hit (Functional_matrix_status=included_in_functional_presence); exact contig-accession match to NCBI Datasets sequence_report.jsonl; assignedMoleculeLocationType=Plasmid	66291	assembled-molecule	local_archive/large_outputs/Efaecalis_58_AMRFinder/01_ncbi_download/efaecalis_genomes/ncbi_dataset/data/GCA_050481695.1/sequence_report.jsonl	GCA_050481695.1:11
GCA_050481695.1	Bacteraemia	6	PRJNA1185791	aph(3')-IIIa	AMINOGLYCOSIDE	Aminoglycoside	CP174919.1	CP174919.1	unnamed2	Plasmid	Accepted AMRFinderPlus hit (Functional_matrix_status=included_in_functional_presence); exact contig-accession match to NCBI Datasets sequence_report.jsonl; assignedMoleculeLocationType=Plasmid	66291	assembled-molecule	local_archive/large_outputs/Efaecalis_58_AMRFinder/01_ncbi_download/efaecalis_genomes/ncbi_dataset/data/GCA_050481695.1/sequence_report.jsonl	GCA_050481695.1:13
GCA_050481695.1	Bacteraemia	6	PRJNA1185791	erm(B)	LINCOSAMIDE/MACROLIDE/STREPTOGRAMIN	Macrolide/lincosamide	CP174919.1	CP174919.1	unnamed2	Plasmid	Accepted AMRFinderPlus hit (Functional_matrix_status=included_in_functional_presence); exact contig-accession match to NCBI Datasets sequence_report.jsonl; assignedMoleculeLocationType=Plasmid	66291	assembled-molecule	local_archive/large_outputs/Efaecalis_58_AMRFinder/01_ncbi_download/efaecalis_genomes/ncbi_dataset/data/GCA_050481695.1/sequence_report.jsonl	GCA_050481695.1:10
GCA_050481695.1	Bacteraemia	6	PRJNA1185791	sat4	STREPTOTHRICIN	Other	CP174919.1	CP174919.1	unnamed2	Plasmid	Accepted AMRFinderPlus hit (Functional_matrix_status=included_in_functional_presence); exact contig-accession match to NCBI Datasets sequence_report.jsonl; assignedMoleculeLocationType=Plasmid	66291	assembled-molecule	local_archive/large_outputs/Efaecalis_58_AMRFinder/01_ncbi_download/efaecalis_genomes/ncbi_dataset/data/GCA_050481695.1/sequence_report.jsonl	GCA_050481695.1:12
GCA_050481695.1	Bacteraemia	6	PRJNA1185791	aac(6')-Ie/aph(2'')-Ia	AMINOGLYCOSIDE	Aminoglycoside	CP174921.1	CP174921.1	chromosome	Chromosome	Accepted AMRFinderPlus hit (Functional_matrix_status=included_in_functional_presence); exact contig-accession match to NCBI Datasets sequence_report.jsonl; assignedMoleculeLocationType=Chromosome	3187783	assembled-molecule	local_archive/large_outputs/Efaecalis_58_AMRFinder/01_ncbi_download/efaecalis_genomes/ncbi_dataset/data/GCA_050481695.1/sequence_report.jsonl	GCA_050481695.1:18
GCA_050481695.1	Bacteraemia	6	PRJNA1185791	dfrF	TRIMETHOPRIM	Other	CP174921.1	CP174921.1	chromosome	Chromosome	Accepted AMRFinderPlus hit (Functional_matrix_status=included_in_functional_presence); exact contig-accession match to NCBI Datasets sequence_report.jsonl; assignedMoleculeLocationType=Chromosome	3187783	assembled-molecule	local_archive/large_outputs/Efaecalis_58_AMRFinder/01_ncbi_download/efaecalis_genomes/ncbi_dataset/data/GCA_050481695.1/sequence_report.jsonl	GCA_050481695.1:15
GCA_050481695.1	Bacteraemia	6	PRJNA1185791	dfrF	TRIMETHOPRIM	Other	CP174921.1	CP174921.1	chromosome	Chromosome	Accepted AMRFinderPlus hit (Functional_matrix_status=included_in_functional_presence); exact contig-accession match to NCBI Datasets sequence_report.jsonl; assignedMoleculeLocationType=Chromosome	3187783	assembled-molecule	local_archive/large_outputs/Efaecalis_58_AMRFinder/01_ncbi_download/efaecalis_genomes/ncbi_dataset/data/GCA_050481695.1/sequence_report.jsonl	GCA_050481695.1:16
GCA_050481695.1	Bacteraemia	6	PRJNA1185791	gyrA_S83I	QUINOLONE	Other	CP174921.1	CP174921.1	chromosome	Chromosome	Accepted AMRFinderPlus hit (Functional_matrix_status=included_in_functional_presence); exact contig-accession match to NCBI Datasets sequence_report.jsonl; assignedMoleculeLocationType=Chromosome	3187783	assembled-molecule	local_archive/large_outputs/Efaecalis_58_AMRFinder/01_ncbi_download/efaecalis_genomes/ncbi_dataset/data/GCA_050481695.1/sequence_report.jsonl	GCA_050481695.1:22
GCA_050481695.1	Bacteraemia	6	PRJNA1185791	lsa(A)	LINCOSAMIDE/STREPTOGRAMIN	Macrolide/lincosamide	CP174921.1	CP174921.1	chromosome	Chromosome	Accepted AMRFinderPlus hit (Functional_matrix_status=included_in_functional_presence); exact contig-accession match to NCBI Datasets sequence_report.jsonl; assignedMoleculeLocationType=Chromosome	3187783	assembled-molecule	local_archive/large_outputs/Efaecalis_58_AMRFinder/01_ncbi_download/efaecalis_genomes/ncbi_dataset/data/GCA_050481695.1/sequence_report.jsonl	GCA_050481695.1:14
GCA_050481695.1	Bacteraemia	6	PRJNA1185791	parC_S80I	QUINOLONE	Other	CP174921.1	CP174921.1	chromosome	Chromosome	Accepted AMRFinderPlus hit (Functional_matrix_status=included_in_functional_presence); exact contig-accession match to NCBI Datasets sequence_report.jsonl; assignedMoleculeLocationType=Chromosome	3187783	assembled-molecule	local_archive/large_outputs/Efaecalis_58_AMRFinder/01_ncbi_download/efaecalis_genomes/ncbi_dataset/data/GCA_050481695.1/sequence_report.jsonl	GCA_050481695.1:17
GCA_050481695.1	Bacteraemia	6	PRJNA1185791	rpsJ_RATHK53Q	TETRACYCLINE	Tetracycline	CP174921.1	CP174921.1	chromosome	Chromosome	Accepted AMRFinderPlus hit (Functional_matrix_status=included_in_functional_presence); exact contig-accession match to NCBI Datasets sequence_report.jsonl; assignedMoleculeLocationType=Chromosome	3187783	assembled-molecule	local_archive/large_outputs/Efaecalis_58_AMRFinder/01_ncbi_download/efaecalis_genomes/ncbi_dataset/data/GCA_050481695.1/sequence_report.jsonl	GCA_050481695.1:19
GCA_050481695.1	Bacteraemia	6	PRJNA1185791	tet(M)	TETRACYCLINE	Tetracycline	CP174921.1	CP174921.1	chromosome	Chromosome	Accepted AMRFinderPlus hit (Functional_matrix_status=included_in_functional_presence); exact contig-accession match to NCBI Datasets sequence_report.jsonl; assignedMoleculeLocationType=Chromosome	3187783	assembled-molecule	local_archive/large_outputs/Efaecalis_58_AMRFinder/01_ncbi_download/efaecalis_genomes/ncbi_dataset/data/GCA_050481695.1/sequence_report.jsonl	GCA_050481695.1:20
GCA_050481695.1	Bacteraemia	6	PRJNA1185791	tet(M)	TETRACYCLINE	Tetracycline	CP174921.1	CP174921.1	chromosome	Chromosome	Accepted AMRFinderPlus hit (Functional_matrix_status=included_in_functional_presence); exact contig-accession match to NCBI Datasets sequence_report.jsonl; assignedMoleculeLocationType=Chromosome	3187783	assembled-molecule	local_archive/large_outputs/Efaecalis_58_AMRFinder/01_ncbi_download/efaecalis_genomes/ncbi_dataset/data/GCA_050481695.1/sequence_report.jsonl	GCA_050481695.1:21
GCA_050482265.1	Bacteraemia	6	PRJNA1185791	aac(6')-Ie/aph(2'')-Ia	AMINOGLYCOSIDE	Aminoglycoside	CP174914.1	CP174914.1	chromosome	Chromosome	Accepted AMRFinderPlus hit (Functional_matrix_status=included_in_functional_presence); exact contig-accession match to NCBI Datasets sequence_report.jsonl; assignedMoleculeLocationType=Chromosome	3187794	assembled-molecule	local_archive/large_outputs/Efaecalis_58_AMRFinder/01_ncbi_download/efaecalis_genomes/ncbi_dataset/data/GCA_050482265.1/sequence_report.jsonl	GCA_050482265.1:2
GCA_050482265.1	Bacteraemia	6	PRJNA1185791	dfrF	TRIMETHOPRIM	Other	CP174914.1	CP174914.1	chromosome	Chromosome	Accepted AMRFinderPlus hit (Functional_matrix_status=included_in_functional_presence); exact contig-accession match to NCBI Datasets sequence_report.jsonl; assignedMoleculeLocationType=Chromosome	3187794	assembled-molecule	local_archive/large_outputs/Efaecalis_58_AMRFinder/01_ncbi_download/efaecalis_genomes/ncbi_dataset/data/GCA_050482265.1/sequence_report.jsonl	GCA_050482265.1:4
GCA_050482265.1	Bacteraemia	6	PRJNA1185791	dfrF	TRIMETHOPRIM	Other	CP174914.1	CP174914.1	chromosome	Chromosome	Accepted AMRFinderPlus hit (Functional_matrix_status=included_in_functional_presence); exact contig-accession match to NCBI Datasets sequence_report.jsonl; assignedMoleculeLocationType=Chromosome	3187794	assembled-molecule	local_archive/large_outputs/Efaecalis_58_AMRFinder/01_ncbi_download/efaecalis_genomes/ncbi_dataset/data/GCA_050482265.1/sequence_report.jsonl	GCA_050482265.1:5
GCA_050482265.1	Bacteraemia	6	PRJNA1185791	gyrA_S83I	QUINOLONE	Other	CP174914.1	CP174914.1	chromosome	Chromosome	Accepted AMRFinderPlus hit (Functional_matrix_status=included_in_functional_presence); exact contig-accession match to NCBI Datasets sequence_report.jsonl; assignedMoleculeLocationType=Chromosome	3187794	assembled-molecule	local_archive/large_outputs/Efaecalis_58_AMRFinder/01_ncbi_download/efaecalis_genomes/ncbi_dataset/data/GCA_050482265.1/sequence_report.jsonl	GCA_050482265.1:7
GCA_050482265.1	Bacteraemia	6	PRJNA1185791	lsa(A)	LINCOSAMIDE/STREPTOGRAMIN	Macrolide/lincosamide	CP174914.1	CP174914.1	chromosome	Chromosome	Accepted AMRFinderPlus hit (Functional_matrix_status=included_in_functional_presence); exact contig-accession match to NCBI Datasets sequence_report.jsonl; assignedMoleculeLocationType=Chromosome	3187794	assembled-molecule	local_archive/large_outputs/Efaecalis_58_AMRFinder/01_ncbi_download/efaecalis_genomes/ncbi_dataset/data/GCA_050482265.1/sequence_report.jsonl	GCA_050482265.1:6
GCA_050482265.1	Bacteraemia	6	PRJNA1185791	parC_S80I	QUINOLONE	Other	CP174914.1	CP174914.1	chromosome	Chromosome	Accepted AMRFinderPlus hit (Functional_matrix_status=included_in_functional_presence); exact contig-accession match to NCBI Datasets sequence_report.jsonl; assignedMoleculeLocationType=Chromosome	3187794	assembled-molecule	local_archive/large_outputs/Efaecalis_58_AMRFinder/01_ncbi_download/efaecalis_genomes/ncbi_dataset/data/GCA_050482265.1/sequence_report.jsonl	GCA_050482265.1:3
GCA_050482265.1	Bacteraemia	6	PRJNA1185791	rpsJ_RATHK53Q	TETRACYCLINE	Tetracycline	CP174914.1	CP174914.1	chromosome	Chromosome	Accepted AMRFinderPlus hit (Functional_matrix_status=included_in_functional_presence); exact contig-accession match to NCBI Datasets sequence_report.jsonl; assignedMoleculeLocationType=Chromosome	3187794	assembled-molecule	local_archive/large_outputs/Efaecalis_58_AMRFinder/01_ncbi_download/efaecalis_genomes/ncbi_dataset/data/GCA_050482265.1/sequence_report.jsonl	GCA_050482265.1:1
GCA_050482265.1	Bacteraemia	6	PRJNA1185791	tet(M)	TETRACYCLINE	Tetracycline	CP174914.1	CP174914.1	chromosome	Chromosome	Accepted AMRFinderPlus hit (Functional_matrix_status=included_in_functional_presence); exact contig-accession match to NCBI Datasets sequence_report.jsonl; assignedMoleculeLocationType=Chromosome	3187794	assembled-molecule	local_archive/large_outputs/Efaecalis_58_AMRFinder/01_ncbi_download/efaecalis_genomes/ncbi_dataset/data/GCA_050482265.1/sequence_report.jsonl	GCA_050482265.1:8
GCA_050482265.1	Bacteraemia	6	PRJNA1185791	tet(M)	TETRACYCLINE	Tetracycline	CP174914.1	CP174914.1	chromosome	Chromosome	Accepted AMRFinderPlus hit (Functional_matrix_status=included_in_functional_presence); exact contig-accession match to NCBI Datasets sequence_report.jsonl; assignedMoleculeLocationType=Chromosome	3187794	assembled-molecule	local_archive/large_outputs/Efaecalis_58_AMRFinder/01_ncbi_download/efaecalis_genomes/ncbi_dataset/data/GCA_050482265.1/sequence_report.jsonl	GCA_050482265.1:9
GCA_050482265.1	Bacteraemia	6	PRJNA1185791	aadD1	AMINOGLYCOSIDE	Aminoglycoside	CP174916.1	CP174916.1	unnamed3	Plasmid	Accepted AMRFinderPlus hit (Functional_matrix_status=included_in_functional_presence); exact contig-accession match to NCBI Datasets sequence_report.jsonl; assignedMoleculeLocationType=Plasmid	32284	assembled-molecule	local_archive/large_outputs/Efaecalis_58_AMRFinder/01_ncbi_download/efaecalis_genomes/ncbi_dataset/data/GCA_050482265.1/sequence_report.jsonl	GCA_050482265.1:18
GCA_050482265.1	Bacteraemia	6	PRJNA1185791	vanA	GLYCOPEPTIDE	Vancomycin/glycopeptide	CP174916.1	CP174916.1	unnamed3	Plasmid	Accepted AMRFinderPlus hit (Functional_matrix_status=included_in_functional_presence); exact contig-accession match to NCBI Datasets sequence_report.jsonl; assignedMoleculeLocationType=Plasmid	32284	assembled-molecule	local_archive/large_outputs/Efaecalis_58_AMRFinder/01_ncbi_download/efaecalis_genomes/ncbi_dataset/data/GCA_050482265.1/sequence_report.jsonl	GCA_050482265.1:14
GCA_050482265.1	Bacteraemia	6	PRJNA1185791	vanH-A	GLYCOPEPTIDE	Vancomycin/glycopeptide	CP174916.1	CP174916.1	unnamed3	Plasmid	Accepted AMRFinderPlus hit (Functional_matrix_status=included_in_functional_presence); exact contig-accession match to NCBI Datasets sequence_report.jsonl; assignedMoleculeLocationType=Plasmid	32284	assembled-molecule	local_archive/large_outputs/Efaecalis_58_AMRFinder/01_ncbi_download/efaecalis_genomes/ncbi_dataset/data/GCA_050482265.1/sequence_report.jsonl	GCA_050482265.1:13
GCA_050482265.1	Bacteraemia	6	PRJNA1185791	vanR-A	GLYCOPEPTIDE	Vancomycin/glycopeptide	CP174916.1	CP174916.1	unnamed3	Plasmid	Accepted AMRFinderPlus hit (Functional_matrix_status=included_in_functional_presence); exact contig-accession match to NCBI Datasets sequence_report.jsonl; assignedMoleculeLocationType=Plasmid	32284	assembled-molecule	local_archive/large_outputs/Efaecalis_58_AMRFinder/01_ncbi_download/efaecalis_genomes/ncbi_dataset/data/GCA_050482265.1/sequence_report.jsonl	GCA_050482265.1:11
GCA_050482265.1	Bacteraemia	6	PRJNA1185791	vanS-A	GLYCOPEPTIDE	Vancomycin/glycopeptide	CP174916.1	CP174916.1	unnamed3	Plasmid	Accepted AMRFinderPlus hit (Functional_matrix_status=included_in_functional_presence); exact contig-accession match to NCBI Datasets sequence_report.jsonl; assignedMoleculeLocationType=Plasmid	32284	assembled-molecule	local_archive/large_outputs/Efaecalis_58_AMRFinder/01_ncbi_download/efaecalis_genomes/ncbi_dataset/data/GCA_050482265.1/sequence_report.jsonl	GCA_050482265.1:12
GCA_050482265.1	Bacteraemia	6	PRJNA1185791	vanX-A	GLYCOPEPTIDE	Vancomycin/glycopeptide	CP174916.1	CP174916.1	unnamed3	Plasmid	Accepted AMRFinderPlus hit (Functional_matrix_status=included_in_functional_presence); exact contig-accession match to NCBI Datasets sequence_report.jsonl; assignedMoleculeLocationType=Plasmid	32284	assembled-molecule	local_archive/large_outputs/Efaecalis_58_AMRFinder/01_ncbi_download/efaecalis_genomes/ncbi_dataset/data/GCA_050482265.1/sequence_report.jsonl	GCA_050482265.1:15
GCA_050482265.1	Bacteraemia	6	PRJNA1185791	vanY-A	GLYCOPEPTIDE	Vancomycin/glycopeptide	CP174916.1	CP174916.1	unnamed3	Plasmid	Accepted AMRFinderPlus hit (Functional_matrix_status=included_in_functional_presence); exact contig-accession match to NCBI Datasets sequence_report.jsonl; assignedMoleculeLocationType=Plasmid	32284	assembled-molecule	local_archive/large_outputs/Efaecalis_58_AMRFinder/01_ncbi_download/efaecalis_genomes/ncbi_dataset/data/GCA_050482265.1/sequence_report.jsonl	GCA_050482265.1:16
GCA_050482265.1	Bacteraemia	6	PRJNA1185791	vanZ-A	GLYCOPEPTIDE	Vancomycin/glycopeptide	CP174916.1	CP174916.1	unnamed3	Plasmid	Accepted AMRFinderPlus hit (Functional_matrix_status=included_in_functional_presence); exact contig-accession match to NCBI Datasets sequence_report.jsonl; assignedMoleculeLocationType=Plasmid	32284	assembled-molecule	local_archive/large_outputs/Efaecalis_58_AMRFinder/01_ncbi_download/efaecalis_genomes/ncbi_dataset/data/GCA_050482265.1/sequence_report.jsonl	GCA_050482265.1:17
GCA_050482265.1	Bacteraemia	6	PRJNA1185791	ant(6)-Ia	AMINOGLYCOSIDE	Aminoglycoside	CP174917.1	CP174917.1	unnamed1	Plasmid	Accepted AMRFinderPlus hit (Functional_matrix_status=included_in_functional_presence); exact contig-accession match to NCBI Datasets sequence_report.jsonl; assignedMoleculeLocationType=Plasmid	66291	assembled-molecule	local_archive/large_outputs/Efaecalis_58_AMRFinder/01_ncbi_download/efaecalis_genomes/ncbi_dataset/data/GCA_050482265.1/sequence_report.jsonl	GCA_050482265.1:20
GCA_050482265.1	Bacteraemia	6	PRJNA1185791	aph(3')-IIIa	AMINOGLYCOSIDE	Aminoglycoside	CP174917.1	CP174917.1	unnamed1	Plasmid	Accepted AMRFinderPlus hit (Functional_matrix_status=included_in_functional_presence); exact contig-accession match to NCBI Datasets sequence_report.jsonl; assignedMoleculeLocationType=Plasmid	66291	assembled-molecule	local_archive/large_outputs/Efaecalis_58_AMRFinder/01_ncbi_download/efaecalis_genomes/ncbi_dataset/data/GCA_050482265.1/sequence_report.jsonl	GCA_050482265.1:22
GCA_050482265.1	Bacteraemia	6	PRJNA1185791	erm(B)	LINCOSAMIDE/MACROLIDE/STREPTOGRAMIN	Macrolide/lincosamide	CP174917.1	CP174917.1	unnamed1	Plasmid	Accepted AMRFinderPlus hit (Functional_matrix_status=included_in_functional_presence); exact contig-accession match to NCBI Datasets sequence_report.jsonl; assignedMoleculeLocationType=Plasmid	66291	assembled-molecule	local_archive/large_outputs/Efaecalis_58_AMRFinder/01_ncbi_download/efaecalis_genomes/ncbi_dataset/data/GCA_050482265.1/sequence_report.jsonl	GCA_050482265.1:19
GCA_050482265.1	Bacteraemia	6	PRJNA1185791	sat4	STREPTOTHRICIN	Other	CP174917.1	CP174917.1	unnamed1	Plasmid	Accepted AMRFinderPlus hit (Functional_matrix_status=included_in_functional_presence); exact contig-accession match to NCBI Datasets sequence_report.jsonl; assignedMoleculeLocationType=Plasmid	66291	assembled-molecule	local_archive/large_outputs/Efaecalis_58_AMRFinder/01_ncbi_download/efaecalis_genomes/ncbi_dataset/data/GCA_050482265.1/sequence_report.jsonl	GCA_050482265.1:21
GCA_050485045.1	Bacteraemia	6	PRJNA1185791	aadD1	AMINOGLYCOSIDE	Aminoglycoside	CP174866.1	CP174866.1	unnamed2	Plasmid	Accepted AMRFinderPlus hit (Functional_matrix_status=included_in_functional_presence); exact contig-accession match to NCBI Datasets sequence_report.jsonl; assignedMoleculeLocationType=Plasmid	28345	assembled-molecule	local_archive/large_outputs/Efaecalis_58_AMRFinder/01_ncbi_download/efaecalis_genomes/ncbi_dataset/data/GCA_050485045.1/sequence_report.jsonl	GCA_050485045.1:4
GCA_050485045.1	Bacteraemia	6	PRJNA1185791	vanA	GLYCOPEPTIDE	Vancomycin/glycopeptide	CP174866.1	CP174866.1	unnamed2	Plasmid	Accepted AMRFinderPlus hit (Functional_matrix_status=included_in_functional_presence); exact contig-accession match to NCBI Datasets sequence_report.jsonl; assignedMoleculeLocationType=Plasmid	28345	assembled-molecule	local_archive/large_outputs/Efaecalis_58_AMRFinder/01_ncbi_download/efaecalis_genomes/ncbi_dataset/data/GCA_050485045.1/sequence_report.jsonl	GCA_050485045.1:9
GCA_050485045.1	Bacteraemia	6	PRJNA1185791	vanH-A	GLYCOPEPTIDE	Vancomycin/glycopeptide	CP174866.1	CP174866.1	unnamed2	Plasmid	Accepted AMRFinderPlus hit (Functional_matrix_status=included_in_functional_presence); exact contig-accession match to NCBI Datasets sequence_report.jsonl; assignedMoleculeLocationType=Plasmid	28345	assembled-molecule	local_archive/large_outputs/Efaecalis_58_AMRFinder/01_ncbi_download/efaecalis_genomes/ncbi_dataset/data/GCA_050485045.1/sequence_report.jsonl	GCA_050485045.1:8
GCA_050485045.1	Bacteraemia	6	PRJNA1185791	vanR-A	GLYCOPEPTIDE	Vancomycin/glycopeptide	CP174866.1	CP174866.1	unnamed2	Plasmid	Accepted AMRFinderPlus hit (Functional_matrix_status=included_in_functional_presence); exact contig-accession match to NCBI Datasets sequence_report.jsonl; assignedMoleculeLocationType=Plasmid	28345	assembled-molecule	local_archive/large_outputs/Efaecalis_58_AMRFinder/01_ncbi_download/efaecalis_genomes/ncbi_dataset/data/GCA_050485045.1/sequence_report.jsonl	GCA_050485045.1:6
GCA_050485045.1	Bacteraemia	6	PRJNA1185791	vanS-A	GLYCOPEPTIDE	Vancomycin/glycopeptide	CP174866.1	CP174866.1	unnamed2	Plasmid	Accepted AMRFinderPlus hit (Functional_matrix_status=included_in_functional_presence); exact contig-accession match to NCBI Datasets sequence_report.jsonl; assignedMoleculeLocationType=Plasmid	28345	assembled-molecule	local_archive/large_outputs/Efaecalis_58_AMRFinder/01_ncbi_download/efaecalis_genomes/ncbi_dataset/data/GCA_050485045.1/sequence_report.jsonl	GCA_050485045.1:7
GCA_050485045.1	Bacteraemia	6	PRJNA1185791	vanX-A	GLYCOPEPTIDE	Vancomycin/glycopeptide	CP174866.1	CP174866.1	unnamed2	Plasmid	Accepted AMRFinderPlus hit (Functional_matrix_status=included_in_functional_presence); exact contig-accession match to NCBI Datasets sequence_report.jsonl; assignedMoleculeLocationType=Plasmid	28345	assembled-molecule	local_archive/large_outputs/Efaecalis_58_AMRFinder/01_ncbi_download/efaecalis_genomes/ncbi_dataset/data/GCA_050485045.1/sequence_report.jsonl	GCA_050485045.1:1
GCA_050485045.1	Bacteraemia	6	PRJNA1185791	vanY-A	GLYCOPEPTIDE	Vancomycin/glycopeptide	CP174866.1	CP174866.1	unnamed2	Plasmid	Accepted AMRFinderPlus hit (Functional_matrix_status=included_in_functional_presence); exact contig-accession match to NCBI Datasets sequence_report.jsonl; assignedMoleculeLocationType=Plasmid	28345	assembled-molecule	local_archive/large_outputs/Efaecalis_58_AMRFinder/01_ncbi_download/efaecalis_genomes/ncbi_dataset/data/GCA_050485045.1/sequence_report.jsonl	GCA_050485045.1:2
GCA_050485045.1	Bacteraemia	6	PRJNA1185791	vanZ-A	GLYCOPEPTIDE	Vancomycin/glycopeptide	CP174866.1	CP174866.1	unnamed2	Plasmid	Accepted AMRFinderPlus hit (Functional_matrix_status=included_in_functional_presence); exact contig-accession match to NCBI Datasets sequence_report.jsonl; assignedMoleculeLocationType=Plasmid	28345	assembled-molecule	local_archive/large_outputs/Efaecalis_58_AMRFinder/01_ncbi_download/efaecalis_genomes/ncbi_dataset/data/GCA_050485045.1/sequence_report.jsonl	GCA_050485045.1:3
GCA_050485045.1	Bacteraemia	6	PRJNA1185791	aac(6')-Ie/aph(2'')-Ia	AMINOGLYCOSIDE	Aminoglycoside	CP174869.1	CP174869.1	chromosome	Chromosome	Accepted AMRFinderPlus hit (Functional_matrix_status=included_in_functional_presence); exact contig-accession match to NCBI Datasets sequence_report.jsonl; assignedMoleculeLocationType=Chromosome	3260673	assembled-molecule	local_archive/large_outputs/Efaecalis_58_AMRFinder/01_ncbi_download/efaecalis_genomes/ncbi_dataset/data/GCA_050485045.1/sequence_report.jsonl	GCA_050485045.1:14
GCA_050485045.1	Bacteraemia	6	PRJNA1185791	dfrF	TRIMETHOPRIM	Other	CP174869.1	CP174869.1	chromosome	Chromosome	Accepted AMRFinderPlus hit (Functional_matrix_status=included_in_functional_presence); exact contig-accession match to NCBI Datasets sequence_report.jsonl; assignedMoleculeLocationType=Chromosome	3260673	assembled-molecule	local_archive/large_outputs/Efaecalis_58_AMRFinder/01_ncbi_download/efaecalis_genomes/ncbi_dataset/data/GCA_050485045.1/sequence_report.jsonl	GCA_050485045.1:11
GCA_050485045.1	Bacteraemia	6	PRJNA1185791	dfrF	TRIMETHOPRIM	Other	CP174869.1	CP174869.1	chromosome	Chromosome	Accepted AMRFinderPlus hit (Functional_matrix_status=included_in_functional_presence); exact contig-accession match to NCBI Datasets sequence_report.jsonl; assignedMoleculeLocationType=Chromosome	3260673	assembled-molecule	local_archive/large_outputs/Efaecalis_58_AMRFinder/01_ncbi_download/efaecalis_genomes/ncbi_dataset/data/GCA_050485045.1/sequence_report.jsonl	GCA_050485045.1:12
GCA_050485045.1	Bacteraemia	6	PRJNA1185791	gyrA_S83I	QUINOLONE	Other	CP174869.1	CP174869.1	chromosome	Chromosome	Accepted AMRFinderPlus hit (Functional_matrix_status=included_in_functional_presence); exact contig-accession match to NCBI Datasets sequence_report.jsonl; assignedMoleculeLocationType=Chromosome	3260673	assembled-molecule	local_archive/large_outputs/Efaecalis_58_AMRFinder/01_ncbi_download/efaecalis_genomes/ncbi_dataset/data/GCA_050485045.1/sequence_report.jsonl	GCA_050485045.1:15
GCA_050485045.1	Bacteraemia	6	PRJNA1185791	lsa(A)	LINCOSAMIDE/STREPTOGRAMIN	Macrolide/lincosamide	CP174869.1	CP174869.1	chromosome	Chromosome	Accepted AMRFinderPlus hit (Functional_matrix_status=included_in_functional_presence); exact contig-accession match to NCBI Datasets sequence_report.jsonl; assignedMoleculeLocationType=Chromosome	3260673	assembled-molecule	local_archive/large_outputs/Efaecalis_58_AMRFinder/01_ncbi_download/efaecalis_genomes/ncbi_dataset/data/GCA_050485045.1/sequence_report.jsonl	GCA_050485045.1:10
GCA_050485045.1	Bacteraemia	6	PRJNA1185791	parC_S80I	QUINOLONE	Other	CP174869.1	CP174869.1	chromosome	Chromosome	Accepted AMRFinderPlus hit (Functional_matrix_status=included_in_functional_presence); exact contig-accession match to NCBI Datasets sequence_report.jsonl; assignedMoleculeLocationType=Chromosome	3260673	assembled-molecule	local_archive/large_outputs/Efaecalis_58_AMRFinder/01_ncbi_download/efaecalis_genomes/ncbi_dataset/data/GCA_050485045.1/sequence_report.jsonl	GCA_050485045.1:13
GCA_050485045.1	Bacteraemia	6	PRJNA1185791	tet(M)	TETRACYCLINE	Tetracycline	CP174869.1	CP174869.1	chromosome	Chromosome	Accepted AMRFinderPlus hit (Functional_matrix_status=included_in_functional_presence); exact contig-accession match to NCBI Datasets sequence_report.jsonl; assignedMoleculeLocationType=Chromosome	3260673	assembled-molecule	local_archive/large_outputs/Efaecalis_58_AMRFinder/01_ncbi_download/efaecalis_genomes/ncbi_dataset/data/GCA_050485045.1/sequence_report.jsonl	GCA_050485045.1:16
GCA_050485045.1	Bacteraemia	6	PRJNA1185791	tet(M)	TETRACYCLINE	Tetracycline	CP174869.1	CP174869.1	chromosome	Chromosome	Accepted AMRFinderPlus hit (Functional_matrix_status=included_in_functional_presence); exact contig-accession match to NCBI Datasets sequence_report.jsonl; assignedMoleculeLocationType=Chromosome	3260673	assembled-molecule	local_archive/large_outputs/Efaecalis_58_AMRFinder/01_ncbi_download/efaecalis_genomes/ncbi_dataset/data/GCA_050485045.1/sequence_report.jsonl	GCA_050485045.1:17
GCA_050485055.1	Bacteraemia	16	PRJNA1185791	aadD1	AMINOGLYCOSIDE	Aminoglycoside	CP174863.1	CP174863.1	unnamed4	Plasmid	Accepted AMRFinderPlus hit (Functional_matrix_status=included_in_functional_presence); exact contig-accession match to NCBI Datasets sequence_report.jsonl; assignedMoleculeLocationType=Plasmid	27754	assembled-molecule	local_archive/large_outputs/Efaecalis_58_AMRFinder/01_ncbi_download/efaecalis_genomes/ncbi_dataset/data/GCA_050485055.1/sequence_report.jsonl	GCA_050485055.1:7
GCA_050485055.1	Bacteraemia	16	PRJNA1185791	vanA	GLYCOPEPTIDE	Vancomycin/glycopeptide	CP174863.1	CP174863.1	unnamed4	Plasmid	Accepted AMRFinderPlus hit (Functional_matrix_status=included_in_functional_presence); exact contig-accession match to NCBI Datasets sequence_report.jsonl; assignedMoleculeLocationType=Plasmid	27754	assembled-molecule	local_archive/large_outputs/Efaecalis_58_AMRFinder/01_ncbi_download/efaecalis_genomes/ncbi_dataset/data/GCA_050485055.1/sequence_report.jsonl	GCA_050485055.1:3
GCA_050485055.1	Bacteraemia	16	PRJNA1185791	vanH-A	GLYCOPEPTIDE	Vancomycin/glycopeptide	CP174863.1	CP174863.1	unnamed4	Plasmid	Accepted AMRFinderPlus hit (Functional_matrix_status=included_in_functional_presence); exact contig-accession match to NCBI Datasets sequence_report.jsonl; assignedMoleculeLocationType=Plasmid	27754	assembled-molecule	local_archive/large_outputs/Efaecalis_58_AMRFinder/01_ncbi_download/efaecalis_genomes/ncbi_dataset/data/GCA_050485055.1/sequence_report.jsonl	GCA_050485055.1:2
GCA_050485055.1	Bacteraemia	16	PRJNA1185791	vanR-A	GLYCOPEPTIDE	Vancomycin/glycopeptide	CP174863.1	CP174863.1	unnamed4	Plasmid	Accepted AMRFinderPlus hit (Functional_matrix_status=included_in_functional_presence); exact contig-accession match to NCBI Datasets sequence_report.jsonl; assignedMoleculeLocationType=Plasmid	27754	assembled-molecule	local_archive/large_outputs/Efaecalis_58_AMRFinder/01_ncbi_download/efaecalis_genomes/ncbi_dataset/data/GCA_050485055.1/sequence_report.jsonl	GCA_050485055.1:9
GCA_050485055.1	Bacteraemia	16	PRJNA1185791	vanS-A	GLYCOPEPTIDE	Vancomycin/glycopeptide	CP174863.1	CP174863.1	unnamed4	Plasmid	Accepted AMRFinderPlus hit (Functional_matrix_status=included_in_functional_presence); exact contig-accession match to NCBI Datasets sequence_report.jsonl; assignedMoleculeLocationType=Plasmid	27754	assembled-molecule	local_archive/large_outputs/Efaecalis_58_AMRFinder/01_ncbi_download/efaecalis_genomes/ncbi_dataset/data/GCA_050485055.1/sequence_report.jsonl	GCA_050485055.1:1
GCA_050485055.1	Bacteraemia	16	PRJNA1185791	vanX-A	GLYCOPEPTIDE	Vancomycin/glycopeptide	CP174863.1	CP174863.1	unnamed4	Plasmid	Accepted AMRFinderPlus hit (Functional_matrix_status=included_in_functional_presence); exact contig-accession match to NCBI Datasets sequence_report.jsonl; assignedMoleculeLocationType=Plasmid	27754	assembled-molecule	local_archive/large_outputs/Efaecalis_58_AMRFinder/01_ncbi_download/efaecalis_genomes/ncbi_dataset/data/GCA_050485055.1/sequence_report.jsonl	GCA_050485055.1:4
GCA_050485055.1	Bacteraemia	16	PRJNA1185791	vanY-A	GLYCOPEPTIDE	Vancomycin/glycopeptide	CP174863.1	CP174863.1	unnamed4	Plasmid	Accepted AMRFinderPlus hit (Functional_matrix_status=included_in_functional_presence); exact contig-accession match to NCBI Datasets sequence_report.jsonl; assignedMoleculeLocationType=Plasmid	27754	assembled-molecule	local_archive/large_outputs/Efaecalis_58_AMRFinder/01_ncbi_download/efaecalis_genomes/ncbi_dataset/data/GCA_050485055.1/sequence_report.jsonl	GCA_050485055.1:5
GCA_050485055.1	Bacteraemia	16	PRJNA1185791	vanZ-A	GLYCOPEPTIDE	Vancomycin/glycopeptide	CP174863.1	CP174863.1	unnamed4	Plasmid	Accepted AMRFinderPlus hit (Functional_matrix_status=included_in_functional_presence); exact contig-accession match to NCBI Datasets sequence_report.jsonl; assignedMoleculeLocationType=Plasmid	27754	assembled-molecule	local_archive/large_outputs/Efaecalis_58_AMRFinder/01_ncbi_download/efaecalis_genomes/ncbi_dataset/data/GCA_050485055.1/sequence_report.jsonl	GCA_050485055.1:6
GCA_050485055.1	Bacteraemia	16	PRJNA1185791	aac(6')-Ie/aph(2'')-Ia	AMINOGLYCOSIDE	Aminoglycoside	CP174864.1	CP174864.1	chromosome	Chromosome	Accepted AMRFinderPlus hit (Functional_matrix_status=included_in_functional_presence); exact contig-accession match to NCBI Datasets sequence_report.jsonl; assignedMoleculeLocationType=Chromosome	3241590	assembled-molecule	local_archive/large_outputs/Efaecalis_58_AMRFinder/01_ncbi_download/efaecalis_genomes/ncbi_dataset/data/GCA_050485055.1/sequence_report.jsonl	GCA_050485055.1:10
GCA_050485055.1	Bacteraemia	16	PRJNA1185791	dfrF	TRIMETHOPRIM	Other	CP174864.1	CP174864.1	chromosome	Chromosome	Accepted AMRFinderPlus hit (Functional_matrix_status=included_in_functional_presence); exact contig-accession match to NCBI Datasets sequence_report.jsonl; assignedMoleculeLocationType=Chromosome	3241590	assembled-molecule	local_archive/large_outputs/Efaecalis_58_AMRFinder/01_ncbi_download/efaecalis_genomes/ncbi_dataset/data/GCA_050485055.1/sequence_report.jsonl	GCA_050485055.1:11
GCA_050485055.1	Bacteraemia	16	PRJNA1185791	dfrF	TRIMETHOPRIM	Other	CP174864.1	CP174864.1	chromosome	Chromosome	Accepted AMRFinderPlus hit (Functional_matrix_status=included_in_functional_presence); exact contig-accession match to NCBI Datasets sequence_report.jsonl; assignedMoleculeLocationType=Chromosome	3241590	assembled-molecule	local_archive/large_outputs/Efaecalis_58_AMRFinder/01_ncbi_download/efaecalis_genomes/ncbi_dataset/data/GCA_050485055.1/sequence_report.jsonl	GCA_050485055.1:12
GCA_050485055.1	Bacteraemia	16	PRJNA1185791	lsa(A)	LINCOSAMIDE/STREPTOGRAMIN	Macrolide/lincosamide	CP174864.1	CP174864.1	chromosome	Chromosome	Accepted AMRFinderPlus hit (Functional_matrix_status=included_in_functional_presence); exact contig-accession match to NCBI Datasets sequence_report.jsonl; assignedMoleculeLocationType=Chromosome	3241590	assembled-molecule	local_archive/large_outputs/Efaecalis_58_AMRFinder/01_ncbi_download/efaecalis_genomes/ncbi_dataset/data/GCA_050485055.1/sequence_report.jsonl	GCA_050485055.1:13
GCA_050485055.1	Bacteraemia	16	PRJNA1185791	tet(M)	TETRACYCLINE	Tetracycline	CP174864.1	CP174864.1	chromosome	Chromosome	Accepted AMRFinderPlus hit (Functional_matrix_status=included_in_functional_presence); exact contig-accession match to NCBI Datasets sequence_report.jsonl; assignedMoleculeLocationType=Chromosome	3241590	assembled-molecule	local_archive/large_outputs/Efaecalis_58_AMRFinder/01_ncbi_download/efaecalis_genomes/ncbi_dataset/data/GCA_050485055.1/sequence_report.jsonl	GCA_050485055.1:14
GCA_050485055.1	Bacteraemia	16	PRJNA1185791	tet(M)	TETRACYCLINE	Tetracycline	CP174864.1	CP174864.1	chromosome	Chromosome	Accepted AMRFinderPlus hit (Functional_matrix_status=included_in_functional_presence); exact contig-accession match to NCBI Datasets sequence_report.jsonl; assignedMoleculeLocationType=Chromosome	3241590	assembled-molecule	local_archive/large_outputs/Efaecalis_58_AMRFinder/01_ncbi_download/efaecalis_genomes/ncbi_dataset/data/GCA_050485055.1/sequence_report.jsonl	GCA_050485055.1:15
GCA_050485625.1	Bacteraemia	6	PRJNA1185791	ant(6)-Ia	AMINOGLYCOSIDE	Aminoglycoside	CP174857.1	CP174857.1	unnamed1	Plasmid	Accepted AMRFinderPlus hit (Functional_matrix_status=included_in_functional_presence); exact contig-accession match to NCBI Datasets sequence_report.jsonl; assignedMoleculeLocationType=Plasmid	65719	assembled-molecule	local_archive/large_outputs/Efaecalis_58_AMRFinder/01_ncbi_download/efaecalis_genomes/ncbi_dataset/data/GCA_050485625.1/sequence_report.jsonl	GCA_050485625.1:3
GCA_050485625.1	Bacteraemia	6	PRJNA1185791	aph(3')-IIIa	AMINOGLYCOSIDE	Aminoglycoside	CP174857.1	CP174857.1	unnamed1	Plasmid	Accepted AMRFinderPlus hit (Functional_matrix_status=included_in_functional_presence); exact contig-accession match to NCBI Datasets sequence_report.jsonl; assignedMoleculeLocationType=Plasmid	65719	assembled-molecule	local_archive/large_outputs/Efaecalis_58_AMRFinder/01_ncbi_download/efaecalis_genomes/ncbi_dataset/data/GCA_050485625.1/sequence_report.jsonl	GCA_050485625.1:1
GCA_050485625.1	Bacteraemia	6	PRJNA1185791	erm(B)	LINCOSAMIDE/MACROLIDE/STREPTOGRAMIN	Macrolide/lincosamide	CP174857.1	CP174857.1	unnamed1	Plasmid	Accepted AMRFinderPlus hit (Functional_matrix_status=included_in_functional_presence); exact contig-accession match to NCBI Datasets sequence_report.jsonl; assignedMoleculeLocationType=Plasmid	65719	assembled-molecule	local_archive/large_outputs/Efaecalis_58_AMRFinder/01_ncbi_download/efaecalis_genomes/ncbi_dataset/data/GCA_050485625.1/sequence_report.jsonl	GCA_050485625.1:4
GCA_050485625.1	Bacteraemia	6	PRJNA1185791	sat4	STREPTOTHRICIN	Other	CP174857.1	CP174857.1	unnamed1	Plasmid	Accepted AMRFinderPlus hit (Functional_matrix_status=included_in_functional_presence); exact contig-accession match to NCBI Datasets sequence_report.jsonl; assignedMoleculeLocationType=Plasmid	65719	assembled-molecule	local_archive/large_outputs/Efaecalis_58_AMRFinder/01_ncbi_download/efaecalis_genomes/ncbi_dataset/data/GCA_050485625.1/sequence_report.jsonl	GCA_050485625.1:2
GCA_050485625.1	Bacteraemia	6	PRJNA1185791	aadD1	AMINOGLYCOSIDE	Aminoglycoside	CP174858.1	CP174858.1	unnamed2	Plasmid	Accepted AMRFinderPlus hit (Functional_matrix_status=included_in_functional_presence); exact contig-accession match to NCBI Datasets sequence_report.jsonl; assignedMoleculeLocationType=Plasmid	28345	assembled-molecule	local_archive/large_outputs/Efaecalis_58_AMRFinder/01_ncbi_download/efaecalis_genomes/ncbi_dataset/data/GCA_050485625.1/sequence_report.jsonl	GCA_050485625.1:13
GCA_050485625.1	Bacteraemia	6	PRJNA1185791	vanA	GLYCOPEPTIDE	Vancomycin/glycopeptide	CP174858.1	CP174858.1	unnamed2	Plasmid	Accepted AMRFinderPlus hit (Functional_matrix_status=included_in_functional_presence); exact contig-accession match to NCBI Datasets sequence_report.jsonl; assignedMoleculeLocationType=Plasmid	28345	assembled-molecule	local_archive/large_outputs/Efaecalis_58_AMRFinder/01_ncbi_download/efaecalis_genomes/ncbi_dataset/data/GCA_050485625.1/sequence_report.jsonl	GCA_050485625.1:9
GCA_050485625.1	Bacteraemia	6	PRJNA1185791	vanH-A	GLYCOPEPTIDE	Vancomycin/glycopeptide	CP174858.1	CP174858.1	unnamed2	Plasmid	Accepted AMRFinderPlus hit (Functional_matrix_status=included_in_functional_presence); exact contig-accession match to NCBI Datasets sequence_report.jsonl; assignedMoleculeLocationType=Plasmid	28345	assembled-molecule	local_archive/large_outputs/Efaecalis_58_AMRFinder/01_ncbi_download/efaecalis_genomes/ncbi_dataset/data/GCA_050485625.1/sequence_report.jsonl	GCA_050485625.1:8
GCA_050485625.1	Bacteraemia	6	PRJNA1185791	vanR-A	GLYCOPEPTIDE	Vancomycin/glycopeptide	CP174858.1	CP174858.1	unnamed2	Plasmid	Accepted AMRFinderPlus hit (Functional_matrix_status=included_in_functional_presence); exact contig-accession match to NCBI Datasets sequence_report.jsonl; assignedMoleculeLocationType=Plasmid	28345	assembled-molecule	local_archive/large_outputs/Efaecalis_58_AMRFinder/01_ncbi_download/efaecalis_genomes/ncbi_dataset/data/GCA_050485625.1/sequence_report.jsonl	GCA_050485625.1:6
GCA_050485625.1	Bacteraemia	6	PRJNA1185791	vanS-A	GLYCOPEPTIDE	Vancomycin/glycopeptide	CP174858.1	CP174858.1	unnamed2	Plasmid	Accepted AMRFinderPlus hit (Functional_matrix_status=included_in_functional_presence); exact contig-accession match to NCBI Datasets sequence_report.jsonl; assignedMoleculeLocationType=Plasmid	28345	assembled-molecule	local_archive/large_outputs/Efaecalis_58_AMRFinder/01_ncbi_download/efaecalis_genomes/ncbi_dataset/data/GCA_050485625.1/sequence_report.jsonl	GCA_050485625.1:7
GCA_050485625.1	Bacteraemia	6	PRJNA1185791	vanX-A	GLYCOPEPTIDE	Vancomycin/glycopeptide	CP174858.1	CP174858.1	unnamed2	Plasmid	Accepted AMRFinderPlus hit (Functional_matrix_status=included_in_functional_presence); exact contig-accession match to NCBI Datasets sequence_report.jsonl; assignedMoleculeLocationType=Plasmid	28345	assembled-molecule	local_archive/large_outputs/Efaecalis_58_AMRFinder/01_ncbi_download/efaecalis_genomes/ncbi_dataset/data/GCA_050485625.1/sequence_report.jsonl	GCA_050485625.1:10
GCA_050485625.1	Bacteraemia	6	PRJNA1185791	vanY-A	GLYCOPEPTIDE	Vancomycin/glycopeptide	CP174858.1	CP174858.1	unnamed2	Plasmid	Accepted AMRFinderPlus hit (Functional_matrix_status=included_in_functional_presence); exact contig-accession match to NCBI Datasets sequence_report.jsonl; assignedMoleculeLocationType=Plasmid	28345	assembled-molecule	local_archive/large_outputs/Efaecalis_58_AMRFinder/01_ncbi_download/efaecalis_genomes/ncbi_dataset/data/GCA_050485625.1/sequence_report.jsonl	GCA_050485625.1:11
GCA_050485625.1	Bacteraemia	6	PRJNA1185791	vanZ-A	GLYCOPEPTIDE	Vancomycin/glycopeptide	CP174858.1	CP174858.1	unnamed2	Plasmid	Accepted AMRFinderPlus hit (Functional_matrix_status=included_in_functional_presence); exact contig-accession match to NCBI Datasets sequence_report.jsonl; assignedMoleculeLocationType=Plasmid	28345	assembled-molecule	local_archive/large_outputs/Efaecalis_58_AMRFinder/01_ncbi_download/efaecalis_genomes/ncbi_dataset/data/GCA_050485625.1/sequence_report.jsonl	GCA_050485625.1:12
GCA_050485625.1	Bacteraemia	6	PRJNA1185791	aac(6')-Ie/aph(2'')-Ia	AMINOGLYCOSIDE	Aminoglycoside	CP174859.1	CP174859.1	chromosome	Chromosome	Accepted AMRFinderPlus hit (Functional_matrix_status=included_in_functional_presence); exact contig-accession match to NCBI Datasets sequence_report.jsonl; assignedMoleculeLocationType=Chromosome	3276744	assembled-molecule	local_archive/large_outputs/Efaecalis_58_AMRFinder/01_ncbi_download/efaecalis_genomes/ncbi_dataset/data/GCA_050485625.1/sequence_report.jsonl	GCA_050485625.1:18
GCA_050485625.1	Bacteraemia	6	PRJNA1185791	dfrF	TRIMETHOPRIM	Other	CP174859.1	CP174859.1	chromosome	Chromosome	Accepted AMRFinderPlus hit (Functional_matrix_status=included_in_functional_presence); exact contig-accession match to NCBI Datasets sequence_report.jsonl; assignedMoleculeLocationType=Chromosome	3276744	assembled-molecule	local_archive/large_outputs/Efaecalis_58_AMRFinder/01_ncbi_download/efaecalis_genomes/ncbi_dataset/data/GCA_050485625.1/sequence_report.jsonl	GCA_050485625.1:15
GCA_050485625.1	Bacteraemia	6	PRJNA1185791	dfrF	TRIMETHOPRIM	Other	CP174859.1	CP174859.1	chromosome	Chromosome	Accepted AMRFinderPlus hit (Functional_matrix_status=included_in_functional_presence); exact contig-accession match to NCBI Datasets sequence_report.jsonl; assignedMoleculeLocationType=Chromosome	3276744	assembled-molecule	local_archive/large_outputs/Efaecalis_58_AMRFinder/01_ncbi_download/efaecalis_genomes/ncbi_dataset/data/GCA_050485625.1/sequence_report.jsonl	GCA_050485625.1:16
GCA_050485625.1	Bacteraemia	6	PRJNA1185791	gyrA_S83I	QUINOLONE	Other	CP174859.1	CP174859.1	chromosome	Chromosome	Accepted AMRFinderPlus hit (Functional_matrix_status=included_in_functional_presence); exact contig-accession match to NCBI Datasets sequence_report.jsonl; assignedMoleculeLocationType=Chromosome	3276744	assembled-molecule	local_archive/large_outputs/Efaecalis_58_AMRFinder/01_ncbi_download/efaecalis_genomes/ncbi_dataset/data/GCA_050485625.1/sequence_report.jsonl	GCA_050485625.1:19
GCA_050485625.1	Bacteraemia	6	PRJNA1185791	lsa(A)	LINCOSAMIDE/STREPTOGRAMIN	Macrolide/lincosamide	CP174859.1	CP174859.1	chromosome	Chromosome	Accepted AMRFinderPlus hit (Functional_matrix_status=included_in_functional_presence); exact contig-accession match to NCBI Datasets sequence_report.jsonl; assignedMoleculeLocationType=Chromosome	3276744	assembled-molecule	local_archive/large_outputs/Efaecalis_58_AMRFinder/01_ncbi_download/efaecalis_genomes/ncbi_dataset/data/GCA_050485625.1/sequence_report.jsonl	GCA_050485625.1:14
GCA_050485625.1	Bacteraemia	6	PRJNA1185791	parC_S80I	QUINOLONE	Other	CP174859.1	CP174859.1	chromosome	Chromosome	Accepted AMRFinderPlus hit (Functional_matrix_status=included_in_functional_presence); exact contig-accession match to NCBI Datasets sequence_report.jsonl; assignedMoleculeLocationType=Chromosome	3276744	assembled-molecule	local_archive/large_outputs/Efaecalis_58_AMRFinder/01_ncbi_download/efaecalis_genomes/ncbi_dataset/data/GCA_050485625.1/sequence_report.jsonl	GCA_050485625.1:17
GCA_050485625.1	Bacteraemia	6	PRJNA1185791	tet(M)	TETRACYCLINE	Tetracycline	CP174859.1	CP174859.1	chromosome	Chromosome	Accepted AMRFinderPlus hit (Functional_matrix_status=included_in_functional_presence); exact contig-accession match to NCBI Datasets sequence_report.jsonl; assignedMoleculeLocationType=Chromosome	3276744	assembled-molecule	local_archive/large_outputs/Efaecalis_58_AMRFinder/01_ncbi_download/efaecalis_genomes/ncbi_dataset/data/GCA_050485625.1/sequence_report.jsonl	GCA_050485625.1:20
GCA_050485625.1	Bacteraemia	6	PRJNA1185791	tet(M)	TETRACYCLINE	Tetracycline	CP174859.1	CP174859.1	chromosome	Chromosome	Accepted AMRFinderPlus hit (Functional_matrix_status=included_in_functional_presence); exact contig-accession match to NCBI Datasets sequence_report.jsonl; assignedMoleculeLocationType=Chromosome	3276744	assembled-molecule	local_archive/large_outputs/Efaecalis_58_AMRFinder/01_ncbi_download/efaecalis_genomes/ncbi_dataset/data/GCA_050485625.1/sequence_report.jsonl	GCA_050485625.1:21
GCA_050485635.1	Bacteraemia	Unassigned	PRJNA1185791	ant(6)-Ia	AMINOGLYCOSIDE	Aminoglycoside	CP174854.1	CP174854.1	unnamed1	Plasmid	Accepted AMRFinderPlus hit (Functional_matrix_status=included_in_functional_presence); exact contig-accession match to NCBI Datasets sequence_report.jsonl; assignedMoleculeLocationType=Plasmid	65538	assembled-molecule	local_archive/large_outputs/Efaecalis_58_AMRFinder/01_ncbi_download/efaecalis_genomes/ncbi_dataset/data/GCA_050485635.1/sequence_report.jsonl	GCA_050485635.1:2
GCA_050485635.1	Bacteraemia	Unassigned	PRJNA1185791	aph(3')-IIIa	AMINOGLYCOSIDE	Aminoglycoside	CP174854.1	CP174854.1	unnamed1	Plasmid	Accepted AMRFinderPlus hit (Functional_matrix_status=included_in_functional_presence); exact contig-accession match to NCBI Datasets sequence_report.jsonl; assignedMoleculeLocationType=Plasmid	65538	assembled-molecule	local_archive/large_outputs/Efaecalis_58_AMRFinder/01_ncbi_download/efaecalis_genomes/ncbi_dataset/data/GCA_050485635.1/sequence_report.jsonl	GCA_050485635.1:4
GCA_050485635.1	Bacteraemia	Unassigned	PRJNA1185791	erm(B)	LINCOSAMIDE/MACROLIDE/STREPTOGRAMIN	Macrolide/lincosamide	CP174854.1	CP174854.1	unnamed1	Plasmid	Accepted AMRFinderPlus hit (Functional_matrix_status=included_in_functional_presence); exact contig-accession match to NCBI Datasets sequence_report.jsonl; assignedMoleculeLocationType=Plasmid	65538	assembled-molecule	local_archive/large_outputs/Efaecalis_58_AMRFinder/01_ncbi_download/efaecalis_genomes/ncbi_dataset/data/GCA_050485635.1/sequence_report.jsonl	GCA_050485635.1:1
GCA_050485635.1	Bacteraemia	Unassigned	PRJNA1185791	sat4	STREPTOTHRICIN	Other	CP174854.1	CP174854.1	unnamed1	Plasmid	Accepted AMRFinderPlus hit (Functional_matrix_status=included_in_functional_presence); exact contig-accession match to NCBI Datasets sequence_report.jsonl; assignedMoleculeLocationType=Plasmid	65538	assembled-molecule	local_archive/large_outputs/Efaecalis_58_AMRFinder/01_ncbi_download/efaecalis_genomes/ncbi_dataset/data/GCA_050485635.1/sequence_report.jsonl	GCA_050485635.1:3
GCA_050485635.1	Bacteraemia	Unassigned	PRJNA1185791	aadD1	AMINOGLYCOSIDE	Aminoglycoside	CP174855.1	CP174855.1	unnamed2	Plasmid	Accepted AMRFinderPlus hit (Functional_matrix_status=included_in_functional_presence); exact contig-accession match to NCBI Datasets sequence_report.jsonl; assignedMoleculeLocationType=Plasmid	27938	assembled-molecule	local_archive/large_outputs/Efaecalis_58_AMRFinder/01_ncbi_download/efaecalis_genomes/ncbi_dataset/data/GCA_050485635.1/sequence_report.jsonl	GCA_050485635.1:5
GCA_050485635.1	Bacteraemia	Unassigned	PRJNA1185791	vanA	GLYCOPEPTIDE	Vancomycin/glycopeptide	CP174855.1	CP174855.1	unnamed2	Plasmid	Accepted AMRFinderPlus hit (Functional_matrix_status=included_in_functional_presence); exact contig-accession match to NCBI Datasets sequence_report.jsonl; assignedMoleculeLocationType=Plasmid	27938	assembled-molecule	local_archive/large_outputs/Efaecalis_58_AMRFinder/01_ncbi_download/efaecalis_genomes/ncbi_dataset/data/GCA_050485635.1/sequence_report.jsonl	GCA_050485635.1:9
GCA_050485635.1	Bacteraemia	Unassigned	PRJNA1185791	vanH-A	GLYCOPEPTIDE	Vancomycin/glycopeptide	CP174855.1	CP174855.1	unnamed2	Plasmid	Accepted AMRFinderPlus hit (Functional_matrix_status=included_in_functional_presence); exact contig-accession match to NCBI Datasets sequence_report.jsonl; assignedMoleculeLocationType=Plasmid	27938	assembled-molecule	local_archive/large_outputs/Efaecalis_58_AMRFinder/01_ncbi_download/efaecalis_genomes/ncbi_dataset/data/GCA_050485635.1/sequence_report.jsonl	GCA_050485635.1:10
GCA_050485635.1	Bacteraemia	Unassigned	PRJNA1185791	vanR-A	GLYCOPEPTIDE	Vancomycin/glycopeptide	CP174855.1	CP174855.1	unnamed2	Plasmid	Accepted AMRFinderPlus hit (Functional_matrix_status=included_in_functional_presence); exact contig-accession match to NCBI Datasets sequence_report.jsonl; assignedMoleculeLocationType=Plasmid	27938	assembled-molecule	local_archive/large_outputs/Efaecalis_58_AMRFinder/01_ncbi_download/efaecalis_genomes/ncbi_dataset/data/GCA_050485635.1/sequence_report.jsonl	GCA_050485635.1:12
GCA_050485635.1	Bacteraemia	Unassigned	PRJNA1185791	vanS-A	GLYCOPEPTIDE	Vancomycin/glycopeptide	CP174855.1	CP174855.1	unnamed2	Plasmid	Accepted AMRFinderPlus hit (Functional_matrix_status=included_in_functional_presence); exact contig-accession match to NCBI Datasets sequence_report.jsonl; assignedMoleculeLocationType=Plasmid	27938	assembled-molecule	local_archive/large_outputs/Efaecalis_58_AMRFinder/01_ncbi_download/efaecalis_genomes/ncbi_dataset/data/GCA_050485635.1/sequence_report.jsonl	GCA_050485635.1:11
GCA_050485635.1	Bacteraemia	Unassigned	PRJNA1185791	vanX-A	GLYCOPEPTIDE	Vancomycin/glycopeptide	CP174855.1	CP174855.1	unnamed2	Plasmid	Accepted AMRFinderPlus hit (Functional_matrix_status=included_in_functional_presence); exact contig-accession match to NCBI Datasets sequence_report.jsonl; assignedMoleculeLocationType=Plasmid	27938	assembled-molecule	local_archive/large_outputs/Efaecalis_58_AMRFinder/01_ncbi_download/efaecalis_genomes/ncbi_dataset/data/GCA_050485635.1/sequence_report.jsonl	GCA_050485635.1:8
GCA_050485635.1	Bacteraemia	Unassigned	PRJNA1185791	vanY-A	GLYCOPEPTIDE	Vancomycin/glycopeptide	CP174855.1	CP174855.1	unnamed2	Plasmid	Accepted AMRFinderPlus hit (Functional_matrix_status=included_in_functional_presence); exact contig-accession match to NCBI Datasets sequence_report.jsonl; assignedMoleculeLocationType=Plasmid	27938	assembled-molecule	local_archive/large_outputs/Efaecalis_58_AMRFinder/01_ncbi_download/efaecalis_genomes/ncbi_dataset/data/GCA_050485635.1/sequence_report.jsonl	GCA_050485635.1:7
GCA_050485635.1	Bacteraemia	Unassigned	PRJNA1185791	vanZ-A	GLYCOPEPTIDE	Vancomycin/glycopeptide	CP174855.1	CP174855.1	unnamed2	Plasmid	Accepted AMRFinderPlus hit (Functional_matrix_status=included_in_functional_presence); exact contig-accession match to NCBI Datasets sequence_report.jsonl; assignedMoleculeLocationType=Plasmid	27938	assembled-molecule	local_archive/large_outputs/Efaecalis_58_AMRFinder/01_ncbi_download/efaecalis_genomes/ncbi_dataset/data/GCA_050485635.1/sequence_report.jsonl	GCA_050485635.1:6
GCA_050485635.1	Bacteraemia	Unassigned	PRJNA1185791	aac(6')-Ie/aph(2'')-Ia	AMINOGLYCOSIDE	Aminoglycoside	CP174856.1	CP174856.1	chromosome	Chromosome	Accepted AMRFinderPlus hit (Functional_matrix_status=included_in_functional_presence); exact contig-accession match to NCBI Datasets sequence_report.jsonl; assignedMoleculeLocationType=Chromosome	3260275	assembled-molecule	local_archive/large_outputs/Efaecalis_58_AMRFinder/01_ncbi_download/efaecalis_genomes/ncbi_dataset/data/GCA_050485635.1/sequence_report.jsonl	GCA_050485635.1:15
GCA_050485635.1	Bacteraemia	Unassigned	PRJNA1185791	dfrF	TRIMETHOPRIM	Other	CP174856.1	CP174856.1	chromosome	Chromosome	Accepted AMRFinderPlus hit (Functional_matrix_status=included_in_functional_presence); exact contig-accession match to NCBI Datasets sequence_report.jsonl; assignedMoleculeLocationType=Chromosome	3260275	assembled-molecule	local_archive/large_outputs/Efaecalis_58_AMRFinder/01_ncbi_download/efaecalis_genomes/ncbi_dataset/data/GCA_050485635.1/sequence_report.jsonl	GCA_050485635.1:18
GCA_050485635.1	Bacteraemia	Unassigned	PRJNA1185791	gyrA_S83R	QUINOLONE	Other	CP174856.1	CP174856.1	chromosome	Chromosome	Accepted AMRFinderPlus hit (Functional_matrix_status=included_in_functional_presence); exact contig-accession match to NCBI Datasets sequence_report.jsonl; assignedMoleculeLocationType=Chromosome	3260275	assembled-molecule	local_archive/large_outputs/Efaecalis_58_AMRFinder/01_ncbi_download/efaecalis_genomes/ncbi_dataset/data/GCA_050485635.1/sequence_report.jsonl	GCA_050485635.1:14
GCA_050485635.1	Bacteraemia	Unassigned	PRJNA1185791	lsa(A)	LINCOSAMIDE/STREPTOGRAMIN	Macrolide/lincosamide	CP174856.1	CP174856.1	chromosome	Chromosome	Accepted AMRFinderPlus hit (Functional_matrix_status=included_in_functional_presence); exact contig-accession match to NCBI Datasets sequence_report.jsonl; assignedMoleculeLocationType=Chromosome	3260275	assembled-molecule	local_archive/large_outputs/Efaecalis_58_AMRFinder/01_ncbi_download/efaecalis_genomes/ncbi_dataset/data/GCA_050485635.1/sequence_report.jsonl	GCA_050485635.1:19
GCA_050485635.1	Bacteraemia	Unassigned	PRJNA1185791	parC_S80I	QUINOLONE	Other	CP174856.1	CP174856.1	chromosome	Chromosome	Accepted AMRFinderPlus hit (Functional_matrix_status=included_in_functional_presence); exact contig-accession match to NCBI Datasets sequence_report.jsonl; assignedMoleculeLocationType=Chromosome	3260275	assembled-molecule	local_archive/large_outputs/Efaecalis_58_AMRFinder/01_ncbi_download/efaecalis_genomes/ncbi_dataset/data/GCA_050485635.1/sequence_report.jsonl	GCA_050485635.1:16
GCA_050485635.1	Bacteraemia	Unassigned	PRJNA1185791	tet(M)	TETRACYCLINE	Tetracycline	CP174856.1	CP174856.1	chromosome	Chromosome	Accepted AMRFinderPlus hit (Functional_matrix_status=included_in_functional_presence); exact contig-accession match to NCBI Datasets sequence_report.jsonl; assignedMoleculeLocationType=Chromosome	3260275	assembled-molecule	local_archive/large_outputs/Efaecalis_58_AMRFinder/01_ncbi_download/efaecalis_genomes/ncbi_dataset/data/GCA_050485635.1/sequence_report.jsonl	GCA_050485635.1:20
GCA_050485635.1	Bacteraemia	Unassigned	PRJNA1185791	tet(M)	TETRACYCLINE	Tetracycline	CP174856.1	CP174856.1	chromosome	Chromosome	Accepted AMRFinderPlus hit (Functional_matrix_status=included_in_functional_presence); exact contig-accession match to NCBI Datasets sequence_report.jsonl; assignedMoleculeLocationType=Chromosome	3260275	assembled-molecule	local_archive/large_outputs/Efaecalis_58_AMRFinder/01_ncbi_download/efaecalis_genomes/ncbi_dataset/data/GCA_050485635.1/sequence_report.jsonl	GCA_050485635.1:21
GCA_050486705.1	Bacteraemia	40	PRJNA1185791	ant(6)-Ia	AMINOGLYCOSIDE	Aminoglycoside	CP174840.1	CP174840.1	unnamed1	Plasmid	Accepted AMRFinderPlus hit (Functional_matrix_status=included_in_functional_presence); exact contig-accession match to NCBI Datasets sequence_report.jsonl; assignedMoleculeLocationType=Plasmid	134136	assembled-molecule	local_archive/large_outputs/Efaecalis_58_AMRFinder/01_ncbi_download/efaecalis_genomes/ncbi_dataset/data/GCA_050486705.1/sequence_report.jsonl	GCA_050486705.1:3
GCA_050486705.1	Bacteraemia	40	PRJNA1185791	aph(3')-IIIa	AMINOGLYCOSIDE	Aminoglycoside	CP174840.1	CP174840.1	unnamed1	Plasmid	Accepted AMRFinderPlus hit (Functional_matrix_status=included_in_functional_presence); exact contig-accession match to NCBI Datasets sequence_report.jsonl; assignedMoleculeLocationType=Plasmid	134136	assembled-molecule	local_archive/large_outputs/Efaecalis_58_AMRFinder/01_ncbi_download/efaecalis_genomes/ncbi_dataset/data/GCA_050486705.1/sequence_report.jsonl	GCA_050486705.1:1
GCA_050486705.1	Bacteraemia	40	PRJNA1185791	catA	PHENICOL	Other	CP174840.1	CP174840.1	unnamed1	Plasmid	Accepted AMRFinderPlus hit (Functional_matrix_status=included_in_functional_presence); exact contig-accession match to NCBI Datasets sequence_report.jsonl; assignedMoleculeLocationType=Plasmid	134136	assembled-molecule	local_archive/large_outputs/Efaecalis_58_AMRFinder/01_ncbi_download/efaecalis_genomes/ncbi_dataset/data/GCA_050486705.1/sequence_report.jsonl	GCA_050486705.1:6
GCA_050486705.1	Bacteraemia	40	PRJNA1185791	erm(B)	LINCOSAMIDE/MACROLIDE/STREPTOGRAMIN	Macrolide/lincosamide	CP174840.1	CP174840.1	unnamed1	Plasmid	Accepted AMRFinderPlus hit (Functional_matrix_status=included_in_functional_presence); exact contig-accession match to NCBI Datasets sequence_report.jsonl; assignedMoleculeLocationType=Plasmid	134136	assembled-molecule	local_archive/large_outputs/Efaecalis_58_AMRFinder/01_ncbi_download/efaecalis_genomes/ncbi_dataset/data/GCA_050486705.1/sequence_report.jsonl	GCA_050486705.1:5
GCA_050486705.1	Bacteraemia	40	PRJNA1185791	sat4	STREPTOTHRICIN	Other	CP174840.1	CP174840.1	unnamed1	Plasmid	Accepted AMRFinderPlus hit (Functional_matrix_status=included_in_functional_presence); exact contig-accession match to NCBI Datasets sequence_report.jsonl; assignedMoleculeLocationType=Plasmid	134136	assembled-molecule	local_archive/large_outputs/Efaecalis_58_AMRFinder/01_ncbi_download/efaecalis_genomes/ncbi_dataset/data/GCA_050486705.1/sequence_report.jsonl	GCA_050486705.1:2
GCA_050486705.1	Bacteraemia	40	PRJNA1185791	tet(L)	TETRACYCLINE	Tetracycline	CP174840.1	CP174840.1	unnamed1	Plasmid	Accepted AMRFinderPlus hit (Functional_matrix_status=included_in_functional_presence); exact contig-accession match to NCBI Datasets sequence_report.jsonl; assignedMoleculeLocationType=Plasmid	134136	assembled-molecule	local_archive/large_outputs/Efaecalis_58_AMRFinder/01_ncbi_download/efaecalis_genomes/ncbi_dataset/data/GCA_050486705.1/sequence_report.jsonl	GCA_050486705.1:4
GCA_050486705.1	Bacteraemia	40	PRJNA1185791	lsa(A)	LINCOSAMIDE/STREPTOGRAMIN	Macrolide/lincosamide	CP174842.1	CP174842.1	chromosome	Chromosome	Accepted AMRFinderPlus hit (Functional_matrix_status=included_in_functional_presence); exact contig-accession match to NCBI Datasets sequence_report.jsonl; assignedMoleculeLocationType=Chromosome	2965852	assembled-molecule	local_archive/large_outputs/Efaecalis_58_AMRFinder/01_ncbi_download/efaecalis_genomes/ncbi_dataset/data/GCA_050486705.1/sequence_report.jsonl	GCA_050486705.1:8
GCA_050486705.1	Bacteraemia	40	PRJNA1185791	tet(M)	TETRACYCLINE	Tetracycline	CP174842.1	CP174842.1	chromosome	Chromosome	Accepted AMRFinderPlus hit (Functional_matrix_status=included_in_functional_presence); exact contig-accession match to NCBI Datasets sequence_report.jsonl; assignedMoleculeLocationType=Chromosome	2965852	assembled-molecule	local_archive/large_outputs/Efaecalis_58_AMRFinder/01_ncbi_download/efaecalis_genomes/ncbi_dataset/data/GCA_050486705.1/sequence_report.jsonl	GCA_050486705.1:7
GCA_050486715.1	Bacteraemia	Unassigned	PRJNA1185791	dfrG	TRIMETHOPRIM	Other	CP174839.1	CP174839.1	chromosome	Chromosome	Accepted AMRFinderPlus hit (Functional_matrix_status=included_in_functional_presence); exact contig-accession match to NCBI Datasets sequence_report.jsonl; assignedMoleculeLocationType=Chromosome	2786849	assembled-molecule	local_archive/large_outputs/Efaecalis_58_AMRFinder/01_ncbi_download/efaecalis_genomes/ncbi_dataset/data/GCA_050486715.1/sequence_report.jsonl	GCA_050486715.1:1
GCA_050486715.1	Bacteraemia	Unassigned	PRJNA1185791	lsa(A)	LINCOSAMIDE/STREPTOGRAMIN	Macrolide/lincosamide	CP174839.1	CP174839.1	chromosome	Chromosome	Accepted AMRFinderPlus hit (Functional_matrix_status=included_in_functional_presence); exact contig-accession match to NCBI Datasets sequence_report.jsonl; assignedMoleculeLocationType=Chromosome	2786849	assembled-molecule	local_archive/large_outputs/Efaecalis_58_AMRFinder/01_ncbi_download/efaecalis_genomes/ncbi_dataset/data/GCA_050486715.1/sequence_report.jsonl	GCA_050486715.1:4
GCA_050486715.1	Bacteraemia	Unassigned	PRJNA1185791	tet(M)	TETRACYCLINE	Tetracycline	CP174839.1	CP174839.1	chromosome	Chromosome	Accepted AMRFinderPlus hit (Functional_matrix_status=included_in_functional_presence); exact contig-accession match to NCBI Datasets sequence_report.jsonl; assignedMoleculeLocationType=Chromosome	2786849	assembled-molecule	local_archive/large_outputs/Efaecalis_58_AMRFinder/01_ncbi_download/efaecalis_genomes/ncbi_dataset/data/GCA_050486715.1/sequence_report.jsonl	GCA_050486715.1:2
GCA_050491675.1	Bacteraemia	480	PRJNA1185791	aac(6')-Ie/aph(2'')-Ia	AMINOGLYCOSIDE	Aminoglycoside	CP175116.1	CP175116.1	chromosome	Chromosome	Accepted AMRFinderPlus hit (Functional_matrix_status=included_in_functional_presence); exact contig-accession match to NCBI Datasets sequence_report.jsonl; assignedMoleculeLocationType=Chromosome	2792402	assembled-molecule	local_archive/large_outputs/Efaecalis_58_AMRFinder/01_ncbi_download/efaecalis_genomes/ncbi_dataset/data/GCA_050491675.1/sequence_report.jsonl	GCA_050491675.1:7
GCA_050491675.1	Bacteraemia	480	PRJNA1185791	aph(3')-IIIa	AMINOGLYCOSIDE	Aminoglycoside	CP175116.1	CP175116.1	chromosome	Chromosome	Accepted AMRFinderPlus hit (Functional_matrix_status=included_in_functional_presence); exact contig-accession match to NCBI Datasets sequence_report.jsonl; assignedMoleculeLocationType=Chromosome	2792402	assembled-molecule	local_archive/large_outputs/Efaecalis_58_AMRFinder/01_ncbi_download/efaecalis_genomes/ncbi_dataset/data/GCA_050491675.1/sequence_report.jsonl	GCA_050491675.1:4
GCA_050491675.1	Bacteraemia	480	PRJNA1185791	dfrG	TRIMETHOPRIM	Other	CP175116.1	CP175116.1	chromosome	Chromosome	Accepted AMRFinderPlus hit (Functional_matrix_status=included_in_functional_presence); exact contig-accession match to NCBI Datasets sequence_report.jsonl; assignedMoleculeLocationType=Chromosome	2792402	assembled-molecule	local_archive/large_outputs/Efaecalis_58_AMRFinder/01_ncbi_download/efaecalis_genomes/ncbi_dataset/data/GCA_050491675.1/sequence_report.jsonl	GCA_050491675.1:10
GCA_050491675.1	Bacteraemia	480	PRJNA1185791	erm(B)	LINCOSAMIDE/MACROLIDE/STREPTOGRAMIN	Macrolide/lincosamide	CP175116.1	CP175116.1	chromosome	Chromosome	Accepted AMRFinderPlus hit (Functional_matrix_status=included_in_functional_presence); exact contig-accession match to NCBI Datasets sequence_report.jsonl; assignedMoleculeLocationType=Chromosome	2792402	assembled-molecule	local_archive/large_outputs/Efaecalis_58_AMRFinder/01_ncbi_download/efaecalis_genomes/ncbi_dataset/data/GCA_050491675.1/sequence_report.jsonl	GCA_050491675.1:2
GCA_050491675.1	Bacteraemia	480	PRJNA1185791	erm(B)	LINCOSAMIDE/MACROLIDE/STREPTOGRAMIN	Macrolide/lincosamide	CP175116.1	CP175116.1	chromosome	Chromosome	Accepted AMRFinderPlus hit (Functional_matrix_status=included_in_functional_presence); exact contig-accession match to NCBI Datasets sequence_report.jsonl; assignedMoleculeLocationType=Chromosome	2792402	assembled-molecule	local_archive/large_outputs/Efaecalis_58_AMRFinder/01_ncbi_download/efaecalis_genomes/ncbi_dataset/data/GCA_050491675.1/sequence_report.jsonl	GCA_050491675.1:8
GCA_050491675.1	Bacteraemia	480	PRJNA1185791	lsa(A)	LINCOSAMIDE/STREPTOGRAMIN	Macrolide/lincosamide	CP175116.1	CP175116.1	chromosome	Chromosome	Accepted AMRFinderPlus hit (Functional_matrix_status=included_in_functional_presence); exact contig-accession match to NCBI Datasets sequence_report.jsonl; assignedMoleculeLocationType=Chromosome	2792402	assembled-molecule	local_archive/large_outputs/Efaecalis_58_AMRFinder/01_ncbi_download/efaecalis_genomes/ncbi_dataset/data/GCA_050491675.1/sequence_report.jsonl	GCA_050491675.1:9
GCA_050491675.1	Bacteraemia	480	PRJNA1185791	parC_S80I	QUINOLONE	Other	CP175116.1	CP175116.1	chromosome	Chromosome	Accepted AMRFinderPlus hit (Functional_matrix_status=included_in_functional_presence); exact contig-accession match to NCBI Datasets sequence_report.jsonl; assignedMoleculeLocationType=Chromosome	2792402	assembled-molecule	local_archive/large_outputs/Efaecalis_58_AMRFinder/01_ncbi_download/efaecalis_genomes/ncbi_dataset/data/GCA_050491675.1/sequence_report.jsonl	GCA_050491675.1:1
GCA_050491675.1	Bacteraemia	480	PRJNA1185791	sat4	STREPTOTHRICIN	Other	CP175116.1	CP175116.1	chromosome	Chromosome	Accepted AMRFinderPlus hit (Functional_matrix_status=included_in_functional_presence); exact contig-accession match to NCBI Datasets sequence_report.jsonl; assignedMoleculeLocationType=Chromosome	2792402	assembled-molecule	local_archive/large_outputs/Efaecalis_58_AMRFinder/01_ncbi_download/efaecalis_genomes/ncbi_dataset/data/GCA_050491675.1/sequence_report.jsonl	GCA_050491675.1:5
GCA_050491675.1	Bacteraemia	480	PRJNA1185791	tet(L)	TETRACYCLINE	Tetracycline	CP175116.1	CP175116.1	chromosome	Chromosome	Accepted AMRFinderPlus hit (Functional_matrix_status=included_in_functional_presence); exact contig-accession match to NCBI Datasets sequence_report.jsonl; assignedMoleculeLocationType=Chromosome	2792402	assembled-molecule	local_archive/large_outputs/Efaecalis_58_AMRFinder/01_ncbi_download/efaecalis_genomes/ncbi_dataset/data/GCA_050491675.1/sequence_report.jsonl	GCA_050491675.1:11
GCA_050491675.1	Bacteraemia	480	PRJNA1185791	tet(M)	TETRACYCLINE	Tetracycline	CP175116.1	CP175116.1	chromosome	Chromosome	Accepted AMRFinderPlus hit (Functional_matrix_status=included_in_functional_presence); exact contig-accession match to NCBI Datasets sequence_report.jsonl; assignedMoleculeLocationType=Chromosome	2792402	assembled-molecule	local_archive/large_outputs/Efaecalis_58_AMRFinder/01_ncbi_download/efaecalis_genomes/ncbi_dataset/data/GCA_050491675.1/sequence_report.jsonl	GCA_050491675.1:12
GCA_050491685.1	Bacteraemia	480	PRJNA1185791	aac(6')-Ie/aph(2'')-Ia	AMINOGLYCOSIDE	Aminoglycoside	CP175113.1	CP175113.1	chromosome	Chromosome	Accepted AMRFinderPlus hit (Functional_matrix_status=included_in_functional_presence); exact contig-accession match to NCBI Datasets sequence_report.jsonl; assignedMoleculeLocationType=Chromosome	2792402	assembled-molecule	local_archive/large_outputs/Efaecalis_58_AMRFinder/01_ncbi_download/efaecalis_genomes/ncbi_dataset/data/GCA_050491685.1/sequence_report.jsonl	GCA_050491685.1:7
GCA_050491685.1	Bacteraemia	480	PRJNA1185791	aph(3')-IIIa	AMINOGLYCOSIDE	Aminoglycoside	CP175113.1	CP175113.1	chromosome	Chromosome	Accepted AMRFinderPlus hit (Functional_matrix_status=included_in_functional_presence); exact contig-accession match to NCBI Datasets sequence_report.jsonl; assignedMoleculeLocationType=Chromosome	2792402	assembled-molecule	local_archive/large_outputs/Efaecalis_58_AMRFinder/01_ncbi_download/efaecalis_genomes/ncbi_dataset/data/GCA_050491685.1/sequence_report.jsonl	GCA_050491685.1:4
GCA_050491685.1	Bacteraemia	480	PRJNA1185791	dfrG	TRIMETHOPRIM	Other	CP175113.1	CP175113.1	chromosome	Chromosome	Accepted AMRFinderPlus hit (Functional_matrix_status=included_in_functional_presence); exact contig-accession match to NCBI Datasets sequence_report.jsonl; assignedMoleculeLocationType=Chromosome	2792402	assembled-molecule	local_archive/large_outputs/Efaecalis_58_AMRFinder/01_ncbi_download/efaecalis_genomes/ncbi_dataset/data/GCA_050491685.1/sequence_report.jsonl	GCA_050491685.1:10
GCA_050491685.1	Bacteraemia	480	PRJNA1185791	erm(B)	LINCOSAMIDE/MACROLIDE/STREPTOGRAMIN	Macrolide/lincosamide	CP175113.1	CP175113.1	chromosome	Chromosome	Accepted AMRFinderPlus hit (Functional_matrix_status=included_in_functional_presence); exact contig-accession match to NCBI Datasets sequence_report.jsonl; assignedMoleculeLocationType=Chromosome	2792402	assembled-molecule	local_archive/large_outputs/Efaecalis_58_AMRFinder/01_ncbi_download/efaecalis_genomes/ncbi_dataset/data/GCA_050491685.1/sequence_report.jsonl	GCA_050491685.1:2
GCA_050491685.1	Bacteraemia	480	PRJNA1185791	erm(B)	LINCOSAMIDE/MACROLIDE/STREPTOGRAMIN	Macrolide/lincosamide	CP175113.1	CP175113.1	chromosome	Chromosome	Accepted AMRFinderPlus hit (Functional_matrix_status=included_in_functional_presence); exact contig-accession match to NCBI Datasets sequence_report.jsonl; assignedMoleculeLocationType=Chromosome	2792402	assembled-molecule	local_archive/large_outputs/Efaecalis_58_AMRFinder/01_ncbi_download/efaecalis_genomes/ncbi_dataset/data/GCA_050491685.1/sequence_report.jsonl	GCA_050491685.1:8
GCA_050491685.1	Bacteraemia	480	PRJNA1185791	lsa(A)	LINCOSAMIDE/STREPTOGRAMIN	Macrolide/lincosamide	CP175113.1	CP175113.1	chromosome	Chromosome	Accepted AMRFinderPlus hit (Functional_matrix_status=included_in_functional_presence); exact contig-accession match to NCBI Datasets sequence_report.jsonl; assignedMoleculeLocationType=Chromosome	2792402	assembled-molecule	local_archive/large_outputs/Efaecalis_58_AMRFinder/01_ncbi_download/efaecalis_genomes/ncbi_dataset/data/GCA_050491685.1/sequence_report.jsonl	GCA_050491685.1:9
GCA_050491685.1	Bacteraemia	480	PRJNA1185791	parC_S80I	QUINOLONE	Other	CP175113.1	CP175113.1	chromosome	Chromosome	Accepted AMRFinderPlus hit (Functional_matrix_status=included_in_functional_presence); exact contig-accession match to NCBI Datasets sequence_report.jsonl; assignedMoleculeLocationType=Chromosome	2792402	assembled-molecule	local_archive/large_outputs/Efaecalis_58_AMRFinder/01_ncbi_download/efaecalis_genomes/ncbi_dataset/data/GCA_050491685.1/sequence_report.jsonl	GCA_050491685.1:1
GCA_050491685.1	Bacteraemia	480	PRJNA1185791	sat4	STREPTOTHRICIN	Other	CP175113.1	CP175113.1	chromosome	Chromosome	Accepted AMRFinderPlus hit (Functional_matrix_status=included_in_functional_presence); exact contig-accession match to NCBI Datasets sequence_report.jsonl; assignedMoleculeLocationType=Chromosome	2792402	assembled-molecule	local_archive/large_outputs/Efaecalis_58_AMRFinder/01_ncbi_download/efaecalis_genomes/ncbi_dataset/data/GCA_050491685.1/sequence_report.jsonl	GCA_050491685.1:5
GCA_050491685.1	Bacteraemia	480	PRJNA1185791	tet(L)	TETRACYCLINE	Tetracycline	CP175113.1	CP175113.1	chromosome	Chromosome	Accepted AMRFinderPlus hit (Functional_matrix_status=included_in_functional_presence); exact contig-accession match to NCBI Datasets sequence_report.jsonl; assignedMoleculeLocationType=Chromosome	2792402	assembled-molecule	local_archive/large_outputs/Efaecalis_58_AMRFinder/01_ncbi_download/efaecalis_genomes/ncbi_dataset/data/GCA_050491685.1/sequence_report.jsonl	GCA_050491685.1:11
GCA_050491685.1	Bacteraemia	480	PRJNA1185791	tet(M)	TETRACYCLINE	Tetracycline	CP175113.1	CP175113.1	chromosome	Chromosome	Accepted AMRFinderPlus hit (Functional_matrix_status=included_in_functional_presence); exact contig-accession match to NCBI Datasets sequence_report.jsonl; assignedMoleculeLocationType=Chromosome	2792402	assembled-molecule	local_archive/large_outputs/Efaecalis_58_AMRFinder/01_ncbi_download/efaecalis_genomes/ncbi_dataset/data/GCA_050491685.1/sequence_report.jsonl	GCA_050491685.1:12
GCA_050492125.1	Bacteraemia	6	PRJNA1185791	aac(6')-Ie/aph(2'')-Ia	AMINOGLYCOSIDE	Aminoglycoside	CP175110.1	CP175110.1	chromosome	Chromosome	Accepted AMRFinderPlus hit (Functional_matrix_status=included_in_functional_presence); exact contig-accession match to NCBI Datasets sequence_report.jsonl; assignedMoleculeLocationType=Chromosome	2988292	assembled-molecule	local_archive/large_outputs/Efaecalis_58_AMRFinder/01_ncbi_download/efaecalis_genomes/ncbi_dataset/data/GCA_050492125.1/sequence_report.jsonl	GCA_050492125.1:2
GCA_050492125.1	Bacteraemia	6	PRJNA1185791	dfrF	TRIMETHOPRIM	Other	CP175110.1	CP175110.1	chromosome	Chromosome	Accepted AMRFinderPlus hit (Functional_matrix_status=included_in_functional_presence); exact contig-accession match to NCBI Datasets sequence_report.jsonl; assignedMoleculeLocationType=Chromosome	2988292	assembled-molecule	local_archive/large_outputs/Efaecalis_58_AMRFinder/01_ncbi_download/efaecalis_genomes/ncbi_dataset/data/GCA_050492125.1/sequence_report.jsonl	GCA_050492125.1:4
GCA_050492125.1	Bacteraemia	6	PRJNA1185791	dfrF	TRIMETHOPRIM	Other	CP175110.1	CP175110.1	chromosome	Chromosome	Accepted AMRFinderPlus hit (Functional_matrix_status=included_in_functional_presence); exact contig-accession match to NCBI Datasets sequence_report.jsonl; assignedMoleculeLocationType=Chromosome	2988292	assembled-molecule	local_archive/large_outputs/Efaecalis_58_AMRFinder/01_ncbi_download/efaecalis_genomes/ncbi_dataset/data/GCA_050492125.1/sequence_report.jsonl	GCA_050492125.1:5
GCA_050492125.1	Bacteraemia	6	PRJNA1185791	gyrA_S83I	QUINOLONE	Other	CP175110.1	CP175110.1	chromosome	Chromosome	Accepted AMRFinderPlus hit (Functional_matrix_status=included_in_functional_presence); exact contig-accession match to NCBI Datasets sequence_report.jsonl; assignedMoleculeLocationType=Chromosome	2988292	assembled-molecule	local_archive/large_outputs/Efaecalis_58_AMRFinder/01_ncbi_download/efaecalis_genomes/ncbi_dataset/data/GCA_050492125.1/sequence_report.jsonl	GCA_050492125.1:1
GCA_050492125.1	Bacteraemia	6	PRJNA1185791	lsa(A)	LINCOSAMIDE/STREPTOGRAMIN	Macrolide/lincosamide	CP175110.1	CP175110.1	chromosome	Chromosome	Accepted AMRFinderPlus hit (Functional_matrix_status=included_in_functional_presence); exact contig-accession match to NCBI Datasets sequence_report.jsonl; assignedMoleculeLocationType=Chromosome	2988292	assembled-molecule	local_archive/large_outputs/Efaecalis_58_AMRFinder/01_ncbi_download/efaecalis_genomes/ncbi_dataset/data/GCA_050492125.1/sequence_report.jsonl	GCA_050492125.1:6
GCA_050492125.1	Bacteraemia	6	PRJNA1185791	parC_S80I	QUINOLONE	Other	CP175110.1	CP175110.1	chromosome	Chromosome	Accepted AMRFinderPlus hit (Functional_matrix_status=included_in_functional_presence); exact contig-accession match to NCBI Datasets sequence_report.jsonl; assignedMoleculeLocationType=Chromosome	2988292	assembled-molecule	local_archive/large_outputs/Efaecalis_58_AMRFinder/01_ncbi_download/efaecalis_genomes/ncbi_dataset/data/GCA_050492125.1/sequence_report.jsonl	GCA_050492125.1:3
GCA_050492125.1	Bacteraemia	6	PRJNA1185791	tet(M)	TETRACYCLINE	Tetracycline	CP175110.1	CP175110.1	chromosome	Chromosome	Accepted AMRFinderPlus hit (Functional_matrix_status=included_in_functional_presence); exact contig-accession match to NCBI Datasets sequence_report.jsonl; assignedMoleculeLocationType=Chromosome	2988292	assembled-molecule	local_archive/large_outputs/Efaecalis_58_AMRFinder/01_ncbi_download/efaecalis_genomes/ncbi_dataset/data/GCA_050492125.1/sequence_report.jsonl	GCA_050492125.1:7
GCA_050492125.1	Bacteraemia	6	PRJNA1185791	tet(M)	TETRACYCLINE	Tetracycline	CP175110.1	CP175110.1	chromosome	Chromosome	Accepted AMRFinderPlus hit (Functional_matrix_status=included_in_functional_presence); exact contig-accession match to NCBI Datasets sequence_report.jsonl; assignedMoleculeLocationType=Chromosome	2988292	assembled-molecule	local_archive/large_outputs/Efaecalis_58_AMRFinder/01_ncbi_download/efaecalis_genomes/ncbi_dataset/data/GCA_050492125.1/sequence_report.jsonl	GCA_050492125.1:8
GCA_050492125.1	Bacteraemia	6	PRJNA1185791	ant(6)-Ia	AMINOGLYCOSIDE	Aminoglycoside	CP175112.1	CP175112.1	unnamed1	Plasmid	Accepted AMRFinderPlus hit (Functional_matrix_status=included_in_functional_presence); exact contig-accession match to NCBI Datasets sequence_report.jsonl; assignedMoleculeLocationType=Plasmid	139524	assembled-molecule	local_archive/large_outputs/Efaecalis_58_AMRFinder/01_ncbi_download/efaecalis_genomes/ncbi_dataset/data/GCA_050492125.1/sequence_report.jsonl	GCA_050492125.1:11
GCA_050492125.1	Bacteraemia	6	PRJNA1185791	aph(3')-IIIa	AMINOGLYCOSIDE	Aminoglycoside	CP175112.1	CP175112.1	unnamed1	Plasmid	Accepted AMRFinderPlus hit (Functional_matrix_status=included_in_functional_presence); exact contig-accession match to NCBI Datasets sequence_report.jsonl; assignedMoleculeLocationType=Plasmid	139524	assembled-molecule	local_archive/large_outputs/Efaecalis_58_AMRFinder/01_ncbi_download/efaecalis_genomes/ncbi_dataset/data/GCA_050492125.1/sequence_report.jsonl	GCA_050492125.1:13
GCA_050492125.1	Bacteraemia	6	PRJNA1185791	erm(B)	LINCOSAMIDE/MACROLIDE/STREPTOGRAMIN	Macrolide/lincosamide	CP175112.1	CP175112.1	unnamed1	Plasmid	Accepted AMRFinderPlus hit (Functional_matrix_status=included_in_functional_presence); exact contig-accession match to NCBI Datasets sequence_report.jsonl; assignedMoleculeLocationType=Plasmid	139524	assembled-molecule	local_archive/large_outputs/Efaecalis_58_AMRFinder/01_ncbi_download/efaecalis_genomes/ncbi_dataset/data/GCA_050492125.1/sequence_report.jsonl	GCA_050492125.1:10
GCA_050492125.1	Bacteraemia	6	PRJNA1185791	erm(B)	LINCOSAMIDE/MACROLIDE/STREPTOGRAMIN	Macrolide/lincosamide	CP175112.1	CP175112.1	unnamed1	Plasmid	Accepted AMRFinderPlus hit (Functional_matrix_status=included_in_functional_presence); exact contig-accession match to NCBI Datasets sequence_report.jsonl; assignedMoleculeLocationType=Plasmid	139524	assembled-molecule	local_archive/large_outputs/Efaecalis_58_AMRFinder/01_ncbi_download/efaecalis_genomes/ncbi_dataset/data/GCA_050492125.1/sequence_report.jsonl	GCA_050492125.1:9
GCA_050492125.1	Bacteraemia	6	PRJNA1185791	sat4	STREPTOTHRICIN	Other	CP175112.1	CP175112.1	unnamed1	Plasmid	Accepted AMRFinderPlus hit (Functional_matrix_status=included_in_functional_presence); exact contig-accession match to NCBI Datasets sequence_report.jsonl; assignedMoleculeLocationType=Plasmid	139524	assembled-molecule	local_archive/large_outputs/Efaecalis_58_AMRFinder/01_ncbi_download/efaecalis_genomes/ncbi_dataset/data/GCA_050492125.1/sequence_report.jsonl	GCA_050492125.1:12
GCA_050492135.1	Bacteraemia	6	PRJNA1185791	aac(6')-Ie/aph(2'')-Ia	AMINOGLYCOSIDE	Aminoglycoside	CP175106.1	CP175106.1	chromosome	Chromosome	Accepted AMRFinderPlus hit (Functional_matrix_status=included_in_functional_presence); exact contig-accession match to NCBI Datasets sequence_report.jsonl; assignedMoleculeLocationType=Chromosome	3022894	assembled-molecule	local_archive/large_outputs/Efaecalis_58_AMRFinder/01_ncbi_download/efaecalis_genomes/ncbi_dataset/data/GCA_050492135.1/sequence_report.jsonl	GCA_050492135.1:2
GCA_050492135.1	Bacteraemia	6	PRJNA1185791	dfrF	TRIMETHOPRIM	Other	CP175106.1	CP175106.1	chromosome	Chromosome	Accepted AMRFinderPlus hit (Functional_matrix_status=included_in_functional_presence); exact contig-accession match to NCBI Datasets sequence_report.jsonl; assignedMoleculeLocationType=Chromosome	3022894	assembled-molecule	local_archive/large_outputs/Efaecalis_58_AMRFinder/01_ncbi_download/efaecalis_genomes/ncbi_dataset/data/GCA_050492135.1/sequence_report.jsonl	GCA_050492135.1:4
GCA_050492135.1	Bacteraemia	6	PRJNA1185791	dfrF	TRIMETHOPRIM	Other	CP175106.1	CP175106.1	chromosome	Chromosome	Accepted AMRFinderPlus hit (Functional_matrix_status=included_in_functional_presence); exact contig-accession match to NCBI Datasets sequence_report.jsonl; assignedMoleculeLocationType=Chromosome	3022894	assembled-molecule	local_archive/large_outputs/Efaecalis_58_AMRFinder/01_ncbi_download/efaecalis_genomes/ncbi_dataset/data/GCA_050492135.1/sequence_report.jsonl	GCA_050492135.1:5
GCA_050492135.1	Bacteraemia	6	PRJNA1185791	gyrA_S83I	QUINOLONE	Other	CP175106.1	CP175106.1	chromosome	Chromosome	Accepted AMRFinderPlus hit (Functional_matrix_status=included_in_functional_presence); exact contig-accession match to NCBI Datasets sequence_report.jsonl; assignedMoleculeLocationType=Chromosome	3022894	assembled-molecule	local_archive/large_outputs/Efaecalis_58_AMRFinder/01_ncbi_download/efaecalis_genomes/ncbi_dataset/data/GCA_050492135.1/sequence_report.jsonl	GCA_050492135.1:1
GCA_050492135.1	Bacteraemia	6	PRJNA1185791	lsa(A)	LINCOSAMIDE/STREPTOGRAMIN	Macrolide/lincosamide	CP175106.1	CP175106.1	chromosome	Chromosome	Accepted AMRFinderPlus hit (Functional_matrix_status=included_in_functional_presence); exact contig-accession match to NCBI Datasets sequence_report.jsonl; assignedMoleculeLocationType=Chromosome	3022894	assembled-molecule	local_archive/large_outputs/Efaecalis_58_AMRFinder/01_ncbi_download/efaecalis_genomes/ncbi_dataset/data/GCA_050492135.1/sequence_report.jsonl	GCA_050492135.1:6
GCA_050492135.1	Bacteraemia	6	PRJNA1185791	parC_S80I	QUINOLONE	Other	CP175106.1	CP175106.1	chromosome	Chromosome	Accepted AMRFinderPlus hit (Functional_matrix_status=included_in_functional_presence); exact contig-accession match to NCBI Datasets sequence_report.jsonl; assignedMoleculeLocationType=Chromosome	3022894	assembled-molecule	local_archive/large_outputs/Efaecalis_58_AMRFinder/01_ncbi_download/efaecalis_genomes/ncbi_dataset/data/GCA_050492135.1/sequence_report.jsonl	GCA_050492135.1:3
GCA_050492135.1	Bacteraemia	6	PRJNA1185791	tet(M)	TETRACYCLINE	Tetracycline	CP175106.1	CP175106.1	chromosome	Chromosome	Accepted AMRFinderPlus hit (Functional_matrix_status=included_in_functional_presence); exact contig-accession match to NCBI Datasets sequence_report.jsonl; assignedMoleculeLocationType=Chromosome	3022894	assembled-molecule	local_archive/large_outputs/Efaecalis_58_AMRFinder/01_ncbi_download/efaecalis_genomes/ncbi_dataset/data/GCA_050492135.1/sequence_report.jsonl	GCA_050492135.1:7
GCA_050492135.1	Bacteraemia	6	PRJNA1185791	tet(M)	TETRACYCLINE	Tetracycline	CP175106.1	CP175106.1	chromosome	Chromosome	Accepted AMRFinderPlus hit (Functional_matrix_status=included_in_functional_presence); exact contig-accession match to NCBI Datasets sequence_report.jsonl; assignedMoleculeLocationType=Chromosome	3022894	assembled-molecule	local_archive/large_outputs/Efaecalis_58_AMRFinder/01_ncbi_download/efaecalis_genomes/ncbi_dataset/data/GCA_050492135.1/sequence_report.jsonl	GCA_050492135.1:8
GCA_050492135.1	Bacteraemia	6	PRJNA1185791	erm(B)	LINCOSAMIDE/MACROLIDE/STREPTOGRAMIN	Macrolide/lincosamide	CP175108.1	CP175108.1	unnamed3	Plasmid	Accepted AMRFinderPlus hit (Functional_matrix_status=included_in_functional_presence); exact contig-accession match to NCBI Datasets sequence_report.jsonl; assignedMoleculeLocationType=Plasmid	93191	assembled-molecule	local_archive/large_outputs/Efaecalis_58_AMRFinder/01_ncbi_download/efaecalis_genomes/ncbi_dataset/data/GCA_050492135.1/sequence_report.jsonl	GCA_050492135.1:9
GCA_050492135.1	Bacteraemia	6	PRJNA1185791	ant(6)-Ia	AMINOGLYCOSIDE	Aminoglycoside	CP175109.1	CP175109.1	unnamed1	Plasmid	Accepted AMRFinderPlus hit (Functional_matrix_status=included_in_functional_presence); exact contig-accession match to NCBI Datasets sequence_report.jsonl; assignedMoleculeLocationType=Plasmid	46333	assembled-molecule	local_archive/large_outputs/Efaecalis_58_AMRFinder/01_ncbi_download/efaecalis_genomes/ncbi_dataset/data/GCA_050492135.1/sequence_report.jsonl	GCA_050492135.1:11
GCA_050492135.1	Bacteraemia	6	PRJNA1185791	aph(3')-IIIa	AMINOGLYCOSIDE	Aminoglycoside	CP175109.1	CP175109.1	unnamed1	Plasmid	Accepted AMRFinderPlus hit (Functional_matrix_status=included_in_functional_presence); exact contig-accession match to NCBI Datasets sequence_report.jsonl; assignedMoleculeLocationType=Plasmid	46333	assembled-molecule	local_archive/large_outputs/Efaecalis_58_AMRFinder/01_ncbi_download/efaecalis_genomes/ncbi_dataset/data/GCA_050492135.1/sequence_report.jsonl	GCA_050492135.1:13
GCA_050492135.1	Bacteraemia	6	PRJNA1185791	erm(B)	LINCOSAMIDE/MACROLIDE/STREPTOGRAMIN	Macrolide/lincosamide	CP175109.1	CP175109.1	unnamed1	Plasmid	Accepted AMRFinderPlus hit (Functional_matrix_status=included_in_functional_presence); exact contig-accession match to NCBI Datasets sequence_report.jsonl; assignedMoleculeLocationType=Plasmid	46333	assembled-molecule	local_archive/large_outputs/Efaecalis_58_AMRFinder/01_ncbi_download/efaecalis_genomes/ncbi_dataset/data/GCA_050492135.1/sequence_report.jsonl	GCA_050492135.1:10
GCA_050492135.1	Bacteraemia	6	PRJNA1185791	sat4	STREPTOTHRICIN	Other	CP175109.1	CP175109.1	unnamed1	Plasmid	Accepted AMRFinderPlus hit (Functional_matrix_status=included_in_functional_presence); exact contig-accession match to NCBI Datasets sequence_report.jsonl; assignedMoleculeLocationType=Plasmid	46333	assembled-molecule	local_archive/large_outputs/Efaecalis_58_AMRFinder/01_ncbi_download/efaecalis_genomes/ncbi_dataset/data/GCA_050492135.1/sequence_report.jsonl	GCA_050492135.1:12
GCA_050505635.1	Bacteraemia	16	PRJNA1185791	ant(6)-Ia	AMINOGLYCOSIDE	Aminoglycoside	CP175162.1	CP175162.1	chromosome	Chromosome	Accepted AMRFinderPlus hit (Functional_matrix_status=included_in_functional_presence); exact contig-accession match to NCBI Datasets sequence_report.jsonl; assignedMoleculeLocationType=Chromosome	2873527	assembled-molecule	local_archive/large_outputs/Efaecalis_58_AMRFinder/01_ncbi_download/efaecalis_genomes/ncbi_dataset/data/GCA_050505635.1/sequence_report.jsonl	GCA_050505635.1:6
GCA_050505635.1	Bacteraemia	16	PRJNA1185791	dfrG	TRIMETHOPRIM	Other	CP175162.1	CP175162.1	chromosome	Chromosome	Accepted AMRFinderPlus hit (Functional_matrix_status=included_in_functional_presence); exact contig-accession match to NCBI Datasets sequence_report.jsonl; assignedMoleculeLocationType=Chromosome	2873527	assembled-molecule	local_archive/large_outputs/Efaecalis_58_AMRFinder/01_ncbi_download/efaecalis_genomes/ncbi_dataset/data/GCA_050505635.1/sequence_report.jsonl	GCA_050505635.1:9
GCA_050505635.1	Bacteraemia	16	PRJNA1185791	erm(B)	LINCOSAMIDE/MACROLIDE/STREPTOGRAMIN	Macrolide/lincosamide	CP175162.1	CP175162.1	chromosome	Chromosome	Accepted AMRFinderPlus hit (Functional_matrix_status=included_in_functional_presence); exact contig-accession match to NCBI Datasets sequence_report.jsonl; assignedMoleculeLocationType=Chromosome	2873527	assembled-molecule	local_archive/large_outputs/Efaecalis_58_AMRFinder/01_ncbi_download/efaecalis_genomes/ncbi_dataset/data/GCA_050505635.1/sequence_report.jsonl	GCA_050505635.1:7
GCA_050505635.1	Bacteraemia	16	PRJNA1185791	lnu(B)	LINCOSAMIDE	Macrolide/lincosamide	CP175162.1	CP175162.1	chromosome	Chromosome	Accepted AMRFinderPlus hit (Functional_matrix_status=included_in_functional_presence); exact contig-accession match to NCBI Datasets sequence_report.jsonl; assignedMoleculeLocationType=Chromosome	2873527	assembled-molecule	local_archive/large_outputs/Efaecalis_58_AMRFinder/01_ncbi_download/efaecalis_genomes/ncbi_dataset/data/GCA_050505635.1/sequence_report.jsonl	GCA_050505635.1:5
GCA_050505635.1	Bacteraemia	16	PRJNA1185791	lsa(A)	LINCOSAMIDE/STREPTOGRAMIN	Macrolide/lincosamide	CP175162.1	CP175162.1	chromosome	Chromosome	Accepted AMRFinderPlus hit (Functional_matrix_status=included_in_functional_presence); exact contig-accession match to NCBI Datasets sequence_report.jsonl; assignedMoleculeLocationType=Chromosome	2873527	assembled-molecule	local_archive/large_outputs/Efaecalis_58_AMRFinder/01_ncbi_download/efaecalis_genomes/ncbi_dataset/data/GCA_050505635.1/sequence_report.jsonl	GCA_050505635.1:1
GCA_050505635.1	Bacteraemia	16	PRJNA1185791	lsa(E)	LINCOSAMIDE/STREPTOGRAMIN	Macrolide/lincosamide	CP175162.1	CP175162.1	chromosome	Chromosome	Accepted AMRFinderPlus hit (Functional_matrix_status=included_in_functional_presence); exact contig-accession match to NCBI Datasets sequence_report.jsonl; assignedMoleculeLocationType=Chromosome	2873527	assembled-molecule	local_archive/large_outputs/Efaecalis_58_AMRFinder/01_ncbi_download/efaecalis_genomes/ncbi_dataset/data/GCA_050505635.1/sequence_report.jsonl	GCA_050505635.1:4
GCA_050505635.1	Bacteraemia	16	PRJNA1185791	spw	AMINOGLYCOSIDE	Aminoglycoside	CP175162.1	CP175162.1	chromosome	Chromosome	Accepted AMRFinderPlus hit (Functional_matrix_status=included_in_functional_presence); exact contig-accession match to NCBI Datasets sequence_report.jsonl; assignedMoleculeLocationType=Chromosome	2873527	assembled-molecule	local_archive/large_outputs/Efaecalis_58_AMRFinder/01_ncbi_download/efaecalis_genomes/ncbi_dataset/data/GCA_050505635.1/sequence_report.jsonl	GCA_050505635.1:3
GCA_050505635.1	Bacteraemia	16	PRJNA1185791	tet(M)	TETRACYCLINE	Tetracycline	CP175162.1	CP175162.1	chromosome	Chromosome	Accepted AMRFinderPlus hit (Functional_matrix_status=included_in_functional_presence); exact contig-accession match to NCBI Datasets sequence_report.jsonl; assignedMoleculeLocationType=Chromosome	2873527	assembled-molecule	local_archive/large_outputs/Efaecalis_58_AMRFinder/01_ncbi_download/efaecalis_genomes/ncbi_dataset/data/GCA_050505635.1/sequence_report.jsonl	GCA_050505635.1:8
GCA_050505645.1	Bacteraemia	16	PRJNA1185791	ant(6)-Ia	AMINOGLYCOSIDE	Aminoglycoside	CP175163.1	CP175163.1	chromosome	Chromosome	Accepted AMRFinderPlus hit (Functional_matrix_status=included_in_functional_presence); exact contig-accession match to NCBI Datasets sequence_report.jsonl; assignedMoleculeLocationType=Chromosome	2873526	assembled-molecule	local_archive/large_outputs/Efaecalis_58_AMRFinder/01_ncbi_download/efaecalis_genomes/ncbi_dataset/data/GCA_050505645.1/sequence_report.jsonl	GCA_050505645.1:2
GCA_050505645.1	Bacteraemia	16	PRJNA1185791	dfrG	TRIMETHOPRIM	Other	CP175163.1	CP175163.1	chromosome	Chromosome	Accepted AMRFinderPlus hit (Functional_matrix_status=included_in_functional_presence); exact contig-accession match to NCBI Datasets sequence_report.jsonl; assignedMoleculeLocationType=Chromosome	2873526	assembled-molecule	local_archive/large_outputs/Efaecalis_58_AMRFinder/01_ncbi_download/efaecalis_genomes/ncbi_dataset/data/GCA_050505645.1/sequence_report.jsonl	GCA_050505645.1:8
GCA_050505645.1	Bacteraemia	16	PRJNA1185791	erm(B)	LINCOSAMIDE/MACROLIDE/STREPTOGRAMIN	Macrolide/lincosamide	CP175163.1	CP175163.1	chromosome	Chromosome	Accepted AMRFinderPlus hit (Functional_matrix_status=included_in_functional_presence); exact contig-accession match to NCBI Datasets sequence_report.jsonl; assignedMoleculeLocationType=Chromosome	2873526	assembled-molecule	local_archive/large_outputs/Efaecalis_58_AMRFinder/01_ncbi_download/efaecalis_genomes/ncbi_dataset/data/GCA_050505645.1/sequence_report.jsonl	GCA_050505645.1:1
GCA_050505645.1	Bacteraemia	16	PRJNA1185791	lnu(B)	LINCOSAMIDE	Macrolide/lincosamide	CP175163.1	CP175163.1	chromosome	Chromosome	Accepted AMRFinderPlus hit (Functional_matrix_status=included_in_functional_presence); exact contig-accession match to NCBI Datasets sequence_report.jsonl; assignedMoleculeLocationType=Chromosome	2873526	assembled-molecule	local_archive/large_outputs/Efaecalis_58_AMRFinder/01_ncbi_download/efaecalis_genomes/ncbi_dataset/data/GCA_050505645.1/sequence_report.jsonl	GCA_050505645.1:3
GCA_050505645.1	Bacteraemia	16	PRJNA1185791	lsa(A)	LINCOSAMIDE/STREPTOGRAMIN	Macrolide/lincosamide	CP175163.1	CP175163.1	chromosome	Chromosome	Accepted AMRFinderPlus hit (Functional_matrix_status=included_in_functional_presence); exact contig-accession match to NCBI Datasets sequence_report.jsonl; assignedMoleculeLocationType=Chromosome	2873526	assembled-molecule	local_archive/large_outputs/Efaecalis_58_AMRFinder/01_ncbi_download/efaecalis_genomes/ncbi_dataset/data/GCA_050505645.1/sequence_report.jsonl	GCA_050505645.1:7
GCA_050505645.1	Bacteraemia	16	PRJNA1185791	lsa(E)	LINCOSAMIDE/STREPTOGRAMIN	Macrolide/lincosamide	CP175163.1	CP175163.1	chromosome	Chromosome	Accepted AMRFinderPlus hit (Functional_matrix_status=included_in_functional_presence); exact contig-accession match to NCBI Datasets sequence_report.jsonl; assignedMoleculeLocationType=Chromosome	2873526	assembled-molecule	local_archive/large_outputs/Efaecalis_58_AMRFinder/01_ncbi_download/efaecalis_genomes/ncbi_dataset/data/GCA_050505645.1/sequence_report.jsonl	GCA_050505645.1:4
GCA_050505645.1	Bacteraemia	16	PRJNA1185791	spw	AMINOGLYCOSIDE	Aminoglycoside	CP175163.1	CP175163.1	chromosome	Chromosome	Accepted AMRFinderPlus hit (Functional_matrix_status=included_in_functional_presence); exact contig-accession match to NCBI Datasets sequence_report.jsonl; assignedMoleculeLocationType=Chromosome	2873526	assembled-molecule	local_archive/large_outputs/Efaecalis_58_AMRFinder/01_ncbi_download/efaecalis_genomes/ncbi_dataset/data/GCA_050505645.1/sequence_report.jsonl	GCA_050505645.1:5
GCA_050505645.1	Bacteraemia	16	PRJNA1185791	tet(M)	TETRACYCLINE	Tetracycline	CP175163.1	CP175163.1	chromosome	Chromosome	Accepted AMRFinderPlus hit (Functional_matrix_status=included_in_functional_presence); exact contig-accession match to NCBI Datasets sequence_report.jsonl; assignedMoleculeLocationType=Chromosome	2873526	assembled-molecule	local_archive/large_outputs/Efaecalis_58_AMRFinder/01_ncbi_download/efaecalis_genomes/ncbi_dataset/data/GCA_050505645.1/sequence_report.jsonl	GCA_050505645.1:9
GCA_050506665.1	Bacteraemia	16	PRJNA1185791	dfrG	TRIMETHOPRIM	Other	CP175301.1	CP175301.1	chromosome	Chromosome	Accepted AMRFinderPlus hit (Functional_matrix_status=included_in_functional_presence); exact contig-accession match to NCBI Datasets sequence_report.jsonl; assignedMoleculeLocationType=Chromosome	2908051	assembled-molecule	local_archive/large_outputs/Efaecalis_58_AMRFinder/01_ncbi_download/efaecalis_genomes/ncbi_dataset/data/GCA_050506665.1/sequence_report.jsonl	GCA_050506665.1:4
GCA_050506665.1	Bacteraemia	16	PRJNA1185791	erm(B)	LINCOSAMIDE/MACROLIDE/STREPTOGRAMIN	Macrolide/lincosamide	CP175301.1	CP175301.1	chromosome	Chromosome	Accepted AMRFinderPlus hit (Functional_matrix_status=included_in_functional_presence); exact contig-accession match to NCBI Datasets sequence_report.jsonl; assignedMoleculeLocationType=Chromosome	2908051	assembled-molecule	local_archive/large_outputs/Efaecalis_58_AMRFinder/01_ncbi_download/efaecalis_genomes/ncbi_dataset/data/GCA_050506665.1/sequence_report.jsonl	GCA_050506665.1:2
GCA_050506665.1	Bacteraemia	16	PRJNA1185791	lsa(A)	LINCOSAMIDE/STREPTOGRAMIN	Macrolide/lincosamide	CP175301.1	CP175301.1	chromosome	Chromosome	Accepted AMRFinderPlus hit (Functional_matrix_status=included_in_functional_presence); exact contig-accession match to NCBI Datasets sequence_report.jsonl; assignedMoleculeLocationType=Chromosome	2908051	assembled-molecule	local_archive/large_outputs/Efaecalis_58_AMRFinder/01_ncbi_download/efaecalis_genomes/ncbi_dataset/data/GCA_050506665.1/sequence_report.jsonl	GCA_050506665.1:3
GCA_050506665.1	Bacteraemia	16	PRJNA1185791	tet(M)	TETRACYCLINE	Tetracycline	CP175301.1	CP175301.1	chromosome	Chromosome	Accepted AMRFinderPlus hit (Functional_matrix_status=included_in_functional_presence); exact contig-accession match to NCBI Datasets sequence_report.jsonl; assignedMoleculeLocationType=Chromosome	2908051	assembled-molecule	local_archive/large_outputs/Efaecalis_58_AMRFinder/01_ncbi_download/efaecalis_genomes/ncbi_dataset/data/GCA_050506665.1/sequence_report.jsonl	GCA_050506665.1:1
GCA_050506675.1	Bacteraemia	16	PRJNA1185791	dfrG	TRIMETHOPRIM	Other	CP175300.1	CP175300.1	chromosome	Chromosome	Accepted AMRFinderPlus hit (Functional_matrix_status=included_in_functional_presence); exact contig-accession match to NCBI Datasets sequence_report.jsonl; assignedMoleculeLocationType=Chromosome	2908051	assembled-molecule	local_archive/large_outputs/Efaecalis_58_AMRFinder/01_ncbi_download/efaecalis_genomes/ncbi_dataset/data/GCA_050506675.1/sequence_report.jsonl	GCA_050506675.1:4
GCA_050506675.1	Bacteraemia	16	PRJNA1185791	erm(B)	LINCOSAMIDE/MACROLIDE/STREPTOGRAMIN	Macrolide/lincosamide	CP175300.1	CP175300.1	chromosome	Chromosome	Accepted AMRFinderPlus hit (Functional_matrix_status=included_in_functional_presence); exact contig-accession match to NCBI Datasets sequence_report.jsonl; assignedMoleculeLocationType=Chromosome	2908051	assembled-molecule	local_archive/large_outputs/Efaecalis_58_AMRFinder/01_ncbi_download/efaecalis_genomes/ncbi_dataset/data/GCA_050506675.1/sequence_report.jsonl	GCA_050506675.1:2
GCA_050506675.1	Bacteraemia	16	PRJNA1185791	lsa(A)	LINCOSAMIDE/STREPTOGRAMIN	Macrolide/lincosamide	CP175300.1	CP175300.1	chromosome	Chromosome	Accepted AMRFinderPlus hit (Functional_matrix_status=included_in_functional_presence); exact contig-accession match to NCBI Datasets sequence_report.jsonl; assignedMoleculeLocationType=Chromosome	2908051	assembled-molecule	local_archive/large_outputs/Efaecalis_58_AMRFinder/01_ncbi_download/efaecalis_genomes/ncbi_dataset/data/GCA_050506675.1/sequence_report.jsonl	GCA_050506675.1:3
GCA_050506675.1	Bacteraemia	16	PRJNA1185791	tet(M)	TETRACYCLINE	Tetracycline	CP175300.1	CP175300.1	chromosome	Chromosome	Accepted AMRFinderPlus hit (Functional_matrix_status=included_in_functional_presence); exact contig-accession match to NCBI Datasets sequence_report.jsonl; assignedMoleculeLocationType=Chromosome	2908051	assembled-molecule	local_archive/large_outputs/Efaecalis_58_AMRFinder/01_ncbi_download/efaecalis_genomes/ncbi_dataset/data/GCA_050506675.1/sequence_report.jsonl	GCA_050506675.1:1
GCA_050506685.1	Bacteraemia	179	PRJNA1185791	erm(B)	LINCOSAMIDE/MACROLIDE/STREPTOGRAMIN	Macrolide/lincosamide	CP175298.1	CP175298.1	chromosome	Chromosome	Accepted AMRFinderPlus hit (Functional_matrix_status=included_in_functional_presence); exact contig-accession match to NCBI Datasets sequence_report.jsonl; assignedMoleculeLocationType=Chromosome	3086816	assembled-molecule	local_archive/large_outputs/Efaecalis_58_AMRFinder/01_ncbi_download/efaecalis_genomes/ncbi_dataset/data/GCA_050506685.1/sequence_report.jsonl	GCA_050506685.1:3
GCA_050506685.1	Bacteraemia	179	PRJNA1185791	lsa(A)	LINCOSAMIDE/STREPTOGRAMIN	Macrolide/lincosamide	CP175298.1	CP175298.1	chromosome	Chromosome	Accepted AMRFinderPlus hit (Functional_matrix_status=included_in_functional_presence); exact contig-accession match to NCBI Datasets sequence_report.jsonl; assignedMoleculeLocationType=Chromosome	3086816	assembled-molecule	local_archive/large_outputs/Efaecalis_58_AMRFinder/01_ncbi_download/efaecalis_genomes/ncbi_dataset/data/GCA_050506685.1/sequence_report.jsonl	GCA_050506685.1:6
GCA_050506685.1	Bacteraemia	179	PRJNA1185791	tet(M)	TETRACYCLINE	Tetracycline	CP175298.1	CP175298.1	chromosome	Chromosome	Accepted AMRFinderPlus hit (Functional_matrix_status=included_in_functional_presence); exact contig-accession match to NCBI Datasets sequence_report.jsonl; assignedMoleculeLocationType=Chromosome	3086816	assembled-molecule	local_archive/large_outputs/Efaecalis_58_AMRFinder/01_ncbi_download/efaecalis_genomes/ncbi_dataset/data/GCA_050506685.1/sequence_report.jsonl	GCA_050506685.1:1
GCA_050506685.1	Bacteraemia	179	PRJNA1185791	tet(M)	TETRACYCLINE	Tetracycline	CP175298.1	CP175298.1	chromosome	Chromosome	Accepted AMRFinderPlus hit (Functional_matrix_status=included_in_functional_presence); exact contig-accession match to NCBI Datasets sequence_report.jsonl; assignedMoleculeLocationType=Chromosome	3086816	assembled-molecule	local_archive/large_outputs/Efaecalis_58_AMRFinder/01_ncbi_download/efaecalis_genomes/ncbi_dataset/data/GCA_050506685.1/sequence_report.jsonl	GCA_050506685.1:2
GCA_050506685.1	Bacteraemia	179	PRJNA1185791	tet(M)	TETRACYCLINE	Tetracycline	CP175298.1	CP175298.1	chromosome	Chromosome	Accepted AMRFinderPlus hit (Functional_matrix_status=included_in_functional_presence); exact contig-accession match to NCBI Datasets sequence_report.jsonl; assignedMoleculeLocationType=Chromosome	3086816	assembled-molecule	local_archive/large_outputs/Efaecalis_58_AMRFinder/01_ncbi_download/efaecalis_genomes/ncbi_dataset/data/GCA_050506685.1/sequence_report.jsonl	GCA_050506685.1:4
GCA_050506685.1	Bacteraemia	179	PRJNA1185791	tet(M)	TETRACYCLINE	Tetracycline	CP175298.1	CP175298.1	chromosome	Chromosome	Accepted AMRFinderPlus hit (Functional_matrix_status=included_in_functional_presence); exact contig-accession match to NCBI Datasets sequence_report.jsonl; assignedMoleculeLocationType=Chromosome	3086816	assembled-molecule	local_archive/large_outputs/Efaecalis_58_AMRFinder/01_ncbi_download/efaecalis_genomes/ncbi_dataset/data/GCA_050506685.1/sequence_report.jsonl	GCA_050506685.1:5
GCA_050506685.1	Bacteraemia	179	PRJNA1185791	tet(M)	TETRACYCLINE	Tetracycline	CP175298.1	CP175298.1	chromosome	Chromosome	Accepted AMRFinderPlus hit (Functional_matrix_status=included_in_functional_presence); exact contig-accession match to NCBI Datasets sequence_report.jsonl; assignedMoleculeLocationType=Chromosome	3086816	assembled-molecule	local_archive/large_outputs/Efaecalis_58_AMRFinder/01_ncbi_download/efaecalis_genomes/ncbi_dataset/data/GCA_050506685.1/sequence_report.jsonl	GCA_050506685.1:7
GCA_050506695.1	Bacteraemia	179	PRJNA1185791	erm(B)	LINCOSAMIDE/MACROLIDE/STREPTOGRAMIN	Macrolide/lincosamide	CP175296.1	CP175296.1	chromosome	Chromosome	Accepted AMRFinderPlus hit (Functional_matrix_status=included_in_functional_presence); exact contig-accession match to NCBI Datasets sequence_report.jsonl; assignedMoleculeLocationType=Chromosome	3086814	assembled-molecule	local_archive/large_outputs/Efaecalis_58_AMRFinder/01_ncbi_download/efaecalis_genomes/ncbi_dataset/data/GCA_050506695.1/sequence_report.jsonl	GCA_050506695.1:3
GCA_050506695.1	Bacteraemia	179	PRJNA1185791	lsa(A)	LINCOSAMIDE/STREPTOGRAMIN	Macrolide/lincosamide	CP175296.1	CP175296.1	chromosome	Chromosome	Accepted AMRFinderPlus hit (Functional_matrix_status=included_in_functional_presence); exact contig-accession match to NCBI Datasets sequence_report.jsonl; assignedMoleculeLocationType=Chromosome	3086814	assembled-molecule	local_archive/large_outputs/Efaecalis_58_AMRFinder/01_ncbi_download/efaecalis_genomes/ncbi_dataset/data/GCA_050506695.1/sequence_report.jsonl	GCA_050506695.1:6
GCA_050506695.1	Bacteraemia	179	PRJNA1185791	tet(M)	TETRACYCLINE	Tetracycline	CP175296.1	CP175296.1	chromosome	Chromosome	Accepted AMRFinderPlus hit (Functional_matrix_status=included_in_functional_presence); exact contig-accession match to NCBI Datasets sequence_report.jsonl; assignedMoleculeLocationType=Chromosome	3086814	assembled-molecule	local_archive/large_outputs/Efaecalis_58_AMRFinder/01_ncbi_download/efaecalis_genomes/ncbi_dataset/data/GCA_050506695.1/sequence_report.jsonl	GCA_050506695.1:1
GCA_050506695.1	Bacteraemia	179	PRJNA1185791	tet(M)	TETRACYCLINE	Tetracycline	CP175296.1	CP175296.1	chromosome	Chromosome	Accepted AMRFinderPlus hit (Functional_matrix_status=included_in_functional_presence); exact contig-accession match to NCBI Datasets sequence_report.jsonl; assignedMoleculeLocationType=Chromosome	3086814	assembled-molecule	local_archive/large_outputs/Efaecalis_58_AMRFinder/01_ncbi_download/efaecalis_genomes/ncbi_dataset/data/GCA_050506695.1/sequence_report.jsonl	GCA_050506695.1:2
GCA_050506695.1	Bacteraemia	179	PRJNA1185791	tet(M)	TETRACYCLINE	Tetracycline	CP175296.1	CP175296.1	chromosome	Chromosome	Accepted AMRFinderPlus hit (Functional_matrix_status=included_in_functional_presence); exact contig-accession match to NCBI Datasets sequence_report.jsonl; assignedMoleculeLocationType=Chromosome	3086814	assembled-molecule	local_archive/large_outputs/Efaecalis_58_AMRFinder/01_ncbi_download/efaecalis_genomes/ncbi_dataset/data/GCA_050506695.1/sequence_report.jsonl	GCA_050506695.1:5
GCA_050506695.1	Bacteraemia	179	PRJNA1185791	tet(M)	TETRACYCLINE	Tetracycline	CP175296.1	CP175296.1	chromosome	Chromosome	Accepted AMRFinderPlus hit (Functional_matrix_status=included_in_functional_presence); exact contig-accession match to NCBI Datasets sequence_report.jsonl; assignedMoleculeLocationType=Chromosome	3086814	assembled-molecule	local_archive/large_outputs/Efaecalis_58_AMRFinder/01_ncbi_download/efaecalis_genomes/ncbi_dataset/data/GCA_050506695.1/sequence_report.jsonl	GCA_050506695.1:7
GCA_050506725.1	Bacteraemia	40	PRJNA1185791	lsa(A)	LINCOSAMIDE/STREPTOGRAMIN	Macrolide/lincosamide	CP175283.1	CP175283.1	chromosome	Chromosome	Accepted AMRFinderPlus hit (Functional_matrix_status=included_in_functional_presence); exact contig-accession match to NCBI Datasets sequence_report.jsonl; assignedMoleculeLocationType=Chromosome	2858939	assembled-molecule	local_archive/large_outputs/Efaecalis_58_AMRFinder/01_ncbi_download/efaecalis_genomes/ncbi_dataset/data/GCA_050506725.1/sequence_report.jsonl	GCA_050506725.1:1
GCA_050506735.1	Bacteraemia	40	PRJNA1185791	lsa(A)	LINCOSAMIDE/STREPTOGRAMIN	Macrolide/lincosamide	CP175280.1	CP175280.1	chromosome	Chromosome	Accepted AMRFinderPlus hit (Functional_matrix_status=included_in_functional_presence); exact contig-accession match to NCBI Datasets sequence_report.jsonl; assignedMoleculeLocationType=Chromosome	2858939	assembled-molecule	local_archive/large_outputs/Efaecalis_58_AMRFinder/01_ncbi_download/efaecalis_genomes/ncbi_dataset/data/GCA_050506735.1/sequence_report.jsonl	GCA_050506735.1:1
GCA_050506745.1	Bacteraemia	6	PRJNA1185791	aac(6')-Ie/aph(2'')-Ia	AMINOGLYCOSIDE	Aminoglycoside	CP175276.1	CP175276.1	chromosome	Chromosome	Accepted AMRFinderPlus hit (Functional_matrix_status=included_in_functional_presence); exact contig-accession match to NCBI Datasets sequence_report.jsonl; assignedMoleculeLocationType=Chromosome	3111171	assembled-molecule	local_archive/large_outputs/Efaecalis_58_AMRFinder/01_ncbi_download/efaecalis_genomes/ncbi_dataset/data/GCA_050506745.1/sequence_report.jsonl	GCA_050506745.1:5
GCA_050506745.1	Bacteraemia	6	PRJNA1185791	dfrF	TRIMETHOPRIM	Other	CP175276.1	CP175276.1	chromosome	Chromosome	Accepted AMRFinderPlus hit (Functional_matrix_status=included_in_functional_presence); exact contig-accession match to NCBI Datasets sequence_report.jsonl; assignedMoleculeLocationType=Chromosome	3111171	assembled-molecule	local_archive/large_outputs/Efaecalis_58_AMRFinder/01_ncbi_download/efaecalis_genomes/ncbi_dataset/data/GCA_050506745.1/sequence_report.jsonl	GCA_050506745.1:2
GCA_050506745.1	Bacteraemia	6	PRJNA1185791	dfrF	TRIMETHOPRIM	Other	CP175276.1	CP175276.1	chromosome	Chromosome	Accepted AMRFinderPlus hit (Functional_matrix_status=included_in_functional_presence); exact contig-accession match to NCBI Datasets sequence_report.jsonl; assignedMoleculeLocationType=Chromosome	3111171	assembled-molecule	local_archive/large_outputs/Efaecalis_58_AMRFinder/01_ncbi_download/efaecalis_genomes/ncbi_dataset/data/GCA_050506745.1/sequence_report.jsonl	GCA_050506745.1:3
GCA_050506745.1	Bacteraemia	6	PRJNA1185791	gyrA_S83I	QUINOLONE	Other	CP175276.1	CP175276.1	chromosome	Chromosome	Accepted AMRFinderPlus hit (Functional_matrix_status=included_in_functional_presence); exact contig-accession match to NCBI Datasets sequence_report.jsonl; assignedMoleculeLocationType=Chromosome	3111171	assembled-molecule	local_archive/large_outputs/Efaecalis_58_AMRFinder/01_ncbi_download/efaecalis_genomes/ncbi_dataset/data/GCA_050506745.1/sequence_report.jsonl	GCA_050506745.1:13
GCA_050506745.1	Bacteraemia	6	PRJNA1185791	lsa(A)	LINCOSAMIDE/STREPTOGRAMIN	Macrolide/lincosamide	CP175276.1	CP175276.1	chromosome	Chromosome	Accepted AMRFinderPlus hit (Functional_matrix_status=included_in_functional_presence); exact contig-accession match to NCBI Datasets sequence_report.jsonl; assignedMoleculeLocationType=Chromosome	3111171	assembled-molecule	local_archive/large_outputs/Efaecalis_58_AMRFinder/01_ncbi_download/efaecalis_genomes/ncbi_dataset/data/GCA_050506745.1/sequence_report.jsonl	GCA_050506745.1:1
GCA_050506745.1	Bacteraemia	6	PRJNA1185791	parC_S80I	QUINOLONE	Other	CP175276.1	CP175276.1	chromosome	Chromosome	Accepted AMRFinderPlus hit (Functional_matrix_status=included_in_functional_presence); exact contig-accession match to NCBI Datasets sequence_report.jsonl; assignedMoleculeLocationType=Chromosome	3111171	assembled-molecule	local_archive/large_outputs/Efaecalis_58_AMRFinder/01_ncbi_download/efaecalis_genomes/ncbi_dataset/data/GCA_050506745.1/sequence_report.jsonl	GCA_050506745.1:4
GCA_050506745.1	Bacteraemia	6	PRJNA1185791	tet(M)	TETRACYCLINE	Tetracycline	CP175276.1	CP175276.1	chromosome	Chromosome	Accepted AMRFinderPlus hit (Functional_matrix_status=included_in_functional_presence); exact contig-accession match to NCBI Datasets sequence_report.jsonl; assignedMoleculeLocationType=Chromosome	3111171	assembled-molecule	local_archive/large_outputs/Efaecalis_58_AMRFinder/01_ncbi_download/efaecalis_genomes/ncbi_dataset/data/GCA_050506745.1/sequence_report.jsonl	GCA_050506745.1:14
GCA_050506745.1	Bacteraemia	6	PRJNA1185791	tet(M)	TETRACYCLINE	Tetracycline	CP175276.1	CP175276.1	chromosome	Chromosome	Accepted AMRFinderPlus hit (Functional_matrix_status=included_in_functional_presence); exact contig-accession match to NCBI Datasets sequence_report.jsonl; assignedMoleculeLocationType=Chromosome	3111171	assembled-molecule	local_archive/large_outputs/Efaecalis_58_AMRFinder/01_ncbi_download/efaecalis_genomes/ncbi_dataset/data/GCA_050506745.1/sequence_report.jsonl	GCA_050506745.1:15
GCA_050506745.1	Bacteraemia	6	PRJNA1185791	vanB	GLYCOPEPTIDE	Vancomycin/glycopeptide	CP175276.1	CP175276.1	chromosome	Chromosome	Accepted AMRFinderPlus hit (Functional_matrix_status=included_in_functional_presence); exact contig-accession match to NCBI Datasets sequence_report.jsonl; assignedMoleculeLocationType=Chromosome	3111171	assembled-molecule	local_archive/large_outputs/Efaecalis_58_AMRFinder/01_ncbi_download/efaecalis_genomes/ncbi_dataset/data/GCA_050506745.1/sequence_report.jsonl	GCA_050506745.1:7
GCA_050506745.1	Bacteraemia	6	PRJNA1185791	vanH-B	GLYCOPEPTIDE	Vancomycin/glycopeptide	CP175276.1	CP175276.1	chromosome	Chromosome	Accepted AMRFinderPlus hit (Functional_matrix_status=included_in_functional_presence); exact contig-accession match to NCBI Datasets sequence_report.jsonl; assignedMoleculeLocationType=Chromosome	3111171	assembled-molecule	local_archive/large_outputs/Efaecalis_58_AMRFinder/01_ncbi_download/efaecalis_genomes/ncbi_dataset/data/GCA_050506745.1/sequence_report.jsonl	GCA_050506745.1:8
GCA_050506745.1	Bacteraemia	6	PRJNA1185791	vanR-B	GLYCOPEPTIDE	Vancomycin/glycopeptide	CP175276.1	CP175276.1	chromosome	Chromosome	Accepted AMRFinderPlus hit (Functional_matrix_status=included_in_functional_presence); exact contig-accession match to NCBI Datasets sequence_report.jsonl; assignedMoleculeLocationType=Chromosome	3111171	assembled-molecule	local_archive/large_outputs/Efaecalis_58_AMRFinder/01_ncbi_download/efaecalis_genomes/ncbi_dataset/data/GCA_050506745.1/sequence_report.jsonl	GCA_050506745.1:12
GCA_050506745.1	Bacteraemia	6	PRJNA1185791	vanS-B	GLYCOPEPTIDE	Vancomycin/glycopeptide	CP175276.1	CP175276.1	chromosome	Chromosome	Accepted AMRFinderPlus hit (Functional_matrix_status=included_in_functional_presence); exact contig-accession match to NCBI Datasets sequence_report.jsonl; assignedMoleculeLocationType=Chromosome	3111171	assembled-molecule	local_archive/large_outputs/Efaecalis_58_AMRFinder/01_ncbi_download/efaecalis_genomes/ncbi_dataset/data/GCA_050506745.1/sequence_report.jsonl	GCA_050506745.1:11
GCA_050506745.1	Bacteraemia	6	PRJNA1185791	vanW-B	GLYCOPEPTIDE	Vancomycin/glycopeptide	CP175276.1	CP175276.1	chromosome	Chromosome	Accepted AMRFinderPlus hit (Functional_matrix_status=included_in_functional_presence); exact contig-accession match to NCBI Datasets sequence_report.jsonl; assignedMoleculeLocationType=Chromosome	3111171	assembled-molecule	local_archive/large_outputs/Efaecalis_58_AMRFinder/01_ncbi_download/efaecalis_genomes/ncbi_dataset/data/GCA_050506745.1/sequence_report.jsonl	GCA_050506745.1:9
GCA_050506745.1	Bacteraemia	6	PRJNA1185791	vanX-B	GLYCOPEPTIDE	Vancomycin/glycopeptide	CP175276.1	CP175276.1	chromosome	Chromosome	Accepted AMRFinderPlus hit (Functional_matrix_status=included_in_functional_presence); exact contig-accession match to NCBI Datasets sequence_report.jsonl; assignedMoleculeLocationType=Chromosome	3111171	assembled-molecule	local_archive/large_outputs/Efaecalis_58_AMRFinder/01_ncbi_download/efaecalis_genomes/ncbi_dataset/data/GCA_050506745.1/sequence_report.jsonl	GCA_050506745.1:6
GCA_050506745.1	Bacteraemia	6	PRJNA1185791	vanY-B	GLYCOPEPTIDE	Vancomycin/glycopeptide	CP175276.1	CP175276.1	chromosome	Chromosome	Accepted AMRFinderPlus hit (Functional_matrix_status=included_in_functional_presence); exact contig-accession match to NCBI Datasets sequence_report.jsonl; assignedMoleculeLocationType=Chromosome	3111171	assembled-molecule	local_archive/large_outputs/Efaecalis_58_AMRFinder/01_ncbi_download/efaecalis_genomes/ncbi_dataset/data/GCA_050506745.1/sequence_report.jsonl	GCA_050506745.1:10
GCA_050506745.1	Bacteraemia	6	PRJNA1185791	ant(6)-Ia	AMINOGLYCOSIDE	Aminoglycoside	CP175277.1	CP175277.1	unnamed2	Plasmid	Accepted AMRFinderPlus hit (Functional_matrix_status=included_in_functional_presence); exact contig-accession match to NCBI Datasets sequence_report.jsonl; assignedMoleculeLocationType=Plasmid	128835	assembled-molecule	local_archive/large_outputs/Efaecalis_58_AMRFinder/01_ncbi_download/efaecalis_genomes/ncbi_dataset/data/GCA_050506745.1/sequence_report.jsonl	GCA_050506745.1:18
GCA_050506745.1	Bacteraemia	6	PRJNA1185791	aph(3')-IIIa	AMINOGLYCOSIDE	Aminoglycoside	CP175277.1	CP175277.1	unnamed2	Plasmid	Accepted AMRFinderPlus hit (Functional_matrix_status=included_in_functional_presence); exact contig-accession match to NCBI Datasets sequence_report.jsonl; assignedMoleculeLocationType=Plasmid	128835	assembled-molecule	local_archive/large_outputs/Efaecalis_58_AMRFinder/01_ncbi_download/efaecalis_genomes/ncbi_dataset/data/GCA_050506745.1/sequence_report.jsonl	GCA_050506745.1:20
GCA_050506745.1	Bacteraemia	6	PRJNA1185791	erm(B)	LINCOSAMIDE/MACROLIDE/STREPTOGRAMIN	Macrolide/lincosamide	CP175277.1	CP175277.1	unnamed2	Plasmid	Accepted AMRFinderPlus hit (Functional_matrix_status=included_in_functional_presence); exact contig-accession match to NCBI Datasets sequence_report.jsonl; assignedMoleculeLocationType=Plasmid	128835	assembled-molecule	local_archive/large_outputs/Efaecalis_58_AMRFinder/01_ncbi_download/efaecalis_genomes/ncbi_dataset/data/GCA_050506745.1/sequence_report.jsonl	GCA_050506745.1:16
GCA_050506745.1	Bacteraemia	6	PRJNA1185791	erm(B)	LINCOSAMIDE/MACROLIDE/STREPTOGRAMIN	Macrolide/lincosamide	CP175277.1	CP175277.1	unnamed2	Plasmid	Accepted AMRFinderPlus hit (Functional_matrix_status=included_in_functional_presence); exact contig-accession match to NCBI Datasets sequence_report.jsonl; assignedMoleculeLocationType=Plasmid	128835	assembled-molecule	local_archive/large_outputs/Efaecalis_58_AMRFinder/01_ncbi_download/efaecalis_genomes/ncbi_dataset/data/GCA_050506745.1/sequence_report.jsonl	GCA_050506745.1:17
GCA_050506745.1	Bacteraemia	6	PRJNA1185791	sat4	STREPTOTHRICIN	Other	CP175277.1	CP175277.1	unnamed2	Plasmid	Accepted AMRFinderPlus hit (Functional_matrix_status=included_in_functional_presence); exact contig-accession match to NCBI Datasets sequence_report.jsonl; assignedMoleculeLocationType=Plasmid	128835	assembled-molecule	local_archive/large_outputs/Efaecalis_58_AMRFinder/01_ncbi_download/efaecalis_genomes/ncbi_dataset/data/GCA_050506745.1/sequence_report.jsonl	GCA_050506745.1:19
GCA_050506755.1	Bacteraemia	6	PRJNA1185791	aac(6')-Ie/aph(2'')-Ia	AMINOGLYCOSIDE	Aminoglycoside	CP175273.1	CP175273.1	chromosome	Chromosome	Accepted AMRFinderPlus hit (Functional_matrix_status=included_in_functional_presence); exact contig-accession match to NCBI Datasets sequence_report.jsonl; assignedMoleculeLocationType=Chromosome	3109149	assembled-molecule	local_archive/large_outputs/Efaecalis_58_AMRFinder/01_ncbi_download/efaecalis_genomes/ncbi_dataset/data/GCA_050506755.1/sequence_report.jsonl	GCA_050506755.1:8
GCA_050506755.1	Bacteraemia	6	PRJNA1185791	dfrF	TRIMETHOPRIM	Other	CP175273.1	CP175273.1	chromosome	Chromosome	Accepted AMRFinderPlus hit (Functional_matrix_status=included_in_functional_presence); exact contig-accession match to NCBI Datasets sequence_report.jsonl; assignedMoleculeLocationType=Chromosome	3109149	assembled-molecule	local_archive/large_outputs/Efaecalis_58_AMRFinder/01_ncbi_download/efaecalis_genomes/ncbi_dataset/data/GCA_050506755.1/sequence_report.jsonl	GCA_050506755.1:10
GCA_050506755.1	Bacteraemia	6	PRJNA1185791	dfrF	TRIMETHOPRIM	Other	CP175273.1	CP175273.1	chromosome	Chromosome	Accepted AMRFinderPlus hit (Functional_matrix_status=included_in_functional_presence); exact contig-accession match to NCBI Datasets sequence_report.jsonl; assignedMoleculeLocationType=Chromosome	3109149	assembled-molecule	local_archive/large_outputs/Efaecalis_58_AMRFinder/01_ncbi_download/efaecalis_genomes/ncbi_dataset/data/GCA_050506755.1/sequence_report.jsonl	GCA_050506755.1:11
GCA_050506755.1	Bacteraemia	6	PRJNA1185791	gyrA_S83I	QUINOLONE	Other	CP175273.1	CP175273.1	chromosome	Chromosome	Accepted AMRFinderPlus hit (Functional_matrix_status=included_in_functional_presence); exact contig-accession match to NCBI Datasets sequence_report.jsonl; assignedMoleculeLocationType=Chromosome	3109149	assembled-molecule	local_archive/large_outputs/Efaecalis_58_AMRFinder/01_ncbi_download/efaecalis_genomes/ncbi_dataset/data/GCA_050506755.1/sequence_report.jsonl	GCA_050506755.1:15
GCA_050506755.1	Bacteraemia	6	PRJNA1185791	lsa(A)	LINCOSAMIDE/STREPTOGRAMIN	Macrolide/lincosamide	CP175273.1	CP175273.1	chromosome	Chromosome	Accepted AMRFinderPlus hit (Functional_matrix_status=included_in_functional_presence); exact contig-accession match to NCBI Datasets sequence_report.jsonl; assignedMoleculeLocationType=Chromosome	3109149	assembled-molecule	local_archive/large_outputs/Efaecalis_58_AMRFinder/01_ncbi_download/efaecalis_genomes/ncbi_dataset/data/GCA_050506755.1/sequence_report.jsonl	GCA_050506755.1:12
GCA_050506755.1	Bacteraemia	6	PRJNA1185791	parC_S80I	QUINOLONE	Other	CP175273.1	CP175273.1	chromosome	Chromosome	Accepted AMRFinderPlus hit (Functional_matrix_status=included_in_functional_presence); exact contig-accession match to NCBI Datasets sequence_report.jsonl; assignedMoleculeLocationType=Chromosome	3109149	assembled-molecule	local_archive/large_outputs/Efaecalis_58_AMRFinder/01_ncbi_download/efaecalis_genomes/ncbi_dataset/data/GCA_050506755.1/sequence_report.jsonl	GCA_050506755.1:9
GCA_050506755.1	Bacteraemia	6	PRJNA1185791	tet(M)	TETRACYCLINE	Tetracycline	CP175273.1	CP175273.1	chromosome	Chromosome	Accepted AMRFinderPlus hit (Functional_matrix_status=included_in_functional_presence); exact contig-accession match to NCBI Datasets sequence_report.jsonl; assignedMoleculeLocationType=Chromosome	3109149	assembled-molecule	local_archive/large_outputs/Efaecalis_58_AMRFinder/01_ncbi_download/efaecalis_genomes/ncbi_dataset/data/GCA_050506755.1/sequence_report.jsonl	GCA_050506755.1:13
GCA_050506755.1	Bacteraemia	6	PRJNA1185791	tet(M)	TETRACYCLINE	Tetracycline	CP175273.1	CP175273.1	chromosome	Chromosome	Accepted AMRFinderPlus hit (Functional_matrix_status=included_in_functional_presence); exact contig-accession match to NCBI Datasets sequence_report.jsonl; assignedMoleculeLocationType=Chromosome	3109149	assembled-molecule	local_archive/large_outputs/Efaecalis_58_AMRFinder/01_ncbi_download/efaecalis_genomes/ncbi_dataset/data/GCA_050506755.1/sequence_report.jsonl	GCA_050506755.1:14
GCA_050506755.1	Bacteraemia	6	PRJNA1185791	vanB	GLYCOPEPTIDE	Vancomycin/glycopeptide	CP175273.1	CP175273.1	chromosome	Chromosome	Accepted AMRFinderPlus hit (Functional_matrix_status=included_in_functional_presence); exact contig-accession match to NCBI Datasets sequence_report.jsonl; assignedMoleculeLocationType=Chromosome	3109149	assembled-molecule	local_archive/large_outputs/Efaecalis_58_AMRFinder/01_ncbi_download/efaecalis_genomes/ncbi_dataset/data/GCA_050506755.1/sequence_report.jsonl	GCA_050506755.1:6
GCA_050506755.1	Bacteraemia	6	PRJNA1185791	vanH-B	GLYCOPEPTIDE	Vancomycin/glycopeptide	CP175273.1	CP175273.1	chromosome	Chromosome	Accepted AMRFinderPlus hit (Functional_matrix_status=included_in_functional_presence); exact contig-accession match to NCBI Datasets sequence_report.jsonl; assignedMoleculeLocationType=Chromosome	3109149	assembled-molecule	local_archive/large_outputs/Efaecalis_58_AMRFinder/01_ncbi_download/efaecalis_genomes/ncbi_dataset/data/GCA_050506755.1/sequence_report.jsonl	GCA_050506755.1:5
GCA_050506755.1	Bacteraemia	6	PRJNA1185791	vanR-B	GLYCOPEPTIDE	Vancomycin/glycopeptide	CP175273.1	CP175273.1	chromosome	Chromosome	Accepted AMRFinderPlus hit (Functional_matrix_status=included_in_functional_presence); exact contig-accession match to NCBI Datasets sequence_report.jsonl; assignedMoleculeLocationType=Chromosome	3109149	assembled-molecule	local_archive/large_outputs/Efaecalis_58_AMRFinder/01_ncbi_download/efaecalis_genomes/ncbi_dataset/data/GCA_050506755.1/sequence_report.jsonl	GCA_050506755.1:1
GCA_050506755.1	Bacteraemia	6	PRJNA1185791	vanS-B	GLYCOPEPTIDE	Vancomycin/glycopeptide	CP175273.1	CP175273.1	chromosome	Chromosome	Accepted AMRFinderPlus hit (Functional_matrix_status=included_in_functional_presence); exact contig-accession match to NCBI Datasets sequence_report.jsonl; assignedMoleculeLocationType=Chromosome	3109149	assembled-molecule	local_archive/large_outputs/Efaecalis_58_AMRFinder/01_ncbi_download/efaecalis_genomes/ncbi_dataset/data/GCA_050506755.1/sequence_report.jsonl	GCA_050506755.1:2
GCA_050506755.1	Bacteraemia	6	PRJNA1185791	vanW-B	GLYCOPEPTIDE	Vancomycin/glycopeptide	CP175273.1	CP175273.1	chromosome	Chromosome	Accepted AMRFinderPlus hit (Functional_matrix_status=included_in_functional_presence); exact contig-accession match to NCBI Datasets sequence_report.jsonl; assignedMoleculeLocationType=Chromosome	3109149	assembled-molecule	local_archive/large_outputs/Efaecalis_58_AMRFinder/01_ncbi_download/efaecalis_genomes/ncbi_dataset/data/GCA_050506755.1/sequence_report.jsonl	GCA_050506755.1:4
GCA_050506755.1	Bacteraemia	6	PRJNA1185791	vanX-B	GLYCOPEPTIDE	Vancomycin/glycopeptide	CP175273.1	CP175273.1	chromosome	Chromosome	Accepted AMRFinderPlus hit (Functional_matrix_status=included_in_functional_presence); exact contig-accession match to NCBI Datasets sequence_report.jsonl; assignedMoleculeLocationType=Chromosome	3109149	assembled-molecule	local_archive/large_outputs/Efaecalis_58_AMRFinder/01_ncbi_download/efaecalis_genomes/ncbi_dataset/data/GCA_050506755.1/sequence_report.jsonl	GCA_050506755.1:7
GCA_050506755.1	Bacteraemia	6	PRJNA1185791	vanY-B	GLYCOPEPTIDE	Vancomycin/glycopeptide	CP175273.1	CP175273.1	chromosome	Chromosome	Accepted AMRFinderPlus hit (Functional_matrix_status=included_in_functional_presence); exact contig-accession match to NCBI Datasets sequence_report.jsonl; assignedMoleculeLocationType=Chromosome	3109149	assembled-molecule	local_archive/large_outputs/Efaecalis_58_AMRFinder/01_ncbi_download/efaecalis_genomes/ncbi_dataset/data/GCA_050506755.1/sequence_report.jsonl	GCA_050506755.1:3
GCA_050506755.1	Bacteraemia	6	PRJNA1185791	erm(B)	LINCOSAMIDE/MACROLIDE/STREPTOGRAMIN	Macrolide/lincosamide	CP175274.1	CP175274.1	unnamed3	Plasmid	Accepted AMRFinderPlus hit (Functional_matrix_status=included_in_functional_presence); exact contig-accession match to NCBI Datasets sequence_report.jsonl; assignedMoleculeLocationType=Plasmid	82234	assembled-molecule	local_archive/large_outputs/Efaecalis_58_AMRFinder/01_ncbi_download/efaecalis_genomes/ncbi_dataset/data/GCA_050506755.1/sequence_report.jsonl	GCA_050506755.1:16
GCA_050506765.1	Bacteraemia	40	PRJNA1185791	erm(B)	LINCOSAMIDE/MACROLIDE/STREPTOGRAMIN	Macrolide/lincosamide	CP175270.1	CP175270.1	unnamed2	Plasmid	Accepted AMRFinderPlus hit (Functional_matrix_status=included_in_functional_presence); exact contig-accession match to NCBI Datasets sequence_report.jsonl; assignedMoleculeLocationType=Plasmid	73879	assembled-molecule	local_archive/large_outputs/Efaecalis_58_AMRFinder/01_ncbi_download/efaecalis_genomes/ncbi_dataset/data/GCA_050506765.1/sequence_report.jsonl	GCA_050506765.1:1
GCA_050506765.1	Bacteraemia	40	PRJNA1185791	lsa(A)	LINCOSAMIDE/STREPTOGRAMIN	Macrolide/lincosamide	CP175271.1	CP175271.1	chromosome	Chromosome	Accepted AMRFinderPlus hit (Functional_matrix_status=included_in_functional_presence); exact contig-accession match to NCBI Datasets sequence_report.jsonl; assignedMoleculeLocationType=Chromosome	2894747	assembled-molecule	local_archive/large_outputs/Efaecalis_58_AMRFinder/01_ncbi_download/efaecalis_genomes/ncbi_dataset/data/GCA_050506765.1/sequence_report.jsonl	GCA_050506765.1:2
GCA_050506765.1	Bacteraemia	40	PRJNA1185791	tet(M)	TETRACYCLINE	Tetracycline	CP175271.1	CP175271.1	chromosome	Chromosome	Accepted AMRFinderPlus hit (Functional_matrix_status=included_in_functional_presence); exact contig-accession match to NCBI Datasets sequence_report.jsonl; assignedMoleculeLocationType=Chromosome	2894747	assembled-molecule	local_archive/large_outputs/Efaecalis_58_AMRFinder/01_ncbi_download/efaecalis_genomes/ncbi_dataset/data/GCA_050506765.1/sequence_report.jsonl	GCA_050506765.1:3
GCA_050506775.1	Bacteraemia	Unassigned	PRJNA1185791	lsa(A)	LINCOSAMIDE/STREPTOGRAMIN	Macrolide/lincosamide	CP175268.1	CP175268.1	chromosome	Chromosome	Accepted AMRFinderPlus hit (Functional_matrix_status=included_in_functional_presence); exact contig-accession match to NCBI Datasets sequence_report.jsonl; assignedMoleculeLocationType=Chromosome	2888006	assembled-molecule	local_archive/large_outputs/Efaecalis_58_AMRFinder/01_ncbi_download/efaecalis_genomes/ncbi_dataset/data/GCA_050506775.1/sequence_report.jsonl	GCA_050506775.1:1
GCA_050506815.1	Bacteraemia	179	PRJNA1185791	aac(6')-Ie/aph(2'')-Ia	AMINOGLYCOSIDE	Aminoglycoside	CP175260.1	CP175260.1	chromosome	Chromosome	Accepted AMRFinderPlus hit (Functional_matrix_status=included_in_functional_presence); exact contig-accession match to NCBI Datasets sequence_report.jsonl; assignedMoleculeLocationType=Chromosome	2948300	assembled-molecule	local_archive/large_outputs/Efaecalis_58_AMRFinder/01_ncbi_download/efaecalis_genomes/ncbi_dataset/data/GCA_050506815.1/sequence_report.jsonl	GCA_050506815.1:7
GCA_050506815.1	Bacteraemia	179	PRJNA1185791	aph(3')-IIIa	AMINOGLYCOSIDE	Aminoglycoside	CP175260.1	CP175260.1	chromosome	Chromosome	Accepted AMRFinderPlus hit (Functional_matrix_status=included_in_functional_presence); exact contig-accession match to NCBI Datasets sequence_report.jsonl; assignedMoleculeLocationType=Chromosome	2948300	assembled-molecule	local_archive/large_outputs/Efaecalis_58_AMRFinder/01_ncbi_download/efaecalis_genomes/ncbi_dataset/data/GCA_050506815.1/sequence_report.jsonl	GCA_050506815.1:4
GCA_050506815.1	Bacteraemia	179	PRJNA1185791	erm(B)	LINCOSAMIDE/MACROLIDE/STREPTOGRAMIN	Macrolide/lincosamide	CP175260.1	CP175260.1	chromosome	Chromosome	Accepted AMRFinderPlus hit (Functional_matrix_status=included_in_functional_presence); exact contig-accession match to NCBI Datasets sequence_report.jsonl; assignedMoleculeLocationType=Chromosome	2948300	assembled-molecule	local_archive/large_outputs/Efaecalis_58_AMRFinder/01_ncbi_download/efaecalis_genomes/ncbi_dataset/data/GCA_050506815.1/sequence_report.jsonl	GCA_050506815.1:2
GCA_050506815.1	Bacteraemia	179	PRJNA1185791	lsa(A)	LINCOSAMIDE/STREPTOGRAMIN	Macrolide/lincosamide	CP175260.1	CP175260.1	chromosome	Chromosome	Accepted AMRFinderPlus hit (Functional_matrix_status=included_in_functional_presence); exact contig-accession match to NCBI Datasets sequence_report.jsonl; assignedMoleculeLocationType=Chromosome	2948300	assembled-molecule	local_archive/large_outputs/Efaecalis_58_AMRFinder/01_ncbi_download/efaecalis_genomes/ncbi_dataset/data/GCA_050506815.1/sequence_report.jsonl	GCA_050506815.1:8
GCA_050506815.1	Bacteraemia	179	PRJNA1185791	sat4	STREPTOTHRICIN	Other	CP175260.1	CP175260.1	chromosome	Chromosome	Accepted AMRFinderPlus hit (Functional_matrix_status=included_in_functional_presence); exact contig-accession match to NCBI Datasets sequence_report.jsonl; assignedMoleculeLocationType=Chromosome	2948300	assembled-molecule	local_archive/large_outputs/Efaecalis_58_AMRFinder/01_ncbi_download/efaecalis_genomes/ncbi_dataset/data/GCA_050506815.1/sequence_report.jsonl	GCA_050506815.1:5
GCA_050506815.1	Bacteraemia	179	PRJNA1185791	tet(M)	TETRACYCLINE	Tetracycline	CP175260.1	CP175260.1	chromosome	Chromosome	Accepted AMRFinderPlus hit (Functional_matrix_status=included_in_functional_presence); exact contig-accession match to NCBI Datasets sequence_report.jsonl; assignedMoleculeLocationType=Chromosome	2948300	assembled-molecule	local_archive/large_outputs/Efaecalis_58_AMRFinder/01_ncbi_download/efaecalis_genomes/ncbi_dataset/data/GCA_050506815.1/sequence_report.jsonl	GCA_050506815.1:1
GCA_050506825.1	Bacteraemia	40	PRJNA1185791	lsa(A)	LINCOSAMIDE/STREPTOGRAMIN	Macrolide/lincosamide	CP175258.1	CP175258.1	chromosome	Chromosome	Accepted AMRFinderPlus hit (Functional_matrix_status=included_in_functional_presence); exact contig-accession match to NCBI Datasets sequence_report.jsonl; assignedMoleculeLocationType=Chromosome	3017096	assembled-molecule	local_archive/large_outputs/Efaecalis_58_AMRFinder/01_ncbi_download/efaecalis_genomes/ncbi_dataset/data/GCA_050506825.1/sequence_report.jsonl	GCA_050506825.1:1
GCA_050506825.1	Bacteraemia	40	PRJNA1185791	tet(M)	TETRACYCLINE	Tetracycline	CP175258.1	CP175258.1	chromosome	Chromosome	Accepted AMRFinderPlus hit (Functional_matrix_status=included_in_functional_presence); exact contig-accession match to NCBI Datasets sequence_report.jsonl; assignedMoleculeLocationType=Chromosome	3017096	assembled-molecule	local_archive/large_outputs/Efaecalis_58_AMRFinder/01_ncbi_download/efaecalis_genomes/ncbi_dataset/data/GCA_050506825.1/sequence_report.jsonl	GCA_050506825.1:2
GCA_050506865.1	Bacteraemia	16	PRJNA1185791	aac(6')-Ie/aph(2'')-Ia	AMINOGLYCOSIDE	Aminoglycoside	CP175257.1	CP175257.1	chromosome	Chromosome	Accepted AMRFinderPlus hit (Functional_matrix_status=included_in_functional_presence); exact contig-accession match to NCBI Datasets sequence_report.jsonl; assignedMoleculeLocationType=Chromosome	2847511	assembled-molecule	local_archive/large_outputs/Efaecalis_58_AMRFinder/01_ncbi_download/efaecalis_genomes/ncbi_dataset/data/GCA_050506865.1/sequence_report.jsonl	GCA_050506865.1:7
GCA_050506865.1	Bacteraemia	16	PRJNA1185791	aph(3')-IIIa	AMINOGLYCOSIDE	Aminoglycoside	CP175257.1	CP175257.1	chromosome	Chromosome	Accepted AMRFinderPlus hit (Functional_matrix_status=included_in_functional_presence); exact contig-accession match to NCBI Datasets sequence_report.jsonl; assignedMoleculeLocationType=Chromosome	2847511	assembled-molecule	local_archive/large_outputs/Efaecalis_58_AMRFinder/01_ncbi_download/efaecalis_genomes/ncbi_dataset/data/GCA_050506865.1/sequence_report.jsonl	GCA_050506865.1:4
GCA_050506865.1	Bacteraemia	16	PRJNA1185791	erm(B)	LINCOSAMIDE/MACROLIDE/STREPTOGRAMIN	Macrolide/lincosamide	CP175257.1	CP175257.1	chromosome	Chromosome	Accepted AMRFinderPlus hit (Functional_matrix_status=included_in_functional_presence); exact contig-accession match to NCBI Datasets sequence_report.jsonl; assignedMoleculeLocationType=Chromosome	2847511	assembled-molecule	local_archive/large_outputs/Efaecalis_58_AMRFinder/01_ncbi_download/efaecalis_genomes/ncbi_dataset/data/GCA_050506865.1/sequence_report.jsonl	GCA_050506865.1:2
GCA_050506865.1	Bacteraemia	16	PRJNA1185791	erm(B)	LINCOSAMIDE/MACROLIDE/STREPTOGRAMIN	Macrolide/lincosamide	CP175257.1	CP175257.1	chromosome	Chromosome	Accepted AMRFinderPlus hit (Functional_matrix_status=included_in_functional_presence); exact contig-accession match to NCBI Datasets sequence_report.jsonl; assignedMoleculeLocationType=Chromosome	2847511	assembled-molecule	local_archive/large_outputs/Efaecalis_58_AMRFinder/01_ncbi_download/efaecalis_genomes/ncbi_dataset/data/GCA_050506865.1/sequence_report.jsonl	GCA_050506865.1:8
GCA_050506865.1	Bacteraemia	16	PRJNA1185791	lsa(A)	LINCOSAMIDE/STREPTOGRAMIN	Macrolide/lincosamide	CP175257.1	CP175257.1	chromosome	Chromosome	Accepted AMRFinderPlus hit (Functional_matrix_status=included_in_functional_presence); exact contig-accession match to NCBI Datasets sequence_report.jsonl; assignedMoleculeLocationType=Chromosome	2847511	assembled-molecule	local_archive/large_outputs/Efaecalis_58_AMRFinder/01_ncbi_download/efaecalis_genomes/ncbi_dataset/data/GCA_050506865.1/sequence_report.jsonl	GCA_050506865.1:9
GCA_050506865.1	Bacteraemia	16	PRJNA1185791	sat4	STREPTOTHRICIN	Other	CP175257.1	CP175257.1	chromosome	Chromosome	Accepted AMRFinderPlus hit (Functional_matrix_status=included_in_functional_presence); exact contig-accession match to NCBI Datasets sequence_report.jsonl; assignedMoleculeLocationType=Chromosome	2847511	assembled-molecule	local_archive/large_outputs/Efaecalis_58_AMRFinder/01_ncbi_download/efaecalis_genomes/ncbi_dataset/data/GCA_050506865.1/sequence_report.jsonl	GCA_050506865.1:5
GCA_050506865.1	Bacteraemia	16	PRJNA1185791	tet(M)	TETRACYCLINE	Tetracycline	CP175257.1	CP175257.1	chromosome	Chromosome	Accepted AMRFinderPlus hit (Functional_matrix_status=included_in_functional_presence); exact contig-accession match to NCBI Datasets sequence_report.jsonl; assignedMoleculeLocationType=Chromosome	2847511	assembled-molecule	local_archive/large_outputs/Efaecalis_58_AMRFinder/01_ncbi_download/efaecalis_genomes/ncbi_dataset/data/GCA_050506865.1/sequence_report.jsonl	GCA_050506865.1:1
GCA_050506875.1	Bacteraemia	1271	PRJNA1185791	dfrG	TRIMETHOPRIM	Other	CP175255.1	CP175255.1	chromosome	Chromosome	Accepted AMRFinderPlus hit (Functional_matrix_status=included_in_functional_presence); exact contig-accession match to NCBI Datasets sequence_report.jsonl; assignedMoleculeLocationType=Chromosome	2948600	assembled-molecule	local_archive/large_outputs/Efaecalis_58_AMRFinder/01_ncbi_download/efaecalis_genomes/ncbi_dataset/data/GCA_050506875.1/sequence_report.jsonl	GCA_050506875.1:1
GCA_050506875.1	Bacteraemia	1271	PRJNA1185791	lsa(A)	LINCOSAMIDE/STREPTOGRAMIN	Macrolide/lincosamide	CP175255.1	CP175255.1	chromosome	Chromosome	Accepted AMRFinderPlus hit (Functional_matrix_status=included_in_functional_presence); exact contig-accession match to NCBI Datasets sequence_report.jsonl; assignedMoleculeLocationType=Chromosome	2948600	assembled-molecule	local_archive/large_outputs/Efaecalis_58_AMRFinder/01_ncbi_download/efaecalis_genomes/ncbi_dataset/data/GCA_050506875.1/sequence_report.jsonl	GCA_050506875.1:2
GCA_050506875.1	Bacteraemia	1271	PRJNA1185791	erm(B)	LINCOSAMIDE/MACROLIDE/STREPTOGRAMIN	Macrolide/lincosamide	CP175256.1	CP175256.1	unnamed1	Plasmid	Accepted AMRFinderPlus hit (Functional_matrix_status=included_in_functional_presence); exact contig-accession match to NCBI Datasets sequence_report.jsonl; assignedMoleculeLocationType=Plasmid	49320	assembled-molecule	local_archive/large_outputs/Efaecalis_58_AMRFinder/01_ncbi_download/efaecalis_genomes/ncbi_dataset/data/GCA_050506875.1/sequence_report.jsonl	GCA_050506875.1:3
GCA_050506885.1	Bacteraemia	1112	PRJNA1185791	erm(B)	LINCOSAMIDE/MACROLIDE/STREPTOGRAMIN	Macrolide/lincosamide	CP175251.1	CP175251.1	unnamed1	Plasmid	Accepted AMRFinderPlus hit (Functional_matrix_status=included_in_functional_presence); exact contig-accession match to NCBI Datasets sequence_report.jsonl; assignedMoleculeLocationType=Plasmid	86004	assembled-molecule	local_archive/large_outputs/Efaecalis_58_AMRFinder/01_ncbi_download/efaecalis_genomes/ncbi_dataset/data/GCA_050506885.1/sequence_report.jsonl	GCA_050506885.1:8
GCA_050506885.1	Bacteraemia	1112	PRJNA1185791	vanA	GLYCOPEPTIDE	Vancomycin/glycopeptide	CP175251.1	CP175251.1	unnamed1	Plasmid	Accepted AMRFinderPlus hit (Functional_matrix_status=included_in_functional_presence); exact contig-accession match to NCBI Datasets sequence_report.jsonl; assignedMoleculeLocationType=Plasmid	86004	assembled-molecule	local_archive/large_outputs/Efaecalis_58_AMRFinder/01_ncbi_download/efaecalis_genomes/ncbi_dataset/data/GCA_050506885.1/sequence_report.jsonl	GCA_050506885.1:4
GCA_050506885.1	Bacteraemia	1112	PRJNA1185791	vanH-A	GLYCOPEPTIDE	Vancomycin/glycopeptide	CP175251.1	CP175251.1	unnamed1	Plasmid	Accepted AMRFinderPlus hit (Functional_matrix_status=included_in_functional_presence); exact contig-accession match to NCBI Datasets sequence_report.jsonl; assignedMoleculeLocationType=Plasmid	86004	assembled-molecule	local_archive/large_outputs/Efaecalis_58_AMRFinder/01_ncbi_download/efaecalis_genomes/ncbi_dataset/data/GCA_050506885.1/sequence_report.jsonl	GCA_050506885.1:3
GCA_050506885.1	Bacteraemia	1112	PRJNA1185791	vanR-A	GLYCOPEPTIDE	Vancomycin/glycopeptide	CP175251.1	CP175251.1	unnamed1	Plasmid	Accepted AMRFinderPlus hit (Functional_matrix_status=included_in_functional_presence); exact contig-accession match to NCBI Datasets sequence_report.jsonl; assignedMoleculeLocationType=Plasmid	86004	assembled-molecule	local_archive/large_outputs/Efaecalis_58_AMRFinder/01_ncbi_download/efaecalis_genomes/ncbi_dataset/data/GCA_050506885.1/sequence_report.jsonl	GCA_050506885.1:1
GCA_050506885.1	Bacteraemia	1112	PRJNA1185791	vanS-A	GLYCOPEPTIDE	Vancomycin/glycopeptide	CP175251.1	CP175251.1	unnamed1	Plasmid	Accepted AMRFinderPlus hit (Functional_matrix_status=included_in_functional_presence); exact contig-accession match to NCBI Datasets sequence_report.jsonl; assignedMoleculeLocationType=Plasmid	86004	assembled-molecule	local_archive/large_outputs/Efaecalis_58_AMRFinder/01_ncbi_download/efaecalis_genomes/ncbi_dataset/data/GCA_050506885.1/sequence_report.jsonl	GCA_050506885.1:2
GCA_050506885.1	Bacteraemia	1112	PRJNA1185791	vanX-A	GLYCOPEPTIDE	Vancomycin/glycopeptide	CP175251.1	CP175251.1	unnamed1	Plasmid	Accepted AMRFinderPlus hit (Functional_matrix_status=included_in_functional_presence); exact contig-accession match to NCBI Datasets sequence_report.jsonl; assignedMoleculeLocationType=Plasmid	86004	assembled-molecule	local_archive/large_outputs/Efaecalis_58_AMRFinder/01_ncbi_download/efaecalis_genomes/ncbi_dataset/data/GCA_050506885.1/sequence_report.jsonl	GCA_050506885.1:5
GCA_050506885.1	Bacteraemia	1112	PRJNA1185791	vanY-A	GLYCOPEPTIDE	Vancomycin/glycopeptide	CP175251.1	CP175251.1	unnamed1	Plasmid	Accepted AMRFinderPlus hit (Functional_matrix_status=included_in_functional_presence); exact contig-accession match to NCBI Datasets sequence_report.jsonl; assignedMoleculeLocationType=Plasmid	86004	assembled-molecule	local_archive/large_outputs/Efaecalis_58_AMRFinder/01_ncbi_download/efaecalis_genomes/ncbi_dataset/data/GCA_050506885.1/sequence_report.jsonl	GCA_050506885.1:6
GCA_050506885.1	Bacteraemia	1112	PRJNA1185791	vanZ-A	GLYCOPEPTIDE	Vancomycin/glycopeptide	CP175251.1	CP175251.1	unnamed1	Plasmid	Accepted AMRFinderPlus hit (Functional_matrix_status=included_in_functional_presence); exact contig-accession match to NCBI Datasets sequence_report.jsonl; assignedMoleculeLocationType=Plasmid	86004	assembled-molecule	local_archive/large_outputs/Efaecalis_58_AMRFinder/01_ncbi_download/efaecalis_genomes/ncbi_dataset/data/GCA_050506885.1/sequence_report.jsonl	GCA_050506885.1:7
GCA_050506885.1	Bacteraemia	1112	PRJNA1185791	aac(6')-Ie/aph(2'')-Ia	AMINOGLYCOSIDE	Aminoglycoside	CP175253.1	CP175253.1	unnamed3	Plasmid	Accepted AMRFinderPlus hit (Functional_matrix_status=included_in_functional_presence); exact contig-accession match to NCBI Datasets sequence_report.jsonl; assignedMoleculeLocationType=Plasmid	55988	assembled-molecule	local_archive/large_outputs/Efaecalis_58_AMRFinder/01_ncbi_download/efaecalis_genomes/ncbi_dataset/data/GCA_050506885.1/sequence_report.jsonl	GCA_050506885.1:10
GCA_050506885.1	Bacteraemia	1112	PRJNA1185791	gyrA_S83I	QUINOLONE	Other	CP175254.1	CP175254.1	chromosome	Chromosome	Accepted AMRFinderPlus hit (Functional_matrix_status=included_in_functional_presence); exact contig-accession match to NCBI Datasets sequence_report.jsonl; assignedMoleculeLocationType=Chromosome	3020926	assembled-molecule	local_archive/large_outputs/Efaecalis_58_AMRFinder/01_ncbi_download/efaecalis_genomes/ncbi_dataset/data/GCA_050506885.1/sequence_report.jsonl	GCA_050506885.1:11
GCA_050506885.1	Bacteraemia	1112	PRJNA1185791	lsa(A)	LINCOSAMIDE/STREPTOGRAMIN	Macrolide/lincosamide	CP175254.1	CP175254.1	chromosome	Chromosome	Accepted AMRFinderPlus hit (Functional_matrix_status=included_in_functional_presence); exact contig-accession match to NCBI Datasets sequence_report.jsonl; assignedMoleculeLocationType=Chromosome	3020926	assembled-molecule	local_archive/large_outputs/Efaecalis_58_AMRFinder/01_ncbi_download/efaecalis_genomes/ncbi_dataset/data/GCA_050506885.1/sequence_report.jsonl	GCA_050506885.1:13
GCA_050506885.1	Bacteraemia	1112	PRJNA1185791	parC_S80I	QUINOLONE	Other	CP175254.1	CP175254.1	chromosome	Chromosome	Accepted AMRFinderPlus hit (Functional_matrix_status=included_in_functional_presence); exact contig-accession match to NCBI Datasets sequence_report.jsonl; assignedMoleculeLocationType=Chromosome	3020926	assembled-molecule	local_archive/large_outputs/Efaecalis_58_AMRFinder/01_ncbi_download/efaecalis_genomes/ncbi_dataset/data/GCA_050506885.1/sequence_report.jsonl	GCA_050506885.1:12
GCA_050506905.1	Bacteraemia	778	PRJNA1185791	gyrA_S83I	QUINOLONE	Other	CP175239.1	CP175239.1	chromosome	Chromosome	Accepted AMRFinderPlus hit (Functional_matrix_status=included_in_functional_presence); exact contig-accession match to NCBI Datasets sequence_report.jsonl; assignedMoleculeLocationType=Chromosome	3124614	assembled-molecule	local_archive/large_outputs/Efaecalis_58_AMRFinder/01_ncbi_download/efaecalis_genomes/ncbi_dataset/data/GCA_050506905.1/sequence_report.jsonl	GCA_050506905.1:1
GCA_050506905.1	Bacteraemia	778	PRJNA1185791	lsa(A)	LINCOSAMIDE/STREPTOGRAMIN	Macrolide/lincosamide	CP175239.1	CP175239.1	chromosome	Chromosome	Accepted AMRFinderPlus hit (Functional_matrix_status=included_in_functional_presence); exact contig-accession match to NCBI Datasets sequence_report.jsonl; assignedMoleculeLocationType=Chromosome	3124614	assembled-molecule	local_archive/large_outputs/Efaecalis_58_AMRFinder/01_ncbi_download/efaecalis_genomes/ncbi_dataset/data/GCA_050506905.1/sequence_report.jsonl	GCA_050506905.1:3
GCA_050506905.1	Bacteraemia	778	PRJNA1185791	parC_S80I	QUINOLONE	Other	CP175239.1	CP175239.1	chromosome	Chromosome	Accepted AMRFinderPlus hit (Functional_matrix_status=included_in_functional_presence); exact contig-accession match to NCBI Datasets sequence_report.jsonl; assignedMoleculeLocationType=Chromosome	3124614	assembled-molecule	local_archive/large_outputs/Efaecalis_58_AMRFinder/01_ncbi_download/efaecalis_genomes/ncbi_dataset/data/GCA_050506905.1/sequence_report.jsonl	GCA_050506905.1:2
GCA_050506905.1	Bacteraemia	778	PRJNA1185791	tet(M)	TETRACYCLINE	Tetracycline	CP175239.1	CP175239.1	chromosome	Chromosome	Accepted AMRFinderPlus hit (Functional_matrix_status=included_in_functional_presence); exact contig-accession match to NCBI Datasets sequence_report.jsonl; assignedMoleculeLocationType=Chromosome	3124614	assembled-molecule	local_archive/large_outputs/Efaecalis_58_AMRFinder/01_ncbi_download/efaecalis_genomes/ncbi_dataset/data/GCA_050506905.1/sequence_report.jsonl	GCA_050506905.1:4
GCA_050506905.1	Bacteraemia	778	PRJNA1185791	vanA	GLYCOPEPTIDE	Vancomycin/glycopeptide	CP175240.1	CP175240.1	unnamed2	Plasmid	Accepted AMRFinderPlus hit (Functional_matrix_status=included_in_functional_presence); exact contig-accession match to NCBI Datasets sequence_report.jsonl; assignedMoleculeLocationType=Plasmid	73589	assembled-molecule	local_archive/large_outputs/Efaecalis_58_AMRFinder/01_ncbi_download/efaecalis_genomes/ncbi_dataset/data/GCA_050506905.1/sequence_report.jsonl	GCA_050506905.1:8
GCA_050506905.1	Bacteraemia	778	PRJNA1185791	vanH-A	GLYCOPEPTIDE	Vancomycin/glycopeptide	CP175240.1	CP175240.1	unnamed2	Plasmid	Accepted AMRFinderPlus hit (Functional_matrix_status=included_in_functional_presence); exact contig-accession match to NCBI Datasets sequence_report.jsonl; assignedMoleculeLocationType=Plasmid	73589	assembled-molecule	local_archive/large_outputs/Efaecalis_58_AMRFinder/01_ncbi_download/efaecalis_genomes/ncbi_dataset/data/GCA_050506905.1/sequence_report.jsonl	GCA_050506905.1:7
GCA_050506905.1	Bacteraemia	778	PRJNA1185791	vanS-A	GLYCOPEPTIDE	Vancomycin/glycopeptide	CP175240.1	CP175240.1	unnamed2	Plasmid	Accepted AMRFinderPlus hit (Functional_matrix_status=included_in_functional_presence); exact contig-accession match to NCBI Datasets sequence_report.jsonl; assignedMoleculeLocationType=Plasmid	73589	assembled-molecule	local_archive/large_outputs/Efaecalis_58_AMRFinder/01_ncbi_download/efaecalis_genomes/ncbi_dataset/data/GCA_050506905.1/sequence_report.jsonl	GCA_050506905.1:6
GCA_050506905.1	Bacteraemia	778	PRJNA1185791	vanX-A	GLYCOPEPTIDE	Vancomycin/glycopeptide	CP175240.1	CP175240.1	unnamed2	Plasmid	Accepted AMRFinderPlus hit (Functional_matrix_status=included_in_functional_presence); exact contig-accession match to NCBI Datasets sequence_report.jsonl; assignedMoleculeLocationType=Plasmid	73589	assembled-molecule	local_archive/large_outputs/Efaecalis_58_AMRFinder/01_ncbi_download/efaecalis_genomes/ncbi_dataset/data/GCA_050506905.1/sequence_report.jsonl	GCA_050506905.1:9
GCA_050506905.1	Bacteraemia	778	PRJNA1185791	vanY-A	GLYCOPEPTIDE	Vancomycin/glycopeptide	CP175240.1	CP175240.1	unnamed2	Plasmid	Accepted AMRFinderPlus hit (Functional_matrix_status=included_in_functional_presence); exact contig-accession match to NCBI Datasets sequence_report.jsonl; assignedMoleculeLocationType=Plasmid	73589	assembled-molecule	local_archive/large_outputs/Efaecalis_58_AMRFinder/01_ncbi_download/efaecalis_genomes/ncbi_dataset/data/GCA_050506905.1/sequence_report.jsonl	GCA_050506905.1:10
GCA_050506905.1	Bacteraemia	778	PRJNA1185791	vanZ-A	GLYCOPEPTIDE	Vancomycin/glycopeptide	CP175240.1	CP175240.1	unnamed2	Plasmid	Accepted AMRFinderPlus hit (Functional_matrix_status=included_in_functional_presence); exact contig-accession match to NCBI Datasets sequence_report.jsonl; assignedMoleculeLocationType=Plasmid	73589	assembled-molecule	local_archive/large_outputs/Efaecalis_58_AMRFinder/01_ncbi_download/efaecalis_genomes/ncbi_dataset/data/GCA_050506905.1/sequence_report.jsonl	GCA_050506905.1:11
GCA_050506905.1	Bacteraemia	778	PRJNA1185791	aac(6')-Ie/aph(2'')-Ia	AMINOGLYCOSIDE	Aminoglycoside	CP175241.1	CP175241.1	unnamed3	Plasmid	Accepted AMRFinderPlus hit (Functional_matrix_status=included_in_functional_presence); exact contig-accession match to NCBI Datasets sequence_report.jsonl; assignedMoleculeLocationType=Plasmid	68931	assembled-molecule	local_archive/large_outputs/Efaecalis_58_AMRFinder/01_ncbi_download/efaecalis_genomes/ncbi_dataset/data/GCA_050506905.1/sequence_report.jsonl	GCA_050506905.1:12
GCA_050506905.1	Bacteraemia	778	PRJNA1185791	erm(B)	LINCOSAMIDE/MACROLIDE/STREPTOGRAMIN	Macrolide/lincosamide	CP175241.1	CP175241.1	unnamed3	Plasmid	Accepted AMRFinderPlus hit (Functional_matrix_status=included_in_functional_presence); exact contig-accession match to NCBI Datasets sequence_report.jsonl; assignedMoleculeLocationType=Plasmid	68931	assembled-molecule	local_archive/large_outputs/Efaecalis_58_AMRFinder/01_ncbi_download/efaecalis_genomes/ncbi_dataset/data/GCA_050506905.1/sequence_report.jsonl	GCA_050506905.1:13
GCA_050506915.1	Bacteraemia	19	PRJNA1185791	lsa(A)	LINCOSAMIDE/STREPTOGRAMIN	Macrolide/lincosamide	CP175237.1	CP175237.1	chromosome	Chromosome	Accepted AMRFinderPlus hit (Functional_matrix_status=included_in_functional_presence); exact contig-accession match to NCBI Datasets sequence_report.jsonl; assignedMoleculeLocationType=Chromosome	2873641	assembled-molecule	local_archive/large_outputs/Efaecalis_58_AMRFinder/01_ncbi_download/efaecalis_genomes/ncbi_dataset/data/GCA_050506915.1/sequence_report.jsonl	GCA_050506915.1:2
GCA_050506925.1	Bacteraemia	19	PRJNA1185791	lsa(A)	LINCOSAMIDE/STREPTOGRAMIN	Macrolide/lincosamide	CP175233.1	CP175233.1	chromosome	Chromosome	Accepted AMRFinderPlus hit (Functional_matrix_status=included_in_functional_presence); exact contig-accession match to NCBI Datasets sequence_report.jsonl; assignedMoleculeLocationType=Chromosome	2873855	assembled-molecule	local_archive/large_outputs/Efaecalis_58_AMRFinder/01_ncbi_download/efaecalis_genomes/ncbi_dataset/data/GCA_050506925.1/sequence_report.jsonl	GCA_050506925.1:1
GCA_050506935.1	Bacteraemia	19	PRJNA1185791	lsa(A)	LINCOSAMIDE/STREPTOGRAMIN	Macrolide/lincosamide	CP175230.1	CP175230.1	chromosome	Chromosome	Accepted AMRFinderPlus hit (Functional_matrix_status=included_in_functional_presence); exact contig-accession match to NCBI Datasets sequence_report.jsonl; assignedMoleculeLocationType=Chromosome	2873857	assembled-molecule	local_archive/large_outputs/Efaecalis_58_AMRFinder/01_ncbi_download/efaecalis_genomes/ncbi_dataset/data/GCA_050506935.1/sequence_report.jsonl	GCA_050506935.1:1
GCA_050506985.1	Bacteraemia	19	PRJNA1185791	lsa(A)	LINCOSAMIDE/STREPTOGRAMIN	Macrolide/lincosamide	CP175228.1	CP175228.1	chromosome	Chromosome	Accepted AMRFinderPlus hit (Functional_matrix_status=included_in_functional_presence); exact contig-accession match to NCBI Datasets sequence_report.jsonl; assignedMoleculeLocationType=Chromosome	2873855	assembled-molecule	local_archive/large_outputs/Efaecalis_58_AMRFinder/01_ncbi_download/efaecalis_genomes/ncbi_dataset/data/GCA_050506985.1/sequence_report.jsonl	GCA_050506985.1:1
GCA_050506995.1	Bacteraemia	179	PRJNA1185791	lsa(A)	LINCOSAMIDE/STREPTOGRAMIN	Macrolide/lincosamide	CP175225.1	CP175225.1	chromosome	Chromosome	Accepted AMRFinderPlus hit (Functional_matrix_status=included_in_functional_presence); exact contig-accession match to NCBI Datasets sequence_report.jsonl; assignedMoleculeLocationType=Chromosome	2898686	assembled-molecule	local_archive/large_outputs/Efaecalis_58_AMRFinder/01_ncbi_download/efaecalis_genomes/ncbi_dataset/data/GCA_050506995.1/sequence_report.jsonl	GCA_050506995.1:2
GCA_050506995.1	Bacteraemia	179	PRJNA1185791	tet(M)	TETRACYCLINE	Tetracycline	CP175225.1	CP175225.1	chromosome	Chromosome	Accepted AMRFinderPlus hit (Functional_matrix_status=included_in_functional_presence); exact contig-accession match to NCBI Datasets sequence_report.jsonl; assignedMoleculeLocationType=Chromosome	2898686	assembled-molecule	local_archive/large_outputs/Efaecalis_58_AMRFinder/01_ncbi_download/efaecalis_genomes/ncbi_dataset/data/GCA_050506995.1/sequence_report.jsonl	GCA_050506995.1:1
GCA_050507065.1	Bacteraemia	179	PRJNA1185791	lsa(A)	LINCOSAMIDE/STREPTOGRAMIN	Macrolide/lincosamide	CP175224.1	CP175224.1	chromosome	Chromosome	Accepted AMRFinderPlus hit (Functional_matrix_status=included_in_functional_presence); exact contig-accession match to NCBI Datasets sequence_report.jsonl; assignedMoleculeLocationType=Chromosome	2898685	assembled-molecule	local_archive/large_outputs/Efaecalis_58_AMRFinder/01_ncbi_download/efaecalis_genomes/ncbi_dataset/data/GCA_050507065.1/sequence_report.jsonl	GCA_050507065.1:1
GCA_050507065.1	Bacteraemia	179	PRJNA1185791	tet(M)	TETRACYCLINE	Tetracycline	CP175224.1	CP175224.1	chromosome	Chromosome	Accepted AMRFinderPlus hit (Functional_matrix_status=included_in_functional_presence); exact contig-accession match to NCBI Datasets sequence_report.jsonl; assignedMoleculeLocationType=Chromosome	2898685	assembled-molecule	local_archive/large_outputs/Efaecalis_58_AMRFinder/01_ncbi_download/efaecalis_genomes/ncbi_dataset/data/GCA_050507065.1/sequence_report.jsonl	GCA_050507065.1:2
GCA_050507075.1	Bacteraemia	6	PRJNA1185791	aac(6')-Ie/aph(2'')-Ia	AMINOGLYCOSIDE	Aminoglycoside	CP175221.1	CP175221.1	chromosome	Chromosome	Accepted AMRFinderPlus hit (Functional_matrix_status=included_in_functional_presence); exact contig-accession match to NCBI Datasets sequence_report.jsonl; assignedMoleculeLocationType=Chromosome	3154081	assembled-molecule	local_archive/large_outputs/Efaecalis_58_AMRFinder/01_ncbi_download/efaecalis_genomes/ncbi_dataset/data/GCA_050507075.1/sequence_report.jsonl	GCA_050507075.1:2
GCA_050507075.1	Bacteraemia	6	PRJNA1185791	dfrF	TRIMETHOPRIM	Other	CP175221.1	CP175221.1	chromosome	Chromosome	Accepted AMRFinderPlus hit (Functional_matrix_status=included_in_functional_presence); exact contig-accession match to NCBI Datasets sequence_report.jsonl; assignedMoleculeLocationType=Chromosome	3154081	assembled-molecule	local_archive/large_outputs/Efaecalis_58_AMRFinder/01_ncbi_download/efaecalis_genomes/ncbi_dataset/data/GCA_050507075.1/sequence_report.jsonl	GCA_050507075.1:4
GCA_050507075.1	Bacteraemia	6	PRJNA1185791	dfrF	TRIMETHOPRIM	Other	CP175221.1	CP175221.1	chromosome	Chromosome	Accepted AMRFinderPlus hit (Functional_matrix_status=included_in_functional_presence); exact contig-accession match to NCBI Datasets sequence_report.jsonl; assignedMoleculeLocationType=Chromosome	3154081	assembled-molecule	local_archive/large_outputs/Efaecalis_58_AMRFinder/01_ncbi_download/efaecalis_genomes/ncbi_dataset/data/GCA_050507075.1/sequence_report.jsonl	GCA_050507075.1:5
GCA_050507075.1	Bacteraemia	6	PRJNA1185791	gyrA_S83I	QUINOLONE	Other	CP175221.1	CP175221.1	chromosome	Chromosome	Accepted AMRFinderPlus hit (Functional_matrix_status=included_in_functional_presence); exact contig-accession match to NCBI Datasets sequence_report.jsonl; assignedMoleculeLocationType=Chromosome	3154081	assembled-molecule	local_archive/large_outputs/Efaecalis_58_AMRFinder/01_ncbi_download/efaecalis_genomes/ncbi_dataset/data/GCA_050507075.1/sequence_report.jsonl	GCA_050507075.1:1
GCA_050507075.1	Bacteraemia	6	PRJNA1185791	lsa(A)	LINCOSAMIDE/STREPTOGRAMIN	Macrolide/lincosamide	CP175221.1	CP175221.1	chromosome	Chromosome	Accepted AMRFinderPlus hit (Functional_matrix_status=included_in_functional_presence); exact contig-accession match to NCBI Datasets sequence_report.jsonl; assignedMoleculeLocationType=Chromosome	3154081	assembled-molecule	local_archive/large_outputs/Efaecalis_58_AMRFinder/01_ncbi_download/efaecalis_genomes/ncbi_dataset/data/GCA_050507075.1/sequence_report.jsonl	GCA_050507075.1:6
GCA_050507075.1	Bacteraemia	6	PRJNA1185791	parC_S80I	QUINOLONE	Other	CP175221.1	CP175221.1	chromosome	Chromosome	Accepted AMRFinderPlus hit (Functional_matrix_status=included_in_functional_presence); exact contig-accession match to NCBI Datasets sequence_report.jsonl; assignedMoleculeLocationType=Chromosome	3154081	assembled-molecule	local_archive/large_outputs/Efaecalis_58_AMRFinder/01_ncbi_download/efaecalis_genomes/ncbi_dataset/data/GCA_050507075.1/sequence_report.jsonl	GCA_050507075.1:3
GCA_050507075.1	Bacteraemia	6	PRJNA1185791	tet(M)	TETRACYCLINE	Tetracycline	CP175221.1	CP175221.1	chromosome	Chromosome	Accepted AMRFinderPlus hit (Functional_matrix_status=included_in_functional_presence); exact contig-accession match to NCBI Datasets sequence_report.jsonl; assignedMoleculeLocationType=Chromosome	3154081	assembled-molecule	local_archive/large_outputs/Efaecalis_58_AMRFinder/01_ncbi_download/efaecalis_genomes/ncbi_dataset/data/GCA_050507075.1/sequence_report.jsonl	GCA_050507075.1:7
GCA_050507075.1	Bacteraemia	6	PRJNA1185791	tet(M)	TETRACYCLINE	Tetracycline	CP175221.1	CP175221.1	chromosome	Chromosome	Accepted AMRFinderPlus hit (Functional_matrix_status=included_in_functional_presence); exact contig-accession match to NCBI Datasets sequence_report.jsonl; assignedMoleculeLocationType=Chromosome	3154081	assembled-molecule	local_archive/large_outputs/Efaecalis_58_AMRFinder/01_ncbi_download/efaecalis_genomes/ncbi_dataset/data/GCA_050507075.1/sequence_report.jsonl	GCA_050507075.1:8
GCA_050507075.1	Bacteraemia	6	PRJNA1185791	ant(6)-Ia	AMINOGLYCOSIDE	Aminoglycoside	CP175222.1	CP175222.1	unnamed1	Plasmid	Accepted AMRFinderPlus hit (Functional_matrix_status=included_in_functional_presence); exact contig-accession match to NCBI Datasets sequence_report.jsonl; assignedMoleculeLocationType=Plasmid	65787	assembled-molecule	local_archive/large_outputs/Efaecalis_58_AMRFinder/01_ncbi_download/efaecalis_genomes/ncbi_dataset/data/GCA_050507075.1/sequence_report.jsonl	GCA_050507075.1:10
GCA_050507075.1	Bacteraemia	6	PRJNA1185791	aph(3')-IIIa	AMINOGLYCOSIDE	Aminoglycoside	CP175222.1	CP175222.1	unnamed1	Plasmid	Accepted AMRFinderPlus hit (Functional_matrix_status=included_in_functional_presence); exact contig-accession match to NCBI Datasets sequence_report.jsonl; assignedMoleculeLocationType=Plasmid	65787	assembled-molecule	local_archive/large_outputs/Efaecalis_58_AMRFinder/01_ncbi_download/efaecalis_genomes/ncbi_dataset/data/GCA_050507075.1/sequence_report.jsonl	GCA_050507075.1:12
GCA_050507075.1	Bacteraemia	6	PRJNA1185791	erm(B)	LINCOSAMIDE/MACROLIDE/STREPTOGRAMIN	Macrolide/lincosamide	CP175222.1	CP175222.1	unnamed1	Plasmid	Accepted AMRFinderPlus hit (Functional_matrix_status=included_in_functional_presence); exact contig-accession match to NCBI Datasets sequence_report.jsonl; assignedMoleculeLocationType=Plasmid	65787	assembled-molecule	local_archive/large_outputs/Efaecalis_58_AMRFinder/01_ncbi_download/efaecalis_genomes/ncbi_dataset/data/GCA_050507075.1/sequence_report.jsonl	GCA_050507075.1:9
GCA_050507075.1	Bacteraemia	6	PRJNA1185791	sat4	STREPTOTHRICIN	Other	CP175222.1	CP175222.1	unnamed1	Plasmid	Accepted AMRFinderPlus hit (Functional_matrix_status=included_in_functional_presence); exact contig-accession match to NCBI Datasets sequence_report.jsonl; assignedMoleculeLocationType=Plasmid	65787	assembled-molecule	local_archive/large_outputs/Efaecalis_58_AMRFinder/01_ncbi_download/efaecalis_genomes/ncbi_dataset/data/GCA_050507075.1/sequence_report.jsonl	GCA_050507075.1:11
GCA_050507105.1	Bacteraemia	6	PRJNA1185791	aac(6')-Ie/aph(2'')-Ia	AMINOGLYCOSIDE	Aminoglycoside	CP175219.1	CP175219.1	chromosome	Chromosome	Accepted AMRFinderPlus hit (Functional_matrix_status=included_in_functional_presence); exact contig-accession match to NCBI Datasets sequence_report.jsonl; assignedMoleculeLocationType=Chromosome	3154091	assembled-molecule	local_archive/large_outputs/Efaecalis_58_AMRFinder/01_ncbi_download/efaecalis_genomes/ncbi_dataset/data/GCA_050507105.1/sequence_report.jsonl	GCA_050507105.1:2
GCA_050507105.1	Bacteraemia	6	PRJNA1185791	dfrF	TRIMETHOPRIM	Other	CP175219.1	CP175219.1	chromosome	Chromosome	Accepted AMRFinderPlus hit (Functional_matrix_status=included_in_functional_presence); exact contig-accession match to NCBI Datasets sequence_report.jsonl; assignedMoleculeLocationType=Chromosome	3154091	assembled-molecule	local_archive/large_outputs/Efaecalis_58_AMRFinder/01_ncbi_download/efaecalis_genomes/ncbi_dataset/data/GCA_050507105.1/sequence_report.jsonl	GCA_050507105.1:4
GCA_050507105.1	Bacteraemia	6	PRJNA1185791	dfrF	TRIMETHOPRIM	Other	CP175219.1	CP175219.1	chromosome	Chromosome	Accepted AMRFinderPlus hit (Functional_matrix_status=included_in_functional_presence); exact contig-accession match to NCBI Datasets sequence_report.jsonl; assignedMoleculeLocationType=Chromosome	3154091	assembled-molecule	local_archive/large_outputs/Efaecalis_58_AMRFinder/01_ncbi_download/efaecalis_genomes/ncbi_dataset/data/GCA_050507105.1/sequence_report.jsonl	GCA_050507105.1:5
GCA_050507105.1	Bacteraemia	6	PRJNA1185791	gyrA_S83I	QUINOLONE	Other	CP175219.1	CP175219.1	chromosome	Chromosome	Accepted AMRFinderPlus hit (Functional_matrix_status=included_in_functional_presence); exact contig-accession match to NCBI Datasets sequence_report.jsonl; assignedMoleculeLocationType=Chromosome	3154091	assembled-molecule	local_archive/large_outputs/Efaecalis_58_AMRFinder/01_ncbi_download/efaecalis_genomes/ncbi_dataset/data/GCA_050507105.1/sequence_report.jsonl	GCA_050507105.1:1
GCA_050507105.1	Bacteraemia	6	PRJNA1185791	lsa(A)	LINCOSAMIDE/STREPTOGRAMIN	Macrolide/lincosamide	CP175219.1	CP175219.1	chromosome	Chromosome	Accepted AMRFinderPlus hit (Functional_matrix_status=included_in_functional_presence); exact contig-accession match to NCBI Datasets sequence_report.jsonl; assignedMoleculeLocationType=Chromosome	3154091	assembled-molecule	local_archive/large_outputs/Efaecalis_58_AMRFinder/01_ncbi_download/efaecalis_genomes/ncbi_dataset/data/GCA_050507105.1/sequence_report.jsonl	GCA_050507105.1:6
GCA_050507105.1	Bacteraemia	6	PRJNA1185791	parC_S80I	QUINOLONE	Other	CP175219.1	CP175219.1	chromosome	Chromosome	Accepted AMRFinderPlus hit (Functional_matrix_status=included_in_functional_presence); exact contig-accession match to NCBI Datasets sequence_report.jsonl; assignedMoleculeLocationType=Chromosome	3154091	assembled-molecule	local_archive/large_outputs/Efaecalis_58_AMRFinder/01_ncbi_download/efaecalis_genomes/ncbi_dataset/data/GCA_050507105.1/sequence_report.jsonl	GCA_050507105.1:3
GCA_050507105.1	Bacteraemia	6	PRJNA1185791	tet(M)	TETRACYCLINE	Tetracycline	CP175219.1	CP175219.1	chromosome	Chromosome	Accepted AMRFinderPlus hit (Functional_matrix_status=included_in_functional_presence); exact contig-accession match to NCBI Datasets sequence_report.jsonl; assignedMoleculeLocationType=Chromosome	3154091	assembled-molecule	local_archive/large_outputs/Efaecalis_58_AMRFinder/01_ncbi_download/efaecalis_genomes/ncbi_dataset/data/GCA_050507105.1/sequence_report.jsonl	GCA_050507105.1:7
GCA_050507105.1	Bacteraemia	6	PRJNA1185791	tet(M)	TETRACYCLINE	Tetracycline	CP175219.1	CP175219.1	chromosome	Chromosome	Accepted AMRFinderPlus hit (Functional_matrix_status=included_in_functional_presence); exact contig-accession match to NCBI Datasets sequence_report.jsonl; assignedMoleculeLocationType=Chromosome	3154091	assembled-molecule	local_archive/large_outputs/Efaecalis_58_AMRFinder/01_ncbi_download/efaecalis_genomes/ncbi_dataset/data/GCA_050507105.1/sequence_report.jsonl	GCA_050507105.1:8
GCA_050507105.1	Bacteraemia	6	PRJNA1185791	ant(6)-Ia	AMINOGLYCOSIDE	Aminoglycoside	CP175220.1	CP175220.1	unnamed1	Plasmid	Accepted AMRFinderPlus hit (Functional_matrix_status=included_in_functional_presence); exact contig-accession match to NCBI Datasets sequence_report.jsonl; assignedMoleculeLocationType=Plasmid	65787	assembled-molecule	local_archive/large_outputs/Efaecalis_58_AMRFinder/01_ncbi_download/efaecalis_genomes/ncbi_dataset/data/GCA_050507105.1/sequence_report.jsonl	GCA_050507105.1:11
GCA_050507105.1	Bacteraemia	6	PRJNA1185791	aph(3')-IIIa	AMINOGLYCOSIDE	Aminoglycoside	CP175220.1	CP175220.1	unnamed1	Plasmid	Accepted AMRFinderPlus hit (Functional_matrix_status=included_in_functional_presence); exact contig-accession match to NCBI Datasets sequence_report.jsonl; assignedMoleculeLocationType=Plasmid	65787	assembled-molecule	local_archive/large_outputs/Efaecalis_58_AMRFinder/01_ncbi_download/efaecalis_genomes/ncbi_dataset/data/GCA_050507105.1/sequence_report.jsonl	GCA_050507105.1:9
GCA_050507105.1	Bacteraemia	6	PRJNA1185791	erm(B)	LINCOSAMIDE/MACROLIDE/STREPTOGRAMIN	Macrolide/lincosamide	CP175220.1	CP175220.1	unnamed1	Plasmid	Accepted AMRFinderPlus hit (Functional_matrix_status=included_in_functional_presence); exact contig-accession match to NCBI Datasets sequence_report.jsonl; assignedMoleculeLocationType=Plasmid	65787	assembled-molecule	local_archive/large_outputs/Efaecalis_58_AMRFinder/01_ncbi_download/efaecalis_genomes/ncbi_dataset/data/GCA_050507105.1/sequence_report.jsonl	GCA_050507105.1:12
GCA_050507105.1	Bacteraemia	6	PRJNA1185791	sat4	STREPTOTHRICIN	Other	CP175220.1	CP175220.1	unnamed1	Plasmid	Accepted AMRFinderPlus hit (Functional_matrix_status=included_in_functional_presence); exact contig-accession match to NCBI Datasets sequence_report.jsonl; assignedMoleculeLocationType=Plasmid	65787	assembled-molecule	local_archive/large_outputs/Efaecalis_58_AMRFinder/01_ncbi_download/efaecalis_genomes/ncbi_dataset/data/GCA_050507105.1/sequence_report.jsonl	GCA_050507105.1:10
GCA_050516645.1	Bacteraemia	220	PRJNA1185791	catA	PHENICOL	Other	CP175406.1	CP175406.1	chromosome	Chromosome	Accepted AMRFinderPlus hit (Functional_matrix_status=included_in_functional_presence); exact contig-accession match to NCBI Datasets sequence_report.jsonl; assignedMoleculeLocationType=Chromosome	2969095	assembled-molecule	local_archive/large_outputs/Efaecalis_58_AMRFinder/01_ncbi_download/efaecalis_genomes/ncbi_dataset/data/GCA_050516645.1/sequence_report.jsonl	GCA_050516645.1:2
GCA_050516645.1	Bacteraemia	220	PRJNA1185791	erm(B)	LINCOSAMIDE/MACROLIDE/STREPTOGRAMIN	Macrolide/lincosamide	CP175406.1	CP175406.1	chromosome	Chromosome	Accepted AMRFinderPlus hit (Functional_matrix_status=included_in_functional_presence); exact contig-accession match to NCBI Datasets sequence_report.jsonl; assignedMoleculeLocationType=Chromosome	2969095	assembled-molecule	local_archive/large_outputs/Efaecalis_58_AMRFinder/01_ncbi_download/efaecalis_genomes/ncbi_dataset/data/GCA_050516645.1/sequence_report.jsonl	GCA_050516645.1:1
GCA_050516645.1	Bacteraemia	220	PRJNA1185791	lsa(A)	LINCOSAMIDE/STREPTOGRAMIN	Macrolide/lincosamide	CP175406.1	CP175406.1	chromosome	Chromosome	Accepted AMRFinderPlus hit (Functional_matrix_status=included_in_functional_presence); exact contig-accession match to NCBI Datasets sequence_report.jsonl; assignedMoleculeLocationType=Chromosome	2969095	assembled-molecule	local_archive/large_outputs/Efaecalis_58_AMRFinder/01_ncbi_download/efaecalis_genomes/ncbi_dataset/data/GCA_050516645.1/sequence_report.jsonl	GCA_050516645.1:11
GCA_050516655.1	Bacteraemia	220	PRJNA1185791	catA	PHENICOL	Other	CP175400.1	CP175400.1	chromosome	Chromosome	Accepted AMRFinderPlus hit (Functional_matrix_status=included_in_functional_presence); exact contig-accession match to NCBI Datasets sequence_report.jsonl; assignedMoleculeLocationType=Chromosome	2969079	assembled-molecule	local_archive/large_outputs/Efaecalis_58_AMRFinder/01_ncbi_download/efaecalis_genomes/ncbi_dataset/data/GCA_050516655.1/sequence_report.jsonl	GCA_050516655.1:1
GCA_050516655.1	Bacteraemia	220	PRJNA1185791	erm(B)	LINCOSAMIDE/MACROLIDE/STREPTOGRAMIN	Macrolide/lincosamide	CP175400.1	CP175400.1	chromosome	Chromosome	Accepted AMRFinderPlus hit (Functional_matrix_status=included_in_functional_presence); exact contig-accession match to NCBI Datasets sequence_report.jsonl; assignedMoleculeLocationType=Chromosome	2969079	assembled-molecule	local_archive/large_outputs/Efaecalis_58_AMRFinder/01_ncbi_download/efaecalis_genomes/ncbi_dataset/data/GCA_050516655.1/sequence_report.jsonl	GCA_050516655.1:2
GCA_050516655.1	Bacteraemia	220	PRJNA1185791	lsa(A)	LINCOSAMIDE/STREPTOGRAMIN	Macrolide/lincosamide	CP175400.1	CP175400.1	chromosome	Chromosome	Accepted AMRFinderPlus hit (Functional_matrix_status=included_in_functional_presence); exact contig-accession match to NCBI Datasets sequence_report.jsonl; assignedMoleculeLocationType=Chromosome	2969079	assembled-molecule	local_archive/large_outputs/Efaecalis_58_AMRFinder/01_ncbi_download/efaecalis_genomes/ncbi_dataset/data/GCA_050516655.1/sequence_report.jsonl	GCA_050516655.1:3
GCA_050516665.1	Bacteraemia	179	PRJNA1185791	ant(6)-Ia	AMINOGLYCOSIDE	Aminoglycoside	CP175396.1	CP175396.1	unnamed1	Plasmid	Accepted AMRFinderPlus hit (Functional_matrix_status=included_in_functional_presence); exact contig-accession match to NCBI Datasets sequence_report.jsonl; assignedMoleculeLocationType=Plasmid	129195	assembled-molecule	local_archive/large_outputs/Efaecalis_58_AMRFinder/01_ncbi_download/efaecalis_genomes/ncbi_dataset/data/GCA_050516665.1/sequence_report.jsonl	GCA_050516665.1:1
GCA_050516665.1	Bacteraemia	179	PRJNA1185791	aph(3')-IIIa	AMINOGLYCOSIDE	Aminoglycoside	CP175396.1	CP175396.1	unnamed1	Plasmid	Accepted AMRFinderPlus hit (Functional_matrix_status=included_in_functional_presence); exact contig-accession match to NCBI Datasets sequence_report.jsonl; assignedMoleculeLocationType=Plasmid	129195	assembled-molecule	local_archive/large_outputs/Efaecalis_58_AMRFinder/01_ncbi_download/efaecalis_genomes/ncbi_dataset/data/GCA_050516665.1/sequence_report.jsonl	GCA_050516665.1:3
GCA_050516665.1	Bacteraemia	179	PRJNA1185791	sat4	STREPTOTHRICIN	Other	CP175396.1	CP175396.1	unnamed1	Plasmid	Accepted AMRFinderPlus hit (Functional_matrix_status=included_in_functional_presence); exact contig-accession match to NCBI Datasets sequence_report.jsonl; assignedMoleculeLocationType=Plasmid	129195	assembled-molecule	local_archive/large_outputs/Efaecalis_58_AMRFinder/01_ncbi_download/efaecalis_genomes/ncbi_dataset/data/GCA_050516665.1/sequence_report.jsonl	GCA_050516665.1:2
GCA_050516665.1	Bacteraemia	179	PRJNA1185791	erm(B)	LINCOSAMIDE/MACROLIDE/STREPTOGRAMIN	Macrolide/lincosamide	CP175397.1	CP175397.1	chromosome	Chromosome	Accepted AMRFinderPlus hit (Functional_matrix_status=included_in_functional_presence); exact contig-accession match to NCBI Datasets sequence_report.jsonl; assignedMoleculeLocationType=Chromosome	2942096	assembled-molecule	local_archive/large_outputs/Efaecalis_58_AMRFinder/01_ncbi_download/efaecalis_genomes/ncbi_dataset/data/GCA_050516665.1/sequence_report.jsonl	GCA_050516665.1:6
GCA_050516665.1	Bacteraemia	179	PRJNA1185791	lsa(A)	LINCOSAMIDE/STREPTOGRAMIN	Macrolide/lincosamide	CP175397.1	CP175397.1	chromosome	Chromosome	Accepted AMRFinderPlus hit (Functional_matrix_status=included_in_functional_presence); exact contig-accession match to NCBI Datasets sequence_report.jsonl; assignedMoleculeLocationType=Chromosome	2942096	assembled-molecule	local_archive/large_outputs/Efaecalis_58_AMRFinder/01_ncbi_download/efaecalis_genomes/ncbi_dataset/data/GCA_050516665.1/sequence_report.jsonl	GCA_050516665.1:7
GCA_050516665.1	Bacteraemia	179	PRJNA1185791	tet(M)	TETRACYCLINE	Tetracycline	CP175397.1	CP175397.1	chromosome	Chromosome	Accepted AMRFinderPlus hit (Functional_matrix_status=included_in_functional_presence); exact contig-accession match to NCBI Datasets sequence_report.jsonl; assignedMoleculeLocationType=Chromosome	2942096	assembled-molecule	local_archive/large_outputs/Efaecalis_58_AMRFinder/01_ncbi_download/efaecalis_genomes/ncbi_dataset/data/GCA_050516665.1/sequence_report.jsonl	GCA_050516665.1:5
GCA_050516675.1	Bacteraemia	179	PRJNA1185791	erm(B)	LINCOSAMIDE/MACROLIDE/STREPTOGRAMIN	Macrolide/lincosamide	CP175395.1	CP175395.1	chromosome	Chromosome	Accepted AMRFinderPlus hit (Functional_matrix_status=included_in_functional_presence); exact contig-accession match to NCBI Datasets sequence_report.jsonl; assignedMoleculeLocationType=Chromosome	2936827	assembled-molecule	local_archive/large_outputs/Efaecalis_58_AMRFinder/01_ncbi_download/efaecalis_genomes/ncbi_dataset/data/GCA_050516675.1/sequence_report.jsonl	GCA_050516675.1:2
GCA_050516675.1	Bacteraemia	179	PRJNA1185791	lsa(A)	LINCOSAMIDE/STREPTOGRAMIN	Macrolide/lincosamide	CP175395.1	CP175395.1	chromosome	Chromosome	Accepted AMRFinderPlus hit (Functional_matrix_status=included_in_functional_presence); exact contig-accession match to NCBI Datasets sequence_report.jsonl; assignedMoleculeLocationType=Chromosome	2936827	assembled-molecule	local_archive/large_outputs/Efaecalis_58_AMRFinder/01_ncbi_download/efaecalis_genomes/ncbi_dataset/data/GCA_050516675.1/sequence_report.jsonl	GCA_050516675.1:3
GCA_050516675.1	Bacteraemia	179	PRJNA1185791	tet(M)	TETRACYCLINE	Tetracycline	CP175395.1	CP175395.1	chromosome	Chromosome	Accepted AMRFinderPlus hit (Functional_matrix_status=included_in_functional_presence); exact contig-accession match to NCBI Datasets sequence_report.jsonl; assignedMoleculeLocationType=Chromosome	2936827	assembled-molecule	local_archive/large_outputs/Efaecalis_58_AMRFinder/01_ncbi_download/efaecalis_genomes/ncbi_dataset/data/GCA_050516675.1/sequence_report.jsonl	GCA_050516675.1:1
GCF_049262565.1	Reproductive	30	PRJNA316969	lsa(A)	LINCOSAMIDE/STREPTOGRAMIN	Macrolide/lincosamide	NZ_CP185997.1	NZ_CP185997.1	chromosome	Chromosome	Accepted AMRFinderPlus hit (Functional_matrix_status=included_in_functional_presence); exact contig-accession match to NCBI Datasets sequence_report.jsonl; assignedMoleculeLocationType=Chromosome	2891874	assembled-molecule	local_archive/large_outputs/Efaecalis_14_AMRFinder/01_ncbi_download/efaecalis_genomes/ncbi_dataset/data/GCF_049262565.1/sequence_report.jsonl	GCF_049262565.1:1
GCF_049262565.1	Reproductive	30	PRJNA316969	erm(B)	LINCOSAMIDE/MACROLIDE/STREPTOGRAMIN	Macrolide/lincosamide	NZ_CP185999.1	NZ_CP185999.1	pUMB6935B-2	Plasmid	Accepted AMRFinderPlus hit (Functional_matrix_status=included_in_functional_presence); exact contig-accession match to NCBI Datasets sequence_report.jsonl; assignedMoleculeLocationType=Plasmid	53305	assembled-molecule	local_archive/large_outputs/Efaecalis_14_AMRFinder/01_ncbi_download/efaecalis_genomes/ncbi_dataset/data/GCF_049262565.1/sequence_report.jsonl	GCF_049262565.1:3
GCF_053117575.1	Reproductive	179	PRJNA1209846	aac(6')-Ie/aph(2'')-Ia	AMINOGLYCOSIDE	Aminoglycoside	NZ_CP181216.1	NZ_CP181216.1	chromosome	Chromosome	Accepted AMRFinderPlus hit (Functional_matrix_status=included_in_functional_presence); exact contig-accession match to NCBI Datasets sequence_report.jsonl; assignedMoleculeLocationType=Chromosome	2956378	assembled-molecule	local_archive/large_outputs/Efaecalis_14_AMRFinder/01_ncbi_download/efaecalis_genomes/ncbi_dataset/data/GCF_053117575.1/sequence_report.jsonl	GCF_053117575.1:7
GCF_053117575.1	Reproductive	179	PRJNA1209846	aph(3')-IIIa	AMINOGLYCOSIDE	Aminoglycoside	NZ_CP181216.1	NZ_CP181216.1	chromosome	Chromosome	Accepted AMRFinderPlus hit (Functional_matrix_status=included_in_functional_presence); exact contig-accession match to NCBI Datasets sequence_report.jsonl; assignedMoleculeLocationType=Chromosome	2956378	assembled-molecule	local_archive/large_outputs/Efaecalis_14_AMRFinder/01_ncbi_download/efaecalis_genomes/ncbi_dataset/data/GCF_053117575.1/sequence_report.jsonl	GCF_053117575.1:4
GCF_053117575.1	Reproductive	179	PRJNA1209846	erm(B)	LINCOSAMIDE/MACROLIDE/STREPTOGRAMIN	Macrolide/lincosamide	NZ_CP181216.1	NZ_CP181216.1	chromosome	Chromosome	Accepted AMRFinderPlus hit (Functional_matrix_status=included_in_functional_presence); exact contig-accession match to NCBI Datasets sequence_report.jsonl; assignedMoleculeLocationType=Chromosome	2956378	assembled-molecule	local_archive/large_outputs/Efaecalis_14_AMRFinder/01_ncbi_download/efaecalis_genomes/ncbi_dataset/data/GCF_053117575.1/sequence_report.jsonl	GCF_053117575.1:2
GCF_053117575.1	Reproductive	179	PRJNA1209846	erm(B)	LINCOSAMIDE/MACROLIDE/STREPTOGRAMIN	Macrolide/lincosamide	NZ_CP181216.1	NZ_CP181216.1	chromosome	Chromosome	Accepted AMRFinderPlus hit (Functional_matrix_status=included_in_functional_presence); exact contig-accession match to NCBI Datasets sequence_report.jsonl; assignedMoleculeLocationType=Chromosome	2956378	assembled-molecule	local_archive/large_outputs/Efaecalis_14_AMRFinder/01_ncbi_download/efaecalis_genomes/ncbi_dataset/data/GCF_053117575.1/sequence_report.jsonl	GCF_053117575.1:8
GCF_053117575.1	Reproductive	179	PRJNA1209846	lsa(A)	LINCOSAMIDE/STREPTOGRAMIN	Macrolide/lincosamide	NZ_CP181216.1	NZ_CP181216.1	chromosome	Chromosome	Accepted AMRFinderPlus hit (Functional_matrix_status=included_in_functional_presence); exact contig-accession match to NCBI Datasets sequence_report.jsonl; assignedMoleculeLocationType=Chromosome	2956378	assembled-molecule	local_archive/large_outputs/Efaecalis_14_AMRFinder/01_ncbi_download/efaecalis_genomes/ncbi_dataset/data/GCF_053117575.1/sequence_report.jsonl	GCF_053117575.1:9
GCF_053117575.1	Reproductive	179	PRJNA1209846	sat4	STREPTOTHRICIN	Other	NZ_CP181216.1	NZ_CP181216.1	chromosome	Chromosome	Accepted AMRFinderPlus hit (Functional_matrix_status=included_in_functional_presence); exact contig-accession match to NCBI Datasets sequence_report.jsonl; assignedMoleculeLocationType=Chromosome	2956378	assembled-molecule	local_archive/large_outputs/Efaecalis_14_AMRFinder/01_ncbi_download/efaecalis_genomes/ncbi_dataset/data/GCF_053117575.1/sequence_report.jsonl	GCF_053117575.1:5
GCF_053117575.1	Reproductive	179	PRJNA1209846	tet(M)	TETRACYCLINE	Tetracycline	NZ_CP181216.1	NZ_CP181216.1	chromosome	Chromosome	Accepted AMRFinderPlus hit (Functional_matrix_status=included_in_functional_presence); exact contig-accession match to NCBI Datasets sequence_report.jsonl; assignedMoleculeLocationType=Chromosome	2956378	assembled-molecule	local_archive/large_outputs/Efaecalis_14_AMRFinder/01_ncbi_download/efaecalis_genomes/ncbi_dataset/data/GCF_053117575.1/sequence_report.jsonl	GCF_053117575.1:1
GCF_053117585.1	Reproductive	16	PRJNA1209846	aac(6')-Ie/aph(2'')-Ia	AMINOGLYCOSIDE	Aminoglycoside	NZ_CP181214.1	NZ_CP181214.1	chromosome	Chromosome	Accepted AMRFinderPlus hit (Functional_matrix_status=included_in_functional_presence); exact contig-accession match to NCBI Datasets sequence_report.jsonl; assignedMoleculeLocationType=Chromosome	2932787	assembled-molecule	local_archive/large_outputs/Efaecalis_14_AMRFinder/01_ncbi_download/efaecalis_genomes/ncbi_dataset/data/GCF_053117585.1/sequence_report.jsonl	GCF_053117585.1:4
GCF_053117585.1	Reproductive	16	PRJNA1209846	catA	PHENICOL	Other	NZ_CP181214.1	NZ_CP181214.1	chromosome	Chromosome	Accepted AMRFinderPlus hit (Functional_matrix_status=included_in_functional_presence); exact contig-accession match to NCBI Datasets sequence_report.jsonl; assignedMoleculeLocationType=Chromosome	2932787	assembled-molecule	local_archive/large_outputs/Efaecalis_14_AMRFinder/01_ncbi_download/efaecalis_genomes/ncbi_dataset/data/GCF_053117585.1/sequence_report.jsonl	GCF_053117585.1:6
GCF_053117585.1	Reproductive	16	PRJNA1209846	dfrG	TRIMETHOPRIM	Other	NZ_CP181214.1	NZ_CP181214.1	chromosome	Chromosome	Accepted AMRFinderPlus hit (Functional_matrix_status=included_in_functional_presence); exact contig-accession match to NCBI Datasets sequence_report.jsonl; assignedMoleculeLocationType=Chromosome	2932787	assembled-molecule	local_archive/large_outputs/Efaecalis_14_AMRFinder/01_ncbi_download/efaecalis_genomes/ncbi_dataset/data/GCF_053117585.1/sequence_report.jsonl	GCF_053117585.1:1
GCF_053117585.1	Reproductive	16	PRJNA1209846	erm(B)	LINCOSAMIDE/MACROLIDE/STREPTOGRAMIN	Macrolide/lincosamide	NZ_CP181214.1	NZ_CP181214.1	chromosome	Chromosome	Accepted AMRFinderPlus hit (Functional_matrix_status=included_in_functional_presence); exact contig-accession match to NCBI Datasets sequence_report.jsonl; assignedMoleculeLocationType=Chromosome	2932787	assembled-molecule	local_archive/large_outputs/Efaecalis_14_AMRFinder/01_ncbi_download/efaecalis_genomes/ncbi_dataset/data/GCF_053117585.1/sequence_report.jsonl	GCF_053117585.1:5
GCF_053117585.1	Reproductive	16	PRJNA1209846	lsa(A)	LINCOSAMIDE/STREPTOGRAMIN	Macrolide/lincosamide	NZ_CP181214.1	NZ_CP181214.1	chromosome	Chromosome	Accepted AMRFinderPlus hit (Functional_matrix_status=included_in_functional_presence); exact contig-accession match to NCBI Datasets sequence_report.jsonl; assignedMoleculeLocationType=Chromosome	2932787	assembled-molecule	local_archive/large_outputs/Efaecalis_14_AMRFinder/01_ncbi_download/efaecalis_genomes/ncbi_dataset/data/GCF_053117585.1/sequence_report.jsonl	GCF_053117585.1:8
GCF_053117585.1	Reproductive	16	PRJNA1209846	str	AMINOGLYCOSIDE	Aminoglycoside	NZ_CP181214.1	NZ_CP181214.1	chromosome	Chromosome	Accepted AMRFinderPlus hit (Functional_matrix_status=included_in_functional_presence); exact contig-accession match to NCBI Datasets sequence_report.jsonl; assignedMoleculeLocationType=Chromosome	2932787	assembled-molecule	local_archive/large_outputs/Efaecalis_14_AMRFinder/01_ncbi_download/efaecalis_genomes/ncbi_dataset/data/GCF_053117585.1/sequence_report.jsonl	GCF_053117585.1:7
GCF_053117585.1	Reproductive	16	PRJNA1209846	tet(M)	TETRACYCLINE	Tetracycline	NZ_CP181214.1	NZ_CP181214.1	chromosome	Chromosome	Accepted AMRFinderPlus hit (Functional_matrix_status=included_in_functional_presence); exact contig-accession match to NCBI Datasets sequence_report.jsonl; assignedMoleculeLocationType=Chromosome	2932787	assembled-molecule	local_archive/large_outputs/Efaecalis_14_AMRFinder/01_ncbi_download/efaecalis_genomes/ncbi_dataset/data/GCF_053117585.1/sequence_report.jsonl	GCF_053117585.1:2
GCF_053117655.1	Reproductive	179	PRJNA1209846	ant(6)-Ia	AMINOGLYCOSIDE	Aminoglycoside	NZ_CP181220.1	NZ_CP181220.1	chromosome	Chromosome	Accepted AMRFinderPlus hit (Functional_matrix_status=included_in_functional_presence); exact contig-accession match to NCBI Datasets sequence_report.jsonl; assignedMoleculeLocationType=Chromosome	2790331	assembled-molecule	local_archive/large_outputs/Efaecalis_14_AMRFinder/01_ncbi_download/efaecalis_genomes/ncbi_dataset/data/GCF_053117655.1/sequence_report.jsonl	GCF_053117655.1:3
GCF_053117655.1	Reproductive	179	PRJNA1209846	aph(3')-IIIa	AMINOGLYCOSIDE	Aminoglycoside	NZ_CP181220.1	NZ_CP181220.1	chromosome	Chromosome	Accepted AMRFinderPlus hit (Functional_matrix_status=included_in_functional_presence); exact contig-accession match to NCBI Datasets sequence_report.jsonl; assignedMoleculeLocationType=Chromosome	2790331	assembled-molecule	local_archive/large_outputs/Efaecalis_14_AMRFinder/01_ncbi_download/efaecalis_genomes/ncbi_dataset/data/GCF_053117655.1/sequence_report.jsonl	GCF_053117655.1:6
GCF_053117655.1	Reproductive	179	PRJNA1209846	erm(B)	LINCOSAMIDE/MACROLIDE/STREPTOGRAMIN	Macrolide/lincosamide	NZ_CP181220.1	NZ_CP181220.1	chromosome	Chromosome	Accepted AMRFinderPlus hit (Functional_matrix_status=included_in_functional_presence); exact contig-accession match to NCBI Datasets sequence_report.jsonl; assignedMoleculeLocationType=Chromosome	2790331	assembled-molecule	local_archive/large_outputs/Efaecalis_14_AMRFinder/01_ncbi_download/efaecalis_genomes/ncbi_dataset/data/GCF_053117655.1/sequence_report.jsonl	GCF_053117655.1:2
GCF_053117655.1	Reproductive	179	PRJNA1209846	erm(B)	LINCOSAMIDE/MACROLIDE/STREPTOGRAMIN	Macrolide/lincosamide	NZ_CP181220.1	NZ_CP181220.1	chromosome	Chromosome	Accepted AMRFinderPlus hit (Functional_matrix_status=included_in_functional_presence); exact contig-accession match to NCBI Datasets sequence_report.jsonl; assignedMoleculeLocationType=Chromosome	2790331	assembled-molecule	local_archive/large_outputs/Efaecalis_14_AMRFinder/01_ncbi_download/efaecalis_genomes/ncbi_dataset/data/GCF_053117655.1/sequence_report.jsonl	GCF_053117655.1:9
GCF_053117655.1	Reproductive	179	PRJNA1209846	lsa(A)	LINCOSAMIDE/STREPTOGRAMIN	Macrolide/lincosamide	NZ_CP181220.1	NZ_CP181220.1	chromosome	Chromosome	Accepted AMRFinderPlus hit (Functional_matrix_status=included_in_functional_presence); exact contig-accession match to NCBI Datasets sequence_report.jsonl; assignedMoleculeLocationType=Chromosome	2790331	assembled-molecule	local_archive/large_outputs/Efaecalis_14_AMRFinder/01_ncbi_download/efaecalis_genomes/ncbi_dataset/data/GCF_053117655.1/sequence_report.jsonl	GCF_053117655.1:10
GCF_053117655.1	Reproductive	179	PRJNA1209846	tet(M)	TETRACYCLINE	Tetracycline	NZ_CP181220.1	NZ_CP181220.1	chromosome	Chromosome	Accepted AMRFinderPlus hit (Functional_matrix_status=included_in_functional_presence); exact contig-accession match to NCBI Datasets sequence_report.jsonl; assignedMoleculeLocationType=Chromosome	2790331	assembled-molecule	local_archive/large_outputs/Efaecalis_14_AMRFinder/01_ncbi_download/efaecalis_genomes/ncbi_dataset/data/GCF_053117655.1/sequence_report.jsonl	GCF_053117655.1:1
GCF_053117665.1	Reproductive	40	PRJNA1209846	lsa(A)	LINCOSAMIDE/STREPTOGRAMIN	Macrolide/lincosamide	NZ_CP181222.1	NZ_CP181222.1	chromosome	Chromosome	Accepted AMRFinderPlus hit (Functional_matrix_status=included_in_functional_presence); exact contig-accession match to NCBI Datasets sequence_report.jsonl; assignedMoleculeLocationType=Chromosome	3118143	assembled-molecule	local_archive/large_outputs/Efaecalis_14_AMRFinder/01_ncbi_download/efaecalis_genomes/ncbi_dataset/data/GCF_053117665.1/sequence_report.jsonl	GCF_053117665.1:1
GCF_053117665.1	Reproductive	40	PRJNA1209846	tet(M)	TETRACYCLINE	Tetracycline	NZ_CP181222.1	NZ_CP181222.1	chromosome	Chromosome	Accepted AMRFinderPlus hit (Functional_matrix_status=included_in_functional_presence); exact contig-accession match to NCBI Datasets sequence_report.jsonl; assignedMoleculeLocationType=Chromosome	3118143	assembled-molecule	local_archive/large_outputs/Efaecalis_14_AMRFinder/01_ncbi_download/efaecalis_genomes/ncbi_dataset/data/GCF_053117665.1/sequence_report.jsonl	GCF_053117665.1:2
GCF_053117665.1	Reproductive	40	PRJNA1209846	aph(3')-IIIa	AMINOGLYCOSIDE	Aminoglycoside	NZ_CP181224.1	NZ_CP181224.1	p4953.2	Plasmid	Accepted AMRFinderPlus hit (Functional_matrix_status=included_in_functional_presence); exact contig-accession match to NCBI Datasets sequence_report.jsonl; assignedMoleculeLocationType=Plasmid	83755	assembled-molecule	local_archive/large_outputs/Efaecalis_14_AMRFinder/01_ncbi_download/efaecalis_genomes/ncbi_dataset/data/GCF_053117665.1/sequence_report.jsonl	GCF_053117665.1:4
GCF_053117665.1	Reproductive	40	PRJNA1209846	sat4	STREPTOTHRICIN	Other	NZ_CP181224.1	NZ_CP181224.1	p4953.2	Plasmid	Accepted AMRFinderPlus hit (Functional_matrix_status=included_in_functional_presence); exact contig-accession match to NCBI Datasets sequence_report.jsonl; assignedMoleculeLocationType=Plasmid	83755	assembled-molecule	local_archive/large_outputs/Efaecalis_14_AMRFinder/01_ncbi_download/efaecalis_genomes/ncbi_dataset/data/GCF_053117665.1/sequence_report.jsonl	GCF_053117665.1:3
GCF_053117665.1	Reproductive	40	PRJNA1209846	ant(6)-Ia	AMINOGLYCOSIDE	Aminoglycoside	NZ_CP181225.1	NZ_CP181225.1	p4953.3	Plasmid	Accepted AMRFinderPlus hit (Functional_matrix_status=included_in_functional_presence); exact contig-accession match to NCBI Datasets sequence_report.jsonl; assignedMoleculeLocationType=Plasmid	52025	assembled-molecule	local_archive/large_outputs/Efaecalis_14_AMRFinder/01_ncbi_download/efaecalis_genomes/ncbi_dataset/data/GCF_053117665.1/sequence_report.jsonl	GCF_053117665.1:5
GCF_053117665.1	Reproductive	40	PRJNA1209846	aph(3')-IIIa	AMINOGLYCOSIDE	Aminoglycoside	NZ_CP181225.1	NZ_CP181225.1	p4953.3	Plasmid	Accepted AMRFinderPlus hit (Functional_matrix_status=included_in_functional_presence); exact contig-accession match to NCBI Datasets sequence_report.jsonl; assignedMoleculeLocationType=Plasmid	52025	assembled-molecule	local_archive/large_outputs/Efaecalis_14_AMRFinder/01_ncbi_download/efaecalis_genomes/ncbi_dataset/data/GCF_053117665.1/sequence_report.jsonl	GCF_053117665.1:7
GCF_053117665.1	Reproductive	40	PRJNA1209846	erm(B)	LINCOSAMIDE/MACROLIDE/STREPTOGRAMIN	Macrolide/lincosamide	NZ_CP181225.1	NZ_CP181225.1	p4953.3	Plasmid	Accepted AMRFinderPlus hit (Functional_matrix_status=included_in_functional_presence); exact contig-accession match to NCBI Datasets sequence_report.jsonl; assignedMoleculeLocationType=Plasmid	52025	assembled-molecule	local_archive/large_outputs/Efaecalis_14_AMRFinder/01_ncbi_download/efaecalis_genomes/ncbi_dataset/data/GCF_053117665.1/sequence_report.jsonl	GCF_053117665.1:8
GCF_053117665.1	Reproductive	40	PRJNA1209846	sat4	STREPTOTHRICIN	Other	NZ_CP181225.1	NZ_CP181225.1	p4953.3	Plasmid	Accepted AMRFinderPlus hit (Functional_matrix_status=included_in_functional_presence); exact contig-accession match to NCBI Datasets sequence_report.jsonl; assignedMoleculeLocationType=Plasmid	52025	assembled-molecule	local_archive/large_outputs/Efaecalis_14_AMRFinder/01_ncbi_download/efaecalis_genomes/ncbi_dataset/data/GCF_053117665.1/sequence_report.jsonl	GCF_053117665.1:6
GCF_053117675.1	Reproductive	480	PRJNA1209846	ant(6)-Ia	AMINOGLYCOSIDE	Aminoglycoside	NZ_CP181226.1	NZ_CP181226.1	chromosome	Chromosome	Accepted AMRFinderPlus hit (Functional_matrix_status=included_in_functional_presence); exact contig-accession match to NCBI Datasets sequence_report.jsonl; assignedMoleculeLocationType=Chromosome	2862424	assembled-molecule	local_archive/large_outputs/Efaecalis_14_AMRFinder/01_ncbi_download/efaecalis_genomes/ncbi_dataset/data/GCF_053117675.1/sequence_report.jsonl	GCF_053117675.1:4
GCF_053117675.1	Reproductive	480	PRJNA1209846	aph(3')-IIIa	AMINOGLYCOSIDE	Aminoglycoside	NZ_CP181226.1	NZ_CP181226.1	chromosome	Chromosome	Accepted AMRFinderPlus hit (Functional_matrix_status=included_in_functional_presence); exact contig-accession match to NCBI Datasets sequence_report.jsonl; assignedMoleculeLocationType=Chromosome	2862424	assembled-molecule	local_archive/large_outputs/Efaecalis_14_AMRFinder/01_ncbi_download/efaecalis_genomes/ncbi_dataset/data/GCF_053117675.1/sequence_report.jsonl	GCF_053117675.1:9
GCF_053117675.1	Reproductive	480	PRJNA1209846	dfrG	TRIMETHOPRIM	Other	NZ_CP181226.1	NZ_CP181226.1	chromosome	Chromosome	Accepted AMRFinderPlus hit (Functional_matrix_status=included_in_functional_presence); exact contig-accession match to NCBI Datasets sequence_report.jsonl; assignedMoleculeLocationType=Chromosome	2862424	assembled-molecule	local_archive/large_outputs/Efaecalis_14_AMRFinder/01_ncbi_download/efaecalis_genomes/ncbi_dataset/data/GCF_053117675.1/sequence_report.jsonl	GCF_053117675.1:14
GCF_053117675.1	Reproductive	480	PRJNA1209846	erm(B)	LINCOSAMIDE/MACROLIDE/STREPTOGRAMIN	Macrolide/lincosamide	NZ_CP181226.1	NZ_CP181226.1	chromosome	Chromosome	Accepted AMRFinderPlus hit (Functional_matrix_status=included_in_functional_presence); exact contig-accession match to NCBI Datasets sequence_report.jsonl; assignedMoleculeLocationType=Chromosome	2862424	assembled-molecule	local_archive/large_outputs/Efaecalis_14_AMRFinder/01_ncbi_download/efaecalis_genomes/ncbi_dataset/data/GCF_053117675.1/sequence_report.jsonl	GCF_053117675.1:12
GCF_053117675.1	Reproductive	480	PRJNA1209846	erm(B)	LINCOSAMIDE/MACROLIDE/STREPTOGRAMIN	Macrolide/lincosamide	NZ_CP181226.1	NZ_CP181226.1	chromosome	Chromosome	Accepted AMRFinderPlus hit (Functional_matrix_status=included_in_functional_presence); exact contig-accession match to NCBI Datasets sequence_report.jsonl; assignedMoleculeLocationType=Chromosome	2862424	assembled-molecule	local_archive/large_outputs/Efaecalis_14_AMRFinder/01_ncbi_download/efaecalis_genomes/ncbi_dataset/data/GCF_053117675.1/sequence_report.jsonl	GCF_053117675.1:3
GCF_053117675.1	Reproductive	480	PRJNA1209846	gyrA_S83Y	QUINOLONE	Other	NZ_CP181226.1	NZ_CP181226.1	chromosome	Chromosome	Accepted AMRFinderPlus hit (Functional_matrix_status=included_in_functional_presence); exact contig-accession match to NCBI Datasets sequence_report.jsonl; assignedMoleculeLocationType=Chromosome	2862424	assembled-molecule	local_archive/large_outputs/Efaecalis_14_AMRFinder/01_ncbi_download/efaecalis_genomes/ncbi_dataset/data/GCF_053117675.1/sequence_report.jsonl	GCF_053117675.1:1
GCF_053117675.1	Reproductive	480	PRJNA1209846	lnu(B)	LINCOSAMIDE	Macrolide/lincosamide	NZ_CP181226.1	NZ_CP181226.1	chromosome	Chromosome	Accepted AMRFinderPlus hit (Functional_matrix_status=included_in_functional_presence); exact contig-accession match to NCBI Datasets sequence_report.jsonl; assignedMoleculeLocationType=Chromosome	2862424	assembled-molecule	local_archive/large_outputs/Efaecalis_14_AMRFinder/01_ncbi_download/efaecalis_genomes/ncbi_dataset/data/GCF_053117675.1/sequence_report.jsonl	GCF_053117675.1:5
GCF_053117675.1	Reproductive	480	PRJNA1209846	lsa(A)	LINCOSAMIDE/STREPTOGRAMIN	Macrolide/lincosamide	NZ_CP181226.1	NZ_CP181226.1	chromosome	Chromosome	Accepted AMRFinderPlus hit (Functional_matrix_status=included_in_functional_presence); exact contig-accession match to NCBI Datasets sequence_report.jsonl; assignedMoleculeLocationType=Chromosome	2862424	assembled-molecule	local_archive/large_outputs/Efaecalis_14_AMRFinder/01_ncbi_download/efaecalis_genomes/ncbi_dataset/data/GCF_053117675.1/sequence_report.jsonl	GCF_053117675.1:13
GCF_053117675.1	Reproductive	480	PRJNA1209846	lsa(E)	LINCOSAMIDE/STREPTOGRAMIN	Macrolide/lincosamide	NZ_CP181226.1	NZ_CP181226.1	chromosome	Chromosome	Accepted AMRFinderPlus hit (Functional_matrix_status=included_in_functional_presence); exact contig-accession match to NCBI Datasets sequence_report.jsonl; assignedMoleculeLocationType=Chromosome	2862424	assembled-molecule	local_archive/large_outputs/Efaecalis_14_AMRFinder/01_ncbi_download/efaecalis_genomes/ncbi_dataset/data/GCF_053117675.1/sequence_report.jsonl	GCF_053117675.1:6
GCF_053117675.1	Reproductive	480	PRJNA1209846	parC_S80I	QUINOLONE	Other	NZ_CP181226.1	NZ_CP181226.1	chromosome	Chromosome	Accepted AMRFinderPlus hit (Functional_matrix_status=included_in_functional_presence); exact contig-accession match to NCBI Datasets sequence_report.jsonl; assignedMoleculeLocationType=Chromosome	2862424	assembled-molecule	local_archive/large_outputs/Efaecalis_14_AMRFinder/01_ncbi_download/efaecalis_genomes/ncbi_dataset/data/GCF_053117675.1/sequence_report.jsonl	GCF_053117675.1:2
GCF_053117675.1	Reproductive	480	PRJNA1209846	sat4	STREPTOTHRICIN	Other	NZ_CP181226.1	NZ_CP181226.1	chromosome	Chromosome	Accepted AMRFinderPlus hit (Functional_matrix_status=included_in_functional_presence); exact contig-accession match to NCBI Datasets sequence_report.jsonl; assignedMoleculeLocationType=Chromosome	2862424	assembled-molecule	local_archive/large_outputs/Efaecalis_14_AMRFinder/01_ncbi_download/efaecalis_genomes/ncbi_dataset/data/GCF_053117675.1/sequence_report.jsonl	GCF_053117675.1:10
GCF_053117675.1	Reproductive	480	PRJNA1209846	spw	AMINOGLYCOSIDE	Aminoglycoside	NZ_CP181226.1	NZ_CP181226.1	chromosome	Chromosome	Accepted AMRFinderPlus hit (Functional_matrix_status=included_in_functional_presence); exact contig-accession match to NCBI Datasets sequence_report.jsonl; assignedMoleculeLocationType=Chromosome	2862424	assembled-molecule	local_archive/large_outputs/Efaecalis_14_AMRFinder/01_ncbi_download/efaecalis_genomes/ncbi_dataset/data/GCF_053117675.1/sequence_report.jsonl	GCF_053117675.1:7
GCF_053117675.1	Reproductive	480	PRJNA1209846	tet(L)	TETRACYCLINE	Tetracycline	NZ_CP181226.1	NZ_CP181226.1	chromosome	Chromosome	Accepted AMRFinderPlus hit (Functional_matrix_status=included_in_functional_presence); exact contig-accession match to NCBI Datasets sequence_report.jsonl; assignedMoleculeLocationType=Chromosome	2862424	assembled-molecule	local_archive/large_outputs/Efaecalis_14_AMRFinder/01_ncbi_download/efaecalis_genomes/ncbi_dataset/data/GCF_053117675.1/sequence_report.jsonl	GCF_053117675.1:15
GCF_053117675.1	Reproductive	480	PRJNA1209846	tet(M)	TETRACYCLINE	Tetracycline	NZ_CP181226.1	NZ_CP181226.1	chromosome	Chromosome	Accepted AMRFinderPlus hit (Functional_matrix_status=included_in_functional_presence); exact contig-accession match to NCBI Datasets sequence_report.jsonl; assignedMoleculeLocationType=Chromosome	2862424	assembled-molecule	local_archive/large_outputs/Efaecalis_14_AMRFinder/01_ncbi_download/efaecalis_genomes/ncbi_dataset/data/GCF_053117675.1/sequence_report.jsonl	GCF_053117675.1:16
GCF_053117685.1	Reproductive	179	PRJNA1209846	aac(6')-Ie/aph(2'')-Ia	AMINOGLYCOSIDE	Aminoglycoside	NZ_CP181229.1	NZ_CP181229.1	chromosome	Chromosome	Accepted AMRFinderPlus hit (Functional_matrix_status=included_in_functional_presence); exact contig-accession match to NCBI Datasets sequence_report.jsonl; assignedMoleculeLocationType=Chromosome	2917348	assembled-molecule	local_archive/large_outputs/Efaecalis_14_AMRFinder/01_ncbi_download/efaecalis_genomes/ncbi_dataset/data/GCF_053117685.1/sequence_report.jsonl	GCF_053117685.1:3
GCF_053117685.1	Reproductive	179	PRJNA1209846	aph(3')-IIIa	AMINOGLYCOSIDE	Aminoglycoside	NZ_CP181229.1	NZ_CP181229.1	chromosome	Chromosome	Accepted AMRFinderPlus hit (Functional_matrix_status=included_in_functional_presence); exact contig-accession match to NCBI Datasets sequence_report.jsonl; assignedMoleculeLocationType=Chromosome	2917348	assembled-molecule	local_archive/large_outputs/Efaecalis_14_AMRFinder/01_ncbi_download/efaecalis_genomes/ncbi_dataset/data/GCF_053117685.1/sequence_report.jsonl	GCF_053117685.1:6
GCF_053117685.1	Reproductive	179	PRJNA1209846	erm(B)	LINCOSAMIDE/MACROLIDE/STREPTOGRAMIN	Macrolide/lincosamide	NZ_CP181229.1	NZ_CP181229.1	chromosome	Chromosome	Accepted AMRFinderPlus hit (Functional_matrix_status=included_in_functional_presence); exact contig-accession match to NCBI Datasets sequence_report.jsonl; assignedMoleculeLocationType=Chromosome	2917348	assembled-molecule	local_archive/large_outputs/Efaecalis_14_AMRFinder/01_ncbi_download/efaecalis_genomes/ncbi_dataset/data/GCF_053117685.1/sequence_report.jsonl	GCF_053117685.1:2
GCF_053117685.1	Reproductive	179	PRJNA1209846	erm(B)	LINCOSAMIDE/MACROLIDE/STREPTOGRAMIN	Macrolide/lincosamide	NZ_CP181229.1	NZ_CP181229.1	chromosome	Chromosome	Accepted AMRFinderPlus hit (Functional_matrix_status=included_in_functional_presence); exact contig-accession match to NCBI Datasets sequence_report.jsonl; assignedMoleculeLocationType=Chromosome	2917348	assembled-molecule	local_archive/large_outputs/Efaecalis_14_AMRFinder/01_ncbi_download/efaecalis_genomes/ncbi_dataset/data/GCF_053117685.1/sequence_report.jsonl	GCF_053117685.1:8
GCF_053117685.1	Reproductive	179	PRJNA1209846	lsa(A)	LINCOSAMIDE/STREPTOGRAMIN	Macrolide/lincosamide	NZ_CP181229.1	NZ_CP181229.1	chromosome	Chromosome	Accepted AMRFinderPlus hit (Functional_matrix_status=included_in_functional_presence); exact contig-accession match to NCBI Datasets sequence_report.jsonl; assignedMoleculeLocationType=Chromosome	2917348	assembled-molecule	local_archive/large_outputs/Efaecalis_14_AMRFinder/01_ncbi_download/efaecalis_genomes/ncbi_dataset/data/GCF_053117685.1/sequence_report.jsonl	GCF_053117685.1:1
GCF_053117685.1	Reproductive	179	PRJNA1209846	sat4	STREPTOTHRICIN	Other	NZ_CP181229.1	NZ_CP181229.1	chromosome	Chromosome	Accepted AMRFinderPlus hit (Functional_matrix_status=included_in_functional_presence); exact contig-accession match to NCBI Datasets sequence_report.jsonl; assignedMoleculeLocationType=Chromosome	2917348	assembled-molecule	local_archive/large_outputs/Efaecalis_14_AMRFinder/01_ncbi_download/efaecalis_genomes/ncbi_dataset/data/GCF_053117685.1/sequence_report.jsonl	GCF_053117685.1:5
GCF_053117685.1	Reproductive	179	PRJNA1209846	tet(M)	TETRACYCLINE	Tetracycline	NZ_CP181229.1	NZ_CP181229.1	chromosome	Chromosome	Accepted AMRFinderPlus hit (Functional_matrix_status=included_in_functional_presence); exact contig-accession match to NCBI Datasets sequence_report.jsonl; assignedMoleculeLocationType=Chromosome	2917348	assembled-molecule	local_archive/large_outputs/Efaecalis_14_AMRFinder/01_ncbi_download/efaecalis_genomes/ncbi_dataset/data/GCF_053117685.1/sequence_report.jsonl	GCF_053117685.1:9
GCF_053117695.1	Reproductive	211	PRJNA1209846	lsa(A)	LINCOSAMIDE/STREPTOGRAMIN	Macrolide/lincosamide	NZ_CP181234.1	NZ_CP181234.1	chromosome	Chromosome	Accepted AMRFinderPlus hit (Functional_matrix_status=included_in_functional_presence); exact contig-accession match to NCBI Datasets sequence_report.jsonl; assignedMoleculeLocationType=Chromosome	2924729	assembled-molecule	local_archive/large_outputs/Efaecalis_14_AMRFinder/01_ncbi_download/efaecalis_genomes/ncbi_dataset/data/GCF_053117695.1/sequence_report.jsonl	GCF_053117695.1:2
GCF_053117695.1	Reproductive	211	PRJNA1209846	tet(M)	TETRACYCLINE	Tetracycline	NZ_CP181234.1	NZ_CP181234.1	chromosome	Chromosome	Accepted AMRFinderPlus hit (Functional_matrix_status=included_in_functional_presence); exact contig-accession match to NCBI Datasets sequence_report.jsonl; assignedMoleculeLocationType=Chromosome	2924729	assembled-molecule	local_archive/large_outputs/Efaecalis_14_AMRFinder/01_ncbi_download/efaecalis_genomes/ncbi_dataset/data/GCF_053117695.1/sequence_report.jsonl	GCF_053117695.1:1
GCF_053117695.1	Reproductive	211	PRJNA1209846	aac(6')-Ie/aph(2'')-Ia	AMINOGLYCOSIDE	Aminoglycoside	NZ_CP181235.1	NZ_CP181235.1	p4153.1	Plasmid	Accepted AMRFinderPlus hit (Functional_matrix_status=included_in_functional_presence); exact contig-accession match to NCBI Datasets sequence_report.jsonl; assignedMoleculeLocationType=Plasmid	61479	assembled-molecule	local_archive/large_outputs/Efaecalis_14_AMRFinder/01_ncbi_download/efaecalis_genomes/ncbi_dataset/data/GCF_053117695.1/sequence_report.jsonl	GCF_053117695.1:3
GCF_053117695.1	Reproductive	211	PRJNA1209846	catA	PHENICOL	Other	NZ_CP181236.1	NZ_CP181236.1	p4153.2	Plasmid	Accepted AMRFinderPlus hit (Functional_matrix_status=included_in_functional_presence); exact contig-accession match to NCBI Datasets sequence_report.jsonl; assignedMoleculeLocationType=Plasmid	41118	assembled-molecule	local_archive/large_outputs/Efaecalis_14_AMRFinder/01_ncbi_download/efaecalis_genomes/ncbi_dataset/data/GCF_053117695.1/sequence_report.jsonl	GCF_053117695.1:5
GCF_053117695.1	Reproductive	211	PRJNA1209846	erm(B)	LINCOSAMIDE/MACROLIDE/STREPTOGRAMIN	Macrolide/lincosamide	NZ_CP181236.1	NZ_CP181236.1	p4153.2	Plasmid	Accepted AMRFinderPlus hit (Functional_matrix_status=included_in_functional_presence); exact contig-accession match to NCBI Datasets sequence_report.jsonl; assignedMoleculeLocationType=Plasmid	41118	assembled-molecule	local_archive/large_outputs/Efaecalis_14_AMRFinder/01_ncbi_download/efaecalis_genomes/ncbi_dataset/data/GCF_053117695.1/sequence_report.jsonl	GCF_053117695.1:4
GCF_053117705.1	Reproductive	179	PRJNA1209846	aac(6')-Ie/aph(2'')-Ia	AMINOGLYCOSIDE	Aminoglycoside	NZ_CP181238.1	NZ_CP181238.1	chromosome	Chromosome	Accepted AMRFinderPlus hit (Functional_matrix_status=included_in_functional_presence); exact contig-accession match to NCBI Datasets sequence_report.jsonl; assignedMoleculeLocationType=Chromosome	2926241	assembled-molecule	local_archive/large_outputs/Efaecalis_14_AMRFinder/01_ncbi_download/efaecalis_genomes/ncbi_dataset/data/GCF_053117705.1/sequence_report.jsonl	GCF_053117705.1:7
GCF_053117705.1	Reproductive	179	PRJNA1209846	aph(3')-IIIa	AMINOGLYCOSIDE	Aminoglycoside	NZ_CP181238.1	NZ_CP181238.1	chromosome	Chromosome	Accepted AMRFinderPlus hit (Functional_matrix_status=included_in_functional_presence); exact contig-accession match to NCBI Datasets sequence_report.jsonl; assignedMoleculeLocationType=Chromosome	2926241	assembled-molecule	local_archive/large_outputs/Efaecalis_14_AMRFinder/01_ncbi_download/efaecalis_genomes/ncbi_dataset/data/GCF_053117705.1/sequence_report.jsonl	GCF_053117705.1:4
GCF_053117705.1	Reproductive	179	PRJNA1209846	erm(B)	LINCOSAMIDE/MACROLIDE/STREPTOGRAMIN	Macrolide/lincosamide	NZ_CP181238.1	NZ_CP181238.1	chromosome	Chromosome	Accepted AMRFinderPlus hit (Functional_matrix_status=included_in_functional_presence); exact contig-accession match to NCBI Datasets sequence_report.jsonl; assignedMoleculeLocationType=Chromosome	2926241	assembled-molecule	local_archive/large_outputs/Efaecalis_14_AMRFinder/01_ncbi_download/efaecalis_genomes/ncbi_dataset/data/GCF_053117705.1/sequence_report.jsonl	GCF_053117705.1:2
GCF_053117705.1	Reproductive	179	PRJNA1209846	lsa(A)	LINCOSAMIDE/STREPTOGRAMIN	Macrolide/lincosamide	NZ_CP181238.1	NZ_CP181238.1	chromosome	Chromosome	Accepted AMRFinderPlus hit (Functional_matrix_status=included_in_functional_presence); exact contig-accession match to NCBI Datasets sequence_report.jsonl; assignedMoleculeLocationType=Chromosome	2926241	assembled-molecule	local_archive/large_outputs/Efaecalis_14_AMRFinder/01_ncbi_download/efaecalis_genomes/ncbi_dataset/data/GCF_053117705.1/sequence_report.jsonl	GCF_053117705.1:8
GCF_053117705.1	Reproductive	179	PRJNA1209846	sat4	STREPTOTHRICIN	Other	NZ_CP181238.1	NZ_CP181238.1	chromosome	Chromosome	Accepted AMRFinderPlus hit (Functional_matrix_status=included_in_functional_presence); exact contig-accession match to NCBI Datasets sequence_report.jsonl; assignedMoleculeLocationType=Chromosome	2926241	assembled-molecule	local_archive/large_outputs/Efaecalis_14_AMRFinder/01_ncbi_download/efaecalis_genomes/ncbi_dataset/data/GCF_053117705.1/sequence_report.jsonl	GCF_053117705.1:5
GCF_053117705.1	Reproductive	179	PRJNA1209846	tet(M)	TETRACYCLINE	Tetracycline	NZ_CP181238.1	NZ_CP181238.1	chromosome	Chromosome	Accepted AMRFinderPlus hit (Functional_matrix_status=included_in_functional_presence); exact contig-accession match to NCBI Datasets sequence_report.jsonl; assignedMoleculeLocationType=Chromosome	2926241	assembled-molecule	local_archive/large_outputs/Efaecalis_14_AMRFinder/01_ncbi_download/efaecalis_genomes/ncbi_dataset/data/GCF_053117705.1/sequence_report.jsonl	GCF_053117705.1:1
GCF_906464925.1	Reproductive	894	PRJEB36950	gyrA_S83I	QUINOLONE	Other	NZ_OD940434.1	NZ_OD940434.1	chromosome	Chromosome	Accepted AMRFinderPlus hit (Functional_matrix_status=included_in_functional_presence); exact contig-accession match to NCBI Datasets sequence_report.jsonl; assignedMoleculeLocationType=Chromosome	2806921	assembled-molecule	local_archive/large_outputs/Efaecalis_14_AMRFinder/01_ncbi_download/efaecalis_genomes/ncbi_dataset/data/GCF_906464925.1/sequence_report.jsonl	GCF_906464925.1:1
GCF_906464925.1	Reproductive	894	PRJEB36950	lsa(A)	LINCOSAMIDE/STREPTOGRAMIN	Macrolide/lincosamide	NZ_OD940434.1	NZ_OD940434.1	chromosome	Chromosome	Accepted AMRFinderPlus hit (Functional_matrix_status=included_in_functional_presence); exact contig-accession match to NCBI Datasets sequence_report.jsonl; assignedMoleculeLocationType=Chromosome	2806921	assembled-molecule	local_archive/large_outputs/Efaecalis_14_AMRFinder/01_ncbi_download/efaecalis_genomes/ncbi_dataset/data/GCF_906464925.1/sequence_report.jsonl	GCF_906464925.1:3
GCF_906464925.1	Reproductive	894	PRJEB36950	parC_S80I	QUINOLONE	Other	NZ_OD940434.1	NZ_OD940434.1	chromosome	Chromosome	Accepted AMRFinderPlus hit (Functional_matrix_status=included_in_functional_presence); exact contig-accession match to NCBI Datasets sequence_report.jsonl; assignedMoleculeLocationType=Chromosome	2806921	assembled-molecule	local_archive/large_outputs/Efaecalis_14_AMRFinder/01_ncbi_download/efaecalis_genomes/ncbi_dataset/data/GCF_906464925.1/sequence_report.jsonl	GCF_906464925.1:2
GCF_906464925.1	Reproductive	894	PRJEB36950	fexA	PHENICOL	Other	NZ_OD940435.1	NZ_OD940435.1	contig000002	Plasmid	Accepted AMRFinderPlus hit (Functional_matrix_status=included_in_functional_presence); exact contig-accession match to NCBI Datasets sequence_report.jsonl; assignedMoleculeLocationType=Plasmid	68656	assembled-molecule	local_archive/large_outputs/Efaecalis_14_AMRFinder/01_ncbi_download/efaecalis_genomes/ncbi_dataset/data/GCF_906464925.1/sequence_report.jsonl	GCF_906464925.1:4
GCF_906464925.1	Reproductive	894	PRJEB36950	optrA	OXAZOLIDINONE/PHENICOL	Other	NZ_OD940435.1	NZ_OD940435.1	contig000002	Plasmid	Accepted AMRFinderPlus hit (Functional_matrix_status=included_in_functional_presence); exact contig-accession match to NCBI Datasets sequence_report.jsonl; assignedMoleculeLocationType=Plasmid	68656	assembled-molecule	local_archive/large_outputs/Efaecalis_14_AMRFinder/01_ncbi_download/efaecalis_genomes/ncbi_dataset/data/GCF_906464925.1/sequence_report.jsonl	GCF_906464925.1:5
GCF_906464925.1	Reproductive	894	PRJEB36950	catA	PHENICOL	Other	NZ_OD940436.1	NZ_OD940436.1	contig000003	Plasmid	Accepted AMRFinderPlus hit (Functional_matrix_status=included_in_functional_presence); exact contig-accession match to NCBI Datasets sequence_report.jsonl; assignedMoleculeLocationType=Plasmid	51669	assembled-molecule	local_archive/large_outputs/Efaecalis_14_AMRFinder/01_ncbi_download/efaecalis_genomes/ncbi_dataset/data/GCF_906464925.1/sequence_report.jsonl	GCF_906464925.1:6
GCF_906464925.1	Reproductive	894	PRJEB36950	erm(B)	LINCOSAMIDE/MACROLIDE/STREPTOGRAMIN	Macrolide/lincosamide	NZ_OD940436.1	NZ_OD940436.1	contig000003	Plasmid	Accepted AMRFinderPlus hit (Functional_matrix_status=included_in_functional_presence); exact contig-accession match to NCBI Datasets sequence_report.jsonl; assignedMoleculeLocationType=Plasmid	51669	assembled-molecule	local_archive/large_outputs/Efaecalis_14_AMRFinder/01_ncbi_download/efaecalis_genomes/ncbi_dataset/data/GCF_906464925.1/sequence_report.jsonl	GCF_906464925.1:10
GCF_906464925.1	Reproductive	894	PRJEB36950	str	AMINOGLYCOSIDE	Aminoglycoside	NZ_OD940436.1	NZ_OD940436.1	contig000003	Plasmid	Accepted AMRFinderPlus hit (Functional_matrix_status=included_in_functional_presence); exact contig-accession match to NCBI Datasets sequence_report.jsonl; assignedMoleculeLocationType=Plasmid	51669	assembled-molecule	local_archive/large_outputs/Efaecalis_14_AMRFinder/01_ncbi_download/efaecalis_genomes/ncbi_dataset/data/GCF_906464925.1/sequence_report.jsonl	GCF_906464925.1:9
GCF_906464925.1	Reproductive	894	PRJEB36950	tet(L)	TETRACYCLINE	Tetracycline	NZ_OD940436.1	NZ_OD940436.1	contig000003	Plasmid	Accepted AMRFinderPlus hit (Functional_matrix_status=included_in_functional_presence); exact contig-accession match to NCBI Datasets sequence_report.jsonl; assignedMoleculeLocationType=Plasmid	51669	assembled-molecule	local_archive/large_outputs/Efaecalis_14_AMRFinder/01_ncbi_download/efaecalis_genomes/ncbi_dataset/data/GCF_906464925.1/sequence_report.jsonl	GCF_906464925.1:7
GCF_906464925.1	Reproductive	894	PRJEB36950	tet(M)	TETRACYCLINE	Tetracycline	NZ_OD940436.1	NZ_OD940436.1	contig000003	Plasmid	Accepted AMRFinderPlus hit (Functional_matrix_status=included_in_functional_presence); exact contig-accession match to NCBI Datasets sequence_report.jsonl; assignedMoleculeLocationType=Plasmid	51669	assembled-molecule	local_archive/large_outputs/Efaecalis_14_AMRFinder/01_ncbi_download/efaecalis_genomes/ncbi_dataset/data/GCF_906464925.1/sequence_report.jsonl	GCF_906464925.1:8
