Genome,Source,Raw_record_ID,Raw_row_in_file,Gene,Element_name,Scope,Type,Subtype,Class,Subclass,Method,Protein_ID,Contig_ID,Start,Stop,Strand,Target_length,Reference_sequence_length,Coverage_reference_percent,Identity_reference_percent,Alignment_length,Closest_reference_accession,Closest_reference_name,HMM_accession,HMM_description,Original_file,Class_for_analysis,Subclass_for_analysis,Potential_duplicate_record,Functional_status,Coverage_below_80,Flag_reason,Functional_matrix_status
GCA_029011255.1,Reproductive,GCA_029011255.1:1,1,lsa(A),ABC-F type ribosomal protection protein Lsa(A),core,AMR,AMR,LINCOSAMIDE/STREPTOGRAMIN,LINCOSAMIDE/STREPTOGRAMIN,BLASTX,,CP118048.1,2136910,2138403,-,498,498,100,99.2,498,WP_002387187.1,ABC-F type ribosomal protection protein Lsa(A),,,GCA_029011255.1.amrfinder.tsv,LINCOSAMIDE/STREPTOGRAMIN,LINCOSAMIDE/STREPTOGRAMIN,FALSE,accepted_functional_amr_detection,FALSE,,included_in_functional_presence
GCA_029011395.1,Reproductive,GCA_029011395.1:1,1,tet(M),tetracycline resistance ribosomal protection protein Tet(M),core,AMR,AMR,TETRACYCLINE,TETRACYCLINE,EXACTX,,CP118057.1,153244,155160,+,639,639,100,100,639,WP_000691737.1,tetracycline resistance ribosomal protection protein Tet(M),,,GCA_029011395.1.amrfinder.tsv,TETRACYCLINE,TETRACYCLINE,FALSE,accepted_functional_amr_detection,FALSE,,included_in_functional_presence
GCA_029011395.1,Reproductive,GCA_029011395.1:2,2,lsa(A),ABC-F type ribosomal protection protein Lsa(A),core,AMR,AMR,LINCOSAMIDE/STREPTOGRAMIN,LINCOSAMIDE/STREPTOGRAMIN,BLASTX,,CP118057.1,723597,725090,+,498,498,100,99.4,498,WP_002387187.1,ABC-F type ribosomal protection protein Lsa(A),,,GCA_029011395.1.amrfinder.tsv,LINCOSAMIDE/STREPTOGRAMIN,LINCOSAMIDE/STREPTOGRAMIN,FALSE,accepted_functional_amr_detection,FALSE,,included_in_functional_presence
GCA_029011535.1,Reproductive,GCA_029011535.1:1,1,lsa(A),ABC-F type ribosomal protection protein Lsa(A),core,AMR,AMR,LINCOSAMIDE/STREPTOGRAMIN,LINCOSAMIDE/STREPTOGRAMIN,PARTIALX,,CP118072.1,724109,725263,+,385,498,77.31,100,385,WP_002398829.1,ABC-F type ribosomal protection protein Lsa(A),,,GCA_029011535.1.amrfinder.tsv,LINCOSAMIDE/STREPTOGRAMIN,LINCOSAMIDE/STREPTOGRAMIN,FALSE,excluded_from_functional_presence,TRUE,PARTIALX;coverage_below_80,excluded_from_functional_presence
GCA_029011535.1,Reproductive,GCA_029011535.1:2,2,tet(S),tetracycline resistance ribosomal protection protein Tet(S),core,AMR,AMR,TETRACYCLINE,TETRACYCLINE,EXACTX,,CP118072.1,1930701,1932623,+,641,641,100,100,641,WP_000691722.1,tetracycline resistance ribosomal protection protein Tet(S),,,GCA_029011535.1.amrfinder.tsv,TETRACYCLINE,TETRACYCLINE,FALSE,accepted_functional_amr_detection,FALSE,,included_in_functional_presence
GCA_029011535.1,Reproductive,GCA_029011535.1:3,3,erm(B),23S rRNA (adenine(2058)-N(6))-methyltransferase Erm(B),core,AMR,AMR,LINCOSAMIDE/MACROLIDE/STREPTOGRAMIN,CLINDAMYCIN/ERYTHROMYCIN/STREPTOGRAMIN B,EXACTX,,CP118073.1,54262,54996,-,245,245,100,100,245,WP_001038790.1,23S rRNA (adenine(2058)-N(6))-methyltransferase Erm(B),,,GCA_029011535.1.amrfinder.tsv,LINCOSAMIDE/MACROLIDE/STREPTOGRAMIN,CLINDAMYCIN/ERYTHROMYCIN/STREPTOGRAMIN B,FALSE,accepted_functional_amr_detection,FALSE,,included_in_functional_presence
GCA_029011745.1,Reproductive,GCA_029011745.1:1,1,tet(M),tetracycline resistance ribosomal protection protein Tet(M),core,AMR,AMR,TETRACYCLINE,TETRACYCLINE,EXACTX,,CP118085.1,312128,314044,+,639,639,100,100,639,WP_000691727.1,tetracycline resistance ribosomal protection protein Tet(M),,,GCA_029011745.1.amrfinder.tsv,TETRACYCLINE,TETRACYCLINE,FALSE,accepted_functional_amr_detection,FALSE,,included_in_functional_presence
GCA_029011745.1,Reproductive,GCA_029011745.1:2,2,lsa(A),ABC-F type ribosomal protection protein Lsa(A),core,AMR,AMR,LINCOSAMIDE/STREPTOGRAMIN,LINCOSAMIDE/STREPTOGRAMIN,PARTIALX,,CP118085.1,2382644,2383798,-,385,498,77.31,99.48,385,WP_002387187.1,ABC-F type ribosomal protection protein Lsa(A),,,GCA_029011745.1.amrfinder.tsv,LINCOSAMIDE/STREPTOGRAMIN,LINCOSAMIDE/STREPTOGRAMIN,FALSE,excluded_from_functional_presence,TRUE,PARTIALX;coverage_below_80,excluded_from_functional_presence
GCF_049262565.1,Reproductive,GCF_049262565.1:1,1,lsa(A),ABC-F type ribosomal protection protein Lsa(A),core,AMR,AMR,LINCOSAMIDE/STREPTOGRAMIN,LINCOSAMIDE/STREPTOGRAMIN,EXACTX,,NZ_CP185997.1,2333107,2334600,-,498,498,100,100,498,WP_002365053.1,ABC-F type ribosomal protection protein Lsa(A),,,GCF_049262565.1.amrfinder.tsv,LINCOSAMIDE/STREPTOGRAMIN,LINCOSAMIDE/STREPTOGRAMIN,FALSE,accepted_functional_amr_detection,FALSE,,included_in_functional_presence
GCF_049262565.1,Reproductive,GCF_049262565.1:2,2,tet(M),tetracycline resistance ribosomal protection protein Tet(M),core,AMR,AMR,TETRACYCLINE,TETRACYCLINE,INTERNAL_STOP,,NZ_CP185997.1,2469444,2470607,+,388,639,60.72,98.45,388,WP_063856115.1,tetracycline resistance ribosomal protection protein Tet(M),,,GCF_049262565.1.amrfinder.tsv,TETRACYCLINE,TETRACYCLINE,FALSE,excluded_from_functional_presence,TRUE,INTERNAL_STOP;coverage_below_80,excluded_from_functional_presence
GCF_049262565.1,Reproductive,GCF_049262565.1:3,3,erm(B),23S rRNA (adenine(2058)-N(6))-methyltransferase Erm(B),core,AMR,AMR,LINCOSAMIDE/MACROLIDE/STREPTOGRAMIN,CLINDAMYCIN/ERYTHROMYCIN/STREPTOGRAMIN B,EXACTX,,NZ_CP185999.1,21851,22585,+,245,245,100,100,245,WP_001038790.1,23S rRNA (adenine(2058)-N(6))-methyltransferase Erm(B),,,GCF_049262565.1.amrfinder.tsv,LINCOSAMIDE/MACROLIDE/STREPTOGRAMIN,CLINDAMYCIN/ERYTHROMYCIN/STREPTOGRAMIN B,FALSE,accepted_functional_amr_detection,FALSE,,included_in_functional_presence
GCF_053117575.1,Reproductive,GCF_053117575.1:1,1,tet(M),tetracycline resistance ribosomal protection protein Tet(M),core,AMR,AMR,TETRACYCLINE,TETRACYCLINE,EXACTX,,NZ_CP181216.1,883721,885637,+,639,639,100,100,639,WP_002364936.1,tetracycline resistance ribosomal protection protein Tet(M),,,GCF_053117575.1.amrfinder.tsv,TETRACYCLINE,TETRACYCLINE,FALSE,accepted_functional_amr_detection,FALSE,,included_in_functional_presence
GCF_053117575.1,Reproductive,GCF_053117575.1:2,2,erm(B),23S rRNA (adenine(2058)-N(6))-methyltransferase Erm(B),core,AMR,AMR,LINCOSAMIDE/MACROLIDE/STREPTOGRAMIN,CLINDAMYCIN/ERYTHROMYCIN/STREPTOGRAMIN B,EXACTX,,NZ_CP181216.1,1535738,1536472,-,245,245,100,100,245,WP_002292226.1,23S rRNA (adenine(2058)-N(6))-methyltransferase Erm(B),,,GCF_053117575.1.amrfinder.tsv,LINCOSAMIDE/MACROLIDE/STREPTOGRAMIN,CLINDAMYCIN/ERYTHROMYCIN/STREPTOGRAMIN B,FALSE,accepted_functional_amr_detection,FALSE,,included_in_functional_presence
GCF_053117575.1,Reproductive,GCF_053117575.1:3,3,ant(6)-Ia,aminoglycoside nucleotidyltransferase ANT(6)-Ia,core,AMR,AMR,AMINOGLYCOSIDE,STREPTOMYCIN,PARTIALX,,NZ_CP181216.1,1540802,1541308,-,169,287,58.89,99.41,169,WP_002294505.1,aminoglycoside nucleotidyltransferase ANT(6)-Ia,,,GCF_053117575.1.amrfinder.tsv,AMINOGLYCOSIDE,STREPTOMYCIN,FALSE,excluded_from_functional_presence,TRUE,PARTIALX;coverage_below_80,excluded_from_functional_presence
GCF_053117575.1,Reproductive,GCF_053117575.1:4,4,aph(3')-IIIa,aminoglycoside O-phosphotransferase APH(3')-IIIa,core,AMR,AMR,AMINOGLYCOSIDE,AMIKACIN/KANAMYCIN,EXACTX,,NZ_CP181216.1,1541791,1542582,-,264,264,100,100,264,WP_001096887.1,aminoglycoside O-phosphotransferase APH(3')-IIIa,,,GCF_053117575.1.amrfinder.tsv,AMINOGLYCOSIDE,AMIKACIN/KANAMYCIN,FALSE,accepted_functional_amr_detection,FALSE,,included_in_functional_presence
GCF_053117575.1,Reproductive,GCF_053117575.1:5,5,sat4,streptothricin N-acetyltransferase Sat4,core,AMR,AMR,STREPTOTHRICIN,STREPTOTHRICIN,EXACTX,,NZ_CP181216.1,1542678,1543217,-,180,180,100,100,180,WP_000627290.1,streptothricin N-acetyltransferase Sat4,,,GCF_053117575.1.amrfinder.tsv,STREPTOTHRICIN,STREPTOTHRICIN,FALSE,accepted_functional_amr_detection,FALSE,,included_in_functional_presence
GCF_053117575.1,Reproductive,GCF_053117575.1:6,6,ant(6)-Ia,aminoglycoside nucleotidyltransferase ANT(6)-Ia,core,AMR,AMR,AMINOGLYCOSIDE,STREPTOMYCIN,PARTIALX,,NZ_CP181216.1,1543217,1544011,-,265,302,87.75,100,265,WP_001255866.1,aminoglycoside nucleotidyltransferase ANT(6)-Ia,,,GCF_053117575.1.amrfinder.tsv,AMINOGLYCOSIDE,STREPTOMYCIN,FALSE,excluded_from_functional_presence,FALSE,PARTIALX,excluded_from_functional_presence
GCF_053117575.1,Reproductive,GCF_053117575.1:7,7,aac(6')-Ie/aph(2'')-Ia,bifunctional aminoglycoside N-acetyltransferase AAC(6')-Ie/aminoglycoside O-phosphotransferase APH(2'')-Ia,core,AMR,AMR,AMINOGLYCOSIDE,AMIKACIN/GENTAMICIN/KANAMYCIN/TOBRAMYCIN,EXACTX,,NZ_CP181216.1,1544184,1545620,-,479,479,100,100,479,WP_001028144.1,bifunctional aminoglycoside N-acetyltransferase AAC(6')-Ie/aminoglycoside O-phosphotransferase APH(2'')-Ia,,,GCF_053117575.1.amrfinder.tsv,AMINOGLYCOSIDE,AMIKACIN/GENTAMICIN/KANAMYCIN/TOBRAMYCIN,FALSE,accepted_functional_amr_detection,FALSE,,included_in_functional_presence
GCF_053117575.1,Reproductive,GCF_053117575.1:8,8,erm(B),23S rRNA (adenine(2058)-N(6))-methyltransferase Erm(B),core,AMR,AMR,LINCOSAMIDE/MACROLIDE/STREPTOGRAMIN,CLINDAMYCIN/ERYTHROMYCIN/STREPTOGRAMIN B,EXACTX,,NZ_CP181216.1,1546450,1547184,-,245,245,100,100,245,WP_002292226.1,23S rRNA (adenine(2058)-N(6))-methyltransferase Erm(B),,,GCF_053117575.1.amrfinder.tsv,LINCOSAMIDE/MACROLIDE/STREPTOGRAMIN,CLINDAMYCIN/ERYTHROMYCIN/STREPTOGRAMIN B,FALSE,accepted_functional_amr_detection,FALSE,,included_in_functional_presence
GCF_053117575.1,Reproductive,GCF_053117575.1:9,9,lsa(A),ABC-F type ribosomal protection protein Lsa(A),core,AMR,AMR,LINCOSAMIDE/STREPTOGRAMIN,LINCOSAMIDE/STREPTOGRAMIN,BLASTX,,NZ_CP181216.1,2423346,2424839,-,498,498,100,99,498,WP_002398829.1,ABC-F type ribosomal protection protein Lsa(A),,,GCF_053117575.1.amrfinder.tsv,LINCOSAMIDE/STREPTOGRAMIN,LINCOSAMIDE/STREPTOGRAMIN,FALSE,accepted_functional_amr_detection,FALSE,,included_in_functional_presence
GCF_053117585.1,Reproductive,GCF_053117585.1:1,1,dfrG,trimethoprim-resistant dihydrofolate reductase DfrG,core,AMR,AMR,TRIMETHOPRIM,TRIMETHOPRIM,EXACTX,,NZ_CP181214.1,159223,159717,+,165,165,100,100,165,WP_000868795.1,trimethoprim-resistant dihydrofolate reductase DfrG,,,GCF_053117585.1.amrfinder.tsv,TRIMETHOPRIM,TRIMETHOPRIM,FALSE,accepted_functional_amr_detection,FALSE,,included_in_functional_presence
GCF_053117585.1,Reproductive,GCF_053117585.1:2,2,tet(M),tetracycline resistance ribosomal protection protein Tet(M),core,AMR,AMR,TETRACYCLINE,TETRACYCLINE,EXACTX,,NZ_CP181214.1,911184,913100,+,639,639,100,100,639,WP_002364936.1,tetracycline resistance ribosomal protection protein Tet(M),,,GCF_053117585.1.amrfinder.tsv,TETRACYCLINE,TETRACYCLINE,FALSE,accepted_functional_amr_detection,FALSE,,included_in_functional_presence
GCF_053117585.1,Reproductive,GCF_053117585.1:3,3,ant(6)-Ia,aminoglycoside nucleotidyltransferase ANT(6)-Ia,core,AMR,AMR,AMINOGLYCOSIDE,STREPTOMYCIN,PARTIALX,,NZ_CP181214.1,1559069,1559818,-,250,287,87.11,100,250,WP_002294505.1,aminoglycoside nucleotidyltransferase ANT(6)-Ia,,,GCF_053117585.1.amrfinder.tsv,AMINOGLYCOSIDE,STREPTOMYCIN,FALSE,excluded_from_functional_presence,FALSE,PARTIALX,excluded_from_functional_presence
GCF_053117585.1,Reproductive,GCF_053117585.1:4,4,aac(6')-Ie/aph(2'')-Ia,bifunctional aminoglycoside N-acetyltransferase AAC(6')-Ie/aminoglycoside O-phosphotransferase APH(2'')-Ia,core,AMR,AMR,AMINOGLYCOSIDE,AMIKACIN/GENTAMICIN/KANAMYCIN/TOBRAMYCIN,EXACTX,,NZ_CP181214.1,1559991,1561427,-,479,479,100,100,479,WP_001028144.1,bifunctional aminoglycoside N-acetyltransferase AAC(6')-Ie/aminoglycoside O-phosphotransferase APH(2'')-Ia,,,GCF_053117585.1.amrfinder.tsv,AMINOGLYCOSIDE,AMIKACIN/GENTAMICIN/KANAMYCIN/TOBRAMYCIN,FALSE,accepted_functional_amr_detection,FALSE,,included_in_functional_presence
GCF_053117585.1,Reproductive,GCF_053117585.1:5,5,erm(B),23S rRNA (adenine(2058)-N(6))-methyltransferase Erm(B),core,AMR,AMR,LINCOSAMIDE/MACROLIDE/STREPTOGRAMIN,CLINDAMYCIN/ERYTHROMYCIN/STREPTOGRAMIN B,EXACTX,,NZ_CP181214.1,1562257,1562991,-,245,245,100,100,245,WP_002292226.1,23S rRNA (adenine(2058)-N(6))-methyltransferase Erm(B),,,GCF_053117585.1.amrfinder.tsv,LINCOSAMIDE/MACROLIDE/STREPTOGRAMIN,CLINDAMYCIN/ERYTHROMYCIN/STREPTOGRAMIN B,FALSE,accepted_functional_amr_detection,FALSE,,included_in_functional_presence
GCF_053117585.1,Reproductive,GCF_053117585.1:6,6,catA,type A-8 chloramphenicol O-acetyltransferase,core,AMR,AMR,PHENICOL,CHLORAMPHENICOL,EXACTX,,NZ_CP181214.1,1567506,1568150,+,215,215,100,100,215,WP_002352254.1,type A-8 chloramphenicol O-acetyltransferase,,,GCF_053117585.1.amrfinder.tsv,PHENICOL,CHLORAMPHENICOL,FALSE,accepted_functional_amr_detection,FALSE,,included_in_functional_presence
GCF_053117585.1,Reproductive,GCF_053117585.1:7,7,str,streptomycin adenylyltransferase Str,core,AMR,AMR,AMINOGLYCOSIDE,STREPTOMYCIN,EXACTX,,NZ_CP181214.1,1569208,1570053,+,282,282,100,100,282,WP_010711054.1,streptomycin adenylyltransferase Str,,,GCF_053117585.1.amrfinder.tsv,AMINOGLYCOSIDE,STREPTOMYCIN,FALSE,accepted_functional_amr_detection,FALSE,,included_in_functional_presence
GCF_053117585.1,Reproductive,GCF_053117585.1:8,8,lsa(A),ABC-F type ribosomal protection protein Lsa(A),core,AMR,AMR,LINCOSAMIDE/STREPTOGRAMIN,LINCOSAMIDE/STREPTOGRAMIN,BLASTX,,NZ_CP181214.1,2358348,2359841,-,498,498,100,99.4,498,WP_002365053.1,ABC-F type ribosomal protection protein Lsa(A),,,GCF_053117585.1.amrfinder.tsv,LINCOSAMIDE/STREPTOGRAMIN,LINCOSAMIDE/STREPTOGRAMIN,FALSE,accepted_functional_amr_detection,FALSE,,included_in_functional_presence
GCF_053117655.1,Reproductive,GCF_053117655.1:1,1,tet(M),tetracycline resistance ribosomal protection protein Tet(M),core,AMR,AMR,TETRACYCLINE,TETRACYCLINE,EXACTX,,NZ_CP181220.1,821941,823857,+,639,639,100,100,639,WP_002364936.1,tetracycline resistance ribosomal protection protein Tet(M),,,GCF_053117655.1.amrfinder.tsv,TETRACYCLINE,TETRACYCLINE,FALSE,accepted_functional_amr_detection,FALSE,,included_in_functional_presence
GCF_053117655.1,Reproductive,GCF_053117655.1:2,2,erm(B),23S rRNA (adenine(2058)-N(6))-methyltransferase Erm(B),core,AMR,AMR,LINCOSAMIDE/MACROLIDE/STREPTOGRAMIN,CLINDAMYCIN/ERYTHROMYCIN/STREPTOGRAMIN B,EXACTX,,NZ_CP181220.1,1473425,1474159,-,245,245,100,100,245,WP_002292226.1,23S rRNA (adenine(2058)-N(6))-methyltransferase Erm(B),,,GCF_053117655.1.amrfinder.tsv,LINCOSAMIDE/MACROLIDE/STREPTOGRAMIN,CLINDAMYCIN/ERYTHROMYCIN/STREPTOGRAMIN B,FALSE,accepted_functional_amr_detection,FALSE,,included_in_functional_presence
GCF_053117655.1,Reproductive,GCF_053117655.1:3,3,ant(6)-Ia,aminoglycoside nucleotidyltransferase ANT(6)-Ia,core,AMR,AMR,AMINOGLYCOSIDE,STREPTOMYCIN,EXACTX,,NZ_CP181220.1,1478487,1479347,-,287,287,100,100,287,WP_002294505.1,aminoglycoside nucleotidyltransferase ANT(6)-Ia,,,GCF_053117655.1.amrfinder.tsv,AMINOGLYCOSIDE,STREPTOMYCIN,FALSE,accepted_functional_amr_detection,FALSE,,included_in_functional_presence
GCF_053117655.1,Reproductive,GCF_053117655.1:4,4,lsa(E),ABC-F type ribosomal protection protein Lsa(E),core,AMR,AMR,LINCOSAMIDE/STREPTOGRAMIN,LINCOSAMIDE/STREPTOGRAMIN,PARTIALX,,NZ_CP181220.1,1484766,1485566,-,267,494,53.85,99.25,267,WP_002294513.1,ABC-F type ribosomal protection protein Lsa(E),,,GCF_053117655.1.amrfinder.tsv,LINCOSAMIDE/STREPTOGRAMIN,LINCOSAMIDE/STREPTOGRAMIN,FALSE,excluded_from_functional_presence,TRUE,PARTIALX;coverage_below_80,excluded_from_functional_presence
GCF_053117655.1,Reproductive,GCF_053117655.1:5,5,ant(6)-Ia,aminoglycoside nucleotidyltransferase ANT(6)-Ia,core,AMR,AMR,AMINOGLYCOSIDE,STREPTOMYCIN,PARTIALX,,NZ_CP181220.1,1489147,1489653,-,169,287,58.89,99.41,169,WP_002294505.1,aminoglycoside nucleotidyltransferase ANT(6)-Ia,,,GCF_053117655.1.amrfinder.tsv,AMINOGLYCOSIDE,STREPTOMYCIN,FALSE,excluded_from_functional_presence,TRUE,PARTIALX;coverage_below_80,excluded_from_functional_presence
GCF_053117655.1,Reproductive,GCF_053117655.1:6,6,aph(3')-IIIa,aminoglycoside O-phosphotransferase APH(3')-IIIa,core,AMR,AMR,AMINOGLYCOSIDE,AMIKACIN/KANAMYCIN,EXACTX,,NZ_CP181220.1,1490134,1490925,-,264,264,100,100,264,WP_001096887.1,aminoglycoside O-phosphotransferase APH(3')-IIIa,,,GCF_053117655.1.amrfinder.tsv,AMINOGLYCOSIDE,AMIKACIN/KANAMYCIN,FALSE,accepted_functional_amr_detection,FALSE,,included_in_functional_presence
GCF_053117655.1,Reproductive,GCF_053117655.1:7,7,sat4,streptothricin N-acetyltransferase Sat4,core,AMR,AMR,STREPTOTHRICIN,STREPTOTHRICIN,INTERNAL_STOP,,NZ_CP181220.1,1491203,1491562,-,120,180,66.67,95.83,120,WP_000627290.1,streptothricin N-acetyltransferase Sat4,,,GCF_053117655.1.amrfinder.tsv,STREPTOTHRICIN,STREPTOTHRICIN,FALSE,excluded_from_functional_presence,TRUE,INTERNAL_STOP;coverage_below_80,excluded_from_functional_presence
GCF_053117655.1,Reproductive,GCF_053117655.1:8,8,ant(6)-Ia,aminoglycoside nucleotidyltransferase ANT(6)-Ia,core,AMR,AMR,AMINOGLYCOSIDE,STREPTOMYCIN,PARTIALX,,NZ_CP181220.1,1491562,1492359,-,266,302,87.75,99.62,266,WP_001255866.1,aminoglycoside nucleotidyltransferase ANT(6)-Ia,,,GCF_053117655.1.amrfinder.tsv,AMINOGLYCOSIDE,STREPTOMYCIN,FALSE,excluded_from_functional_presence,FALSE,PARTIALX,excluded_from_functional_presence
GCF_053117655.1,Reproductive,GCF_053117655.1:9,9,erm(B),23S rRNA (adenine(2058)-N(6))-methyltransferase Erm(B),core,AMR,AMR,LINCOSAMIDE/MACROLIDE/STREPTOGRAMIN,CLINDAMYCIN/ERYTHROMYCIN/STREPTOGRAMIN B,EXACTX,,NZ_CP181220.1,1494803,1495537,-,245,245,100,100,245,WP_002292226.1,23S rRNA (adenine(2058)-N(6))-methyltransferase Erm(B),,,GCF_053117655.1.amrfinder.tsv,LINCOSAMIDE/MACROLIDE/STREPTOGRAMIN,CLINDAMYCIN/ERYTHROMYCIN/STREPTOGRAMIN B,FALSE,accepted_functional_amr_detection,FALSE,,included_in_functional_presence
GCF_053117655.1,Reproductive,GCF_053117655.1:10,10,lsa(A),ABC-F type ribosomal protection protein Lsa(A),core,AMR,AMR,LINCOSAMIDE/STREPTOGRAMIN,LINCOSAMIDE/STREPTOGRAMIN,BLASTX,,NZ_CP181220.1,2258736,2260229,-,498,498,100,99,498,WP_002398829.1,ABC-F type ribosomal protection protein Lsa(A),,,GCF_053117655.1.amrfinder.tsv,LINCOSAMIDE/STREPTOGRAMIN,LINCOSAMIDE/STREPTOGRAMIN,FALSE,accepted_functional_amr_detection,FALSE,,included_in_functional_presence
GCF_053117665.1,Reproductive,GCF_053117665.1:1,1,lsa(A),ABC-F type ribosomal protection protein Lsa(A),core,AMR,AMR,LINCOSAMIDE/STREPTOGRAMIN,LINCOSAMIDE/STREPTOGRAMIN,BLASTX,,NZ_CP181222.1,652358,653851,+,498,498,100,99.6,498,WP_002365053.1,ABC-F type ribosomal protection protein Lsa(A),,,GCF_053117665.1.amrfinder.tsv,LINCOSAMIDE/STREPTOGRAMIN,LINCOSAMIDE/STREPTOGRAMIN,FALSE,accepted_functional_amr_detection,FALSE,,included_in_functional_presence
GCF_053117665.1,Reproductive,GCF_053117665.1:2,2,tet(M),tetracycline resistance ribosomal protection protein Tet(M),core,AMR,AMR,TETRACYCLINE,TETRACYCLINE,EXACTX,,NZ_CP181222.1,2666380,2668296,+,639,639,100,100,639,WP_000691746.1,tetracycline resistance ribosomal protection protein Tet(M),,,GCF_053117665.1.amrfinder.tsv,TETRACYCLINE,TETRACYCLINE,FALSE,accepted_functional_amr_detection,FALSE,,included_in_functional_presence
GCF_053117665.1,Reproductive,GCF_053117665.1:3,3,sat4,streptothricin N-acetyltransferase Sat4,core,AMR,AMR,STREPTOTHRICIN,STREPTOTHRICIN,EXACTX,,NZ_CP181224.1,43578,44117,+,180,180,100,100,180,WP_000627290.1,streptothricin N-acetyltransferase Sat4,,,GCF_053117665.1.amrfinder.tsv,STREPTOTHRICIN,STREPTOTHRICIN,FALSE,accepted_functional_amr_detection,FALSE,,included_in_functional_presence
GCF_053117665.1,Reproductive,GCF_053117665.1:4,4,aph(3')-IIIa,aminoglycoside O-phosphotransferase APH(3')-IIIa,core,AMR,AMR,AMINOGLYCOSIDE,AMIKACIN/KANAMYCIN,EXACTX,,NZ_CP181224.1,44213,45004,+,264,264,100,100,264,WP_001096887.1,aminoglycoside O-phosphotransferase APH(3')-IIIa,,,GCF_053117665.1.amrfinder.tsv,AMINOGLYCOSIDE,AMIKACIN/KANAMYCIN,FALSE,accepted_functional_amr_detection,FALSE,,included_in_functional_presence
GCF_053117665.1,Reproductive,GCF_053117665.1:5,5,ant(6)-Ia,aminoglycoside nucleotidyltransferase ANT(6)-Ia,core,AMR,AMR,AMINOGLYCOSIDE,STREPTOMYCIN,EXACTX,,NZ_CP181225.1,39639,40544,+,302,302,100,100,302,WP_001255866.1,aminoglycoside nucleotidyltransferase ANT(6)-Ia,,,GCF_053117665.1.amrfinder.tsv,AMINOGLYCOSIDE,STREPTOMYCIN,FALSE,accepted_functional_amr_detection,FALSE,,included_in_functional_presence
GCF_053117665.1,Reproductive,GCF_053117665.1:6,6,sat4,streptothricin N-acetyltransferase Sat4,core,AMR,AMR,STREPTOTHRICIN,STREPTOTHRICIN,EXACTX,,NZ_CP181225.1,40544,41083,+,180,180,100,100,180,WP_000627290.1,streptothricin N-acetyltransferase Sat4,,,GCF_053117665.1.amrfinder.tsv,STREPTOTHRICIN,STREPTOTHRICIN,FALSE,accepted_functional_amr_detection,FALSE,,included_in_functional_presence
GCF_053117665.1,Reproductive,GCF_053117665.1:7,7,aph(3')-IIIa,aminoglycoside O-phosphotransferase APH(3')-IIIa,core,AMR,AMR,AMINOGLYCOSIDE,AMIKACIN/KANAMYCIN,EXACTX,,NZ_CP181225.1,41179,41970,+,264,264,100,100,264,WP_001096887.1,aminoglycoside O-phosphotransferase APH(3')-IIIa,,,GCF_053117665.1.amrfinder.tsv,AMINOGLYCOSIDE,AMIKACIN/KANAMYCIN,FALSE,accepted_functional_amr_detection,FALSE,,included_in_functional_presence
GCF_053117665.1,Reproductive,GCF_053117665.1:8,8,erm(B),23S rRNA (adenine(2058)-N(6))-methyltransferase Erm(B),core,AMR,AMR,LINCOSAMIDE/MACROLIDE/STREPTOGRAMIN,CLINDAMYCIN/ERYTHROMYCIN/STREPTOGRAMIN B,EXACTX,,NZ_CP181225.1,42723,43457,+,245,245,100,100,245,WP_002292226.1,23S rRNA (adenine(2058)-N(6))-methyltransferase Erm(B),,,GCF_053117665.1.amrfinder.tsv,LINCOSAMIDE/MACROLIDE/STREPTOGRAMIN,CLINDAMYCIN/ERYTHROMYCIN/STREPTOGRAMIN B,FALSE,accepted_functional_amr_detection,FALSE,,included_in_functional_presence
GCF_053117675.1,Reproductive,GCF_053117675.1:1,1,gyrA_S83Y,Enterococcus faecalis quinolone resistant GyrA,core,AMR,POINT,QUINOLONE,QUINOLONE,POINTX,,NZ_CP181226.1,6137,8635,+,833,833,100,99.64,833,WP_033785346.1,DNA gyrase subunit A GyrA,,,GCF_053117675.1.amrfinder.tsv,QUINOLONE,QUINOLONE,FALSE,accepted_functional_amr_detection,FALSE,,included_in_functional_presence
GCF_053117675.1,Reproductive,GCF_053117675.1:2,2,parC_S80I,Enterococcus faecalis quinolone resistant ParC,core,AMR,POINT,QUINOLONE,QUINOLONE,POINTX,,NZ_CP181226.1,1501361,1503820,-,820,820,100,99.76,820,WP_002371880.1,DNA topoisomerase IV subunit A ParC,,,GCF_053117675.1.amrfinder.tsv,QUINOLONE,QUINOLONE,FALSE,accepted_functional_amr_detection,FALSE,,included_in_functional_presence
GCF_053117675.1,Reproductive,GCF_053117675.1:3,3,erm(B),23S rRNA (adenine(2058)-N(6))-methyltransferase Erm(B),core,AMR,AMR,LINCOSAMIDE/MACROLIDE/STREPTOGRAMIN,CLINDAMYCIN/ERYTHROMYCIN/STREPTOGRAMIN B,BLASTX,,NZ_CP181226.1,1543787,1544506,-,240,245,97.96,97.92,240,WP_002292226.1,23S rRNA (adenine(2058)-N(6))-methyltransferase Erm(B),,,GCF_053117675.1.amrfinder.tsv,LINCOSAMIDE/MACROLIDE/STREPTOGRAMIN,CLINDAMYCIN/ERYTHROMYCIN/STREPTOGRAMIN B,FALSE,accepted_functional_amr_detection,FALSE,,included_in_functional_presence
GCF_053117675.1,Reproductive,GCF_053117675.1:4,4,ant(6)-Ia,aminoglycoside nucleotidyltransferase ANT(6)-Ia,core,AMR,AMR,AMINOGLYCOSIDE,STREPTOMYCIN,EXACTX,,NZ_CP181226.1,1548849,1549709,-,287,287,100,100,287,WP_002294505.1,aminoglycoside nucleotidyltransferase ANT(6)-Ia,,,GCF_053117675.1.amrfinder.tsv,AMINOGLYCOSIDE,STREPTOMYCIN,FALSE,accepted_functional_amr_detection,FALSE,,included_in_functional_presence
GCF_053117675.1,Reproductive,GCF_053117675.1:5,5,lnu(B),lincosamide nucleotidyltransferase Lnu(B),core,AMR,AMR,LINCOSAMIDE,LINCOSAMIDE,EXACTX,,NZ_CP181226.1,1553595,1554395,-,267,267,100,100,267,WP_002294514.1,lincosamide nucleotidyltransferase Lnu(B),,,GCF_053117675.1.amrfinder.tsv,LINCOSAMIDE,LINCOSAMIDE,FALSE,accepted_functional_amr_detection,FALSE,,included_in_functional_presence
GCF_053117675.1,Reproductive,GCF_053117675.1:6,6,lsa(E),ABC-F type ribosomal protection protein Lsa(E),core,AMR,AMR,LINCOSAMIDE/STREPTOGRAMIN,LINCOSAMIDE/STREPTOGRAMIN,EXACTX,,NZ_CP181226.1,1554452,1555933,-,494,494,100,100,494,WP_002294513.1,ABC-F type ribosomal protection protein Lsa(E),,,GCF_053117675.1.amrfinder.tsv,LINCOSAMIDE/STREPTOGRAMIN,LINCOSAMIDE/STREPTOGRAMIN,FALSE,accepted_functional_amr_detection,FALSE,,included_in_functional_presence
GCF_053117675.1,Reproductive,GCF_053117675.1:7,7,spw,ANT(9) family aminoglycoside nucleotidyltransferase Spw,core,AMR,AMR,AMINOGLYCOSIDE,AMINOGLYCOSIDE,EXACTX,,NZ_CP181226.1,1558003,1558809,-,269,269,100,100,269,WP_002294509.1,ANT(9) family aminoglycoside nucleotidyltransferase Spw,,,GCF_053117675.1.amrfinder.tsv,AMINOGLYCOSIDE,AMINOGLYCOSIDE,FALSE,accepted_functional_amr_detection,FALSE,,included_in_functional_presence
GCF_053117675.1,Reproductive,GCF_053117675.1:8,8,ant(6)-Ia,aminoglycoside nucleotidyltransferase ANT(6)-Ia,core,AMR,AMR,AMINOGLYCOSIDE,STREPTOMYCIN,PARTIALX,,NZ_CP181226.1,1559514,1560020,-,169,287,58.89,99.41,169,WP_002294505.1,aminoglycoside nucleotidyltransferase ANT(6)-Ia,,,GCF_053117675.1.amrfinder.tsv,AMINOGLYCOSIDE,STREPTOMYCIN,FALSE,excluded_from_functional_presence,TRUE,PARTIALX;coverage_below_80,excluded_from_functional_presence
GCF_053117675.1,Reproductive,GCF_053117675.1:9,9,aph(3')-IIIa,aminoglycoside O-phosphotransferase APH(3')-IIIa,core,AMR,AMR,AMINOGLYCOSIDE,AMIKACIN/KANAMYCIN,EXACTX,,NZ_CP181226.1,1560503,1561294,-,264,264,100,100,264,WP_001096887.1,aminoglycoside O-phosphotransferase APH(3')-IIIa,,,GCF_053117675.1.amrfinder.tsv,AMINOGLYCOSIDE,AMIKACIN/KANAMYCIN,FALSE,accepted_functional_amr_detection,FALSE,,included_in_functional_presence
GCF_053117675.1,Reproductive,GCF_053117675.1:10,10,sat4,streptothricin N-acetyltransferase Sat4,core,AMR,AMR,STREPTOTHRICIN,STREPTOTHRICIN,EXACTX,,NZ_CP181226.1,1561390,1561929,-,180,180,100,100,180,WP_000627290.1,streptothricin N-acetyltransferase Sat4,,,GCF_053117675.1.amrfinder.tsv,STREPTOTHRICIN,STREPTOTHRICIN,FALSE,accepted_functional_amr_detection,FALSE,,included_in_functional_presence
GCF_053117675.1,Reproductive,GCF_053117675.1:11,11,ant(6)-Ia,aminoglycoside nucleotidyltransferase ANT(6)-Ia,core,AMR,AMR,AMINOGLYCOSIDE,STREPTOMYCIN,PARTIALX,,NZ_CP181226.1,1561929,1562723,-,265,302,87.75,100,265,WP_001255866.1,aminoglycoside nucleotidyltransferase ANT(6)-Ia,,,GCF_053117675.1.amrfinder.tsv,AMINOGLYCOSIDE,STREPTOMYCIN,FALSE,excluded_from_functional_presence,FALSE,PARTIALX,excluded_from_functional_presence
GCF_053117675.1,Reproductive,GCF_053117675.1:12,12,erm(B),23S rRNA (adenine(2058)-N(6))-methyltransferase Erm(B),core,AMR,AMR,LINCOSAMIDE/MACROLIDE/STREPTOGRAMIN,CLINDAMYCIN/ERYTHROMYCIN/STREPTOGRAMIN B,EXACTX,,NZ_CP181226.1,1565153,1565887,-,245,245,100,100,245,WP_002292226.1,23S rRNA (adenine(2058)-N(6))-methyltransferase Erm(B),,,GCF_053117675.1.amrfinder.tsv,LINCOSAMIDE/MACROLIDE/STREPTOGRAMIN,CLINDAMYCIN/ERYTHROMYCIN/STREPTOGRAMIN B,FALSE,accepted_functional_amr_detection,FALSE,,included_in_functional_presence
GCF_053117675.1,Reproductive,GCF_053117675.1:13,13,lsa(A),ABC-F type ribosomal protection protein Lsa(A),core,AMR,AMR,LINCOSAMIDE/STREPTOGRAMIN,LINCOSAMIDE/STREPTOGRAMIN,BLASTX,,NZ_CP181226.1,2299482,2300975,-,498,498,100,99.6,498,WP_002398829.1,ABC-F type ribosomal protection protein Lsa(A),,,GCF_053117675.1.amrfinder.tsv,LINCOSAMIDE/STREPTOGRAMIN,LINCOSAMIDE/STREPTOGRAMIN,FALSE,accepted_functional_amr_detection,FALSE,,included_in_functional_presence
GCF_053117675.1,Reproductive,GCF_053117675.1:14,14,dfrG,trimethoprim-resistant dihydrofolate reductase DfrG,core,AMR,AMR,TRIMETHOPRIM,TRIMETHOPRIM,EXACTX,,NZ_CP181226.1,2318834,2319328,+,165,165,100,100,165,WP_000868795.1,trimethoprim-resistant dihydrofolate reductase DfrG,,,GCF_053117675.1.amrfinder.tsv,TRIMETHOPRIM,TRIMETHOPRIM,FALSE,accepted_functional_amr_detection,FALSE,,included_in_functional_presence
GCF_053117675.1,Reproductive,GCF_053117675.1:15,15,tet(L),tetracycline efflux MFS transporter Tet(L),core,AMR,AMR,TETRACYCLINE,TETRACYCLINE,EXACTX,,NZ_CP181226.1,2829757,2831130,-,458,458,100,100,458,WP_001574277.1,tetracycline efflux MFS transporter Tet(L),,,GCF_053117675.1.amrfinder.tsv,TETRACYCLINE,TETRACYCLINE,FALSE,accepted_functional_amr_detection,FALSE,,included_in_functional_presence
GCF_053117675.1,Reproductive,GCF_053117675.1:16,16,tet(M),tetracycline resistance ribosomal protection protein Tet(M),core,AMR,AMR,TETRACYCLINE,TETRACYCLINE,EXACTX,,NZ_CP181226.1,2831327,2833243,-,639,639,100,100,639,WP_001574275.1,tetracycline resistance ribosomal protection protein Tet(M),,,GCF_053117675.1.amrfinder.tsv,TETRACYCLINE,TETRACYCLINE,FALSE,accepted_functional_amr_detection,FALSE,,included_in_functional_presence
GCF_053117685.1,Reproductive,GCF_053117685.1:1,1,lsa(A),ABC-F type ribosomal protection protein Lsa(A),core,AMR,AMR,LINCOSAMIDE/STREPTOGRAMIN,LINCOSAMIDE/STREPTOGRAMIN,BLASTX,,NZ_CP181229.1,720484,721977,+,498,498,100,99,498,WP_002398829.1,ABC-F type ribosomal protection protein Lsa(A),,,GCF_053117685.1.amrfinder.tsv,LINCOSAMIDE/STREPTOGRAMIN,LINCOSAMIDE/STREPTOGRAMIN,FALSE,accepted_functional_amr_detection,FALSE,,included_in_functional_presence
GCF_053117685.1,Reproductive,GCF_053117685.1:2,2,erm(B),23S rRNA (adenine(2058)-N(6))-methyltransferase Erm(B),core,AMR,AMR,LINCOSAMIDE/MACROLIDE/STREPTOGRAMIN,CLINDAMYCIN/ERYTHROMYCIN/STREPTOGRAMIN B,EXACTX,,NZ_CP181229.1,1561510,1562244,+,245,245,100,100,245,WP_002292226.1,23S rRNA (adenine(2058)-N(6))-methyltransferase Erm(B),,,GCF_053117685.1.amrfinder.tsv,LINCOSAMIDE/MACROLIDE/STREPTOGRAMIN,CLINDAMYCIN/ERYTHROMYCIN/STREPTOGRAMIN B,FALSE,accepted_functional_amr_detection,FALSE,,included_in_functional_presence
GCF_053117685.1,Reproductive,GCF_053117685.1:3,3,aac(6')-Ie/aph(2'')-Ia,bifunctional aminoglycoside N-acetyltransferase AAC(6')-Ie/aminoglycoside O-phosphotransferase APH(2'')-Ia,core,AMR,AMR,AMINOGLYCOSIDE,AMIKACIN/GENTAMICIN/KANAMYCIN/TOBRAMYCIN,BLASTX,,NZ_CP181229.1,1563074,1564510,+,479,479,100,99.79,479,WP_001028144.1,bifunctional aminoglycoside N-acetyltransferase AAC(6')-Ie/aminoglycoside O-phosphotransferase APH(2'')-Ia,,,GCF_053117685.1.amrfinder.tsv,AMINOGLYCOSIDE,AMIKACIN/GENTAMICIN/KANAMYCIN/TOBRAMYCIN,FALSE,accepted_functional_amr_detection,FALSE,,included_in_functional_presence
GCF_053117685.1,Reproductive,GCF_053117685.1:4,4,ant(6)-Ia,aminoglycoside nucleotidyltransferase ANT(6)-Ia,core,AMR,AMR,AMINOGLYCOSIDE,STREPTOMYCIN,PARTIALX,,NZ_CP181229.1,1564683,1565477,+,265,302,87.75,100,265,WP_001255866.1,aminoglycoside nucleotidyltransferase ANT(6)-Ia,,,GCF_053117685.1.amrfinder.tsv,AMINOGLYCOSIDE,STREPTOMYCIN,FALSE,excluded_from_functional_presence,FALSE,PARTIALX,excluded_from_functional_presence
GCF_053117685.1,Reproductive,GCF_053117685.1:5,5,sat4,streptothricin N-acetyltransferase Sat4,core,AMR,AMR,STREPTOTHRICIN,STREPTOTHRICIN,EXACTX,,NZ_CP181229.1,1565477,1566016,+,180,180,100,100,180,WP_000627290.1,streptothricin N-acetyltransferase Sat4,,,GCF_053117685.1.amrfinder.tsv,STREPTOTHRICIN,STREPTOTHRICIN,FALSE,accepted_functional_amr_detection,FALSE,,included_in_functional_presence
GCF_053117685.1,Reproductive,GCF_053117685.1:6,6,aph(3')-IIIa,aminoglycoside O-phosphotransferase APH(3')-IIIa,core,AMR,AMR,AMINOGLYCOSIDE,AMIKACIN/KANAMYCIN,EXACTX,,NZ_CP181229.1,1566112,1566903,+,264,264,100,100,264,WP_001096887.1,aminoglycoside O-phosphotransferase APH(3')-IIIa,,,GCF_053117685.1.amrfinder.tsv,AMINOGLYCOSIDE,AMIKACIN/KANAMYCIN,FALSE,accepted_functional_amr_detection,FALSE,,included_in_functional_presence
GCF_053117685.1,Reproductive,GCF_053117685.1:7,7,ant(6)-Ia,aminoglycoside nucleotidyltransferase ANT(6)-Ia,core,AMR,AMR,AMINOGLYCOSIDE,STREPTOMYCIN,PARTIALX,,NZ_CP181229.1,1567386,1567892,+,169,287,58.89,99.41,169,WP_002294505.1,aminoglycoside nucleotidyltransferase ANT(6)-Ia,,,GCF_053117685.1.amrfinder.tsv,AMINOGLYCOSIDE,STREPTOMYCIN,FALSE,excluded_from_functional_presence,TRUE,PARTIALX;coverage_below_80,excluded_from_functional_presence
GCF_053117685.1,Reproductive,GCF_053117685.1:8,8,erm(B),23S rRNA (adenine(2058)-N(6))-methyltransferase Erm(B),core,AMR,AMR,LINCOSAMIDE/MACROLIDE/STREPTOGRAMIN,CLINDAMYCIN/ERYTHROMYCIN/STREPTOGRAMIN B,EXACTX,,NZ_CP181229.1,1572222,1572956,+,245,245,100,100,245,WP_002292226.1,23S rRNA (adenine(2058)-N(6))-methyltransferase Erm(B),,,GCF_053117685.1.amrfinder.tsv,LINCOSAMIDE/MACROLIDE/STREPTOGRAMIN,CLINDAMYCIN/ERYTHROMYCIN/STREPTOGRAMIN B,FALSE,accepted_functional_amr_detection,FALSE,,included_in_functional_presence
GCF_053117685.1,Reproductive,GCF_053117685.1:9,9,tet(M),tetracycline resistance ribosomal protection protein Tet(M),core,AMR,AMR,TETRACYCLINE,TETRACYCLINE,EXACTX,,NZ_CP181229.1,2220971,2222887,-,639,639,100,100,639,WP_002364936.1,tetracycline resistance ribosomal protection protein Tet(M),,,GCF_053117685.1.amrfinder.tsv,TETRACYCLINE,TETRACYCLINE,FALSE,accepted_functional_amr_detection,FALSE,,included_in_functional_presence
GCF_053117695.1,Reproductive,GCF_053117695.1:1,1,tet(M),tetracycline resistance ribosomal protection protein Tet(M),core,AMR,AMR,TETRACYCLINE,TETRACYCLINE,BLASTX,,NZ_CP181234.1,289916,291832,+,639,639,100,99.53,639,WP_063856111.1,tetracycline resistance ribosomal protection protein Tet(M),,,GCF_053117695.1.amrfinder.tsv,TETRACYCLINE,TETRACYCLINE,FALSE,accepted_functional_amr_detection,FALSE,,included_in_functional_presence
GCF_053117695.1,Reproductive,GCF_053117695.1:2,2,lsa(A),ABC-F type ribosomal protection protein Lsa(A),core,AMR,AMR,LINCOSAMIDE/STREPTOGRAMIN,LINCOSAMIDE/STREPTOGRAMIN,BLASTX,,NZ_CP181234.1,798638,800131,+,498,498,100,99.8,498,WP_002411322.1,ABC-F type ribosomal protection protein Lsa(A),,,GCF_053117695.1.amrfinder.tsv,LINCOSAMIDE/STREPTOGRAMIN,LINCOSAMIDE/STREPTOGRAMIN,FALSE,accepted_functional_amr_detection,FALSE,,included_in_functional_presence
GCF_053117695.1,Reproductive,GCF_053117695.1:3,3,aac(6')-Ie/aph(2'')-Ia,bifunctional aminoglycoside N-acetyltransferase AAC(6')-Ie/aminoglycoside O-phosphotransferase APH(2'')-Ia,core,AMR,AMR,AMINOGLYCOSIDE,AMIKACIN/GENTAMICIN/KANAMYCIN/TOBRAMYCIN,EXACTX,,NZ_CP181235.1,48441,49877,-,479,479,100,100,479,WP_001028144.1,bifunctional aminoglycoside N-acetyltransferase AAC(6')-Ie/aminoglycoside O-phosphotransferase APH(2'')-Ia,,,GCF_053117695.1.amrfinder.tsv,AMINOGLYCOSIDE,AMIKACIN/GENTAMICIN/KANAMYCIN/TOBRAMYCIN,FALSE,accepted_functional_amr_detection,FALSE,,included_in_functional_presence
GCF_053117695.1,Reproductive,GCF_053117695.1:4,4,erm(B),23S rRNA (adenine(2058)-N(6))-methyltransferase Erm(B),core,AMR,AMR,LINCOSAMIDE/MACROLIDE/STREPTOGRAMIN,CLINDAMYCIN/ERYTHROMYCIN/STREPTOGRAMIN B,EXACTX,,NZ_CP181236.1,27939,28673,-,245,245,100,100,245,WP_002292226.1,23S rRNA (adenine(2058)-N(6))-methyltransferase Erm(B),,,GCF_053117695.1.amrfinder.tsv,LINCOSAMIDE/MACROLIDE/STREPTOGRAMIN,CLINDAMYCIN/ERYTHROMYCIN/STREPTOGRAMIN B,FALSE,accepted_functional_amr_detection,FALSE,,included_in_functional_presence
GCF_053117695.1,Reproductive,GCF_053117695.1:5,5,catA,type A-7 chloramphenicol O-acetyltransferase,core,AMR,AMR,PHENICOL,CHLORAMPHENICOL,EXACTX,,NZ_CP181236.1,32083,32727,+,215,215,100,100,215,WP_002331392.1,type A-7 chloramphenicol O-acetyltransferase,,,GCF_053117695.1.amrfinder.tsv,PHENICOL,CHLORAMPHENICOL,FALSE,accepted_functional_amr_detection,FALSE,,included_in_functional_presence
GCF_053117705.1,Reproductive,GCF_053117705.1:1,1,tet(M),tetracycline resistance ribosomal protection protein Tet(M),core,AMR,AMR,TETRACYCLINE,TETRACYCLINE,EXACTX,,NZ_CP181238.1,883340,885256,+,639,639,100,100,639,WP_002364936.1,tetracycline resistance ribosomal protection protein Tet(M),,,GCF_053117705.1.amrfinder.tsv,TETRACYCLINE,TETRACYCLINE,FALSE,accepted_functional_amr_detection,FALSE,,included_in_functional_presence
GCF_053117705.1,Reproductive,GCF_053117705.1:2,2,erm(B),23S rRNA (adenine(2058)-N(6))-methyltransferase Erm(B),core,AMR,AMR,LINCOSAMIDE/MACROLIDE/STREPTOGRAMIN,CLINDAMYCIN/ERYTHROMYCIN/STREPTOGRAMIN B,EXACTX,,NZ_CP181238.1,1533670,1534404,-,245,245,100,100,245,WP_002292226.1,23S rRNA (adenine(2058)-N(6))-methyltransferase Erm(B),,,GCF_053117705.1.amrfinder.tsv,LINCOSAMIDE/MACROLIDE/STREPTOGRAMIN,CLINDAMYCIN/ERYTHROMYCIN/STREPTOGRAMIN B,FALSE,accepted_functional_amr_detection,FALSE,,included_in_functional_presence
GCF_053117705.1,Reproductive,GCF_053117705.1:3,3,ant(6)-Ia,aminoglycoside nucleotidyltransferase ANT(6)-Ia,core,AMR,AMR,AMINOGLYCOSIDE,STREPTOMYCIN,PARTIALX,,NZ_CP181238.1,1538734,1539240,-,169,287,58.89,99.41,169,WP_002294505.1,aminoglycoside nucleotidyltransferase ANT(6)-Ia,,,GCF_053117705.1.amrfinder.tsv,AMINOGLYCOSIDE,STREPTOMYCIN,FALSE,excluded_from_functional_presence,TRUE,PARTIALX;coverage_below_80,excluded_from_functional_presence
GCF_053117705.1,Reproductive,GCF_053117705.1:4,4,aph(3')-IIIa,aminoglycoside O-phosphotransferase APH(3')-IIIa,core,AMR,AMR,AMINOGLYCOSIDE,AMIKACIN/KANAMYCIN,EXACTX,,NZ_CP181238.1,1539723,1540514,-,264,264,100,100,264,WP_001096887.1,aminoglycoside O-phosphotransferase APH(3')-IIIa,,,GCF_053117705.1.amrfinder.tsv,AMINOGLYCOSIDE,AMIKACIN/KANAMYCIN,FALSE,accepted_functional_amr_detection,FALSE,,included_in_functional_presence
GCF_053117705.1,Reproductive,GCF_053117705.1:5,5,sat4,streptothricin N-acetyltransferase Sat4,core,AMR,AMR,STREPTOTHRICIN,STREPTOTHRICIN,EXACTX,,NZ_CP181238.1,1540610,1541149,-,180,180,100,100,180,WP_000627290.1,streptothricin N-acetyltransferase Sat4,,,GCF_053117705.1.amrfinder.tsv,STREPTOTHRICIN,STREPTOTHRICIN,FALSE,accepted_functional_amr_detection,FALSE,,included_in_functional_presence
GCF_053117705.1,Reproductive,GCF_053117705.1:6,6,ant(6)-Ia,aminoglycoside nucleotidyltransferase ANT(6)-Ia,core,AMR,AMR,AMINOGLYCOSIDE,STREPTOMYCIN,PARTIALX,,NZ_CP181238.1,1541149,1541943,-,265,302,87.75,100,265,WP_001255866.1,aminoglycoside nucleotidyltransferase ANT(6)-Ia,,,GCF_053117705.1.amrfinder.tsv,AMINOGLYCOSIDE,STREPTOMYCIN,FALSE,excluded_from_functional_presence,FALSE,PARTIALX,excluded_from_functional_presence
GCF_053117705.1,Reproductive,GCF_053117705.1:7,7,aac(6')-Ie/aph(2'')-Ia,bifunctional aminoglycoside N-acetyltransferase AAC(6')-Ie/aminoglycoside O-phosphotransferase APH(2'')-Ia,core,AMR,AMR,AMINOGLYCOSIDE,AMIKACIN/GENTAMICIN/KANAMYCIN/TOBRAMYCIN,EXACTX,,NZ_CP181238.1,1542116,1543552,-,479,479,100,100,479,WP_001028144.1,bifunctional aminoglycoside N-acetyltransferase AAC(6')-Ie/aminoglycoside O-phosphotransferase APH(2'')-Ia,,,GCF_053117705.1.amrfinder.tsv,AMINOGLYCOSIDE,AMIKACIN/GENTAMICIN/KANAMYCIN/TOBRAMYCIN,FALSE,accepted_functional_amr_detection,FALSE,,included_in_functional_presence
GCF_053117705.1,Reproductive,GCF_053117705.1:8,8,lsa(A),ABC-F type ribosomal protection protein Lsa(A),core,AMR,AMR,LINCOSAMIDE/STREPTOGRAMIN,LINCOSAMIDE/STREPTOGRAMIN,BLASTX,,NZ_CP181238.1,2393210,2394703,-,498,498,100,99,498,WP_002398829.1,ABC-F type ribosomal protection protein Lsa(A),,,GCF_053117705.1.amrfinder.tsv,LINCOSAMIDE/STREPTOGRAMIN,LINCOSAMIDE/STREPTOGRAMIN,FALSE,accepted_functional_amr_detection,FALSE,,included_in_functional_presence
GCF_906464925.1,Reproductive,GCF_906464925.1:1,1,gyrA_S83I,Enterococcus faecalis quinolone resistant GyrA,core,AMR,POINT,QUINOLONE,QUINOLONE,POINTX,,NZ_OD940434.1,6617,9115,+,833,833,100,99.4,833,WP_033785346.1,DNA gyrase subunit A GyrA,,,GCF_906464925.1.amrfinder.tsv,QUINOLONE,QUINOLONE,FALSE,accepted_functional_amr_detection,FALSE,,included_in_functional_presence
GCF_906464925.1,Reproductive,GCF_906464925.1:2,2,parC_S80I,Enterococcus faecalis quinolone resistant ParC,core,AMR,POINT,QUINOLONE,QUINOLONE,POINTX,,NZ_OD940434.1,1440627,1443086,-,820,820,100,99.63,820,WP_002371880.1,DNA topoisomerase IV subunit A ParC,,,GCF_906464925.1.amrfinder.tsv,QUINOLONE,QUINOLONE,FALSE,accepted_functional_amr_detection,FALSE,,included_in_functional_presence
GCF_906464925.1,Reproductive,GCF_906464925.1:3,3,lsa(A),ABC-F type ribosomal protection protein Lsa(A),core,AMR,AMR,LINCOSAMIDE/STREPTOGRAMIN,LINCOSAMIDE/STREPTOGRAMIN,BLASTX,,NZ_OD940434.1,2268638,2270131,-,498,498,100,99.4,498,WP_002387187.1,ABC-F type ribosomal protection protein Lsa(A),,,GCF_906464925.1.amrfinder.tsv,LINCOSAMIDE/STREPTOGRAMIN,LINCOSAMIDE/STREPTOGRAMIN,FALSE,accepted_functional_amr_detection,FALSE,,included_in_functional_presence
GCF_906464925.1,Reproductive,GCF_906464925.1:4,4,fexA,chloramphenicol/florfenicol efflux MFS transporter FexA,core,AMR,AMR,PHENICOL,CHLORAMPHENICOL/FLORFENICOL,BLASTX,,NZ_OD940435.1,47823,49247,+,475,475,100,98.95,475,WP_032491576.1,chloramphenicol/florfenicol efflux MFS transporter FexA,,,GCF_906464925.1.amrfinder.tsv,PHENICOL,CHLORAMPHENICOL/FLORFENICOL,FALSE,accepted_functional_amr_detection,FALSE,,included_in_functional_presence
GCF_906464925.1,Reproductive,GCF_906464925.1:5,5,optrA,ABC-F type ribosomal protection protein OptrA,core,AMR,AMR,OXAZOLIDINONE/PHENICOL,FLORFENICOL/OXAZOLIDINONE,BLASTX,,NZ_OD940435.1,49944,51902,+,653,655,99.69,100,653,WP_063854496.1,ABC-F type ribosomal protection protein OptrA,,,GCF_906464925.1.amrfinder.tsv,OXAZOLIDINONE/PHENICOL,FLORFENICOL/OXAZOLIDINONE,FALSE,accepted_functional_amr_detection,FALSE,,included_in_functional_presence
GCF_906464925.1,Reproductive,GCF_906464925.1:6,6,catA,type A-8 chloramphenicol O-acetyltransferase,core,AMR,AMR,PHENICOL,CHLORAMPHENICOL,BLASTX,,NZ_OD940436.1,5812,6456,-,215,215,100,97.21,215,WP_002352254.1,type A-8 chloramphenicol O-acetyltransferase,,,GCF_906464925.1.amrfinder.tsv,PHENICOL,CHLORAMPHENICOL,FALSE,accepted_functional_amr_detection,FALSE,,included_in_functional_presence
GCF_906464925.1,Reproductive,GCF_906464925.1:7,7,tet(L),tetracycline efflux MFS transporter Tet(L),core,AMR,AMR,TETRACYCLINE,TETRACYCLINE,EXACTX,,NZ_OD940436.1,7501,8874,-,458,458,100,100,458,WP_001574277.1,tetracycline efflux MFS transporter Tet(L),,,GCF_906464925.1.amrfinder.tsv,TETRACYCLINE,TETRACYCLINE,FALSE,accepted_functional_amr_detection,FALSE,,included_in_functional_presence
GCF_906464925.1,Reproductive,GCF_906464925.1:8,8,tet(M),tetracycline resistance ribosomal protection protein Tet(M),core,AMR,AMR,TETRACYCLINE,TETRACYCLINE,EXACTX,,NZ_OD940436.1,9071,10987,-,639,639,100,100,639,WP_001574275.1,tetracycline resistance ribosomal protection protein Tet(M),,,GCF_906464925.1.amrfinder.tsv,TETRACYCLINE,TETRACYCLINE,FALSE,accepted_functional_amr_detection,FALSE,,included_in_functional_presence
GCF_906464925.1,Reproductive,GCF_906464925.1:9,9,str,streptomycin adenylyltransferase Str,core,AMR,AMR,AMINOGLYCOSIDE,STREPTOMYCIN,EXACTX,,NZ_OD940436.1,37506,38351,+,282,282,100,100,282,WP_001258486.1,streptomycin adenylyltransferase Str,,,GCF_906464925.1.amrfinder.tsv,AMINOGLYCOSIDE,STREPTOMYCIN,FALSE,accepted_functional_amr_detection,FALSE,,included_in_functional_presence
GCF_906464925.1,Reproductive,GCF_906464925.1:10,10,erm(B),23S rRNA (adenine(2058)-N(6))-methyltransferase Erm(B),core,AMR,AMR,LINCOSAMIDE/MACROLIDE/STREPTOGRAMIN,CLINDAMYCIN/ERYTHROMYCIN/STREPTOGRAMIN B,EXACTX,,NZ_OD940436.1,48615,49349,-,245,245,100,100,245,WP_001038795.1,23S rRNA (adenine(2058)-N(6))-methyltransferase Erm(B),,,GCF_906464925.1.amrfinder.tsv,LINCOSAMIDE/MACROLIDE/STREPTOGRAMIN,CLINDAMYCIN/ERYTHROMYCIN/STREPTOGRAMIN B,FALSE,accepted_functional_amr_detection,FALSE,,included_in_functional_presence
GCA_050469755.1,Bacteraemia,GCA_050469755.1:1,1,parC_S80I,Enterococcus faecalis quinolone resistant ParC,core,AMR,POINT,QUINOLONE,QUINOLONE,POINTX,,CP175101.1,506933,509392,-,820,820,100,99.76,820,WP_002371880.1,DNA topoisomerase IV subunit A ParC,,,GCA_050469755.1.amrfinder.tsv,QUINOLONE,QUINOLONE,FALSE,accepted_functional_amr_detection,FALSE,,included_in_functional_presence
GCA_050469755.1,Bacteraemia,GCA_050469755.1:2,2,dfrF,trimethoprim-resistant dihydrofolate reductase DfrF,core,AMR,AMR,TRIMETHOPRIM,TRIMETHOPRIM,EXACTX,,CP175101.1,698525,699016,-,164,164,100,100,164,WP_002322211.1,trimethoprim-resistant dihydrofolate reductase DfrF,,,GCA_050469755.1.amrfinder.tsv,TRIMETHOPRIM,TRIMETHOPRIM,FALSE,accepted_functional_amr_detection,FALSE,,included_in_functional_presence
GCA_050469755.1,Bacteraemia,GCA_050469755.1:3,3,dfrF,trimethoprim-resistant dihydrofolate reductase DfrF,core,AMR,AMR,TRIMETHOPRIM,TRIMETHOPRIM,EXACTX,,CP175101.1,1410705,1411196,-,164,164,100,100,164,WP_002322211.1,trimethoprim-resistant dihydrofolate reductase DfrF,,,GCA_050469755.1.amrfinder.tsv,TRIMETHOPRIM,TRIMETHOPRIM,FALSE,accepted_functional_amr_detection,FALSE,,included_in_functional_presence
GCA_050469755.1,Bacteraemia,GCA_050469755.1:4,4,lsa(A),ABC-F type ribosomal protection protein Lsa(A),core,AMR,AMR,LINCOSAMIDE/STREPTOGRAMIN,LINCOSAMIDE/STREPTOGRAMIN,EXACTX,,CP175101.1,1457268,1458761,-,498,498,100,100,498,WP_002387187.1,ABC-F type ribosomal protection protein Lsa(A),,,GCA_050469755.1.amrfinder.tsv,LINCOSAMIDE/STREPTOGRAMIN,LINCOSAMIDE/STREPTOGRAMIN,FALSE,accepted_functional_amr_detection,FALSE,,included_in_functional_presence
GCA_050469755.1,Bacteraemia,GCA_050469755.1:5,5,tet(M),tetracycline resistance ribosomal protection protein Tet(M),core,AMR,AMR,TETRACYCLINE,TETRACYCLINE,EXACTX,,CP175101.1,1917212,1919128,+,639,639,100,100,639,WP_000691736.1,tetracycline resistance ribosomal protection protein Tet(M),,,GCA_050469755.1.amrfinder.tsv,TETRACYCLINE,TETRACYCLINE,FALSE,accepted_functional_amr_detection,FALSE,,included_in_functional_presence
GCA_050469755.1,Bacteraemia,GCA_050469755.1:6,6,gyrA_S83I,Enterococcus faecalis quinolone resistant GyrA,core,AMR,POINT,QUINOLONE,QUINOLONE,POINTX,,CP175101.1,2066124,2068622,+,833,833,100,99.76,833,WP_033785346.1,DNA gyrase subunit A GyrA,,,GCA_050469755.1.amrfinder.tsv,QUINOLONE,QUINOLONE,FALSE,accepted_functional_amr_detection,FALSE,,included_in_functional_presence
GCA_050469755.1,Bacteraemia,GCA_050469755.1:7,7,aac(6')-Ie/aph(2'')-Ia,bifunctional aminoglycoside N-acetyltransferase AAC(6')-Ie/aminoglycoside O-phosphotransferase APH(2'')-Ia,core,AMR,AMR,AMINOGLYCOSIDE,AMIKACIN/GENTAMICIN/KANAMYCIN/TOBRAMYCIN,EXACTX,,CP175101.1,2625462,2626898,+,479,479,100,100,479,WP_001028144.1,bifunctional aminoglycoside N-acetyltransferase AAC(6')-Ie/aminoglycoside O-phosphotransferase APH(2'')-Ia,,,GCA_050469755.1.amrfinder.tsv,AMINOGLYCOSIDE,AMIKACIN/GENTAMICIN/KANAMYCIN/TOBRAMYCIN,FALSE,accepted_functional_amr_detection,FALSE,,included_in_functional_presence
GCA_050471105.1,Bacteraemia,GCA_050471105.1:1,1,lsa(A),ABC-F type ribosomal protection protein Lsa(A),core,AMR,AMR,LINCOSAMIDE/STREPTOGRAMIN,LINCOSAMIDE/STREPTOGRAMIN,BLASTX,,CP175093.1,1317527,1319020,-,498,498,100,99.6,498,WP_002365053.1,ABC-F type ribosomal protection protein Lsa(A),,,GCA_050471105.1.amrfinder.tsv,LINCOSAMIDE/STREPTOGRAMIN,LINCOSAMIDE/STREPTOGRAMIN,FALSE,accepted_functional_amr_detection,FALSE,,included_in_functional_presence
GCA_050471105.1,Bacteraemia,GCA_050471105.1:2,2,tet(M),tetracycline resistance ribosomal protection protein Tet(M),core,AMR,AMR,TETRACYCLINE,TETRACYCLINE,EXACTX,,CP175093.1,1980154,1982070,-,639,639,100,100,639,WP_000691736.1,tetracycline resistance ribosomal protection protein Tet(M),,,GCA_050471105.1.amrfinder.tsv,TETRACYCLINE,TETRACYCLINE,FALSE,accepted_functional_amr_detection,FALSE,,included_in_functional_presence
GCA_050472745.1,Bacteraemia,GCA_050472745.1:1,1,ant(6)-Ia,aminoglycoside nucleotidyltransferase ANT(6)-Ia,core,AMR,AMR,AMINOGLYCOSIDE,STREPTOMYCIN,EXACTX,,CP175061.1,768,1673,+,302,302,100,100,302,WP_001255866.1,aminoglycoside nucleotidyltransferase ANT(6)-Ia,,,GCA_050472745.1.amrfinder.tsv,AMINOGLYCOSIDE,STREPTOMYCIN,FALSE,accepted_functional_amr_detection,FALSE,,included_in_functional_presence
GCA_050472745.1,Bacteraemia,GCA_050472745.1:2,2,sat4,streptothricin N-acetyltransferase Sat4,core,AMR,AMR,STREPTOTHRICIN,STREPTOTHRICIN,EXACTX,,CP175061.1,1673,2212,+,180,180,100,100,180,WP_000627290.1,streptothricin N-acetyltransferase Sat4,,,GCA_050472745.1.amrfinder.tsv,STREPTOTHRICIN,STREPTOTHRICIN,FALSE,accepted_functional_amr_detection,FALSE,,included_in_functional_presence
GCA_050472745.1,Bacteraemia,GCA_050472745.1:3,3,aph(3')-IIIa,aminoglycoside O-phosphotransferase APH(3')-IIIa,core,AMR,AMR,AMINOGLYCOSIDE,AMIKACIN/KANAMYCIN,EXACTX,,CP175061.1,2308,3099,+,264,264,100,100,264,WP_001096887.1,aminoglycoside O-phosphotransferase APH(3')-IIIa,,,GCA_050472745.1.amrfinder.tsv,AMINOGLYCOSIDE,AMIKACIN/KANAMYCIN,FALSE,accepted_functional_amr_detection,FALSE,,included_in_functional_presence
GCA_050472745.1,Bacteraemia,GCA_050472745.1:4,4,erm(B),23S rRNA (adenine(2058)-N(6))-methyltransferase Erm(B),core,AMR,AMR,LINCOSAMIDE/MACROLIDE/STREPTOGRAMIN,CLINDAMYCIN/ERYTHROMYCIN/STREPTOGRAMIN B,EXACTX,,CP175061.1,64073,64807,+,245,245,100,100,245,WP_001038792.1,23S rRNA (adenine(2058)-N(6))-methyltransferase Erm(B),,,GCA_050472745.1.amrfinder.tsv,LINCOSAMIDE/MACROLIDE/STREPTOGRAMIN,CLINDAMYCIN/ERYTHROMYCIN/STREPTOGRAMIN B,FALSE,accepted_functional_amr_detection,FALSE,,included_in_functional_presence
GCA_050472745.1,Bacteraemia,GCA_050472745.1:5,5,gyrA_S83I,Enterococcus faecalis quinolone resistant GyrA,core,AMR,POINT,QUINOLONE,QUINOLONE,POINTX,,CP175062.1,6616,9114,+,833,833,100,99.76,833,WP_033785346.1,DNA gyrase subunit A GyrA,,,GCA_050472745.1.amrfinder.tsv,QUINOLONE,QUINOLONE,FALSE,accepted_functional_amr_detection,FALSE,,included_in_functional_presence
GCA_050472745.1,Bacteraemia,GCA_050472745.1:6,6,aac(6')-Ie/aph(2'')-Ia,bifunctional aminoglycoside N-acetyltransferase AAC(6')-Ie/aminoglycoside O-phosphotransferase APH(2'')-Ia,core,AMR,AMR,AMINOGLYCOSIDE,AMIKACIN/GENTAMICIN/KANAMYCIN/TOBRAMYCIN,EXACTX,,CP175062.1,578420,579856,+,479,479,100,100,479,WP_001028144.1,bifunctional aminoglycoside N-acetyltransferase AAC(6')-Ie/aminoglycoside O-phosphotransferase APH(2'')-Ia,,,GCA_050472745.1.amrfinder.tsv,AMINOGLYCOSIDE,AMIKACIN/GENTAMICIN/KANAMYCIN/TOBRAMYCIN,FALSE,accepted_functional_amr_detection,FALSE,,included_in_functional_presence
GCA_050472745.1,Bacteraemia,GCA_050472745.1:7,7,tet(M),tetracycline resistance ribosomal protection protein Tet(M),core,AMR,AMR,TETRACYCLINE,TETRACYCLINE,EXACTX,,CP175062.1,824687,826603,-,639,639,100,100,639,WP_000691736.1,tetracycline resistance ribosomal protection protein Tet(M),,,GCA_050472745.1.amrfinder.tsv,TETRACYCLINE,TETRACYCLINE,FALSE,accepted_functional_amr_detection,FALSE,,included_in_functional_presence
GCA_050472745.1,Bacteraemia,GCA_050472745.1:8,8,parC_S80I,Enterococcus faecalis quinolone resistant ParC,core,AMR,POINT,QUINOLONE,QUINOLONE,POINTX,,CP175062.1,1859834,1862293,-,820,820,100,99.63,820,WP_002371880.1,DNA topoisomerase IV subunit A ParC,,,GCA_050472745.1.amrfinder.tsv,QUINOLONE,QUINOLONE,FALSE,accepted_functional_amr_detection,FALSE,,included_in_functional_presence
GCA_050472745.1,Bacteraemia,GCA_050472745.1:9,9,dfrF,trimethoprim-resistant dihydrofolate reductase DfrF,core,AMR,AMR,TRIMETHOPRIM,TRIMETHOPRIM,EXACTX,,CP175062.1,2050096,2050587,-,164,164,100,100,164,WP_002322211.1,trimethoprim-resistant dihydrofolate reductase DfrF,,,GCA_050472745.1.amrfinder.tsv,TRIMETHOPRIM,TRIMETHOPRIM,FALSE,accepted_functional_amr_detection,FALSE,,included_in_functional_presence
GCA_050472745.1,Bacteraemia,GCA_050472745.1:10,10,dfrF,trimethoprim-resistant dihydrofolate reductase DfrF,core,AMR,AMR,TRIMETHOPRIM,TRIMETHOPRIM,EXACTX,,CP175062.1,2764053,2764544,-,164,164,100,100,164,WP_002322211.1,trimethoprim-resistant dihydrofolate reductase DfrF,,,GCA_050472745.1.amrfinder.tsv,TRIMETHOPRIM,TRIMETHOPRIM,FALSE,accepted_functional_amr_detection,FALSE,,included_in_functional_presence
GCA_050472745.1,Bacteraemia,GCA_050472745.1:11,11,lsa(A),ABC-F type ribosomal protection protein Lsa(A),core,AMR,AMR,LINCOSAMIDE/STREPTOGRAMIN,LINCOSAMIDE/STREPTOGRAMIN,EXACTX,,CP175062.1,2810616,2812109,-,498,498,100,100,498,WP_002387187.1,ABC-F type ribosomal protection protein Lsa(A),,,GCA_050472745.1.amrfinder.tsv,LINCOSAMIDE/STREPTOGRAMIN,LINCOSAMIDE/STREPTOGRAMIN,FALSE,accepted_functional_amr_detection,FALSE,,included_in_functional_presence
GCA_050472745.1,Bacteraemia,GCA_050472745.1:12,12,tet(M),tetracycline resistance ribosomal protection protein Tet(M),core,AMR,AMR,TETRACYCLINE,TETRACYCLINE,EXACTX,,CP175062.1,2976349,2978265,+,639,639,100,100,639,WP_000691736.1,tetracycline resistance ribosomal protection protein Tet(M),,,GCA_050472745.1.amrfinder.tsv,TETRACYCLINE,TETRACYCLINE,FALSE,accepted_functional_amr_detection,FALSE,,included_in_functional_presence
GCA_050472755.1,Bacteraemia,GCA_050472755.1:1,1,erm(B),23S rRNA (adenine(2058)-N(6))-methyltransferase Erm(B),core,AMR,AMR,LINCOSAMIDE/MACROLIDE/STREPTOGRAMIN,CLINDAMYCIN/ERYTHROMYCIN/STREPTOGRAMIN B,EXACTX,,CP175059.1,2246,2980,+,245,245,100,100,245,WP_002292226.1,23S rRNA (adenine(2058)-N(6))-methyltransferase Erm(B),,,GCA_050472755.1.amrfinder.tsv,LINCOSAMIDE/MACROLIDE/STREPTOGRAMIN,CLINDAMYCIN/ERYTHROMYCIN/STREPTOGRAMIN B,FALSE,accepted_functional_amr_detection,FALSE,,included_in_functional_presence
GCA_050472755.1,Bacteraemia,GCA_050472755.1:2,2,tet(M),tetracycline resistance ribosomal protection protein Tet(M),core,AMR,AMR,TETRACYCLINE,TETRACYCLINE,EXACTX,,CP175059.1,26764,28680,+,639,639,100,100,639,WP_001574275.1,tetracycline resistance ribosomal protection protein Tet(M),,,GCA_050472755.1.amrfinder.tsv,TETRACYCLINE,TETRACYCLINE,FALSE,accepted_functional_amr_detection,FALSE,,included_in_functional_presence
GCA_050472755.1,Bacteraemia,GCA_050472755.1:3,3,tet(L),tetracycline efflux MFS transporter Tet(L),core,AMR,AMR,TETRACYCLINE,TETRACYCLINE,EXACTX,,CP175059.1,28877,30250,+,458,458,100,100,458,WP_001574277.1,tetracycline efflux MFS transporter Tet(L),,,GCA_050472755.1.amrfinder.tsv,TETRACYCLINE,TETRACYCLINE,FALSE,accepted_functional_amr_detection,FALSE,,included_in_functional_presence
GCA_050472755.1,Bacteraemia,GCA_050472755.1:4,4,erm(B),23S rRNA (adenine(2058)-N(6))-methyltransferase Erm(B),core,AMR,AMR,LINCOSAMIDE/MACROLIDE/STREPTOGRAMIN,CLINDAMYCIN/ERYTHROMYCIN/STREPTOGRAMIN B,EXACTX,,CP175059.1,39960,40694,+,245,245,100,100,245,WP_001038790.1,23S rRNA (adenine(2058)-N(6))-methyltransferase Erm(B),,,GCA_050472755.1.amrfinder.tsv,LINCOSAMIDE/MACROLIDE/STREPTOGRAMIN,CLINDAMYCIN/ERYTHROMYCIN/STREPTOGRAMIN B,FALSE,accepted_functional_amr_detection,FALSE,,included_in_functional_presence
GCA_050472755.1,Bacteraemia,GCA_050472755.1:5,5,gyrA_S83Y,Enterococcus faecalis quinolone resistant GyrA,core,AMR,POINT,QUINOLONE,QUINOLONE,POINTX,,CP175060.1,6617,9115,+,833,833,100,99.64,833,WP_033785346.1,DNA gyrase subunit A GyrA,,,GCA_050472755.1.amrfinder.tsv,QUINOLONE,QUINOLONE,FALSE,accepted_functional_amr_detection,FALSE,,included_in_functional_presence
GCA_050472755.1,Bacteraemia,GCA_050472755.1:6,6,dfrG,trimethoprim-resistant dihydrofolate reductase DfrG,core,AMR,AMR,TRIMETHOPRIM,TRIMETHOPRIM,EXACTX,,CP175060.1,1067176,1067670,-,165,165,100,100,165,WP_000868795.1,trimethoprim-resistant dihydrofolate reductase DfrG,,,GCA_050472755.1.amrfinder.tsv,TRIMETHOPRIM,TRIMETHOPRIM,FALSE,accepted_functional_amr_detection,FALSE,,included_in_functional_presence
GCA_050472755.1,Bacteraemia,GCA_050472755.1:7,7,parC_S80I,Enterococcus faecalis quinolone resistant ParC,core,AMR,POINT,QUINOLONE,QUINOLONE,POINTX,,CP175060.1,1344535,1346994,-,820,820,100,99.76,820,WP_002371880.1,DNA topoisomerase IV subunit A ParC,,,GCA_050472755.1.amrfinder.tsv,QUINOLONE,QUINOLONE,FALSE,accepted_functional_amr_detection,FALSE,,included_in_functional_presence
GCA_050472755.1,Bacteraemia,GCA_050472755.1:8,8,lsa(A),ABC-F type ribosomal protection protein Lsa(A),core,AMR,AMR,LINCOSAMIDE/STREPTOGRAMIN,LINCOSAMIDE/STREPTOGRAMIN,BLASTX,,CP175060.1,2201532,2203025,-,498,498,100,99.6,498,WP_002398829.1,ABC-F type ribosomal protection protein Lsa(A),,,GCA_050472755.1.amrfinder.tsv,LINCOSAMIDE/STREPTOGRAMIN,LINCOSAMIDE/STREPTOGRAMIN,FALSE,accepted_functional_amr_detection,FALSE,,included_in_functional_presence
GCA_050473345.1,Bacteraemia,GCA_050473345.1:1,1,lsa(A),ABC-F type ribosomal protection protein Lsa(A),core,AMR,AMR,LINCOSAMIDE/STREPTOGRAMIN,LINCOSAMIDE/STREPTOGRAMIN,BLASTX,,CP175058.1,706609,708102,+,498,498,100,99,498,WP_002365053.1,ABC-F type ribosomal protection protein Lsa(A),,,GCA_050473345.1.amrfinder.tsv,LINCOSAMIDE/STREPTOGRAMIN,LINCOSAMIDE/STREPTOGRAMIN,FALSE,accepted_functional_amr_detection,FALSE,,included_in_functional_presence
GCA_050473355.1,Bacteraemia,GCA_050473355.1:1,1,clpL,ATP-dependent protease ClpL,plus,STRESS,HEAT,,,BLASTX,,CP175057.1,408487,410598,+,704,704,100,98.86,704,ADB69780.1,ATP-dependent protease ClpL,,,GCA_050473355.1.amrfinder.tsv,other/unclassified,other/unclassified,FALSE,outside_functional_amr_analysis,FALSE,STRESS_outside_functional_AMR_analysis,outside_functional_amr_analysis
GCA_050473355.1,Bacteraemia,GCA_050473355.1:2,2,arsB,arsenite efflux transporter membrane subunit ArsB,plus,STRESS,METAL,ARSENIC,ARSENITE,EXACTX,,CP175057.1,1947361,1948413,-,351,351,100,100,351,EGJ25786.1,arsenite efflux transporter membrane subunit ArsB,,,GCA_050473355.1.amrfinder.tsv,ARSENIC,ARSENITE,FALSE,outside_functional_amr_analysis,FALSE,STRESS_outside_functional_AMR_analysis,outside_functional_amr_analysis
GCA_050473355.1,Bacteraemia,GCA_050473355.1:3,3,arsB,arsenite efflux transporter membrane subunit ArsB,plus,STRESS,METAL,ARSENIC,ARSENITE,BLASTX,,CP175057.1,1948474,1949520,-,349,359,97.21,100,349,EGJ25785.1,arsenite efflux transporter membrane subunit ArsB,,,GCA_050473355.1.amrfinder.tsv,ARSENIC,ARSENITE,FALSE,outside_functional_amr_analysis,FALSE,STRESS_outside_functional_AMR_analysis,outside_functional_amr_analysis
GCA_050473355.1,Bacteraemia,GCA_050473355.1:4,4,arsA,arsenite efflux transporter ATPase subunit ArsA,plus,STRESS,METAL,ARSENIC,ARSENITE,BLASTX,,CP175057.1,1949603,1951342,-,580,580,100,99.83,580,EGJ25784.1,arsenite efflux transporter ATPase subunit ArsA,,,GCA_050473355.1.amrfinder.tsv,ARSENIC,ARSENITE,FALSE,outside_functional_amr_analysis,FALSE,STRESS_outside_functional_AMR_analysis,outside_functional_amr_analysis
GCA_050473355.1,Bacteraemia,GCA_050473355.1:5,5,arsR,As(III)-sensing metalloregulatory transcriptional repressor ArsR,plus,STRESS,METAL,ARSENIC,ARSENITE,EXACTX,,CP175057.1,1951381,1951743,-,121,121,100,100,121,EGJ25783.1,As(III)-sensing metalloregulatory transcriptional repressor ArsR,,,GCA_050473355.1.amrfinder.tsv,ARSENIC,ARSENITE,FALSE,outside_functional_amr_analysis,FALSE,STRESS_outside_functional_AMR_analysis,outside_functional_amr_analysis
GCA_050473355.1,Bacteraemia,GCA_050473355.1:6,6,arsD,arsenite efflux transporter metallochaperone ArsD,plus,STRESS,METAL,ARSENIC,ARSENITE,BLASTX,,CP175057.1,1951879,1952247,-,123,123,100,98.37,123,EGJ25782.1,arsenite efflux transporter metallochaperone ArsD,,,GCA_050473355.1.amrfinder.tsv,ARSENIC,ARSENITE,FALSE,outside_functional_amr_analysis,FALSE,STRESS_outside_functional_AMR_analysis,outside_functional_amr_analysis
GCA_050473355.1,Bacteraemia,GCA_050473355.1:7,7,arsR,As(III)-sensing metalloregulatory transcriptional repressor ArsR,plus,STRESS,METAL,ARSENIC,ARSENITE,BLASTX,,CP175057.1,1952252,1952542,-,97,97,100,98.97,97,EGO5141043.1,As(III)-sensing metalloregulatory transcriptional repressor ArsR,,,GCA_050473355.1.amrfinder.tsv,ARSENIC,ARSENITE,FALSE,outside_functional_amr_analysis,FALSE,STRESS_outside_functional_AMR_analysis,outside_functional_amr_analysis
GCA_050473355.1,Bacteraemia,GCA_050473355.1:8,8,arsA,arsenite efflux transporter ATPase subunit ArsA,plus,STRESS,METAL,ARSENIC,ARSENITE,PARTIALX,,CP175057.1,1953446,1954540,-,365,579,63.04,99.73,365,EGJ25780.1,arsenite efflux transporter ATPase subunit ArsA,,,GCA_050473355.1.amrfinder.tsv,ARSENIC,ARSENITE,FALSE,outside_functional_amr_analysis,TRUE,PARTIALX;STRESS_outside_functional_AMR_analysis;coverage_below_80,outside_functional_amr_analysis
GCA_050473355.1,Bacteraemia,GCA_050473355.1:9,9,arsD2,arsenite efflux transporter metallochaperone ArsD-related protein,plus,STRESS,METAL,ARSENIC,ARSENITE,BLASTX,,CP175057.1,1954563,1954871,-,103,103,100,99.03,103,EGJ25779.1,arsenite efflux transporter metallochaperone ArsD-related protein,,,GCA_050473355.1.amrfinder.tsv,ARSENIC,ARSENITE,FALSE,outside_functional_amr_analysis,FALSE,STRESS_outside_functional_AMR_analysis,outside_functional_amr_analysis
GCA_050473355.1,Bacteraemia,GCA_050473355.1:10,10,lsa(A),ABC-F type ribosomal protection protein Lsa(A),core,AMR,AMR,LINCOSAMIDE/STREPTOGRAMIN,LINCOSAMIDE/STREPTOGRAMIN,BLASTX,,CP175057.1,2273627,2275120,-,498,498,100,99.2,498,WP_002365053.1,ABC-F type ribosomal protection protein Lsa(A),,,GCA_050473355.1.amrfinder.tsv,LINCOSAMIDE/STREPTOGRAMIN,LINCOSAMIDE/STREPTOGRAMIN,FALSE,accepted_functional_amr_detection,FALSE,,included_in_functional_presence
GCA_050473355.1,Bacteraemia,GCA_050473355.1:11,11,tet(M),tetracycline resistance ribosomal protection protein Tet(M),core,AMR,AMR,TETRACYCLINE,TETRACYCLINE,EXACTX,,CP175057.1,2818968,2820884,+,639,639,100,100,639,WP_000691727.1,tetracycline resistance ribosomal protection protein Tet(M),,,GCA_050473355.1.amrfinder.tsv,TETRACYCLINE,TETRACYCLINE,FALSE,accepted_functional_amr_detection,FALSE,,included_in_functional_presence
GCA_050473905.1,Bacteraemia,GCA_050473905.1:1,1,erm(B),23S rRNA (adenine(2058)-N(6))-methyltransferase Erm(B),core,AMR,AMR,LINCOSAMIDE/MACROLIDE/STREPTOGRAMIN,CLINDAMYCIN/ERYTHROMYCIN/STREPTOGRAMIN B,EXACTX,,CP175054.1,11460,12194,-,245,245,100,100,245,WP_002292226.1,23S rRNA (adenine(2058)-N(6))-methyltransferase Erm(B),,,GCA_050473905.1.amrfinder.tsv,LINCOSAMIDE/MACROLIDE/STREPTOGRAMIN,CLINDAMYCIN/ERYTHROMYCIN/STREPTOGRAMIN B,FALSE,accepted_functional_amr_detection,FALSE,,included_in_functional_presence
GCA_050473905.1,Bacteraemia,GCA_050473905.1:2,2,catA,type A-7 chloramphenicol O-acetyltransferase,core,AMR,AMR,PHENICOL,CHLORAMPHENICOL,EXACTX,,CP175054.1,15602,16246,+,215,215,100,100,215,WP_002331392.1,type A-7 chloramphenicol O-acetyltransferase,,,GCA_050473905.1.amrfinder.tsv,PHENICOL,CHLORAMPHENICOL,FALSE,accepted_functional_amr_detection,FALSE,,included_in_functional_presence
GCA_050473905.1,Bacteraemia,GCA_050473905.1:3,3,gyrA_S83I,Enterococcus faecalis quinolone resistant GyrA,core,AMR,POINT,QUINOLONE,QUINOLONE,POINTX,,CP175056.1,6616,9114,+,833,833,100,99.76,833,WP_033785346.1,DNA gyrase subunit A GyrA,,,GCA_050473905.1.amrfinder.tsv,QUINOLONE,QUINOLONE,FALSE,accepted_functional_amr_detection,FALSE,,included_in_functional_presence
GCA_050473905.1,Bacteraemia,GCA_050473905.1:4,4,dfrF,trimethoprim-resistant dihydrofolate reductase DfrF,core,AMR,AMR,TRIMETHOPRIM,TRIMETHOPRIM,EXACTX,,CP175056.1,1166664,1167155,+,164,164,100,100,164,WP_002322211.1,trimethoprim-resistant dihydrofolate reductase DfrF,,,GCA_050473905.1.amrfinder.tsv,TRIMETHOPRIM,TRIMETHOPRIM,FALSE,accepted_functional_amr_detection,FALSE,,included_in_functional_presence
GCA_050473905.1,Bacteraemia,GCA_050473905.1:5,5,parC_S80I,Enterococcus faecalis quinolone resistant ParC,core,AMR,POINT,QUINOLONE,QUINOLONE,POINTX,,CP175056.1,1354936,1357395,+,820,820,100,99.76,820,WP_002371880.1,DNA topoisomerase IV subunit A ParC,,,GCA_050473905.1.amrfinder.tsv,QUINOLONE,QUINOLONE,FALSE,accepted_functional_amr_detection,FALSE,,included_in_functional_presence
GCA_050473905.1,Bacteraemia,GCA_050473905.1:6,6,aac(6')-Ie/aph(2'')-Ia,bifunctional aminoglycoside N-acetyltransferase AAC(6')-Ie/aminoglycoside O-phosphotransferase APH(2'')-Ia,core,AMR,AMR,AMINOGLYCOSIDE,AMIKACIN/GENTAMICIN/KANAMYCIN/TOBRAMYCIN,EXACTX,,CP175056.1,2326702,2328138,-,479,479,100,100,479,WP_001028144.1,bifunctional aminoglycoside N-acetyltransferase AAC(6')-Ie/aminoglycoside O-phosphotransferase APH(2'')-Ia,,,GCA_050473905.1.amrfinder.tsv,AMINOGLYCOSIDE,AMIKACIN/GENTAMICIN/KANAMYCIN/TOBRAMYCIN,FALSE,accepted_functional_amr_detection,FALSE,,included_in_functional_presence
GCA_050473905.1,Bacteraemia,GCA_050473905.1:7,7,aph(3')-IIIa,aminoglycoside O-phosphotransferase APH(3')-IIIa,core,AMR,AMR,AMINOGLYCOSIDE,AMIKACIN/KANAMYCIN,EXACTX,,CP175056.1,2358888,2359679,-,264,264,100,100,264,WP_001096887.1,aminoglycoside O-phosphotransferase APH(3')-IIIa,,,GCA_050473905.1.amrfinder.tsv,AMINOGLYCOSIDE,AMIKACIN/KANAMYCIN,FALSE,accepted_functional_amr_detection,FALSE,,included_in_functional_presence
GCA_050473905.1,Bacteraemia,GCA_050473905.1:8,8,sat4,streptothricin N-acetyltransferase Sat4,core,AMR,AMR,STREPTOTHRICIN,STREPTOTHRICIN,EXACTX,,CP175056.1,2359775,2360314,-,180,180,100,100,180,WP_000627290.1,streptothricin N-acetyltransferase Sat4,,,GCA_050473905.1.amrfinder.tsv,STREPTOTHRICIN,STREPTOTHRICIN,FALSE,accepted_functional_amr_detection,FALSE,,included_in_functional_presence
GCA_050473905.1,Bacteraemia,GCA_050473905.1:9,9,ant(6)-Ia,aminoglycoside nucleotidyltransferase ANT(6)-Ia,core,AMR,AMR,AMINOGLYCOSIDE,STREPTOMYCIN,EXACTX,,CP175056.1,2360314,2361219,-,302,302,100,100,302,WP_001255866.1,aminoglycoside nucleotidyltransferase ANT(6)-Ia,,,GCA_050473905.1.amrfinder.tsv,AMINOGLYCOSIDE,STREPTOMYCIN,FALSE,accepted_functional_amr_detection,FALSE,,included_in_functional_presence
GCA_050473905.1,Bacteraemia,GCA_050473905.1:10,10,erm(B),23S rRNA (adenine(2058)-N(6))-methyltransferase Erm(B),core,AMR,AMR,LINCOSAMIDE/MACROLIDE/STREPTOGRAMIN,CLINDAMYCIN/ERYTHROMYCIN/STREPTOGRAMIN B,EXACTX,,CP175056.1,2364481,2365215,-,245,245,100,100,245,WP_001038792.1,23S rRNA (adenine(2058)-N(6))-methyltransferase Erm(B),,,GCA_050473905.1.amrfinder.tsv,LINCOSAMIDE/MACROLIDE/STREPTOGRAMIN,CLINDAMYCIN/ERYTHROMYCIN/STREPTOGRAMIN B,FALSE,accepted_functional_amr_detection,FALSE,,included_in_functional_presence
GCA_050473905.1,Bacteraemia,GCA_050473905.1:11,11,dfrF,trimethoprim-resistant dihydrofolate reductase DfrF,core,AMR,AMR,TRIMETHOPRIM,TRIMETHOPRIM,EXACTX,,CP175056.1,2452903,2453394,-,164,164,100,100,164,WP_002322211.1,trimethoprim-resistant dihydrofolate reductase DfrF,,,GCA_050473905.1.amrfinder.tsv,TRIMETHOPRIM,TRIMETHOPRIM,FALSE,accepted_functional_amr_detection,FALSE,,included_in_functional_presence
GCA_050473905.1,Bacteraemia,GCA_050473905.1:12,12,lsa(A),ABC-F type ribosomal protection protein Lsa(A),core,AMR,AMR,LINCOSAMIDE/STREPTOGRAMIN,LINCOSAMIDE/STREPTOGRAMIN,EXACTX,,CP175056.1,2499466,2500959,-,498,498,100,100,498,WP_002387187.1,ABC-F type ribosomal protection protein Lsa(A),,,GCA_050473905.1.amrfinder.tsv,LINCOSAMIDE/STREPTOGRAMIN,LINCOSAMIDE/STREPTOGRAMIN,FALSE,accepted_functional_amr_detection,FALSE,,included_in_functional_presence
GCA_050473905.1,Bacteraemia,GCA_050473905.1:13,13,tet(M),tetracycline resistance ribosomal protection protein Tet(M),core,AMR,AMR,TETRACYCLINE,TETRACYCLINE,EXACTX,,CP175056.1,2665194,2667110,+,639,639,100,100,639,WP_000691736.1,tetracycline resistance ribosomal protection protein Tet(M),,,GCA_050473905.1.amrfinder.tsv,TETRACYCLINE,TETRACYCLINE,FALSE,accepted_functional_amr_detection,FALSE,,included_in_functional_presence
GCA_050473905.1,Bacteraemia,GCA_050473905.1:14,14,tet(M),tetracycline resistance ribosomal protection protein Tet(M),core,AMR,AMR,TETRACYCLINE,TETRACYCLINE,EXACTX,,CP175056.1,2977442,2979358,+,639,639,100,100,639,WP_000691736.1,tetracycline resistance ribosomal protection protein Tet(M),,,GCA_050473905.1.amrfinder.tsv,TETRACYCLINE,TETRACYCLINE,FALSE,accepted_functional_amr_detection,FALSE,,included_in_functional_presence
GCA_050474485.1,Bacteraemia,GCA_050474485.1:1,1,lsa(A),ABC-F type ribosomal protection protein Lsa(A),core,AMR,AMR,LINCOSAMIDE/STREPTOGRAMIN,LINCOSAMIDE/STREPTOGRAMIN,BLASTX,,CP175046.1,2259998,2261491,-,498,498,100,99.2,498,WP_002387187.1,ABC-F type ribosomal protection protein Lsa(A),,,GCA_050474485.1.amrfinder.tsv,LINCOSAMIDE/STREPTOGRAMIN,LINCOSAMIDE/STREPTOGRAMIN,FALSE,accepted_functional_amr_detection,FALSE,,included_in_functional_presence
GCA_050474495.1,Bacteraemia,GCA_050474495.1:1,1,erm(B),23S rRNA (adenine(2058)-N(6))-methyltransferase Erm(B),core,AMR,AMR,LINCOSAMIDE/MACROLIDE/STREPTOGRAMIN,CLINDAMYCIN/ERYTHROMYCIN/STREPTOGRAMIN B,EXACTX,,CP175042.1,36691,37425,-,245,245,100,100,245,WP_001038790.1,23S rRNA (adenine(2058)-N(6))-methyltransferase Erm(B),,,GCA_050474495.1.amrfinder.tsv,LINCOSAMIDE/MACROLIDE/STREPTOGRAMIN,CLINDAMYCIN/ERYTHROMYCIN/STREPTOGRAMIN B,FALSE,accepted_functional_amr_detection,FALSE,,included_in_functional_presence
GCA_050474495.1,Bacteraemia,GCA_050474495.1:2,2,aac(6')-Ie/aph(2'')-Ia,bifunctional aminoglycoside N-acetyltransferase AAC(6')-Ie/aminoglycoside O-phosphotransferase APH(2'')-Ia,core,AMR,AMR,AMINOGLYCOSIDE,AMIKACIN/GENTAMICIN/KANAMYCIN/TOBRAMYCIN,EXACTX,,CP175042.1,46803,48239,+,479,479,100,100,479,WP_001028144.1,bifunctional aminoglycoside N-acetyltransferase AAC(6')-Ie/aminoglycoside O-phosphotransferase APH(2'')-Ia,,,GCA_050474495.1.amrfinder.tsv,AMINOGLYCOSIDE,AMIKACIN/GENTAMICIN/KANAMYCIN/TOBRAMYCIN,FALSE,accepted_functional_amr_detection,FALSE,,included_in_functional_presence
GCA_050474495.1,Bacteraemia,GCA_050474495.1:3,3,lsa(A),ABC-F type ribosomal protection protein Lsa(A),core,AMR,AMR,LINCOSAMIDE/STREPTOGRAMIN,LINCOSAMIDE/STREPTOGRAMIN,BLASTX,,CP175045.1,100668,102161,+,498,498,100,98.8,498,WP_002387187.1,ABC-F type ribosomal protection protein Lsa(A),,,GCA_050474495.1.amrfinder.tsv,LINCOSAMIDE/STREPTOGRAMIN,LINCOSAMIDE/STREPTOGRAMIN,FALSE,accepted_functional_amr_detection,FALSE,,included_in_functional_presence
GCA_050474495.1,Bacteraemia,GCA_050474495.1:4,4,parC_S80I,Enterococcus faecalis quinolone resistant ParC,core,AMR,POINT,QUINOLONE,QUINOLONE,POINTX,,CP175045.1,1094042,1096501,+,820,820,100,99.63,820,WP_002371880.1,DNA topoisomerase IV subunit A ParC,,,GCA_050474495.1.amrfinder.tsv,QUINOLONE,QUINOLONE,FALSE,accepted_functional_amr_detection,FALSE,,included_in_functional_presence
GCA_050474495.1,Bacteraemia,GCA_050474495.1:5,5,gyrA_S83I,Enterococcus faecalis quinolone resistant GyrA,core,AMR,POINT,QUINOLONE,QUINOLONE,POINTX,,CP175045.1,2664315,2666813,-,833,833,100,99.76,833,WP_033785346.1,DNA gyrase subunit A GyrA,,,GCA_050474495.1.amrfinder.tsv,QUINOLONE,QUINOLONE,FALSE,accepted_functional_amr_detection,FALSE,,included_in_functional_presence
GCA_050474495.1,Bacteraemia,GCA_050474495.1:6,6,tet(M),tetracycline resistance ribosomal protection protein Tet(M),core,AMR,AMR,TETRACYCLINE,TETRACYCLINE,EXACTX,,CP175045.1,3136298,3138214,-,639,639,100,100,639,WP_000691736.1,tetracycline resistance ribosomal protection protein Tet(M),,,GCA_050474495.1.amrfinder.tsv,TETRACYCLINE,TETRACYCLINE,FALSE,accepted_functional_amr_detection,FALSE,,included_in_functional_presence
GCA_050475565.1,Bacteraemia,GCA_050475565.1:1,1,aac(6')-Ie/aph(2'')-Ia,bifunctional aminoglycoside N-acetyltransferase AAC(6')-Ie/aminoglycoside O-phosphotransferase APH(2'')-Ia,core,AMR,AMR,AMINOGLYCOSIDE,AMIKACIN/GENTAMICIN/KANAMYCIN/TOBRAMYCIN,EXACTX,,CP175029.1,38342,39778,+,479,479,100,100,479,WP_001028144.1,bifunctional aminoglycoside N-acetyltransferase AAC(6')-Ie/aminoglycoside O-phosphotransferase APH(2'')-Ia,,,GCA_050475565.1.amrfinder.tsv,AMINOGLYCOSIDE,AMIKACIN/GENTAMICIN/KANAMYCIN/TOBRAMYCIN,FALSE,accepted_functional_amr_detection,FALSE,,included_in_functional_presence
GCA_050475565.1,Bacteraemia,GCA_050475565.1:2,2,gyrA_S83I,Enterococcus faecalis quinolone resistant GyrA,core,AMR,POINT,QUINOLONE,QUINOLONE,POINTX,,CP175030.1,6617,9115,+,833,833,100,99.76,833,WP_033785346.1,DNA gyrase subunit A GyrA,,,GCA_050475565.1.amrfinder.tsv,QUINOLONE,QUINOLONE,FALSE,accepted_functional_amr_detection,FALSE,,included_in_functional_presence
GCA_050475565.1,Bacteraemia,GCA_050475565.1:3,3,erm(B),23S rRNA (adenine(2058)-N(6))-methyltransferase Erm(B),core,AMR,AMR,LINCOSAMIDE/MACROLIDE/STREPTOGRAMIN,CLINDAMYCIN/ERYTHROMYCIN/STREPTOGRAMIN B,EXACTX,,CP175030.1,288599,289333,+,245,245,100,100,245,WP_001038790.1,23S rRNA (adenine(2058)-N(6))-methyltransferase Erm(B),,,GCA_050475565.1.amrfinder.tsv,LINCOSAMIDE/MACROLIDE/STREPTOGRAMIN,CLINDAMYCIN/ERYTHROMYCIN/STREPTOGRAMIN B,FALSE,accepted_functional_amr_detection,FALSE,,included_in_functional_presence
GCA_050475565.1,Bacteraemia,GCA_050475565.1:4,4,lsa(A),ABC-F type ribosomal protection protein Lsa(A),core,AMR,AMR,LINCOSAMIDE/STREPTOGRAMIN,LINCOSAMIDE/STREPTOGRAMIN,EXACTX,,CP175030.1,662390,663883,+,498,498,100,100,498,WP_002398829.1,ABC-F type ribosomal protection protein Lsa(A),,,GCA_050475565.1.amrfinder.tsv,LINCOSAMIDE/STREPTOGRAMIN,LINCOSAMIDE/STREPTOGRAMIN,FALSE,accepted_functional_amr_detection,FALSE,,included_in_functional_presence
GCA_050475565.1,Bacteraemia,GCA_050475565.1:5,5,parC_S80I,Enterococcus faecalis quinolone resistant ParC,core,AMR,POINT,QUINOLONE,QUINOLONE,POINTX,,CP175030.1,1517110,1519569,+,820,820,100,99.76,820,WP_002371880.1,DNA topoisomerase IV subunit A ParC,,,GCA_050475565.1.amrfinder.tsv,QUINOLONE,QUINOLONE,FALSE,accepted_functional_amr_detection,FALSE,,included_in_functional_presence
GCA_050475565.1,Bacteraemia,GCA_050475565.1:6,6,tet(M),tetracycline resistance ribosomal protection protein Tet(M),core,AMR,AMR,TETRACYCLINE,TETRACYCLINE,EXACTX,,CP175030.1,3049312,3051228,+,639,639,100,100,639,WP_001574275.1,tetracycline resistance ribosomal protection protein Tet(M),,,GCA_050475565.1.amrfinder.tsv,TETRACYCLINE,TETRACYCLINE,FALSE,accepted_functional_amr_detection,FALSE,,included_in_functional_presence
GCA_050475575.1,Bacteraemia,GCA_050475575.1:1,1,tet(M),tetracycline resistance ribosomal protection protein Tet(M),core,AMR,AMR,TETRACYCLINE,TETRACYCLINE,BLASTX,,CP175027.1,888163,890079,+,639,639,100,99.84,639,WP_002364936.1,tetracycline resistance ribosomal protection protein Tet(M),,,GCA_050475575.1.amrfinder.tsv,TETRACYCLINE,TETRACYCLINE,FALSE,accepted_functional_amr_detection,FALSE,,included_in_functional_presence
GCA_050475575.1,Bacteraemia,GCA_050475575.1:2,2,erm(B),23S rRNA (adenine(2058)-N(6))-methyltransferase Erm(B),core,AMR,AMR,LINCOSAMIDE/MACROLIDE/STREPTOGRAMIN,CLINDAMYCIN/ERYTHROMYCIN/STREPTOGRAMIN B,EXACTX,,CP175027.1,1576626,1577360,-,245,245,100,100,245,WP_002292226.1,23S rRNA (adenine(2058)-N(6))-methyltransferase Erm(B),,,GCA_050475575.1.amrfinder.tsv,LINCOSAMIDE/MACROLIDE/STREPTOGRAMIN,CLINDAMYCIN/ERYTHROMYCIN/STREPTOGRAMIN B,FALSE,accepted_functional_amr_detection,FALSE,,included_in_functional_presence
GCA_050475575.1,Bacteraemia,GCA_050475575.1:3,3,ant(6)-Ia,aminoglycoside nucleotidyltransferase ANT(6)-Ia,core,AMR,AMR,AMINOGLYCOSIDE,STREPTOMYCIN,PARTIALX,,CP175027.1,1581690,1582439,-,250,287,87.11,99.6,250,WP_002294505.1,aminoglycoside nucleotidyltransferase ANT(6)-Ia,,,GCA_050475575.1.amrfinder.tsv,AMINOGLYCOSIDE,STREPTOMYCIN,FALSE,excluded_from_functional_presence,FALSE,PARTIALX,excluded_from_functional_presence
GCA_050475575.1,Bacteraemia,GCA_050475575.1:4,4,aac(6')-Ie/aph(2'')-Ia,bifunctional aminoglycoside N-acetyltransferase AAC(6')-Ie/aminoglycoside O-phosphotransferase APH(2'')-Ia,core,AMR,AMR,AMINOGLYCOSIDE,AMIKACIN/GENTAMICIN/KANAMYCIN/TOBRAMYCIN,EXACTX,,CP175027.1,1582612,1584048,-,479,479,100,100,479,WP_001028144.1,bifunctional aminoglycoside N-acetyltransferase AAC(6')-Ie/aminoglycoside O-phosphotransferase APH(2'')-Ia,,,GCA_050475575.1.amrfinder.tsv,AMINOGLYCOSIDE,AMIKACIN/GENTAMICIN/KANAMYCIN/TOBRAMYCIN,FALSE,accepted_functional_amr_detection,FALSE,,included_in_functional_presence
GCA_050475575.1,Bacteraemia,GCA_050475575.1:5,5,lsa(A),ABC-F type ribosomal protection protein Lsa(A),core,AMR,AMR,LINCOSAMIDE/STREPTOGRAMIN,LINCOSAMIDE/STREPTOGRAMIN,BLASTX,,CP175027.1,2460282,2461775,-,498,498,100,99,498,WP_002398829.1,ABC-F type ribosomal protection protein Lsa(A),,,GCA_050475575.1.amrfinder.tsv,LINCOSAMIDE/STREPTOGRAMIN,LINCOSAMIDE/STREPTOGRAMIN,FALSE,accepted_functional_amr_detection,FALSE,,included_in_functional_presence
GCA_050476085.1,Bacteraemia,GCA_050476085.1:1,1,clpL,ATP-dependent protease ClpL,plus,STRESS,HEAT,,,BLASTX,,CP175020.1,448383,450494,+,704,704,100,98.86,704,ADB69780.1,ATP-dependent protease ClpL,,,GCA_050476085.1.amrfinder.tsv,other/unclassified,other/unclassified,FALSE,outside_functional_amr_analysis,FALSE,STRESS_outside_functional_AMR_analysis,outside_functional_amr_analysis
GCA_050476085.1,Bacteraemia,GCA_050476085.1:2,2,lsa(A),ABC-F type ribosomal protection protein Lsa(A),core,AMR,AMR,LINCOSAMIDE/STREPTOGRAMIN,LINCOSAMIDE/STREPTOGRAMIN,BLASTX,,CP175020.1,2444710,2446203,-,498,498,100,99.2,498,WP_002365053.1,ABC-F type ribosomal protection protein Lsa(A),,,GCA_050476085.1.amrfinder.tsv,LINCOSAMIDE/STREPTOGRAMIN,LINCOSAMIDE/STREPTOGRAMIN,FALSE,accepted_functional_amr_detection,FALSE,,included_in_functional_presence
GCA_050480515.1,Bacteraemia,GCA_050480515.1:1,1,lsa(A),ABC-F type ribosomal protection protein Lsa(A),core,AMR,AMR,LINCOSAMIDE/STREPTOGRAMIN,LINCOSAMIDE/STREPTOGRAMIN,BLASTX,,CP174930.1,1353122,1354615,-,498,498,100,99.6,498,WP_002365053.1,ABC-F type ribosomal protection protein Lsa(A),,,GCA_050480515.1.amrfinder.tsv,LINCOSAMIDE/STREPTOGRAMIN,LINCOSAMIDE/STREPTOGRAMIN,FALSE,accepted_functional_amr_detection,FALSE,,included_in_functional_presence
GCA_050480515.1,Bacteraemia,GCA_050480515.1:2,2,tet(M),tetracycline resistance ribosomal protection protein Tet(M),core,AMR,AMR,TETRACYCLINE,TETRACYCLINE,EXACTX,,CP174930.1,2199724,2201640,+,639,639,100,100,639,WP_000691736.1,tetracycline resistance ribosomal protection protein Tet(M),,,GCA_050480515.1.amrfinder.tsv,TETRACYCLINE,TETRACYCLINE,FALSE,accepted_functional_amr_detection,FALSE,,included_in_functional_presence
GCA_050481105.1,Bacteraemia,GCA_050481105.1:1,1,lsa(A),ABC-F type ribosomal protection protein Lsa(A),core,AMR,AMR,LINCOSAMIDE/STREPTOGRAMIN,LINCOSAMIDE/STREPTOGRAMIN,BLASTX,,CP174928.1,593496,594989,+,498,498,100,99.6,498,WP_002365053.1,ABC-F type ribosomal protection protein Lsa(A),,,GCA_050481105.1.amrfinder.tsv,LINCOSAMIDE/STREPTOGRAMIN,LINCOSAMIDE/STREPTOGRAMIN,FALSE,accepted_functional_amr_detection,FALSE,,included_in_functional_presence
GCA_050481105.1,Bacteraemia,GCA_050481105.1:2,2,tet(M),tetracycline resistance ribosomal protection protein Tet(M),core,AMR,AMR,TETRACYCLINE,TETRACYCLINE,EXACTX,,CP174928.1,2720597,2722513,-,639,639,100,100,639,WP_000691736.1,tetracycline resistance ribosomal protection protein Tet(M),,,GCA_050481105.1.amrfinder.tsv,TETRACYCLINE,TETRACYCLINE,FALSE,accepted_functional_amr_detection,FALSE,,included_in_functional_presence
GCA_050481115.1,Bacteraemia,GCA_050481115.1:1,1,lsa(A),ABC-F type ribosomal protection protein Lsa(A),core,AMR,AMR,LINCOSAMIDE/STREPTOGRAMIN,LINCOSAMIDE/STREPTOGRAMIN,BLASTX,,CP174925.1,2300150,2301643,-,498,498,100,99.6,498,WP_002365053.1,ABC-F type ribosomal protection protein Lsa(A),,,GCA_050481115.1.amrfinder.tsv,LINCOSAMIDE/STREPTOGRAMIN,LINCOSAMIDE/STREPTOGRAMIN,FALSE,accepted_functional_amr_detection,FALSE,,included_in_functional_presence
GCA_050481115.1,Bacteraemia,GCA_050481115.1:2,2,tet(M),tetracycline resistance ribosomal protection protein Tet(M),core,AMR,AMR,TETRACYCLINE,TETRACYCLINE,EXACTX,,CP174925.1,2963287,2965203,-,639,639,100,100,639,WP_000691736.1,tetracycline resistance ribosomal protection protein Tet(M),,,GCA_050481115.1.amrfinder.tsv,TETRACYCLINE,TETRACYCLINE,FALSE,accepted_functional_amr_detection,FALSE,,included_in_functional_presence
GCA_050481685.1,Bacteraemia,GCA_050481685.1:1,1,lsa(A),ABC-F type ribosomal protection protein Lsa(A),core,AMR,AMR,LINCOSAMIDE/STREPTOGRAMIN,LINCOSAMIDE/STREPTOGRAMIN,BLASTX,,CP174922.1,2300153,2301646,-,498,498,100,99.6,498,WP_002365053.1,ABC-F type ribosomal protection protein Lsa(A),,,GCA_050481685.1.amrfinder.tsv,LINCOSAMIDE/STREPTOGRAMIN,LINCOSAMIDE/STREPTOGRAMIN,FALSE,accepted_functional_amr_detection,FALSE,,included_in_functional_presence
GCA_050481685.1,Bacteraemia,GCA_050481685.1:2,2,tet(M),tetracycline resistance ribosomal protection protein Tet(M),core,AMR,AMR,TETRACYCLINE,TETRACYCLINE,EXACTX,,CP174922.1,2963290,2965206,-,639,639,100,100,639,WP_000691736.1,tetracycline resistance ribosomal protection protein Tet(M),,,GCA_050481685.1.amrfinder.tsv,TETRACYCLINE,TETRACYCLINE,FALSE,accepted_functional_amr_detection,FALSE,,included_in_functional_presence
GCA_050481695.1,Bacteraemia,GCA_050481695.1:1,1,bleO,bleomycin binding protein,core,AMR,AMR,BLEOMYCIN,BLEOMYCIN,PARTIALX,,CP174918.1,3041,3298,+,86,134,64.18,100,86,WP_001242578.1,bleomycin binding protein,,,GCA_050481695.1.amrfinder.tsv,BLEOMYCIN,BLEOMYCIN,FALSE,excluded_from_functional_presence,TRUE,PARTIALX;coverage_below_80,excluded_from_functional_presence
GCA_050481695.1,Bacteraemia,GCA_050481695.1:2,2,aadD1,aminoglycoside O-nucleotidyltransferase ANT(4')-Ia,core,AMR,AMR,AMINOGLYCOSIDE,KANAMYCIN/TOBRAMYCIN,BLASTX,,CP174918.1,22290,23048,+,253,253,100,99.6,253,WP_001014230.1,aminoglycoside O-nucleotidyltransferase ANT(4')-Ia,,,GCA_050481695.1.amrfinder.tsv,AMINOGLYCOSIDE,KANAMYCIN/TOBRAMYCIN,FALSE,accepted_functional_amr_detection,FALSE,,included_in_functional_presence
GCA_050481695.1,Bacteraemia,GCA_050481695.1:3,3,vanZ-A,glycopeptide resistance protein VanZ-A,core,AMR,AMR,GLYCOPEPTIDE,VANCOMYCIN,EXACTX,,CP174918.1,23671,24153,-,161,161,100,100,161,WP_000516404.1,glycopeptide resistance protein VanZ-A,,,GCA_050481695.1.amrfinder.tsv,GLYCOPEPTIDE,VANCOMYCIN,FALSE,accepted_functional_amr_detection,FALSE,,included_in_functional_presence
GCA_050481695.1,Bacteraemia,GCA_050481695.1:4,4,vanY-A,D-Ala-D-Ala carboxypeptidase VanY-A,core,AMR,AMR,GLYCOPEPTIDE,VANCOMYCIN,EXACTX,,CP174918.1,24309,25217,-,303,303,100,100,303,WP_001812592.1,D-Ala-D-Ala carboxypeptidase VanY-A,,,GCA_050481695.1.amrfinder.tsv,GLYCOPEPTIDE,VANCOMYCIN,FALSE,accepted_functional_amr_detection,FALSE,,included_in_functional_presence
GCA_050481695.1,Bacteraemia,GCA_050481695.1:5,5,vanX-A,D-Ala-D-Ala dipeptidase VanX-A,core,AMR,AMR,GLYCOPEPTIDE,VANCOMYCIN,BLASTX,,CP174918.1,26698,27303,-,202,202,100,99.5,202,WP_000402347.1,D-Ala-D-Ala dipeptidase VanX-A,,,GCA_050481695.1.amrfinder.tsv,GLYCOPEPTIDE,VANCOMYCIN,FALSE,accepted_functional_amr_detection,FALSE,,included_in_functional_presence
GCA_050481695.1,Bacteraemia,GCA_050481695.1:6,6,vanA,D-alanine--(R)-lactate ligase VanA,core,AMR,AMR,GLYCOPEPTIDE,VANCOMYCIN,EXACTX,,CP174918.1,27312,28340,-,343,343,100,100,343,WP_001079845.1,D-alanine--(R)-lactate ligase VanA,,,GCA_050481695.1.amrfinder.tsv,GLYCOPEPTIDE,VANCOMYCIN,FALSE,accepted_functional_amr_detection,FALSE,,included_in_functional_presence
GCA_050481695.1,Bacteraemia,GCA_050481695.1:7,7,vanH-A,D-lactate dehydrogenase VanH-A,core,AMR,AMR,GLYCOPEPTIDE,VANCOMYCIN,EXACTX,,CP174918.1,28336,29301,-,322,322,100,100,322,WP_001059542.1,D-lactate dehydrogenase VanH-A,,,GCA_050481695.1.amrfinder.tsv,GLYCOPEPTIDE,VANCOMYCIN,FALSE,accepted_functional_amr_detection,FALSE,,included_in_functional_presence
GCA_050481695.1,Bacteraemia,GCA_050481695.1:8,8,vanS-A,vancomycin resistance histidine kinase VanS-A,core,AMR,AMR,GLYCOPEPTIDE,VANCOMYCIN,EXACTX,,CP174918.1,29519,30670,-,384,384,100,100,384,WP_002305818.1,vancomycin resistance histidine kinase VanS-A,,,GCA_050481695.1.amrfinder.tsv,GLYCOPEPTIDE,VANCOMYCIN,FALSE,accepted_functional_amr_detection,FALSE,,included_in_functional_presence
GCA_050481695.1,Bacteraemia,GCA_050481695.1:9,9,vanR-A,vancomycin resistance response regulator transcription factor VanR-A,core,AMR,AMR,GLYCOPEPTIDE,VANCOMYCIN,EXACTX,,CP174918.1,30651,31343,-,231,231,100,100,231,WP_001280781.1,vancomycin resistance response regulator transcription factor VanR-A,,,GCA_050481695.1.amrfinder.tsv,GLYCOPEPTIDE,VANCOMYCIN,FALSE,accepted_functional_amr_detection,FALSE,,included_in_functional_presence
GCA_050481695.1,Bacteraemia,GCA_050481695.1:10,10,erm(B),23S rRNA (adenine(2058)-N(6))-methyltransferase Erm(B),core,AMR,AMR,LINCOSAMIDE/MACROLIDE/STREPTOGRAMIN,CLINDAMYCIN/ERYTHROMYCIN/STREPTOGRAMIN B,EXACTX,,CP174919.1,22309,23043,+,245,245,100,100,245,WP_001038792.1,23S rRNA (adenine(2058)-N(6))-methyltransferase Erm(B),,,GCA_050481695.1.amrfinder.tsv,LINCOSAMIDE/MACROLIDE/STREPTOGRAMIN,CLINDAMYCIN/ERYTHROMYCIN/STREPTOGRAMIN B,FALSE,accepted_functional_amr_detection,FALSE,,included_in_functional_presence
GCA_050481695.1,Bacteraemia,GCA_050481695.1:11,11,ant(6)-Ia,aminoglycoside nucleotidyltransferase ANT(6)-Ia,core,AMR,AMR,AMINOGLYCOSIDE,STREPTOMYCIN,EXACTX,,CP174919.1,26305,27210,+,302,302,100,100,302,WP_001255866.1,aminoglycoside nucleotidyltransferase ANT(6)-Ia,,,GCA_050481695.1.amrfinder.tsv,AMINOGLYCOSIDE,STREPTOMYCIN,FALSE,accepted_functional_amr_detection,FALSE,,included_in_functional_presence
GCA_050481695.1,Bacteraemia,GCA_050481695.1:12,12,sat4,streptothricin N-acetyltransferase Sat4,core,AMR,AMR,STREPTOTHRICIN,STREPTOTHRICIN,EXACTX,,CP174919.1,27210,27749,+,180,180,100,100,180,WP_000627290.1,streptothricin N-acetyltransferase Sat4,,,GCA_050481695.1.amrfinder.tsv,STREPTOTHRICIN,STREPTOTHRICIN,FALSE,accepted_functional_amr_detection,FALSE,,included_in_functional_presence
GCA_050481695.1,Bacteraemia,GCA_050481695.1:13,13,aph(3')-IIIa,aminoglycoside O-phosphotransferase APH(3')-IIIa,core,AMR,AMR,AMINOGLYCOSIDE,AMIKACIN/KANAMYCIN,EXACTX,,CP174919.1,27845,28636,+,264,264,100,100,264,WP_001096887.1,aminoglycoside O-phosphotransferase APH(3')-IIIa,,,GCA_050481695.1.amrfinder.tsv,AMINOGLYCOSIDE,AMIKACIN/KANAMYCIN,FALSE,accepted_functional_amr_detection,FALSE,,included_in_functional_presence
GCA_050481695.1,Bacteraemia,GCA_050481695.1:14,14,lsa(A),ABC-F type ribosomal protection protein Lsa(A),core,AMR,AMR,LINCOSAMIDE/STREPTOGRAMIN,LINCOSAMIDE/STREPTOGRAMIN,EXACTX,,CP174921.1,90755,92248,+,498,498,100,100,498,WP_002387187.1,ABC-F type ribosomal protection protein Lsa(A),,,GCA_050481695.1.amrfinder.tsv,LINCOSAMIDE/STREPTOGRAMIN,LINCOSAMIDE/STREPTOGRAMIN,FALSE,accepted_functional_amr_detection,FALSE,,included_in_functional_presence
GCA_050481695.1,Bacteraemia,GCA_050481695.1:15,15,dfrF,trimethoprim-resistant dihydrofolate reductase DfrF,core,AMR,AMR,TRIMETHOPRIM,TRIMETHOPRIM,EXACTX,,CP174921.1,138274,138765,+,164,164,100,100,164,WP_002322211.1,trimethoprim-resistant dihydrofolate reductase DfrF,,,GCA_050481695.1.amrfinder.tsv,TRIMETHOPRIM,TRIMETHOPRIM,FALSE,accepted_functional_amr_detection,FALSE,,included_in_functional_presence
GCA_050481695.1,Bacteraemia,GCA_050481695.1:16,16,dfrF,trimethoprim-resistant dihydrofolate reductase DfrF,core,AMR,AMR,TRIMETHOPRIM,TRIMETHOPRIM,EXACTX,,CP174921.1,911087,911578,+,164,164,100,100,164,WP_002322211.1,trimethoprim-resistant dihydrofolate reductase DfrF,,,GCA_050481695.1.amrfinder.tsv,TRIMETHOPRIM,TRIMETHOPRIM,FALSE,accepted_functional_amr_detection,FALSE,,included_in_functional_presence
GCA_050481695.1,Bacteraemia,GCA_050481695.1:17,17,parC_S80I,Enterococcus faecalis quinolone resistant ParC,core,AMR,POINT,QUINOLONE,QUINOLONE,POINTX,,CP174921.1,1099380,1101839,+,820,820,100,99.76,820,WP_002371880.1,DNA topoisomerase IV subunit A ParC,,,GCA_050481695.1.amrfinder.tsv,QUINOLONE,QUINOLONE,FALSE,accepted_functional_amr_detection,FALSE,,included_in_functional_presence
GCA_050481695.1,Bacteraemia,GCA_050481695.1:18,18,aac(6')-Ie/aph(2'')-Ia,bifunctional aminoglycoside N-acetyltransferase AAC(6')-Ie/aminoglycoside O-phosphotransferase APH(2'')-Ia,core,AMR,AMR,AMINOGLYCOSIDE,AMIKACIN/GENTAMICIN/KANAMYCIN/TOBRAMYCIN,EXACTX,,CP174921.1,2073679,2075115,-,479,479,100,100,479,WP_001028144.1,bifunctional aminoglycoside N-acetyltransferase AAC(6')-Ie/aminoglycoside O-phosphotransferase APH(2'')-Ia,,,GCA_050481695.1.amrfinder.tsv,AMINOGLYCOSIDE,AMIKACIN/GENTAMICIN/KANAMYCIN/TOBRAMYCIN,FALSE,accepted_functional_amr_detection,FALSE,,included_in_functional_presence
GCA_050481695.1,Bacteraemia,GCA_050481695.1:19,19,rpsJ_RATHK53Q,Enterococcus faecalis tigecycline resistant RpsJ,core,AMR,POINT,TETRACYCLINE,TIGECYCLINE,POINTX,,CP174921.1,2419360,2419653,-,98,98,100,100,98,WP_002389727.1,30S ribosomal protein S10,,,GCA_050481695.1.amrfinder.tsv,TETRACYCLINE,TIGECYCLINE,FALSE,accepted_functional_amr_detection,FALSE,,included_in_functional_presence
GCA_050481695.1,Bacteraemia,GCA_050481695.1:20,20,tet(M),tetracycline resistance ribosomal protection protein Tet(M),core,AMR,AMR,TETRACYCLINE,TETRACYCLINE,EXACTX,,CP174921.1,2581449,2583365,+,639,639,100,100,639,WP_000691736.1,tetracycline resistance ribosomal protection protein Tet(M),,,GCA_050481695.1.amrfinder.tsv,TETRACYCLINE,TETRACYCLINE,FALSE,accepted_functional_amr_detection,FALSE,,included_in_functional_presence
GCA_050481695.1,Bacteraemia,GCA_050481695.1:21,21,tet(M),tetracycline resistance ribosomal protection protein Tet(M),core,AMR,AMR,TETRACYCLINE,TETRACYCLINE,EXACTX,,CP174921.1,2893701,2895617,+,639,639,100,100,639,WP_000691736.1,tetracycline resistance ribosomal protection protein Tet(M),,,GCA_050481695.1.amrfinder.tsv,TETRACYCLINE,TETRACYCLINE,FALSE,accepted_functional_amr_detection,FALSE,,included_in_functional_presence
GCA_050481695.1,Bacteraemia,GCA_050481695.1:22,22,gyrA_S83I,Enterococcus faecalis quinolone resistant GyrA,core,AMR,POINT,QUINOLONE,QUINOLONE,POINTX,,CP174921.1,3027847,3030345,+,833,833,100,99.76,833,WP_033785346.1,DNA gyrase subunit A GyrA,,,GCA_050481695.1.amrfinder.tsv,QUINOLONE,QUINOLONE,FALSE,accepted_functional_amr_detection,FALSE,,included_in_functional_presence
GCA_050482265.1,Bacteraemia,GCA_050482265.1:1,1,rpsJ_RATHK53Q,Enterococcus faecalis tigecycline resistant RpsJ,core,AMR,POINT,TETRACYCLINE,TIGECYCLINE,POINTX,,CP174914.1,66926,67219,+,98,98,100,100,98,WP_002389727.1,30S ribosomal protein S10,,,GCA_050482265.1.amrfinder.tsv,TETRACYCLINE,TIGECYCLINE,FALSE,accepted_functional_amr_detection,FALSE,,included_in_functional_presence
GCA_050482265.1,Bacteraemia,GCA_050482265.1:2,2,aac(6')-Ie/aph(2'')-Ia,bifunctional aminoglycoside N-acetyltransferase AAC(6')-Ie/aminoglycoside O-phosphotransferase APH(2'')-Ia,core,AMR,AMR,AMINOGLYCOSIDE,AMIKACIN/GENTAMICIN/KANAMYCIN/TOBRAMYCIN,EXACTX,,CP174914.1,411465,412901,+,479,479,100,100,479,WP_001028144.1,bifunctional aminoglycoside N-acetyltransferase AAC(6')-Ie/aminoglycoside O-phosphotransferase APH(2'')-Ia,,,GCA_050482265.1.amrfinder.tsv,AMINOGLYCOSIDE,AMIKACIN/GENTAMICIN/KANAMYCIN/TOBRAMYCIN,FALSE,accepted_functional_amr_detection,FALSE,,included_in_functional_presence
GCA_050482265.1,Bacteraemia,GCA_050482265.1:3,3,parC_S80I,Enterococcus faecalis quinolone resistant ParC,core,AMR,POINT,QUINOLONE,QUINOLONE,POINTX,,CP174914.1,1384745,1387204,-,820,820,100,99.76,820,WP_002371880.1,DNA topoisomerase IV subunit A ParC,,,GCA_050482265.1.amrfinder.tsv,QUINOLONE,QUINOLONE,FALSE,accepted_functional_amr_detection,FALSE,,included_in_functional_presence
GCA_050482265.1,Bacteraemia,GCA_050482265.1:4,4,dfrF,trimethoprim-resistant dihydrofolate reductase DfrF,core,AMR,AMR,TRIMETHOPRIM,TRIMETHOPRIM,EXACTX,,CP174914.1,1575006,1575497,-,164,164,100,100,164,WP_002322211.1,trimethoprim-resistant dihydrofolate reductase DfrF,,,GCA_050482265.1.amrfinder.tsv,TRIMETHOPRIM,TRIMETHOPRIM,FALSE,accepted_functional_amr_detection,FALSE,,included_in_functional_presence
GCA_050482265.1,Bacteraemia,GCA_050482265.1:5,5,dfrF,trimethoprim-resistant dihydrofolate reductase DfrF,core,AMR,AMR,TRIMETHOPRIM,TRIMETHOPRIM,EXACTX,,CP174914.1,2347824,2348315,-,164,164,100,100,164,WP_002322211.1,trimethoprim-resistant dihydrofolate reductase DfrF,,,GCA_050482265.1.amrfinder.tsv,TRIMETHOPRIM,TRIMETHOPRIM,FALSE,accepted_functional_amr_detection,FALSE,,included_in_functional_presence
GCA_050482265.1,Bacteraemia,GCA_050482265.1:6,6,lsa(A),ABC-F type ribosomal protection protein Lsa(A),core,AMR,AMR,LINCOSAMIDE/STREPTOGRAMIN,LINCOSAMIDE/STREPTOGRAMIN,EXACTX,,CP174914.1,2394341,2395834,-,498,498,100,100,498,WP_002387187.1,ABC-F type ribosomal protection protein Lsa(A),,,GCA_050482265.1.amrfinder.tsv,LINCOSAMIDE/STREPTOGRAMIN,LINCOSAMIDE/STREPTOGRAMIN,FALSE,accepted_functional_amr_detection,FALSE,,included_in_functional_presence
GCA_050482265.1,Bacteraemia,GCA_050482265.1:7,7,gyrA_S83I,Enterococcus faecalis quinolone resistant GyrA,core,AMR,POINT,QUINOLONE,QUINOLONE,POINTX,,CP174914.1,2644027,2646525,-,833,833,100,99.76,833,WP_033785346.1,DNA gyrase subunit A GyrA,,,GCA_050482265.1.amrfinder.tsv,QUINOLONE,QUINOLONE,FALSE,accepted_functional_amr_detection,FALSE,,included_in_functional_presence
GCA_050482265.1,Bacteraemia,GCA_050482265.1:8,8,tet(M),tetracycline resistance ribosomal protection protein Tet(M),core,AMR,AMR,TETRACYCLINE,TETRACYCLINE,EXACTX,,CP174914.1,2778755,2780671,-,639,639,100,100,639,WP_000691736.1,tetracycline resistance ribosomal protection protein Tet(M),,,GCA_050482265.1.amrfinder.tsv,TETRACYCLINE,TETRACYCLINE,FALSE,accepted_functional_amr_detection,FALSE,,included_in_functional_presence
GCA_050482265.1,Bacteraemia,GCA_050482265.1:9,9,tet(M),tetracycline resistance ribosomal protection protein Tet(M),core,AMR,AMR,TETRACYCLINE,TETRACYCLINE,EXACTX,,CP174914.1,3091007,3092923,-,639,639,100,100,639,WP_000691736.1,tetracycline resistance ribosomal protection protein Tet(M),,,GCA_050482265.1.amrfinder.tsv,TETRACYCLINE,TETRACYCLINE,FALSE,accepted_functional_amr_detection,FALSE,,included_in_functional_presence
GCA_050482265.1,Bacteraemia,GCA_050482265.1:10,10,bleO,bleomycin binding protein,core,AMR,AMR,BLEOMYCIN,BLEOMYCIN,PARTIALX,,CP174916.1,2827,3084,-,86,134,64.18,100,86,WP_001242578.1,bleomycin binding protein,,,GCA_050482265.1.amrfinder.tsv,BLEOMYCIN,BLEOMYCIN,FALSE,excluded_from_functional_presence,TRUE,PARTIALX;coverage_below_80,excluded_from_functional_presence
GCA_050482265.1,Bacteraemia,GCA_050482265.1:11,11,vanR-A,vancomycin resistance response regulator transcription factor VanR-A,core,AMR,AMR,GLYCOPEPTIDE,VANCOMYCIN,EXACTX,,CP174916.1,7066,7758,+,231,231,100,100,231,WP_001280781.1,vancomycin resistance response regulator transcription factor VanR-A,,,GCA_050482265.1.amrfinder.tsv,GLYCOPEPTIDE,VANCOMYCIN,FALSE,accepted_functional_amr_detection,FALSE,,included_in_functional_presence
GCA_050482265.1,Bacteraemia,GCA_050482265.1:12,12,vanS-A,vancomycin resistance histidine kinase VanS-A,core,AMR,AMR,GLYCOPEPTIDE,VANCOMYCIN,EXACTX,,CP174916.1,7739,8890,+,384,384,100,100,384,WP_002305818.1,vancomycin resistance histidine kinase VanS-A,,,GCA_050482265.1.amrfinder.tsv,GLYCOPEPTIDE,VANCOMYCIN,FALSE,accepted_functional_amr_detection,FALSE,,included_in_functional_presence
GCA_050482265.1,Bacteraemia,GCA_050482265.1:13,13,vanH-A,D-lactate dehydrogenase VanH-A,core,AMR,AMR,GLYCOPEPTIDE,VANCOMYCIN,EXACTX,,CP174916.1,9108,10073,+,322,322,100,100,322,WP_001059542.1,D-lactate dehydrogenase VanH-A,,,GCA_050482265.1.amrfinder.tsv,GLYCOPEPTIDE,VANCOMYCIN,FALSE,accepted_functional_amr_detection,FALSE,,included_in_functional_presence
GCA_050482265.1,Bacteraemia,GCA_050482265.1:14,14,vanA,D-alanine--(R)-lactate ligase VanA,core,AMR,AMR,GLYCOPEPTIDE,VANCOMYCIN,EXACTX,,CP174916.1,10069,11097,+,343,343,100,100,343,WP_001079845.1,D-alanine--(R)-lactate ligase VanA,,,GCA_050482265.1.amrfinder.tsv,GLYCOPEPTIDE,VANCOMYCIN,FALSE,accepted_functional_amr_detection,FALSE,,included_in_functional_presence
GCA_050482265.1,Bacteraemia,GCA_050482265.1:15,15,vanX-A,D-Ala-D-Ala dipeptidase VanX-A,core,AMR,AMR,GLYCOPEPTIDE,VANCOMYCIN,BLASTX,,CP174916.1,11106,11711,+,202,202,100,99.5,202,WP_000402347.1,D-Ala-D-Ala dipeptidase VanX-A,,,GCA_050482265.1.amrfinder.tsv,GLYCOPEPTIDE,VANCOMYCIN,FALSE,accepted_functional_amr_detection,FALSE,,included_in_functional_presence
GCA_050482265.1,Bacteraemia,GCA_050482265.1:16,16,vanY-A,D-Ala-D-Ala carboxypeptidase VanY-A,core,AMR,AMR,GLYCOPEPTIDE,VANCOMYCIN,EXACTX,,CP174916.1,13192,14100,+,303,303,100,100,303,WP_001812592.1,D-Ala-D-Ala carboxypeptidase VanY-A,,,GCA_050482265.1.amrfinder.tsv,GLYCOPEPTIDE,VANCOMYCIN,FALSE,accepted_functional_amr_detection,FALSE,,included_in_functional_presence
GCA_050482265.1,Bacteraemia,GCA_050482265.1:17,17,vanZ-A,glycopeptide resistance protein VanZ-A,core,AMR,AMR,GLYCOPEPTIDE,VANCOMYCIN,EXACTX,,CP174916.1,14256,14738,+,161,161,100,100,161,WP_000516404.1,glycopeptide resistance protein VanZ-A,,,GCA_050482265.1.amrfinder.tsv,GLYCOPEPTIDE,VANCOMYCIN,FALSE,accepted_functional_amr_detection,FALSE,,included_in_functional_presence
GCA_050482265.1,Bacteraemia,GCA_050482265.1:18,18,aadD1,aminoglycoside O-nucleotidyltransferase ANT(4')-Ia,core,AMR,AMR,AMINOGLYCOSIDE,KANAMYCIN/TOBRAMYCIN,BLASTX,,CP174916.1,15361,16119,-,253,253,100,99.6,253,WP_001014230.1,aminoglycoside O-nucleotidyltransferase ANT(4')-Ia,,,GCA_050482265.1.amrfinder.tsv,AMINOGLYCOSIDE,KANAMYCIN/TOBRAMYCIN,FALSE,accepted_functional_amr_detection,FALSE,,included_in_functional_presence
GCA_050482265.1,Bacteraemia,GCA_050482265.1:19,19,erm(B),23S rRNA (adenine(2058)-N(6))-methyltransferase Erm(B),core,AMR,AMR,LINCOSAMIDE/MACROLIDE/STREPTOGRAMIN,CLINDAMYCIN/ERYTHROMYCIN/STREPTOGRAMIN B,EXACTX,,CP174917.1,26985,27719,+,245,245,100,100,245,WP_001038792.1,23S rRNA (adenine(2058)-N(6))-methyltransferase Erm(B),,,GCA_050482265.1.amrfinder.tsv,LINCOSAMIDE/MACROLIDE/STREPTOGRAMIN,CLINDAMYCIN/ERYTHROMYCIN/STREPTOGRAMIN B,FALSE,accepted_functional_amr_detection,FALSE,,included_in_functional_presence
GCA_050482265.1,Bacteraemia,GCA_050482265.1:20,20,ant(6)-Ia,aminoglycoside nucleotidyltransferase ANT(6)-Ia,core,AMR,AMR,AMINOGLYCOSIDE,STREPTOMYCIN,EXACTX,,CP174917.1,30981,31886,+,302,302,100,100,302,WP_001255866.1,aminoglycoside nucleotidyltransferase ANT(6)-Ia,,,GCA_050482265.1.amrfinder.tsv,AMINOGLYCOSIDE,STREPTOMYCIN,FALSE,accepted_functional_amr_detection,FALSE,,included_in_functional_presence
GCA_050482265.1,Bacteraemia,GCA_050482265.1:21,21,sat4,streptothricin N-acetyltransferase Sat4,core,AMR,AMR,STREPTOTHRICIN,STREPTOTHRICIN,EXACTX,,CP174917.1,31886,32425,+,180,180,100,100,180,WP_000627290.1,streptothricin N-acetyltransferase Sat4,,,GCA_050482265.1.amrfinder.tsv,STREPTOTHRICIN,STREPTOTHRICIN,FALSE,accepted_functional_amr_detection,FALSE,,included_in_functional_presence
GCA_050482265.1,Bacteraemia,GCA_050482265.1:22,22,aph(3')-IIIa,aminoglycoside O-phosphotransferase APH(3')-IIIa,core,AMR,AMR,AMINOGLYCOSIDE,AMIKACIN/KANAMYCIN,EXACTX,,CP174917.1,32521,33312,+,264,264,100,100,264,WP_001096887.1,aminoglycoside O-phosphotransferase APH(3')-IIIa,,,GCA_050482265.1.amrfinder.tsv,AMINOGLYCOSIDE,AMIKACIN/KANAMYCIN,FALSE,accepted_functional_amr_detection,FALSE,,included_in_functional_presence
GCA_050485045.1,Bacteraemia,GCA_050485045.1:1,1,vanX-A,D-Ala-D-Ala dipeptidase VanX-A,core,AMR,AMR,GLYCOPEPTIDE,VANCOMYCIN,BLASTX,,CP174866.1,1,606,+,202,202,100,99.5,202,WP_000402347.1,D-Ala-D-Ala dipeptidase VanX-A,,,GCA_050485045.1.amrfinder.tsv,GLYCOPEPTIDE,VANCOMYCIN,FALSE,accepted_functional_amr_detection,FALSE,,included_in_functional_presence
GCA_050485045.1,Bacteraemia,GCA_050485045.1:2,2,vanY-A,D-Ala-D-Ala carboxypeptidase VanY-A,core,AMR,AMR,GLYCOPEPTIDE,VANCOMYCIN,EXACTX,,CP174866.1,2087,2995,+,303,303,100,100,303,WP_001812592.1,D-Ala-D-Ala carboxypeptidase VanY-A,,,GCA_050485045.1.amrfinder.tsv,GLYCOPEPTIDE,VANCOMYCIN,FALSE,accepted_functional_amr_detection,FALSE,,included_in_functional_presence
GCA_050485045.1,Bacteraemia,GCA_050485045.1:3,3,vanZ-A,glycopeptide resistance protein VanZ-A,core,AMR,AMR,GLYCOPEPTIDE,VANCOMYCIN,EXACTX,,CP174866.1,3151,3633,+,161,161,100,100,161,WP_000516404.1,glycopeptide resistance protein VanZ-A,,,GCA_050485045.1.amrfinder.tsv,GLYCOPEPTIDE,VANCOMYCIN,FALSE,accepted_functional_amr_detection,FALSE,,included_in_functional_presence
GCA_050485045.1,Bacteraemia,GCA_050485045.1:4,4,aadD1,aminoglycoside O-nucleotidyltransferase ANT(4')-Ia,core,AMR,AMR,AMINOGLYCOSIDE,KANAMYCIN/TOBRAMYCIN,BLASTX,,CP174866.1,4256,5014,-,253,253,100,99.6,253,WP_001014230.1,aminoglycoside O-nucleotidyltransferase ANT(4')-Ia,,,GCA_050485045.1.amrfinder.tsv,AMINOGLYCOSIDE,KANAMYCIN/TOBRAMYCIN,FALSE,accepted_functional_amr_detection,FALSE,,included_in_functional_presence
GCA_050485045.1,Bacteraemia,GCA_050485045.1:5,5,bleO,bleomycin binding protein,core,AMR,AMR,BLEOMYCIN,BLEOMYCIN,PARTIALX,,CP174866.1,20067,20324,-,86,134,64.18,100,86,WP_001242578.1,bleomycin binding protein,,,GCA_050485045.1.amrfinder.tsv,BLEOMYCIN,BLEOMYCIN,FALSE,excluded_from_functional_presence,TRUE,PARTIALX;coverage_below_80,excluded_from_functional_presence
GCA_050485045.1,Bacteraemia,GCA_050485045.1:6,6,vanR-A,vancomycin resistance response regulator transcription factor VanR-A,core,AMR,AMR,GLYCOPEPTIDE,VANCOMYCIN,EXACTX,,CP174866.1,24306,24998,+,231,231,100,100,231,WP_001280781.1,vancomycin resistance response regulator transcription factor VanR-A,,,GCA_050485045.1.amrfinder.tsv,GLYCOPEPTIDE,VANCOMYCIN,FALSE,accepted_functional_amr_detection,FALSE,,included_in_functional_presence
GCA_050485045.1,Bacteraemia,GCA_050485045.1:7,7,vanS-A,vancomycin resistance histidine kinase VanS-A,core,AMR,AMR,GLYCOPEPTIDE,VANCOMYCIN,EXACTX,,CP174866.1,24979,26130,+,384,384,100,100,384,WP_002305818.1,vancomycin resistance histidine kinase VanS-A,,,GCA_050485045.1.amrfinder.tsv,GLYCOPEPTIDE,VANCOMYCIN,FALSE,accepted_functional_amr_detection,FALSE,,included_in_functional_presence
GCA_050485045.1,Bacteraemia,GCA_050485045.1:8,8,vanH-A,D-lactate dehydrogenase VanH-A,core,AMR,AMR,GLYCOPEPTIDE,VANCOMYCIN,EXACTX,,CP174866.1,26348,27313,+,322,322,100,100,322,WP_001059542.1,D-lactate dehydrogenase VanH-A,,,GCA_050485045.1.amrfinder.tsv,GLYCOPEPTIDE,VANCOMYCIN,FALSE,accepted_functional_amr_detection,FALSE,,included_in_functional_presence
GCA_050485045.1,Bacteraemia,GCA_050485045.1:9,9,vanA,D-alanine--(R)-lactate ligase VanA,core,AMR,AMR,GLYCOPEPTIDE,VANCOMYCIN,EXACTX,,CP174866.1,27309,28337,+,343,343,100,100,343,WP_001079845.1,D-alanine--(R)-lactate ligase VanA,,,GCA_050485045.1.amrfinder.tsv,GLYCOPEPTIDE,VANCOMYCIN,FALSE,accepted_functional_amr_detection,FALSE,,included_in_functional_presence
GCA_050485045.1,Bacteraemia,GCA_050485045.1:10,10,lsa(A),ABC-F type ribosomal protection protein Lsa(A),core,AMR,AMR,LINCOSAMIDE/STREPTOGRAMIN,LINCOSAMIDE/STREPTOGRAMIN,EXACTX,,CP174869.1,132454,133947,+,498,498,100,100,498,WP_002387187.1,ABC-F type ribosomal protection protein Lsa(A),,,GCA_050485045.1.amrfinder.tsv,LINCOSAMIDE/STREPTOGRAMIN,LINCOSAMIDE/STREPTOGRAMIN,FALSE,accepted_functional_amr_detection,FALSE,,included_in_functional_presence
GCA_050485045.1,Bacteraemia,GCA_050485045.1:11,11,dfrF,trimethoprim-resistant dihydrofolate reductase DfrF,core,AMR,AMR,TRIMETHOPRIM,TRIMETHOPRIM,EXACTX,,CP174869.1,179973,180464,+,164,164,100,100,164,WP_002322211.1,trimethoprim-resistant dihydrofolate reductase DfrF,,,GCA_050485045.1.amrfinder.tsv,TRIMETHOPRIM,TRIMETHOPRIM,FALSE,accepted_functional_amr_detection,FALSE,,included_in_functional_presence
GCA_050485045.1,Bacteraemia,GCA_050485045.1:12,12,dfrF,trimethoprim-resistant dihydrofolate reductase DfrF,core,AMR,AMR,TRIMETHOPRIM,TRIMETHOPRIM,EXACTX,,CP174869.1,952743,953234,+,164,164,100,100,164,WP_002322211.1,trimethoprim-resistant dihydrofolate reductase DfrF,,,GCA_050485045.1.amrfinder.tsv,TRIMETHOPRIM,TRIMETHOPRIM,FALSE,accepted_functional_amr_detection,FALSE,,included_in_functional_presence
GCA_050485045.1,Bacteraemia,GCA_050485045.1:13,13,parC_S80I,Enterococcus faecalis quinolone resistant ParC,core,AMR,POINT,QUINOLONE,QUINOLONE,POINTX,,CP174869.1,1141036,1143495,+,820,820,100,99.76,820,WP_002371880.1,DNA topoisomerase IV subunit A ParC,,,GCA_050485045.1.amrfinder.tsv,QUINOLONE,QUINOLONE,FALSE,accepted_functional_amr_detection,FALSE,,included_in_functional_presence
GCA_050485045.1,Bacteraemia,GCA_050485045.1:14,14,aac(6')-Ie/aph(2'')-Ia,bifunctional aminoglycoside N-acetyltransferase AAC(6')-Ie/aminoglycoside O-phosphotransferase APH(2'')-Ia,core,AMR,AMR,AMINOGLYCOSIDE,AMIKACIN/GENTAMICIN/KANAMYCIN/TOBRAMYCIN,EXACTX,,CP174869.1,2197578,2199014,-,479,479,100,100,479,WP_001028144.1,bifunctional aminoglycoside N-acetyltransferase AAC(6')-Ie/aminoglycoside O-phosphotransferase APH(2'')-Ia,,,GCA_050485045.1.amrfinder.tsv,AMINOGLYCOSIDE,AMIKACIN/GENTAMICIN/KANAMYCIN/TOBRAMYCIN,FALSE,accepted_functional_amr_detection,FALSE,,included_in_functional_presence
GCA_050485045.1,Bacteraemia,GCA_050485045.1:15,15,gyrA_S83I,Enterococcus faecalis quinolone resistant GyrA,core,AMR,POINT,QUINOLONE,QUINOLONE,POINTX,,CP174869.1,2779985,2782483,-,833,833,100,99.76,833,WP_033785346.1,DNA gyrase subunit A GyrA,,,GCA_050485045.1.amrfinder.tsv,QUINOLONE,QUINOLONE,FALSE,accepted_functional_amr_detection,FALSE,,included_in_functional_presence
GCA_050485045.1,Bacteraemia,GCA_050485045.1:16,16,tet(M),tetracycline resistance ribosomal protection protein Tet(M),core,AMR,AMR,TETRACYCLINE,TETRACYCLINE,EXACTX,,CP174869.1,2914731,2916647,-,639,639,100,100,639,WP_000691736.1,tetracycline resistance ribosomal protection protein Tet(M),,,GCA_050485045.1.amrfinder.tsv,TETRACYCLINE,TETRACYCLINE,FALSE,accepted_functional_amr_detection,FALSE,,included_in_functional_presence
GCA_050485045.1,Bacteraemia,GCA_050485045.1:17,17,tet(M),tetracycline resistance ribosomal protection protein Tet(M),core,AMR,AMR,TETRACYCLINE,TETRACYCLINE,EXACTX,,CP174869.1,3226971,3228887,-,639,639,100,100,639,WP_000691736.1,tetracycline resistance ribosomal protection protein Tet(M),,,GCA_050485045.1.amrfinder.tsv,TETRACYCLINE,TETRACYCLINE,FALSE,accepted_functional_amr_detection,FALSE,,included_in_functional_presence
GCA_050485055.1,Bacteraemia,GCA_050485055.1:1,1,vanS-A,vancomycin resistance histidine kinase VanS-A,core,AMR,AMR,GLYCOPEPTIDE,VANCOMYCIN,BLASTX,,CP174863.1,1,1140,+,380,384,98.96,100,380,WP_002305818.1,vancomycin resistance histidine kinase VanS-A,,,GCA_050485055.1.amrfinder.tsv,GLYCOPEPTIDE,VANCOMYCIN,FALSE,accepted_functional_amr_detection,FALSE,,included_in_functional_presence
GCA_050485055.1,Bacteraemia,GCA_050485055.1:2,2,vanH-A,D-lactate dehydrogenase VanH-A,core,AMR,AMR,GLYCOPEPTIDE,VANCOMYCIN,EXACTX,,CP174863.1,1358,2323,+,322,322,100,100,322,WP_001059542.1,D-lactate dehydrogenase VanH-A,,,GCA_050485055.1.amrfinder.tsv,GLYCOPEPTIDE,VANCOMYCIN,FALSE,accepted_functional_amr_detection,FALSE,,included_in_functional_presence
GCA_050485055.1,Bacteraemia,GCA_050485055.1:3,3,vanA,D-alanine--(R)-lactate ligase VanA,core,AMR,AMR,GLYCOPEPTIDE,VANCOMYCIN,EXACTX,,CP174863.1,2319,3347,+,343,343,100,100,343,WP_001079845.1,D-alanine--(R)-lactate ligase VanA,,,GCA_050485055.1.amrfinder.tsv,GLYCOPEPTIDE,VANCOMYCIN,FALSE,accepted_functional_amr_detection,FALSE,,included_in_functional_presence
GCA_050485055.1,Bacteraemia,GCA_050485055.1:4,4,vanX-A,D-Ala-D-Ala dipeptidase VanX-A,core,AMR,AMR,GLYCOPEPTIDE,VANCOMYCIN,BLASTX,,CP174863.1,3356,3961,+,202,202,100,99.5,202,WP_000402347.1,D-Ala-D-Ala dipeptidase VanX-A,,,GCA_050485055.1.amrfinder.tsv,GLYCOPEPTIDE,VANCOMYCIN,FALSE,accepted_functional_amr_detection,FALSE,,included_in_functional_presence
GCA_050485055.1,Bacteraemia,GCA_050485055.1:5,5,vanY-A,D-Ala-D-Ala carboxypeptidase VanY-A,core,AMR,AMR,GLYCOPEPTIDE,VANCOMYCIN,EXACTX,,CP174863.1,5442,6350,+,303,303,100,100,303,WP_001812592.1,D-Ala-D-Ala carboxypeptidase VanY-A,,,GCA_050485055.1.amrfinder.tsv,GLYCOPEPTIDE,VANCOMYCIN,FALSE,accepted_functional_amr_detection,FALSE,,included_in_functional_presence
GCA_050485055.1,Bacteraemia,GCA_050485055.1:6,6,vanZ-A,glycopeptide resistance protein VanZ-A,core,AMR,AMR,GLYCOPEPTIDE,VANCOMYCIN,EXACTX,,CP174863.1,6506,6988,+,161,161,100,100,161,WP_000516404.1,glycopeptide resistance protein VanZ-A,,,GCA_050485055.1.amrfinder.tsv,GLYCOPEPTIDE,VANCOMYCIN,FALSE,accepted_functional_amr_detection,FALSE,,included_in_functional_presence
GCA_050485055.1,Bacteraemia,GCA_050485055.1:7,7,aadD1,aminoglycoside O-nucleotidyltransferase ANT(4')-Ia,core,AMR,AMR,AMINOGLYCOSIDE,KANAMYCIN/TOBRAMYCIN,BLASTX,,CP174863.1,7611,8369,-,253,253,100,99.6,253,WP_001014230.1,aminoglycoside O-nucleotidyltransferase ANT(4')-Ia,,,GCA_050485055.1.amrfinder.tsv,AMINOGLYCOSIDE,KANAMYCIN/TOBRAMYCIN,FALSE,accepted_functional_amr_detection,FALSE,,included_in_functional_presence
GCA_050485055.1,Bacteraemia,GCA_050485055.1:8,8,bleO,bleomycin binding protein,core,AMR,AMR,BLEOMYCIN,BLEOMYCIN,PARTIALX,,CP174863.1,22831,23088,-,86,134,64.18,100,86,WP_001242578.1,bleomycin binding protein,,,GCA_050485055.1.amrfinder.tsv,BLEOMYCIN,BLEOMYCIN,FALSE,excluded_from_functional_presence,TRUE,PARTIALX;coverage_below_80,excluded_from_functional_presence
GCA_050485055.1,Bacteraemia,GCA_050485055.1:9,9,vanR-A,vancomycin resistance response regulator transcription factor VanR-A,core,AMR,AMR,GLYCOPEPTIDE,VANCOMYCIN,BLASTX,,CP174863.1,27070,27753,+,228,231,98.7,100,228,WP_001280781.1,vancomycin resistance response regulator transcription factor VanR-A,,,GCA_050485055.1.amrfinder.tsv,GLYCOPEPTIDE,VANCOMYCIN,FALSE,accepted_functional_amr_detection,FALSE,,included_in_functional_presence
GCA_050485055.1,Bacteraemia,GCA_050485055.1:10,10,aac(6')-Ie/aph(2'')-Ia,bifunctional aminoglycoside N-acetyltransferase AAC(6')-Ie/aminoglycoside O-phosphotransferase APH(2'')-Ia,core,AMR,AMR,AMINOGLYCOSIDE,AMIKACIN/GENTAMICIN/KANAMYCIN/TOBRAMYCIN,EXACTX,,CP174864.1,586660,588096,+,479,479,100,100,479,WP_001028144.1,bifunctional aminoglycoside N-acetyltransferase AAC(6')-Ie/aminoglycoside O-phosphotransferase APH(2'')-Ia,,,GCA_050485055.1.amrfinder.tsv,AMINOGLYCOSIDE,AMIKACIN/GENTAMICIN/KANAMYCIN/TOBRAMYCIN,FALSE,accepted_functional_amr_detection,FALSE,,included_in_functional_presence
GCA_050485055.1,Bacteraemia,GCA_050485055.1:11,11,dfrF,trimethoprim-resistant dihydrofolate reductase DfrF,core,AMR,AMR,TRIMETHOPRIM,TRIMETHOPRIM,EXACTX,,CP174864.1,1828938,1829429,-,164,164,100,100,164,WP_002322211.1,trimethoprim-resistant dihydrofolate reductase DfrF,,,GCA_050485055.1.amrfinder.tsv,TRIMETHOPRIM,TRIMETHOPRIM,FALSE,accepted_functional_amr_detection,FALSE,,included_in_functional_presence
GCA_050485055.1,Bacteraemia,GCA_050485055.1:12,12,dfrF,trimethoprim-resistant dihydrofolate reductase DfrF,core,AMR,AMR,TRIMETHOPRIM,TRIMETHOPRIM,EXACTX,,CP174864.1,2594316,2594807,-,164,164,100,100,164,WP_002322211.1,trimethoprim-resistant dihydrofolate reductase DfrF,,,GCA_050485055.1.amrfinder.tsv,TRIMETHOPRIM,TRIMETHOPRIM,FALSE,accepted_functional_amr_detection,FALSE,,included_in_functional_presence
GCA_050485055.1,Bacteraemia,GCA_050485055.1:13,13,lsa(A),ABC-F type ribosomal protection protein Lsa(A),core,AMR,AMR,LINCOSAMIDE/STREPTOGRAMIN,LINCOSAMIDE/STREPTOGRAMIN,BLASTX,,CP174864.1,2640505,2641998,-,498,498,100,99.4,498,WP_002365053.1,ABC-F type ribosomal protection protein Lsa(A),,,GCA_050485055.1.amrfinder.tsv,LINCOSAMIDE/STREPTOGRAMIN,LINCOSAMIDE/STREPTOGRAMIN,FALSE,accepted_functional_amr_detection,FALSE,,included_in_functional_presence
GCA_050485055.1,Bacteraemia,GCA_050485055.1:14,14,tet(M),tetracycline resistance ribosomal protection protein Tet(M),core,AMR,AMR,TETRACYCLINE,TETRACYCLINE,EXACTX,,CP174864.1,2805756,2807672,+,639,639,100,100,639,WP_002364936.1,tetracycline resistance ribosomal protection protein Tet(M),,,GCA_050485055.1.amrfinder.tsv,TETRACYCLINE,TETRACYCLINE,FALSE,accepted_functional_amr_detection,FALSE,,included_in_functional_presence
GCA_050485055.1,Bacteraemia,GCA_050485055.1:15,15,tet(M),tetracycline resistance ribosomal protection protein Tet(M),core,AMR,AMR,TETRACYCLINE,TETRACYCLINE,EXACTX,,CP174864.1,3115662,3117578,+,639,639,100,100,639,WP_002364936.1,tetracycline resistance ribosomal protection protein Tet(M),,,GCA_050485055.1.amrfinder.tsv,TETRACYCLINE,TETRACYCLINE,FALSE,accepted_functional_amr_detection,FALSE,,included_in_functional_presence
GCA_050485625.1,Bacteraemia,GCA_050485625.1:1,1,aph(3')-IIIa,aminoglycoside O-phosphotransferase APH(3')-IIIa,core,AMR,AMR,AMINOGLYCOSIDE,AMIKACIN/KANAMYCIN,EXACTX,,CP174857.1,4166,4957,-,264,264,100,100,264,WP_001096887.1,aminoglycoside O-phosphotransferase APH(3')-IIIa,,,GCA_050485625.1.amrfinder.tsv,AMINOGLYCOSIDE,AMIKACIN/KANAMYCIN,FALSE,accepted_functional_amr_detection,FALSE,,included_in_functional_presence
GCA_050485625.1,Bacteraemia,GCA_050485625.1:2,2,sat4,streptothricin N-acetyltransferase Sat4,core,AMR,AMR,STREPTOTHRICIN,STREPTOTHRICIN,EXACTX,,CP174857.1,5053,5592,-,180,180,100,100,180,WP_000627290.1,streptothricin N-acetyltransferase Sat4,,,GCA_050485625.1.amrfinder.tsv,STREPTOTHRICIN,STREPTOTHRICIN,FALSE,accepted_functional_amr_detection,FALSE,,included_in_functional_presence
GCA_050485625.1,Bacteraemia,GCA_050485625.1:3,3,ant(6)-Ia,aminoglycoside nucleotidyltransferase ANT(6)-Ia,core,AMR,AMR,AMINOGLYCOSIDE,STREPTOMYCIN,EXACTX,,CP174857.1,5592,6497,-,302,302,100,100,302,WP_001255866.1,aminoglycoside nucleotidyltransferase ANT(6)-Ia,,,GCA_050485625.1.amrfinder.tsv,AMINOGLYCOSIDE,STREPTOMYCIN,FALSE,accepted_functional_amr_detection,FALSE,,included_in_functional_presence
GCA_050485625.1,Bacteraemia,GCA_050485625.1:4,4,erm(B),23S rRNA (adenine(2058)-N(6))-methyltransferase Erm(B),core,AMR,AMR,LINCOSAMIDE/MACROLIDE/STREPTOGRAMIN,CLINDAMYCIN/ERYTHROMYCIN/STREPTOGRAMIN B,EXACTX,,CP174857.1,9759,10493,-,245,245,100,100,245,WP_001038792.1,23S rRNA (adenine(2058)-N(6))-methyltransferase Erm(B),,,GCA_050485625.1.amrfinder.tsv,LINCOSAMIDE/MACROLIDE/STREPTOGRAMIN,CLINDAMYCIN/ERYTHROMYCIN/STREPTOGRAMIN B,FALSE,accepted_functional_amr_detection,FALSE,,included_in_functional_presence
GCA_050485625.1,Bacteraemia,GCA_050485625.1:5,5,bleO,bleomycin binding protein,core,AMR,AMR,BLEOMYCIN,BLEOMYCIN,PARTIALX,,CP174858.1,11106,11363,-,86,134,64.18,100,86,WP_001242578.1,bleomycin binding protein,,,GCA_050485625.1.amrfinder.tsv,BLEOMYCIN,BLEOMYCIN,FALSE,excluded_from_functional_presence,TRUE,PARTIALX;coverage_below_80,excluded_from_functional_presence
GCA_050485625.1,Bacteraemia,GCA_050485625.1:6,6,vanR-A,vancomycin resistance response regulator transcription factor VanR-A,core,AMR,AMR,GLYCOPEPTIDE,VANCOMYCIN,EXACTX,,CP174858.1,15345,16037,+,231,231,100,100,231,WP_001280781.1,vancomycin resistance response regulator transcription factor VanR-A,,,GCA_050485625.1.amrfinder.tsv,GLYCOPEPTIDE,VANCOMYCIN,FALSE,accepted_functional_amr_detection,FALSE,,included_in_functional_presence
GCA_050485625.1,Bacteraemia,GCA_050485625.1:7,7,vanS-A,vancomycin resistance histidine kinase VanS-A,core,AMR,AMR,GLYCOPEPTIDE,VANCOMYCIN,EXACTX,,CP174858.1,16018,17169,+,384,384,100,100,384,WP_002305818.1,vancomycin resistance histidine kinase VanS-A,,,GCA_050485625.1.amrfinder.tsv,GLYCOPEPTIDE,VANCOMYCIN,FALSE,accepted_functional_amr_detection,FALSE,,included_in_functional_presence
GCA_050485625.1,Bacteraemia,GCA_050485625.1:8,8,vanH-A,D-lactate dehydrogenase VanH-A,core,AMR,AMR,GLYCOPEPTIDE,VANCOMYCIN,EXACTX,,CP174858.1,17387,18352,+,322,322,100,100,322,WP_001059542.1,D-lactate dehydrogenase VanH-A,,,GCA_050485625.1.amrfinder.tsv,GLYCOPEPTIDE,VANCOMYCIN,FALSE,accepted_functional_amr_detection,FALSE,,included_in_functional_presence
GCA_050485625.1,Bacteraemia,GCA_050485625.1:9,9,vanA,D-alanine--(R)-lactate ligase VanA,core,AMR,AMR,GLYCOPEPTIDE,VANCOMYCIN,EXACTX,,CP174858.1,18348,19376,+,343,343,100,100,343,WP_001079845.1,D-alanine--(R)-lactate ligase VanA,,,GCA_050485625.1.amrfinder.tsv,GLYCOPEPTIDE,VANCOMYCIN,FALSE,accepted_functional_amr_detection,FALSE,,included_in_functional_presence
GCA_050485625.1,Bacteraemia,GCA_050485625.1:10,10,vanX-A,D-Ala-D-Ala dipeptidase VanX-A,core,AMR,AMR,GLYCOPEPTIDE,VANCOMYCIN,BLASTX,,CP174858.1,19385,19990,+,202,202,100,99.5,202,WP_000402347.1,D-Ala-D-Ala dipeptidase VanX-A,,,GCA_050485625.1.amrfinder.tsv,GLYCOPEPTIDE,VANCOMYCIN,FALSE,accepted_functional_amr_detection,FALSE,,included_in_functional_presence
GCA_050485625.1,Bacteraemia,GCA_050485625.1:11,11,vanY-A,D-Ala-D-Ala carboxypeptidase VanY-A,core,AMR,AMR,GLYCOPEPTIDE,VANCOMYCIN,EXACTX,,CP174858.1,21471,22379,+,303,303,100,100,303,WP_001812592.1,D-Ala-D-Ala carboxypeptidase VanY-A,,,GCA_050485625.1.amrfinder.tsv,GLYCOPEPTIDE,VANCOMYCIN,FALSE,accepted_functional_amr_detection,FALSE,,included_in_functional_presence
GCA_050485625.1,Bacteraemia,GCA_050485625.1:12,12,vanZ-A,glycopeptide resistance protein VanZ-A,core,AMR,AMR,GLYCOPEPTIDE,VANCOMYCIN,EXACTX,,CP174858.1,22535,23017,+,161,161,100,100,161,WP_000516404.1,glycopeptide resistance protein VanZ-A,,,GCA_050485625.1.amrfinder.tsv,GLYCOPEPTIDE,VANCOMYCIN,FALSE,accepted_functional_amr_detection,FALSE,,included_in_functional_presence
GCA_050485625.1,Bacteraemia,GCA_050485625.1:13,13,aadD1,aminoglycoside O-nucleotidyltransferase ANT(4')-Ia,core,AMR,AMR,AMINOGLYCOSIDE,KANAMYCIN/TOBRAMYCIN,BLASTX,,CP174858.1,23640,24398,-,253,253,100,99.6,253,WP_001014230.1,aminoglycoside O-nucleotidyltransferase ANT(4')-Ia,,,GCA_050485625.1.amrfinder.tsv,AMINOGLYCOSIDE,KANAMYCIN/TOBRAMYCIN,FALSE,accepted_functional_amr_detection,FALSE,,included_in_functional_presence
GCA_050485625.1,Bacteraemia,GCA_050485625.1:14,14,lsa(A),ABC-F type ribosomal protection protein Lsa(A),core,AMR,AMR,LINCOSAMIDE/STREPTOGRAMIN,LINCOSAMIDE/STREPTOGRAMIN,EXACTX,,CP174859.1,75268,76761,+,498,498,100,100,498,WP_002387187.1,ABC-F type ribosomal protection protein Lsa(A),,,GCA_050485625.1.amrfinder.tsv,LINCOSAMIDE/STREPTOGRAMIN,LINCOSAMIDE/STREPTOGRAMIN,FALSE,accepted_functional_amr_detection,FALSE,,included_in_functional_presence
GCA_050485625.1,Bacteraemia,GCA_050485625.1:15,15,dfrF,trimethoprim-resistant dihydrofolate reductase DfrF,core,AMR,AMR,TRIMETHOPRIM,TRIMETHOPRIM,EXACTX,,CP174859.1,122787,123278,+,164,164,100,100,164,WP_002322211.1,trimethoprim-resistant dihydrofolate reductase DfrF,,,GCA_050485625.1.amrfinder.tsv,TRIMETHOPRIM,TRIMETHOPRIM,FALSE,accepted_functional_amr_detection,FALSE,,included_in_functional_presence
GCA_050485625.1,Bacteraemia,GCA_050485625.1:16,16,dfrF,trimethoprim-resistant dihydrofolate reductase DfrF,core,AMR,AMR,TRIMETHOPRIM,TRIMETHOPRIM,EXACTX,,CP174859.1,936192,936683,+,164,164,100,100,164,WP_002322211.1,trimethoprim-resistant dihydrofolate reductase DfrF,,,GCA_050485625.1.amrfinder.tsv,TRIMETHOPRIM,TRIMETHOPRIM,FALSE,accepted_functional_amr_detection,FALSE,,included_in_functional_presence
GCA_050485625.1,Bacteraemia,GCA_050485625.1:17,17,parC_S80I,Enterococcus faecalis quinolone resistant ParC,core,AMR,POINT,QUINOLONE,QUINOLONE,POINTX,,CP174859.1,1124485,1126944,+,820,820,100,99.76,820,WP_002371880.1,DNA topoisomerase IV subunit A ParC,,,GCA_050485625.1.amrfinder.tsv,QUINOLONE,QUINOLONE,FALSE,accepted_functional_amr_detection,FALSE,,included_in_functional_presence
GCA_050485625.1,Bacteraemia,GCA_050485625.1:18,18,aac(6')-Ie/aph(2'')-Ia,bifunctional aminoglycoside N-acetyltransferase AAC(6')-Ie/aminoglycoside O-phosphotransferase APH(2'')-Ia,core,AMR,AMR,AMINOGLYCOSIDE,AMIKACIN/GENTAMICIN/KANAMYCIN/TOBRAMYCIN,EXACTX,,CP174859.1,2098746,2100182,-,479,479,100,100,479,WP_001028144.1,bifunctional aminoglycoside N-acetyltransferase AAC(6')-Ie/aminoglycoside O-phosphotransferase APH(2'')-Ia,,,GCA_050485625.1.amrfinder.tsv,AMINOGLYCOSIDE,AMIKACIN/GENTAMICIN/KANAMYCIN/TOBRAMYCIN,FALSE,accepted_functional_amr_detection,FALSE,,included_in_functional_presence
GCA_050485625.1,Bacteraemia,GCA_050485625.1:19,19,gyrA_S83I,Enterococcus faecalis quinolone resistant GyrA,core,AMR,POINT,QUINOLONE,QUINOLONE,POINTX,,CP174859.1,2738876,2741374,-,833,833,100,99.76,833,WP_033785346.1,DNA gyrase subunit A GyrA,,,GCA_050485625.1.amrfinder.tsv,QUINOLONE,QUINOLONE,FALSE,accepted_functional_amr_detection,FALSE,,included_in_functional_presence
GCA_050485625.1,Bacteraemia,GCA_050485625.1:20,20,tet(M),tetracycline resistance ribosomal protection protein Tet(M),core,AMR,AMR,TETRACYCLINE,TETRACYCLINE,EXACTX,,CP174859.1,2873604,2875520,-,639,639,100,100,639,WP_000691736.1,tetracycline resistance ribosomal protection protein Tet(M),,,GCA_050485625.1.amrfinder.tsv,TETRACYCLINE,TETRACYCLINE,FALSE,accepted_functional_amr_detection,FALSE,,included_in_functional_presence
GCA_050485625.1,Bacteraemia,GCA_050485625.1:21,21,tet(M),tetracycline resistance ribosomal protection protein Tet(M),core,AMR,AMR,TETRACYCLINE,TETRACYCLINE,EXACTX,,CP174859.1,3185856,3187772,-,639,639,100,100,639,WP_000691736.1,tetracycline resistance ribosomal protection protein Tet(M),,,GCA_050485625.1.amrfinder.tsv,TETRACYCLINE,TETRACYCLINE,FALSE,accepted_functional_amr_detection,FALSE,,included_in_functional_presence
GCA_050485635.1,Bacteraemia,GCA_050485635.1:1,1,erm(B),23S rRNA (adenine(2058)-N(6))-methyltransferase Erm(B),core,AMR,AMR,LINCOSAMIDE/MACROLIDE/STREPTOGRAMIN,CLINDAMYCIN/ERYTHROMYCIN/STREPTOGRAMIN B,EXACTX,,CP174854.1,16796,17530,+,245,245,100,100,245,WP_001038790.1,23S rRNA (adenine(2058)-N(6))-methyltransferase Erm(B),,,GCA_050485635.1.amrfinder.tsv,LINCOSAMIDE/MACROLIDE/STREPTOGRAMIN,CLINDAMYCIN/ERYTHROMYCIN/STREPTOGRAMIN B,FALSE,accepted_functional_amr_detection,FALSE,,included_in_functional_presence
GCA_050485635.1,Bacteraemia,GCA_050485635.1:2,2,ant(6)-Ia,aminoglycoside nucleotidyltransferase ANT(6)-Ia,core,AMR,AMR,AMINOGLYCOSIDE,STREPTOMYCIN,EXACTX,,CP174854.1,20792,21697,+,302,302,100,100,302,WP_001255866.1,aminoglycoside nucleotidyltransferase ANT(6)-Ia,,,GCA_050485635.1.amrfinder.tsv,AMINOGLYCOSIDE,STREPTOMYCIN,FALSE,accepted_functional_amr_detection,FALSE,,included_in_functional_presence
GCA_050485635.1,Bacteraemia,GCA_050485635.1:3,3,sat4,streptothricin N-acetyltransferase Sat4,core,AMR,AMR,STREPTOTHRICIN,STREPTOTHRICIN,EXACTX,,CP174854.1,21697,22236,+,180,180,100,100,180,WP_000627290.1,streptothricin N-acetyltransferase Sat4,,,GCA_050485635.1.amrfinder.tsv,STREPTOTHRICIN,STREPTOTHRICIN,FALSE,accepted_functional_amr_detection,FALSE,,included_in_functional_presence
GCA_050485635.1,Bacteraemia,GCA_050485635.1:4,4,aph(3')-IIIa,aminoglycoside O-phosphotransferase APH(3')-IIIa,core,AMR,AMR,AMINOGLYCOSIDE,AMIKACIN/KANAMYCIN,EXACTX,,CP174854.1,22332,23123,+,264,264,100,100,264,WP_001096887.1,aminoglycoside O-phosphotransferase APH(3')-IIIa,,,GCA_050485635.1.amrfinder.tsv,AMINOGLYCOSIDE,AMIKACIN/KANAMYCIN,FALSE,accepted_functional_amr_detection,FALSE,,included_in_functional_presence
GCA_050485635.1,Bacteraemia,GCA_050485635.1:5,5,aadD1,aminoglycoside O-nucleotidyltransferase ANT(4')-Ia,core,AMR,AMR,AMINOGLYCOSIDE,KANAMYCIN/TOBRAMYCIN,BLASTX,,CP174855.1,5913,6671,+,253,253,100,99.6,253,WP_001014230.1,aminoglycoside O-nucleotidyltransferase ANT(4')-Ia,,,GCA_050485635.1.amrfinder.tsv,AMINOGLYCOSIDE,KANAMYCIN/TOBRAMYCIN,FALSE,accepted_functional_amr_detection,FALSE,,included_in_functional_presence
GCA_050485635.1,Bacteraemia,GCA_050485635.1:6,6,vanZ-A,glycopeptide resistance protein VanZ-A,core,AMR,AMR,GLYCOPEPTIDE,VANCOMYCIN,EXACTX,,CP174855.1,7294,7776,-,161,161,100,100,161,WP_000516404.1,glycopeptide resistance protein VanZ-A,,,GCA_050485635.1.amrfinder.tsv,GLYCOPEPTIDE,VANCOMYCIN,FALSE,accepted_functional_amr_detection,FALSE,,included_in_functional_presence
GCA_050485635.1,Bacteraemia,GCA_050485635.1:7,7,vanY-A,D-Ala-D-Ala carboxypeptidase VanY-A,core,AMR,AMR,GLYCOPEPTIDE,VANCOMYCIN,EXACTX,,CP174855.1,7932,8840,-,303,303,100,100,303,WP_001812592.1,D-Ala-D-Ala carboxypeptidase VanY-A,,,GCA_050485635.1.amrfinder.tsv,GLYCOPEPTIDE,VANCOMYCIN,FALSE,accepted_functional_amr_detection,FALSE,,included_in_functional_presence
GCA_050485635.1,Bacteraemia,GCA_050485635.1:8,8,vanX-A,D-Ala-D-Ala dipeptidase VanX-A,core,AMR,AMR,GLYCOPEPTIDE,VANCOMYCIN,BLASTX,,CP174855.1,10321,10926,-,202,202,100,99.5,202,WP_000402347.1,D-Ala-D-Ala dipeptidase VanX-A,,,GCA_050485635.1.amrfinder.tsv,GLYCOPEPTIDE,VANCOMYCIN,FALSE,accepted_functional_amr_detection,FALSE,,included_in_functional_presence
GCA_050485635.1,Bacteraemia,GCA_050485635.1:9,9,vanA,D-alanine--(R)-lactate ligase VanA,core,AMR,AMR,GLYCOPEPTIDE,VANCOMYCIN,EXACTX,,CP174855.1,10935,11963,-,343,343,100,100,343,WP_001079845.1,D-alanine--(R)-lactate ligase VanA,,,GCA_050485635.1.amrfinder.tsv,GLYCOPEPTIDE,VANCOMYCIN,FALSE,accepted_functional_amr_detection,FALSE,,included_in_functional_presence
GCA_050485635.1,Bacteraemia,GCA_050485635.1:10,10,vanH-A,D-lactate dehydrogenase VanH-A,core,AMR,AMR,GLYCOPEPTIDE,VANCOMYCIN,EXACTX,,CP174855.1,11959,12924,-,322,322,100,100,322,WP_001059542.1,D-lactate dehydrogenase VanH-A,,,GCA_050485635.1.amrfinder.tsv,GLYCOPEPTIDE,VANCOMYCIN,FALSE,accepted_functional_amr_detection,FALSE,,included_in_functional_presence
GCA_050485635.1,Bacteraemia,GCA_050485635.1:11,11,vanS-A,vancomycin resistance histidine kinase VanS-A,core,AMR,AMR,GLYCOPEPTIDE,VANCOMYCIN,EXACTX,,CP174855.1,13142,14293,-,384,384,100,100,384,WP_002305818.1,vancomycin resistance histidine kinase VanS-A,,,GCA_050485635.1.amrfinder.tsv,GLYCOPEPTIDE,VANCOMYCIN,FALSE,accepted_functional_amr_detection,FALSE,,included_in_functional_presence
GCA_050485635.1,Bacteraemia,GCA_050485635.1:12,12,vanR-A,vancomycin resistance response regulator transcription factor VanR-A,core,AMR,AMR,GLYCOPEPTIDE,VANCOMYCIN,EXACTX,,CP174855.1,14274,14966,-,231,231,100,100,231,WP_001280781.1,vancomycin resistance response regulator transcription factor VanR-A,,,GCA_050485635.1.amrfinder.tsv,GLYCOPEPTIDE,VANCOMYCIN,FALSE,accepted_functional_amr_detection,FALSE,,included_in_functional_presence
GCA_050485635.1,Bacteraemia,GCA_050485635.1:13,13,bleO,bleomycin binding protein,core,AMR,AMR,BLEOMYCIN,BLEOMYCIN,PARTIALX,,CP174855.1,18948,19205,+,86,134,64.18,100,86,WP_001242578.1,bleomycin binding protein,,,GCA_050485635.1.amrfinder.tsv,BLEOMYCIN,BLEOMYCIN,FALSE,excluded_from_functional_presence,TRUE,PARTIALX;coverage_below_80,excluded_from_functional_presence
GCA_050485635.1,Bacteraemia,GCA_050485635.1:14,14,gyrA_S83R,Enterococcus faecalis quinolone resistant GyrA,core,AMR,POINT,QUINOLONE,QUINOLONE,POINTX,,CP174856.1,6617,9115,+,833,833,100,99.76,833,WP_033785346.1,DNA gyrase subunit A GyrA,,,GCA_050485635.1.amrfinder.tsv,QUINOLONE,QUINOLONE,FALSE,accepted_functional_amr_detection,FALSE,,included_in_functional_presence
GCA_050485635.1,Bacteraemia,GCA_050485635.1:15,15,aac(6')-Ie/aph(2'')-Ia,bifunctional aminoglycoside N-acetyltransferase AAC(6')-Ie/aminoglycoside O-phosphotransferase APH(2'')-Ia,core,AMR,AMR,AMINOGLYCOSIDE,AMIKACIN/GENTAMICIN/KANAMYCIN/TOBRAMYCIN,EXACTX,,CP174856.1,642911,644347,+,479,479,100,100,479,WP_001028144.1,bifunctional aminoglycoside N-acetyltransferase AAC(6')-Ie/aminoglycoside O-phosphotransferase APH(2'')-Ia,,,GCA_050485635.1.amrfinder.tsv,AMINOGLYCOSIDE,AMIKACIN/GENTAMICIN/KANAMYCIN/TOBRAMYCIN,FALSE,accepted_functional_amr_detection,FALSE,,included_in_functional_presence
GCA_050485635.1,Bacteraemia,GCA_050485635.1:16,16,parC_S80I,Enterococcus faecalis quinolone resistant ParC,core,AMR,POINT,QUINOLONE,QUINOLONE,POINTX,,CP174856.1,1614869,1617328,-,820,820,100,99.63,820,WP_002371880.1,DNA topoisomerase IV subunit A ParC,,,GCA_050485635.1.amrfinder.tsv,QUINOLONE,QUINOLONE,FALSE,accepted_functional_amr_detection,FALSE,,included_in_functional_presence
GCA_050485635.1,Bacteraemia,GCA_050485635.1:17,17,dfrF,trimethoprim-resistant dihydrofolate reductase DfrF,core,AMR,AMR,TRIMETHOPRIM,TRIMETHOPRIM,INTERNAL_STOP,,CP174856.1,1804853,1805332,-,160,164,97.56,99.38,160,WP_002322211.1,trimethoprim-resistant dihydrofolate reductase DfrF,,,GCA_050485635.1.amrfinder.tsv,TRIMETHOPRIM,TRIMETHOPRIM,FALSE,excluded_from_functional_presence,FALSE,INTERNAL_STOP,excluded_from_functional_presence
GCA_050485635.1,Bacteraemia,GCA_050485635.1:18,18,dfrF,trimethoprim-resistant dihydrofolate reductase DfrF,core,AMR,AMR,TRIMETHOPRIM,TRIMETHOPRIM,EXACTX,,CP174856.1,2614199,2614690,-,164,164,100,100,164,WP_002322211.1,trimethoprim-resistant dihydrofolate reductase DfrF,,,GCA_050485635.1.amrfinder.tsv,TRIMETHOPRIM,TRIMETHOPRIM,FALSE,accepted_functional_amr_detection,FALSE,,included_in_functional_presence
GCA_050485635.1,Bacteraemia,GCA_050485635.1:19,19,lsa(A),ABC-F type ribosomal protection protein Lsa(A),core,AMR,AMR,LINCOSAMIDE/STREPTOGRAMIN,LINCOSAMIDE/STREPTOGRAMIN,BLASTX,,CP174856.1,2660717,2662210,-,498,498,100,99.2,498,WP_002387187.1,ABC-F type ribosomal protection protein Lsa(A),,,GCA_050485635.1.amrfinder.tsv,LINCOSAMIDE/STREPTOGRAMIN,LINCOSAMIDE/STREPTOGRAMIN,FALSE,accepted_functional_amr_detection,FALSE,,included_in_functional_presence
GCA_050485635.1,Bacteraemia,GCA_050485635.1:20,20,tet(M),tetracycline resistance ribosomal protection protein Tet(M),core,AMR,AMR,TETRACYCLINE,TETRACYCLINE,EXACTX,,CP174856.1,2825400,2827316,+,639,639,100,100,639,WP_000691736.1,tetracycline resistance ribosomal protection protein Tet(M),,,GCA_050485635.1.amrfinder.tsv,TETRACYCLINE,TETRACYCLINE,FALSE,accepted_functional_amr_detection,FALSE,,included_in_functional_presence
GCA_050485635.1,Bacteraemia,GCA_050485635.1:21,21,tet(M),tetracycline resistance ribosomal protection protein Tet(M),core,AMR,AMR,TETRACYCLINE,TETRACYCLINE,EXACTX,,CP174856.1,3134868,3136784,+,639,639,100,100,639,WP_000691736.1,tetracycline resistance ribosomal protection protein Tet(M),,,GCA_050485635.1.amrfinder.tsv,TETRACYCLINE,TETRACYCLINE,FALSE,accepted_functional_amr_detection,FALSE,,included_in_functional_presence
GCA_050486705.1,Bacteraemia,GCA_050486705.1:1,1,aph(3')-IIIa,aminoglycoside O-phosphotransferase APH(3')-IIIa,core,AMR,AMR,AMINOGLYCOSIDE,AMIKACIN/KANAMYCIN,EXACTX,,CP174840.1,44731,45522,-,264,264,100,100,264,WP_001096887.1,aminoglycoside O-phosphotransferase APH(3')-IIIa,,,GCA_050486705.1.amrfinder.tsv,AMINOGLYCOSIDE,AMIKACIN/KANAMYCIN,FALSE,accepted_functional_amr_detection,FALSE,,included_in_functional_presence
GCA_050486705.1,Bacteraemia,GCA_050486705.1:2,2,sat4,streptothricin N-acetyltransferase Sat4,core,AMR,AMR,STREPTOTHRICIN,STREPTOTHRICIN,EXACTX,,CP174840.1,45618,46157,-,180,180,100,100,180,WP_000627290.1,streptothricin N-acetyltransferase Sat4,,,GCA_050486705.1.amrfinder.tsv,STREPTOTHRICIN,STREPTOTHRICIN,FALSE,accepted_functional_amr_detection,FALSE,,included_in_functional_presence
GCA_050486705.1,Bacteraemia,GCA_050486705.1:3,3,ant(6)-Ia,aminoglycoside nucleotidyltransferase ANT(6)-Ia,core,AMR,AMR,AMINOGLYCOSIDE,STREPTOMYCIN,EXACTX,,CP174840.1,46157,47062,-,302,302,100,100,302,WP_001255866.1,aminoglycoside nucleotidyltransferase ANT(6)-Ia,,,GCA_050486705.1.amrfinder.tsv,AMINOGLYCOSIDE,STREPTOMYCIN,FALSE,accepted_functional_amr_detection,FALSE,,included_in_functional_presence
GCA_050486705.1,Bacteraemia,GCA_050486705.1:4,4,tet(L),tetracycline efflux MFS transporter Tet(L),core,AMR,AMR,TETRACYCLINE,TETRACYCLINE,EXACTX,,CP174840.1,51275,52648,-,458,458,100,100,458,WP_001574277.1,tetracycline efflux MFS transporter Tet(L),,,GCA_050486705.1.amrfinder.tsv,TETRACYCLINE,TETRACYCLINE,FALSE,accepted_functional_amr_detection,FALSE,,included_in_functional_presence
GCA_050486705.1,Bacteraemia,GCA_050486705.1:5,5,erm(B),23S rRNA (adenine(2058)-N(6))-methyltransferase Erm(B),core,AMR,AMR,LINCOSAMIDE/MACROLIDE/STREPTOGRAMIN,CLINDAMYCIN/ERYTHROMYCIN/STREPTOGRAMIN B,EXACTX,,CP174840.1,53688,54422,-,245,245,100,100,245,WP_002292226.1,23S rRNA (adenine(2058)-N(6))-methyltransferase Erm(B),,,GCA_050486705.1.amrfinder.tsv,LINCOSAMIDE/MACROLIDE/STREPTOGRAMIN,CLINDAMYCIN/ERYTHROMYCIN/STREPTOGRAMIN B,FALSE,accepted_functional_amr_detection,FALSE,,included_in_functional_presence
GCA_050486705.1,Bacteraemia,GCA_050486705.1:6,6,catA,type A-7 chloramphenicol O-acetyltransferase,core,AMR,AMR,PHENICOL,CHLORAMPHENICOL,EXACTX,,CP174840.1,57830,58474,+,215,215,100,100,215,WP_002331392.1,type A-7 chloramphenicol O-acetyltransferase,,,GCA_050486705.1.amrfinder.tsv,PHENICOL,CHLORAMPHENICOL,FALSE,accepted_functional_amr_detection,FALSE,,included_in_functional_presence
GCA_050486705.1,Bacteraemia,GCA_050486705.1:7,7,tet(M),tetracycline resistance ribosomal protection protein Tet(M),core,AMR,AMR,TETRACYCLINE,TETRACYCLINE,EXACTX,,CP174842.1,1371915,1373831,-,639,639,100,100,639,WP_000691746.1,tetracycline resistance ribosomal protection protein Tet(M),,,GCA_050486705.1.amrfinder.tsv,TETRACYCLINE,TETRACYCLINE,FALSE,accepted_functional_amr_detection,FALSE,,included_in_functional_presence
GCA_050486705.1,Bacteraemia,GCA_050486705.1:8,8,lsa(A),ABC-F type ribosomal protection protein Lsa(A),core,AMR,AMR,LINCOSAMIDE/STREPTOGRAMIN,LINCOSAMIDE/STREPTOGRAMIN,BLASTX,,CP174842.1,1586790,1588283,+,498,498,100,99.6,498,WP_002365053.1,ABC-F type ribosomal protection protein Lsa(A),,,GCA_050486705.1.amrfinder.tsv,LINCOSAMIDE/STREPTOGRAMIN,LINCOSAMIDE/STREPTOGRAMIN,FALSE,accepted_functional_amr_detection,FALSE,,included_in_functional_presence
GCA_050486715.1,Bacteraemia,GCA_050486715.1:1,1,dfrG,trimethoprim-resistant dihydrofolate reductase DfrG,core,AMR,AMR,TRIMETHOPRIM,TRIMETHOPRIM,EXACTX,,CP174839.1,124347,124841,+,165,165,100,100,165,WP_000868795.1,trimethoprim-resistant dihydrofolate reductase DfrG,,,GCA_050486715.1.amrfinder.tsv,TRIMETHOPRIM,TRIMETHOPRIM,FALSE,accepted_functional_amr_detection,FALSE,,included_in_functional_presence
GCA_050486715.1,Bacteraemia,GCA_050486715.1:2,2,tet(M),tetracycline resistance ribosomal protection protein Tet(M),core,AMR,AMR,TETRACYCLINE,TETRACYCLINE,EXACTX,,CP174839.1,832360,834276,+,639,639,100,100,639,WP_002364936.1,tetracycline resistance ribosomal protection protein Tet(M),,,GCA_050486715.1.amrfinder.tsv,TETRACYCLINE,TETRACYCLINE,FALSE,accepted_functional_amr_detection,FALSE,,included_in_functional_presence
GCA_050486715.1,Bacteraemia,GCA_050486715.1:3,3,erm(B),23S rRNA (adenine(2058)-N(6))-methyltransferase Erm(B),core,AMR,AMR,LINCOSAMIDE/MACROLIDE/STREPTOGRAMIN,CLINDAMYCIN/ERYTHROMYCIN/STREPTOGRAMIN B,INTERNAL_STOP,,CP174839.1,1481564,1482298,-,245,245,100,99.59,245,WP_002292226.1,23S rRNA (adenine(2058)-N(6))-methyltransferase Erm(B),,,GCA_050486715.1.amrfinder.tsv,LINCOSAMIDE/MACROLIDE/STREPTOGRAMIN,CLINDAMYCIN/ERYTHROMYCIN/STREPTOGRAMIN B,FALSE,excluded_from_functional_presence,FALSE,INTERNAL_STOP,excluded_from_functional_presence
GCA_050486715.1,Bacteraemia,GCA_050486715.1:4,4,lsa(A),ABC-F type ribosomal protection protein Lsa(A),core,AMR,AMR,LINCOSAMIDE/STREPTOGRAMIN,LINCOSAMIDE/STREPTOGRAMIN,BLASTX,,CP174839.1,2255534,2257027,-,498,498,100,99.4,498,WP_002365053.1,ABC-F type ribosomal protection protein Lsa(A),,,GCA_050486715.1.amrfinder.tsv,LINCOSAMIDE/STREPTOGRAMIN,LINCOSAMIDE/STREPTOGRAMIN,FALSE,accepted_functional_amr_detection,FALSE,,included_in_functional_presence
GCA_050491675.1,Bacteraemia,GCA_050491675.1:1,1,parC_S80I,Enterococcus faecalis quinolone resistant ParC,core,AMR,POINT,QUINOLONE,QUINOLONE,POINTX,,CP175116.1,1402220,1404679,-,820,820,100,99.76,820,WP_002371880.1,DNA topoisomerase IV subunit A ParC,,,GCA_050491675.1.amrfinder.tsv,QUINOLONE,QUINOLONE,FALSE,accepted_functional_amr_detection,FALSE,,included_in_functional_presence
GCA_050491675.1,Bacteraemia,GCA_050491675.1:2,2,erm(B),23S rRNA (adenine(2058)-N(6))-methyltransferase Erm(B),core,AMR,AMR,LINCOSAMIDE/MACROLIDE/STREPTOGRAMIN,CLINDAMYCIN/ERYTHROMYCIN/STREPTOGRAMIN B,EXACTX,,CP175116.1,1444529,1445263,-,245,245,100,100,245,WP_002292226.1,23S rRNA (adenine(2058)-N(6))-methyltransferase Erm(B),,,GCA_050491675.1.amrfinder.tsv,LINCOSAMIDE/MACROLIDE/STREPTOGRAMIN,CLINDAMYCIN/ERYTHROMYCIN/STREPTOGRAMIN B,FALSE,accepted_functional_amr_detection,FALSE,,included_in_functional_presence
GCA_050491675.1,Bacteraemia,GCA_050491675.1:3,3,ant(6)-Ia,aminoglycoside nucleotidyltransferase ANT(6)-Ia,core,AMR,AMR,AMINOGLYCOSIDE,STREPTOMYCIN,PARTIALX,,CP175116.1,1449593,1450099,-,169,287,58.89,99.41,169,WP_002294505.1,aminoglycoside nucleotidyltransferase ANT(6)-Ia,,,GCA_050491675.1.amrfinder.tsv,AMINOGLYCOSIDE,STREPTOMYCIN,FALSE,excluded_from_functional_presence,TRUE,PARTIALX;coverage_below_80,excluded_from_functional_presence
GCA_050491675.1,Bacteraemia,GCA_050491675.1:4,4,aph(3')-IIIa,aminoglycoside O-phosphotransferase APH(3')-IIIa,core,AMR,AMR,AMINOGLYCOSIDE,AMIKACIN/KANAMYCIN,BLASTX,,CP175116.1,1450582,1451373,-,264,264,100,99.62,264,WP_001096887.1,aminoglycoside O-phosphotransferase APH(3')-IIIa,,,GCA_050491675.1.amrfinder.tsv,AMINOGLYCOSIDE,AMIKACIN/KANAMYCIN,FALSE,accepted_functional_amr_detection,FALSE,,included_in_functional_presence
GCA_050491675.1,Bacteraemia,GCA_050491675.1:5,5,sat4,streptothricin N-acetyltransferase Sat4,core,AMR,AMR,STREPTOTHRICIN,STREPTOTHRICIN,EXACTX,,CP175116.1,1451469,1452008,-,180,180,100,100,180,WP_000627290.1,streptothricin N-acetyltransferase Sat4,,,GCA_050491675.1.amrfinder.tsv,STREPTOTHRICIN,STREPTOTHRICIN,FALSE,accepted_functional_amr_detection,FALSE,,included_in_functional_presence
GCA_050491675.1,Bacteraemia,GCA_050491675.1:6,6,ant(6)-Ia,aminoglycoside nucleotidyltransferase ANT(6)-Ia,core,AMR,AMR,AMINOGLYCOSIDE,STREPTOMYCIN,PARTIALX,,CP175116.1,1452008,1452802,-,265,302,87.75,100,265,WP_001255866.1,aminoglycoside nucleotidyltransferase ANT(6)-Ia,,,GCA_050491675.1.amrfinder.tsv,AMINOGLYCOSIDE,STREPTOMYCIN,FALSE,excluded_from_functional_presence,FALSE,PARTIALX,excluded_from_functional_presence
GCA_050491675.1,Bacteraemia,GCA_050491675.1:7,7,aac(6')-Ie/aph(2'')-Ia,bifunctional aminoglycoside N-acetyltransferase AAC(6')-Ie/aminoglycoside O-phosphotransferase APH(2'')-Ia,core,AMR,AMR,AMINOGLYCOSIDE,AMIKACIN/GENTAMICIN/KANAMYCIN/TOBRAMYCIN,EXACTX,,CP175116.1,1452975,1454411,-,479,479,100,100,479,WP_001028144.1,bifunctional aminoglycoside N-acetyltransferase AAC(6')-Ie/aminoglycoside O-phosphotransferase APH(2'')-Ia,,,GCA_050491675.1.amrfinder.tsv,AMINOGLYCOSIDE,AMIKACIN/GENTAMICIN/KANAMYCIN/TOBRAMYCIN,FALSE,accepted_functional_amr_detection,FALSE,,included_in_functional_presence
GCA_050491675.1,Bacteraemia,GCA_050491675.1:8,8,erm(B),23S rRNA (adenine(2058)-N(6))-methyltransferase Erm(B),core,AMR,AMR,LINCOSAMIDE/MACROLIDE/STREPTOGRAMIN,CLINDAMYCIN/ERYTHROMYCIN/STREPTOGRAMIN B,EXACTX,,CP175116.1,1455241,1455975,-,245,245,100,100,245,WP_002292226.1,23S rRNA (adenine(2058)-N(6))-methyltransferase Erm(B),,,GCA_050491675.1.amrfinder.tsv,LINCOSAMIDE/MACROLIDE/STREPTOGRAMIN,CLINDAMYCIN/ERYTHROMYCIN/STREPTOGRAMIN B,FALSE,accepted_functional_amr_detection,FALSE,,included_in_functional_presence
GCA_050491675.1,Bacteraemia,GCA_050491675.1:9,9,lsa(A),ABC-F type ribosomal protection protein Lsa(A),core,AMR,AMR,LINCOSAMIDE/STREPTOGRAMIN,LINCOSAMIDE/STREPTOGRAMIN,BLASTX,,CP175116.1,2229809,2231302,-,498,498,100,99.6,498,WP_002398829.1,ABC-F type ribosomal protection protein Lsa(A),,,GCA_050491675.1.amrfinder.tsv,LINCOSAMIDE/STREPTOGRAMIN,LINCOSAMIDE/STREPTOGRAMIN,FALSE,accepted_functional_amr_detection,FALSE,,included_in_functional_presence
GCA_050491675.1,Bacteraemia,GCA_050491675.1:10,10,dfrG,trimethoprim-resistant dihydrofolate reductase DfrG,core,AMR,AMR,TRIMETHOPRIM,TRIMETHOPRIM,EXACTX,,CP175116.1,2249166,2249660,+,165,165,100,100,165,WP_000868795.1,trimethoprim-resistant dihydrofolate reductase DfrG,,,GCA_050491675.1.amrfinder.tsv,TRIMETHOPRIM,TRIMETHOPRIM,FALSE,accepted_functional_amr_detection,FALSE,,included_in_functional_presence
GCA_050491675.1,Bacteraemia,GCA_050491675.1:11,11,tet(L),tetracycline efflux MFS transporter Tet(L),core,AMR,AMR,TETRACYCLINE,TETRACYCLINE,EXACTX,,CP175116.1,2760213,2761586,-,458,458,100,100,458,WP_001574277.1,tetracycline efflux MFS transporter Tet(L),,,GCA_050491675.1.amrfinder.tsv,TETRACYCLINE,TETRACYCLINE,FALSE,accepted_functional_amr_detection,FALSE,,included_in_functional_presence
GCA_050491675.1,Bacteraemia,GCA_050491675.1:12,12,tet(M),tetracycline resistance ribosomal protection protein Tet(M),core,AMR,AMR,TETRACYCLINE,TETRACYCLINE,EXACTX,,CP175116.1,2761783,2763699,-,639,639,100,100,639,WP_001574275.1,tetracycline resistance ribosomal protection protein Tet(M),,,GCA_050491675.1.amrfinder.tsv,TETRACYCLINE,TETRACYCLINE,FALSE,accepted_functional_amr_detection,FALSE,,included_in_functional_presence
GCA_050491675.1,Bacteraemia,GCA_050491675.1:13,13,bcrC,quaternary ammonium compound efflux SMR transporter BcrC,core,STRESS,BIOCIDE,BACITRACIN,BACITRACIN,BLASTX,,CP175117.1,44811,45152,-,114,114,100,99.12,114,WP_003725292.1,quaternary ammonium compound efflux SMR transporter BcrC,,,GCA_050491675.1.amrfinder.tsv,BACITRACIN,BACITRACIN,FALSE,outside_functional_amr_analysis,FALSE,STRESS_outside_functional_AMR_analysis,outside_functional_amr_analysis
GCA_050491675.1,Bacteraemia,GCA_050491675.1:14,14,bcrB,quaternary ammonium compound efflux SMR transporter BcrB,core,STRESS,BIOCIDE,BACITRACIN,BACITRACIN,EXACTX,,CP175117.1,45173,45487,-,105,105,100,100,105,WP_003725293.1,quaternary ammonium compound efflux SMR transporter BcrB,,,GCA_050491675.1.amrfinder.tsv,BACITRACIN,BACITRACIN,FALSE,outside_functional_amr_analysis,FALSE,STRESS_outside_functional_AMR_analysis,outside_functional_amr_analysis
GCA_050491685.1,Bacteraemia,GCA_050491685.1:1,1,parC_S80I,Enterococcus faecalis quinolone resistant ParC,core,AMR,POINT,QUINOLONE,QUINOLONE,POINTX,,CP175113.1,1402220,1404679,-,820,820,100,99.76,820,WP_002371880.1,DNA topoisomerase IV subunit A ParC,,,GCA_050491685.1.amrfinder.tsv,QUINOLONE,QUINOLONE,FALSE,accepted_functional_amr_detection,FALSE,,included_in_functional_presence
GCA_050491685.1,Bacteraemia,GCA_050491685.1:2,2,erm(B),23S rRNA (adenine(2058)-N(6))-methyltransferase Erm(B),core,AMR,AMR,LINCOSAMIDE/MACROLIDE/STREPTOGRAMIN,CLINDAMYCIN/ERYTHROMYCIN/STREPTOGRAMIN B,EXACTX,,CP175113.1,1444529,1445263,-,245,245,100,100,245,WP_002292226.1,23S rRNA (adenine(2058)-N(6))-methyltransferase Erm(B),,,GCA_050491685.1.amrfinder.tsv,LINCOSAMIDE/MACROLIDE/STREPTOGRAMIN,CLINDAMYCIN/ERYTHROMYCIN/STREPTOGRAMIN B,FALSE,accepted_functional_amr_detection,FALSE,,included_in_functional_presence
GCA_050491685.1,Bacteraemia,GCA_050491685.1:3,3,ant(6)-Ia,aminoglycoside nucleotidyltransferase ANT(6)-Ia,core,AMR,AMR,AMINOGLYCOSIDE,STREPTOMYCIN,PARTIALX,,CP175113.1,1449593,1450099,-,169,287,58.89,99.41,169,WP_002294505.1,aminoglycoside nucleotidyltransferase ANT(6)-Ia,,,GCA_050491685.1.amrfinder.tsv,AMINOGLYCOSIDE,STREPTOMYCIN,FALSE,excluded_from_functional_presence,TRUE,PARTIALX;coverage_below_80,excluded_from_functional_presence
GCA_050491685.1,Bacteraemia,GCA_050491685.1:4,4,aph(3')-IIIa,aminoglycoside O-phosphotransferase APH(3')-IIIa,core,AMR,AMR,AMINOGLYCOSIDE,AMIKACIN/KANAMYCIN,BLASTX,,CP175113.1,1450582,1451373,-,264,264,100,99.62,264,WP_001096887.1,aminoglycoside O-phosphotransferase APH(3')-IIIa,,,GCA_050491685.1.amrfinder.tsv,AMINOGLYCOSIDE,AMIKACIN/KANAMYCIN,FALSE,accepted_functional_amr_detection,FALSE,,included_in_functional_presence
GCA_050491685.1,Bacteraemia,GCA_050491685.1:5,5,sat4,streptothricin N-acetyltransferase Sat4,core,AMR,AMR,STREPTOTHRICIN,STREPTOTHRICIN,EXACTX,,CP175113.1,1451469,1452008,-,180,180,100,100,180,WP_000627290.1,streptothricin N-acetyltransferase Sat4,,,GCA_050491685.1.amrfinder.tsv,STREPTOTHRICIN,STREPTOTHRICIN,FALSE,accepted_functional_amr_detection,FALSE,,included_in_functional_presence
GCA_050491685.1,Bacteraemia,GCA_050491685.1:6,6,ant(6)-Ia,aminoglycoside nucleotidyltransferase ANT(6)-Ia,core,AMR,AMR,AMINOGLYCOSIDE,STREPTOMYCIN,PARTIALX,,CP175113.1,1452008,1452802,-,265,302,87.75,100,265,WP_001255866.1,aminoglycoside nucleotidyltransferase ANT(6)-Ia,,,GCA_050491685.1.amrfinder.tsv,AMINOGLYCOSIDE,STREPTOMYCIN,FALSE,excluded_from_functional_presence,FALSE,PARTIALX,excluded_from_functional_presence
GCA_050491685.1,Bacteraemia,GCA_050491685.1:7,7,aac(6')-Ie/aph(2'')-Ia,bifunctional aminoglycoside N-acetyltransferase AAC(6')-Ie/aminoglycoside O-phosphotransferase APH(2'')-Ia,core,AMR,AMR,AMINOGLYCOSIDE,AMIKACIN/GENTAMICIN/KANAMYCIN/TOBRAMYCIN,EXACTX,,CP175113.1,1452975,1454411,-,479,479,100,100,479,WP_001028144.1,bifunctional aminoglycoside N-acetyltransferase AAC(6')-Ie/aminoglycoside O-phosphotransferase APH(2'')-Ia,,,GCA_050491685.1.amrfinder.tsv,AMINOGLYCOSIDE,AMIKACIN/GENTAMICIN/KANAMYCIN/TOBRAMYCIN,FALSE,accepted_functional_amr_detection,FALSE,,included_in_functional_presence
GCA_050491685.1,Bacteraemia,GCA_050491685.1:8,8,erm(B),23S rRNA (adenine(2058)-N(6))-methyltransferase Erm(B),core,AMR,AMR,LINCOSAMIDE/MACROLIDE/STREPTOGRAMIN,CLINDAMYCIN/ERYTHROMYCIN/STREPTOGRAMIN B,EXACTX,,CP175113.1,1455241,1455975,-,245,245,100,100,245,WP_002292226.1,23S rRNA (adenine(2058)-N(6))-methyltransferase Erm(B),,,GCA_050491685.1.amrfinder.tsv,LINCOSAMIDE/MACROLIDE/STREPTOGRAMIN,CLINDAMYCIN/ERYTHROMYCIN/STREPTOGRAMIN B,FALSE,accepted_functional_amr_detection,FALSE,,included_in_functional_presence
GCA_050491685.1,Bacteraemia,GCA_050491685.1:9,9,lsa(A),ABC-F type ribosomal protection protein Lsa(A),core,AMR,AMR,LINCOSAMIDE/STREPTOGRAMIN,LINCOSAMIDE/STREPTOGRAMIN,BLASTX,,CP175113.1,2229809,2231302,-,498,498,100,99.6,498,WP_002398829.1,ABC-F type ribosomal protection protein Lsa(A),,,GCA_050491685.1.amrfinder.tsv,LINCOSAMIDE/STREPTOGRAMIN,LINCOSAMIDE/STREPTOGRAMIN,FALSE,accepted_functional_amr_detection,FALSE,,included_in_functional_presence
GCA_050491685.1,Bacteraemia,GCA_050491685.1:10,10,dfrG,trimethoprim-resistant dihydrofolate reductase DfrG,core,AMR,AMR,TRIMETHOPRIM,TRIMETHOPRIM,EXACTX,,CP175113.1,2249166,2249660,+,165,165,100,100,165,WP_000868795.1,trimethoprim-resistant dihydrofolate reductase DfrG,,,GCA_050491685.1.amrfinder.tsv,TRIMETHOPRIM,TRIMETHOPRIM,FALSE,accepted_functional_amr_detection,FALSE,,included_in_functional_presence
GCA_050491685.1,Bacteraemia,GCA_050491685.1:11,11,tet(L),tetracycline efflux MFS transporter Tet(L),core,AMR,AMR,TETRACYCLINE,TETRACYCLINE,EXACTX,,CP175113.1,2760213,2761586,-,458,458,100,100,458,WP_001574277.1,tetracycline efflux MFS transporter Tet(L),,,GCA_050491685.1.amrfinder.tsv,TETRACYCLINE,TETRACYCLINE,FALSE,accepted_functional_amr_detection,FALSE,,included_in_functional_presence
GCA_050491685.1,Bacteraemia,GCA_050491685.1:12,12,tet(M),tetracycline resistance ribosomal protection protein Tet(M),core,AMR,AMR,TETRACYCLINE,TETRACYCLINE,EXACTX,,CP175113.1,2761783,2763699,-,639,639,100,100,639,WP_001574275.1,tetracycline resistance ribosomal protection protein Tet(M),,,GCA_050491685.1.amrfinder.tsv,TETRACYCLINE,TETRACYCLINE,FALSE,accepted_functional_amr_detection,FALSE,,included_in_functional_presence
GCA_050491685.1,Bacteraemia,GCA_050491685.1:13,13,bcrC,quaternary ammonium compound efflux SMR transporter BcrC,core,STRESS,BIOCIDE,BACITRACIN,BACITRACIN,BLASTX,,CP175114.1,46077,46418,-,114,114,100,99.12,114,WP_003725292.1,quaternary ammonium compound efflux SMR transporter BcrC,,,GCA_050491685.1.amrfinder.tsv,BACITRACIN,BACITRACIN,FALSE,outside_functional_amr_analysis,FALSE,STRESS_outside_functional_AMR_analysis,outside_functional_amr_analysis
GCA_050491685.1,Bacteraemia,GCA_050491685.1:14,14,bcrB,quaternary ammonium compound efflux SMR transporter BcrB,core,STRESS,BIOCIDE,BACITRACIN,BACITRACIN,EXACTX,,CP175114.1,46439,46753,-,105,105,100,100,105,WP_003725293.1,quaternary ammonium compound efflux SMR transporter BcrB,,,GCA_050491685.1.amrfinder.tsv,BACITRACIN,BACITRACIN,FALSE,outside_functional_amr_analysis,FALSE,STRESS_outside_functional_AMR_analysis,outside_functional_amr_analysis
GCA_050492125.1,Bacteraemia,GCA_050492125.1:1,1,gyrA_S83I,Enterococcus faecalis quinolone resistant GyrA,core,AMR,POINT,QUINOLONE,QUINOLONE,POINTX,,CP175110.1,6616,9114,+,833,833,100,99.76,833,WP_033785346.1,DNA gyrase subunit A GyrA,,,GCA_050492125.1.amrfinder.tsv,QUINOLONE,QUINOLONE,FALSE,accepted_functional_amr_detection,FALSE,,included_in_functional_presence
GCA_050492125.1,Bacteraemia,GCA_050492125.1:2,2,aac(6')-Ie/aph(2'')-Ia,bifunctional aminoglycoside N-acetyltransferase AAC(6')-Ie/aminoglycoside O-phosphotransferase APH(2'')-Ia,core,AMR,AMR,AMINOGLYCOSIDE,AMIKACIN/GENTAMICIN/KANAMYCIN/TOBRAMYCIN,EXACTX,,CP175110.1,488998,490434,+,479,479,100,100,479,WP_001028144.1,bifunctional aminoglycoside N-acetyltransferase AAC(6')-Ie/aminoglycoside O-phosphotransferase APH(2'')-Ia,,,GCA_050492125.1.amrfinder.tsv,AMINOGLYCOSIDE,AMIKACIN/GENTAMICIN/KANAMYCIN/TOBRAMYCIN,FALSE,accepted_functional_amr_detection,FALSE,,included_in_functional_presence
GCA_050492125.1,Bacteraemia,GCA_050492125.1:3,3,parC_S80I,Enterococcus faecalis quinolone resistant ParC,core,AMR,POINT,QUINOLONE,QUINOLONE,POINTX,,CP175110.1,1459024,1461483,-,820,820,100,99.76,820,WP_002371880.1,DNA topoisomerase IV subunit A ParC,,,GCA_050492125.1.amrfinder.tsv,QUINOLONE,QUINOLONE,FALSE,accepted_functional_amr_detection,FALSE,,included_in_functional_presence
GCA_050492125.1,Bacteraemia,GCA_050492125.1:4,4,dfrF,trimethoprim-resistant dihydrofolate reductase DfrF,core,AMR,AMR,TRIMETHOPRIM,TRIMETHOPRIM,EXACTX,,CP175110.1,1649274,1649765,-,164,164,100,100,164,WP_002322211.1,trimethoprim-resistant dihydrofolate reductase DfrF,,,GCA_050492125.1.amrfinder.tsv,TRIMETHOPRIM,TRIMETHOPRIM,FALSE,accepted_functional_amr_detection,FALSE,,included_in_functional_presence
GCA_050492125.1,Bacteraemia,GCA_050492125.1:5,5,dfrF,trimethoprim-resistant dihydrofolate reductase DfrF,core,AMR,AMR,TRIMETHOPRIM,TRIMETHOPRIM,EXACTX,,CP175110.1,2321425,2321916,-,164,164,100,100,164,WP_002322211.1,trimethoprim-resistant dihydrofolate reductase DfrF,,,GCA_050492125.1.amrfinder.tsv,TRIMETHOPRIM,TRIMETHOPRIM,FALSE,accepted_functional_amr_detection,FALSE,,included_in_functional_presence
GCA_050492125.1,Bacteraemia,GCA_050492125.1:6,6,lsa(A),ABC-F type ribosomal protection protein Lsa(A),core,AMR,AMR,LINCOSAMIDE/STREPTOGRAMIN,LINCOSAMIDE/STREPTOGRAMIN,EXACTX,,CP175110.1,2368011,2369504,-,498,498,100,100,498,WP_002387187.1,ABC-F type ribosomal protection protein Lsa(A),,,GCA_050492125.1.amrfinder.tsv,LINCOSAMIDE/STREPTOGRAMIN,LINCOSAMIDE/STREPTOGRAMIN,FALSE,accepted_functional_amr_detection,FALSE,,included_in_functional_presence
GCA_050492125.1,Bacteraemia,GCA_050492125.1:7,7,tet(M),tetracycline resistance ribosomal protection protein Tet(M),core,AMR,AMR,TETRACYCLINE,TETRACYCLINE,EXACTX,,CP175110.1,2533744,2535660,+,639,639,100,100,639,WP_000691736.1,tetracycline resistance ribosomal protection protein Tet(M),,,GCA_050492125.1.amrfinder.tsv,TETRACYCLINE,TETRACYCLINE,FALSE,accepted_functional_amr_detection,FALSE,,included_in_functional_presence
GCA_050492125.1,Bacteraemia,GCA_050492125.1:8,8,tet(M),tetracycline resistance ribosomal protection protein Tet(M),core,AMR,AMR,TETRACYCLINE,TETRACYCLINE,EXACTX,,CP175110.1,2845995,2847911,+,639,639,100,100,639,WP_000691736.1,tetracycline resistance ribosomal protection protein Tet(M),,,GCA_050492125.1.amrfinder.tsv,TETRACYCLINE,TETRACYCLINE,FALSE,accepted_functional_amr_detection,FALSE,,included_in_functional_presence
GCA_050492125.1,Bacteraemia,GCA_050492125.1:9,9,erm(B),23S rRNA (adenine(2058)-N(6))-methyltransferase Erm(B),core,AMR,AMR,LINCOSAMIDE/MACROLIDE/STREPTOGRAMIN,CLINDAMYCIN/ERYTHROMYCIN/STREPTOGRAMIN B,EXACTX,,CP175112.1,83405,84139,+,245,245,100,100,245,WP_001038790.1,23S rRNA (adenine(2058)-N(6))-methyltransferase Erm(B),,,GCA_050492125.1.amrfinder.tsv,LINCOSAMIDE/MACROLIDE/STREPTOGRAMIN,CLINDAMYCIN/ERYTHROMYCIN/STREPTOGRAMIN B,FALSE,accepted_functional_amr_detection,FALSE,,included_in_functional_presence
GCA_050492125.1,Bacteraemia,GCA_050492125.1:10,10,erm(B),23S rRNA (adenine(2058)-N(6))-methyltransferase Erm(B),core,AMR,AMR,LINCOSAMIDE/MACROLIDE/STREPTOGRAMIN,CLINDAMYCIN/ERYTHROMYCIN/STREPTOGRAMIN B,EXACTX,,CP175112.1,112161,112895,+,245,245,100,100,245,WP_001038792.1,23S rRNA (adenine(2058)-N(6))-methyltransferase Erm(B),,,GCA_050492125.1.amrfinder.tsv,LINCOSAMIDE/MACROLIDE/STREPTOGRAMIN,CLINDAMYCIN/ERYTHROMYCIN/STREPTOGRAMIN B,FALSE,accepted_functional_amr_detection,FALSE,,included_in_functional_presence
GCA_050492125.1,Bacteraemia,GCA_050492125.1:11,11,ant(6)-Ia,aminoglycoside nucleotidyltransferase ANT(6)-Ia,core,AMR,AMR,AMINOGLYCOSIDE,STREPTOMYCIN,EXACTX,,CP175112.1,116157,117062,+,302,302,100,100,302,WP_001255866.1,aminoglycoside nucleotidyltransferase ANT(6)-Ia,,,GCA_050492125.1.amrfinder.tsv,AMINOGLYCOSIDE,STREPTOMYCIN,FALSE,accepted_functional_amr_detection,FALSE,,included_in_functional_presence
GCA_050492125.1,Bacteraemia,GCA_050492125.1:12,12,sat4,streptothricin N-acetyltransferase Sat4,core,AMR,AMR,STREPTOTHRICIN,STREPTOTHRICIN,EXACTX,,CP175112.1,117062,117601,+,180,180,100,100,180,WP_000627290.1,streptothricin N-acetyltransferase Sat4,,,GCA_050492125.1.amrfinder.tsv,STREPTOTHRICIN,STREPTOTHRICIN,FALSE,accepted_functional_amr_detection,FALSE,,included_in_functional_presence
GCA_050492125.1,Bacteraemia,GCA_050492125.1:13,13,aph(3')-IIIa,aminoglycoside O-phosphotransferase APH(3')-IIIa,core,AMR,AMR,AMINOGLYCOSIDE,AMIKACIN/KANAMYCIN,EXACTX,,CP175112.1,117697,118488,+,264,264,100,100,264,WP_001096887.1,aminoglycoside O-phosphotransferase APH(3')-IIIa,,,GCA_050492125.1.amrfinder.tsv,AMINOGLYCOSIDE,AMIKACIN/KANAMYCIN,FALSE,accepted_functional_amr_detection,FALSE,,included_in_functional_presence
GCA_050492135.1,Bacteraemia,GCA_050492135.1:1,1,gyrA_S83I,Enterococcus faecalis quinolone resistant GyrA,core,AMR,POINT,QUINOLONE,QUINOLONE,POINTX,,CP175106.1,6616,9114,+,833,833,100,99.76,833,WP_033785346.1,DNA gyrase subunit A GyrA,,,GCA_050492135.1.amrfinder.tsv,QUINOLONE,QUINOLONE,FALSE,accepted_functional_amr_detection,FALSE,,included_in_functional_presence
GCA_050492135.1,Bacteraemia,GCA_050492135.1:2,2,aac(6')-Ie/aph(2'')-Ia,bifunctional aminoglycoside N-acetyltransferase AAC(6')-Ie/aminoglycoside O-phosphotransferase APH(2'')-Ia,core,AMR,AMR,AMINOGLYCOSIDE,AMIKACIN/GENTAMICIN/KANAMYCIN/TOBRAMYCIN,EXACTX,,CP175106.1,488998,490434,+,479,479,100,100,479,WP_001028144.1,bifunctional aminoglycoside N-acetyltransferase AAC(6')-Ie/aminoglycoside O-phosphotransferase APH(2'')-Ia,,,GCA_050492135.1.amrfinder.tsv,AMINOGLYCOSIDE,AMIKACIN/GENTAMICIN/KANAMYCIN/TOBRAMYCIN,FALSE,accepted_functional_amr_detection,FALSE,,included_in_functional_presence
GCA_050492135.1,Bacteraemia,GCA_050492135.1:3,3,parC_S80I,Enterococcus faecalis quinolone resistant ParC,core,AMR,POINT,QUINOLONE,QUINOLONE,POINTX,,CP175106.1,1493626,1496085,-,820,820,100,99.76,820,WP_002371880.1,DNA topoisomerase IV subunit A ParC,,,GCA_050492135.1.amrfinder.tsv,QUINOLONE,QUINOLONE,FALSE,accepted_functional_amr_detection,FALSE,,included_in_functional_presence
GCA_050492135.1,Bacteraemia,GCA_050492135.1:4,4,dfrF,trimethoprim-resistant dihydrofolate reductase DfrF,core,AMR,AMR,TRIMETHOPRIM,TRIMETHOPRIM,EXACTX,,CP175106.1,1683876,1684367,-,164,164,100,100,164,WP_002322211.1,trimethoprim-resistant dihydrofolate reductase DfrF,,,GCA_050492135.1.amrfinder.tsv,TRIMETHOPRIM,TRIMETHOPRIM,FALSE,accepted_functional_amr_detection,FALSE,,included_in_functional_presence
GCA_050492135.1,Bacteraemia,GCA_050492135.1:5,5,dfrF,trimethoprim-resistant dihydrofolate reductase DfrF,core,AMR,AMR,TRIMETHOPRIM,TRIMETHOPRIM,EXACTX,,CP175106.1,2356027,2356518,-,164,164,100,100,164,WP_002322211.1,trimethoprim-resistant dihydrofolate reductase DfrF,,,GCA_050492135.1.amrfinder.tsv,TRIMETHOPRIM,TRIMETHOPRIM,FALSE,accepted_functional_amr_detection,FALSE,,included_in_functional_presence
GCA_050492135.1,Bacteraemia,GCA_050492135.1:6,6,lsa(A),ABC-F type ribosomal protection protein Lsa(A),core,AMR,AMR,LINCOSAMIDE/STREPTOGRAMIN,LINCOSAMIDE/STREPTOGRAMIN,EXACTX,,CP175106.1,2402613,2404106,-,498,498,100,100,498,WP_002387187.1,ABC-F type ribosomal protection protein Lsa(A),,,GCA_050492135.1.amrfinder.tsv,LINCOSAMIDE/STREPTOGRAMIN,LINCOSAMIDE/STREPTOGRAMIN,FALSE,accepted_functional_amr_detection,FALSE,,included_in_functional_presence
GCA_050492135.1,Bacteraemia,GCA_050492135.1:7,7,tet(M),tetracycline resistance ribosomal protection protein Tet(M),core,AMR,AMR,TETRACYCLINE,TETRACYCLINE,EXACTX,,CP175106.1,2568346,2570262,+,639,639,100,100,639,WP_000691736.1,tetracycline resistance ribosomal protection protein Tet(M),,,GCA_050492135.1.amrfinder.tsv,TETRACYCLINE,TETRACYCLINE,FALSE,accepted_functional_amr_detection,FALSE,,included_in_functional_presence
GCA_050492135.1,Bacteraemia,GCA_050492135.1:8,8,tet(M),tetracycline resistance ribosomal protection protein Tet(M),core,AMR,AMR,TETRACYCLINE,TETRACYCLINE,EXACTX,,CP175106.1,2880597,2882513,+,639,639,100,100,639,WP_000691736.1,tetracycline resistance ribosomal protection protein Tet(M),,,GCA_050492135.1.amrfinder.tsv,TETRACYCLINE,TETRACYCLINE,FALSE,accepted_functional_amr_detection,FALSE,,included_in_functional_presence
GCA_050492135.1,Bacteraemia,GCA_050492135.1:9,9,erm(B),23S rRNA (adenine(2058)-N(6))-methyltransferase Erm(B),core,AMR,AMR,LINCOSAMIDE/MACROLIDE/STREPTOGRAMIN,CLINDAMYCIN/ERYTHROMYCIN/STREPTOGRAMIN B,EXACTX,,CP175108.1,76695,77429,+,245,245,100,100,245,WP_001038790.1,23S rRNA (adenine(2058)-N(6))-methyltransferase Erm(B),,,GCA_050492135.1.amrfinder.tsv,LINCOSAMIDE/MACROLIDE/STREPTOGRAMIN,CLINDAMYCIN/ERYTHROMYCIN/STREPTOGRAMIN B,FALSE,accepted_functional_amr_detection,FALSE,,included_in_functional_presence
GCA_050492135.1,Bacteraemia,GCA_050492135.1:10,10,erm(B),23S rRNA (adenine(2058)-N(6))-methyltransferase Erm(B),core,AMR,AMR,LINCOSAMIDE/MACROLIDE/STREPTOGRAMIN,CLINDAMYCIN/ERYTHROMYCIN/STREPTOGRAMIN B,EXACTX,,CP175109.1,18970,19704,+,245,245,100,100,245,WP_001038792.1,23S rRNA (adenine(2058)-N(6))-methyltransferase Erm(B),,,GCA_050492135.1.amrfinder.tsv,LINCOSAMIDE/MACROLIDE/STREPTOGRAMIN,CLINDAMYCIN/ERYTHROMYCIN/STREPTOGRAMIN B,FALSE,accepted_functional_amr_detection,FALSE,,included_in_functional_presence
GCA_050492135.1,Bacteraemia,GCA_050492135.1:11,11,ant(6)-Ia,aminoglycoside nucleotidyltransferase ANT(6)-Ia,core,AMR,AMR,AMINOGLYCOSIDE,STREPTOMYCIN,EXACTX,,CP175109.1,22966,23871,+,302,302,100,100,302,WP_001255866.1,aminoglycoside nucleotidyltransferase ANT(6)-Ia,,,GCA_050492135.1.amrfinder.tsv,AMINOGLYCOSIDE,STREPTOMYCIN,FALSE,accepted_functional_amr_detection,FALSE,,included_in_functional_presence
GCA_050492135.1,Bacteraemia,GCA_050492135.1:12,12,sat4,streptothricin N-acetyltransferase Sat4,core,AMR,AMR,STREPTOTHRICIN,STREPTOTHRICIN,EXACTX,,CP175109.1,23871,24410,+,180,180,100,100,180,WP_000627290.1,streptothricin N-acetyltransferase Sat4,,,GCA_050492135.1.amrfinder.tsv,STREPTOTHRICIN,STREPTOTHRICIN,FALSE,accepted_functional_amr_detection,FALSE,,included_in_functional_presence
GCA_050492135.1,Bacteraemia,GCA_050492135.1:13,13,aph(3')-IIIa,aminoglycoside O-phosphotransferase APH(3')-IIIa,core,AMR,AMR,AMINOGLYCOSIDE,AMIKACIN/KANAMYCIN,EXACTX,,CP175109.1,24506,25297,+,264,264,100,100,264,WP_001096887.1,aminoglycoside O-phosphotransferase APH(3')-IIIa,,,GCA_050492135.1.amrfinder.tsv,AMINOGLYCOSIDE,AMIKACIN/KANAMYCIN,FALSE,accepted_functional_amr_detection,FALSE,,included_in_functional_presence
GCA_050505635.1,Bacteraemia,GCA_050505635.1:1,1,lsa(A),ABC-F type ribosomal protection protein Lsa(A),core,AMR,AMR,LINCOSAMIDE/STREPTOGRAMIN,LINCOSAMIDE/STREPTOGRAMIN,BLASTX,,CP175162.1,105310,106803,+,498,498,100,99.4,498,WP_002365053.1,ABC-F type ribosomal protection protein Lsa(A),,,GCA_050505635.1.amrfinder.tsv,LINCOSAMIDE/STREPTOGRAMIN,LINCOSAMIDE/STREPTOGRAMIN,FALSE,accepted_functional_amr_detection,FALSE,,included_in_functional_presence
GCA_050505635.1,Bacteraemia,GCA_050505635.1:2,2,ant(6)-Ia,aminoglycoside nucleotidyltransferase ANT(6)-Ia,core,AMR,AMR,AMINOGLYCOSIDE,STREPTOMYCIN,PARTIALX,,CP175162.1,891627,892079,+,151,287,52.61,98.68,151,WP_002294505.1,aminoglycoside nucleotidyltransferase ANT(6)-Ia,,,GCA_050505635.1.amrfinder.tsv,AMINOGLYCOSIDE,STREPTOMYCIN,FALSE,excluded_from_functional_presence,TRUE,PARTIALX;coverage_below_80,excluded_from_functional_presence
GCA_050505635.1,Bacteraemia,GCA_050505635.1:3,3,spw,ANT(9) family aminoglycoside nucleotidyltransferase Spw,core,AMR,AMR,AMINOGLYCOSIDE,AMINOGLYCOSIDE,EXACTX,,CP175162.1,892785,893591,+,269,269,100,100,269,WP_002294509.1,ANT(9) family aminoglycoside nucleotidyltransferase Spw,,,GCA_050505635.1.amrfinder.tsv,AMINOGLYCOSIDE,AMINOGLYCOSIDE,FALSE,accepted_functional_amr_detection,FALSE,,included_in_functional_presence
GCA_050505635.1,Bacteraemia,GCA_050505635.1:4,4,lsa(E),ABC-F type ribosomal protection protein Lsa(E),core,AMR,AMR,LINCOSAMIDE/STREPTOGRAMIN,LINCOSAMIDE/STREPTOGRAMIN,EXACTX,,CP175162.1,895661,897142,+,494,494,100,100,494,WP_002294513.1,ABC-F type ribosomal protection protein Lsa(E),,,GCA_050505635.1.amrfinder.tsv,LINCOSAMIDE/STREPTOGRAMIN,LINCOSAMIDE/STREPTOGRAMIN,FALSE,accepted_functional_amr_detection,FALSE,,included_in_functional_presence
GCA_050505635.1,Bacteraemia,GCA_050505635.1:5,5,lnu(B),lincosamide nucleotidyltransferase Lnu(B),core,AMR,AMR,LINCOSAMIDE,LINCOSAMIDE,EXACTX,,CP175162.1,897199,897999,+,267,267,100,100,267,WP_002294514.1,lincosamide nucleotidyltransferase Lnu(B),,,GCA_050505635.1.amrfinder.tsv,LINCOSAMIDE,LINCOSAMIDE,FALSE,accepted_functional_amr_detection,FALSE,,included_in_functional_presence
GCA_050505635.1,Bacteraemia,GCA_050505635.1:6,6,ant(6)-Ia,aminoglycoside nucleotidyltransferase ANT(6)-Ia,core,AMR,AMR,AMINOGLYCOSIDE,STREPTOMYCIN,EXACTX,,CP175162.1,901886,902746,+,287,287,100,100,287,WP_002294505.1,aminoglycoside nucleotidyltransferase ANT(6)-Ia,,,GCA_050505635.1.amrfinder.tsv,AMINOGLYCOSIDE,STREPTOMYCIN,FALSE,accepted_functional_amr_detection,FALSE,,included_in_functional_presence
GCA_050505635.1,Bacteraemia,GCA_050505635.1:7,7,erm(B),23S rRNA (adenine(2058)-N(6))-methyltransferase Erm(B),core,AMR,AMR,LINCOSAMIDE/MACROLIDE/STREPTOGRAMIN,CLINDAMYCIN/ERYTHROMYCIN/STREPTOGRAMIN B,EXACTX,,CP175162.1,907076,907810,+,245,245,100,100,245,WP_002292226.1,23S rRNA (adenine(2058)-N(6))-methyltransferase Erm(B),,,GCA_050505635.1.amrfinder.tsv,LINCOSAMIDE/MACROLIDE/STREPTOGRAMIN,CLINDAMYCIN/ERYTHROMYCIN/STREPTOGRAMIN B,FALSE,accepted_functional_amr_detection,FALSE,,included_in_functional_presence
GCA_050505635.1,Bacteraemia,GCA_050505635.1:8,8,tet(M),tetracycline resistance ribosomal protection protein Tet(M),core,AMR,AMR,TETRACYCLINE,TETRACYCLINE,EXACTX,,CP175162.1,1555055,1556971,-,639,639,100,100,639,WP_002364936.1,tetracycline resistance ribosomal protection protein Tet(M),,,GCA_050505635.1.amrfinder.tsv,TETRACYCLINE,TETRACYCLINE,FALSE,accepted_functional_amr_detection,FALSE,,included_in_functional_presence
GCA_050505635.1,Bacteraemia,GCA_050505635.1:9,9,dfrG,trimethoprim-resistant dihydrofolate reductase DfrG,core,AMR,AMR,TRIMETHOPRIM,TRIMETHOPRIM,EXACTX,,CP175162.1,2549783,2550277,+,165,165,100,100,165,WP_000868795.1,trimethoprim-resistant dihydrofolate reductase DfrG,,,GCA_050505635.1.amrfinder.tsv,TRIMETHOPRIM,TRIMETHOPRIM,FALSE,accepted_functional_amr_detection,FALSE,,included_in_functional_presence
GCA_050505645.1,Bacteraemia,GCA_050505645.1:1,1,erm(B),23S rRNA (adenine(2058)-N(6))-methyltransferase Erm(B),core,AMR,AMR,LINCOSAMIDE/MACROLIDE/STREPTOGRAMIN,CLINDAMYCIN/ERYTHROMYCIN/STREPTOGRAMIN B,EXACTX,,CP175163.1,556567,557301,-,245,245,100,100,245,WP_002292226.1,23S rRNA (adenine(2058)-N(6))-methyltransferase Erm(B),,,GCA_050505645.1.amrfinder.tsv,LINCOSAMIDE/MACROLIDE/STREPTOGRAMIN,CLINDAMYCIN/ERYTHROMYCIN/STREPTOGRAMIN B,FALSE,accepted_functional_amr_detection,FALSE,,included_in_functional_presence
GCA_050505645.1,Bacteraemia,GCA_050505645.1:2,2,ant(6)-Ia,aminoglycoside nucleotidyltransferase ANT(6)-Ia,core,AMR,AMR,AMINOGLYCOSIDE,STREPTOMYCIN,EXACTX,,CP175163.1,561631,562491,-,287,287,100,100,287,WP_002294505.1,aminoglycoside nucleotidyltransferase ANT(6)-Ia,,,GCA_050505645.1.amrfinder.tsv,AMINOGLYCOSIDE,STREPTOMYCIN,FALSE,accepted_functional_amr_detection,FALSE,,included_in_functional_presence
GCA_050505645.1,Bacteraemia,GCA_050505645.1:3,3,lnu(B),lincosamide nucleotidyltransferase Lnu(B),core,AMR,AMR,LINCOSAMIDE,LINCOSAMIDE,EXACTX,,CP175163.1,566378,567178,-,267,267,100,100,267,WP_002294514.1,lincosamide nucleotidyltransferase Lnu(B),,,GCA_050505645.1.amrfinder.tsv,LINCOSAMIDE,LINCOSAMIDE,FALSE,accepted_functional_amr_detection,FALSE,,included_in_functional_presence
GCA_050505645.1,Bacteraemia,GCA_050505645.1:4,4,lsa(E),ABC-F type ribosomal protection protein Lsa(E),core,AMR,AMR,LINCOSAMIDE/STREPTOGRAMIN,LINCOSAMIDE/STREPTOGRAMIN,EXACTX,,CP175163.1,567235,568716,-,494,494,100,100,494,WP_002294513.1,ABC-F type ribosomal protection protein Lsa(E),,,GCA_050505645.1.amrfinder.tsv,LINCOSAMIDE/STREPTOGRAMIN,LINCOSAMIDE/STREPTOGRAMIN,FALSE,accepted_functional_amr_detection,FALSE,,included_in_functional_presence
GCA_050505645.1,Bacteraemia,GCA_050505645.1:5,5,spw,ANT(9) family aminoglycoside nucleotidyltransferase Spw,core,AMR,AMR,AMINOGLYCOSIDE,AMINOGLYCOSIDE,EXACTX,,CP175163.1,570786,571592,-,269,269,100,100,269,WP_002294509.1,ANT(9) family aminoglycoside nucleotidyltransferase Spw,,,GCA_050505645.1.amrfinder.tsv,AMINOGLYCOSIDE,AMINOGLYCOSIDE,FALSE,accepted_functional_amr_detection,FALSE,,included_in_functional_presence
GCA_050505645.1,Bacteraemia,GCA_050505645.1:6,6,ant(6)-Ia,aminoglycoside nucleotidyltransferase ANT(6)-Ia,core,AMR,AMR,AMINOGLYCOSIDE,STREPTOMYCIN,PARTIALX,,CP175163.1,572298,572750,-,151,287,52.61,98.68,151,WP_002294505.1,aminoglycoside nucleotidyltransferase ANT(6)-Ia,,,GCA_050505645.1.amrfinder.tsv,AMINOGLYCOSIDE,STREPTOMYCIN,FALSE,excluded_from_functional_presence,TRUE,PARTIALX;coverage_below_80,excluded_from_functional_presence
GCA_050505645.1,Bacteraemia,GCA_050505645.1:7,7,lsa(A),ABC-F type ribosomal protection protein Lsa(A),core,AMR,AMR,LINCOSAMIDE/STREPTOGRAMIN,LINCOSAMIDE/STREPTOGRAMIN,BLASTX,,CP175163.1,1357574,1359067,-,498,498,100,99.4,498,WP_002365053.1,ABC-F type ribosomal protection protein Lsa(A),,,GCA_050505645.1.amrfinder.tsv,LINCOSAMIDE/STREPTOGRAMIN,LINCOSAMIDE/STREPTOGRAMIN,FALSE,accepted_functional_amr_detection,FALSE,,included_in_functional_presence
GCA_050505645.1,Bacteraemia,GCA_050505645.1:8,8,dfrG,trimethoprim-resistant dihydrofolate reductase DfrG,core,AMR,AMR,TRIMETHOPRIM,TRIMETHOPRIM,EXACTX,,CP175163.1,1787627,1788121,-,165,165,100,100,165,WP_000868795.1,trimethoprim-resistant dihydrofolate reductase DfrG,,,GCA_050505645.1.amrfinder.tsv,TRIMETHOPRIM,TRIMETHOPRIM,FALSE,accepted_functional_amr_detection,FALSE,,included_in_functional_presence
GCA_050505645.1,Bacteraemia,GCA_050505645.1:9,9,tet(M),tetracycline resistance ribosomal protection protein Tet(M),core,AMR,AMR,TETRACYCLINE,TETRACYCLINE,EXACTX,,CP175163.1,2780932,2782848,+,639,639,100,100,639,WP_002364936.1,tetracycline resistance ribosomal protection protein Tet(M),,,GCA_050505645.1.amrfinder.tsv,TETRACYCLINE,TETRACYCLINE,FALSE,accepted_functional_amr_detection,FALSE,,included_in_functional_presence
GCA_050506665.1,Bacteraemia,GCA_050506665.1:1,1,tet(M),tetracycline resistance ribosomal protection protein Tet(M),core,AMR,AMR,TETRACYCLINE,TETRACYCLINE,EXACTX,,CP175301.1,873066,874982,+,639,639,100,100,639,WP_002364936.1,tetracycline resistance ribosomal protection protein Tet(M),,,GCA_050506665.1.amrfinder.tsv,TETRACYCLINE,TETRACYCLINE,FALSE,accepted_functional_amr_detection,FALSE,,included_in_functional_presence
GCA_050506665.1,Bacteraemia,GCA_050506665.1:2,2,erm(B),23S rRNA (adenine(2058)-N(6))-methyltransferase Erm(B),core,AMR,AMR,LINCOSAMIDE/MACROLIDE/STREPTOGRAMIN,CLINDAMYCIN/ERYTHROMYCIN/STREPTOGRAMIN B,EXACTX,,CP175301.1,1522673,1523407,-,245,245,100,100,245,WP_002292226.1,23S rRNA (adenine(2058)-N(6))-methyltransferase Erm(B),,,GCA_050506665.1.amrfinder.tsv,LINCOSAMIDE/MACROLIDE/STREPTOGRAMIN,CLINDAMYCIN/ERYTHROMYCIN/STREPTOGRAMIN B,FALSE,accepted_functional_amr_detection,FALSE,,included_in_functional_presence
GCA_050506665.1,Bacteraemia,GCA_050506665.1:3,3,lsa(A),ABC-F type ribosomal protection protein Lsa(A),core,AMR,AMR,LINCOSAMIDE/STREPTOGRAMIN,LINCOSAMIDE/STREPTOGRAMIN,BLASTX,,CP175301.1,2356405,2357898,-,498,498,100,99.4,498,WP_002365053.1,ABC-F type ribosomal protection protein Lsa(A),,,GCA_050506665.1.amrfinder.tsv,LINCOSAMIDE/STREPTOGRAMIN,LINCOSAMIDE/STREPTOGRAMIN,FALSE,accepted_functional_amr_detection,FALSE,,included_in_functional_presence
GCA_050506665.1,Bacteraemia,GCA_050506665.1:4,4,dfrG,trimethoprim-resistant dihydrofolate reductase DfrG,core,AMR,AMR,TRIMETHOPRIM,TRIMETHOPRIM,EXACTX,,CP175301.1,2786471,2786965,-,165,165,100,100,165,WP_000868795.1,trimethoprim-resistant dihydrofolate reductase DfrG,,,GCA_050506665.1.amrfinder.tsv,TRIMETHOPRIM,TRIMETHOPRIM,FALSE,accepted_functional_amr_detection,FALSE,,included_in_functional_presence
GCA_050506675.1,Bacteraemia,GCA_050506675.1:1,1,tet(M),tetracycline resistance ribosomal protection protein Tet(M),core,AMR,AMR,TETRACYCLINE,TETRACYCLINE,EXACTX,,CP175300.1,873066,874982,+,639,639,100,100,639,WP_002364936.1,tetracycline resistance ribosomal protection protein Tet(M),,,GCA_050506675.1.amrfinder.tsv,TETRACYCLINE,TETRACYCLINE,FALSE,accepted_functional_amr_detection,FALSE,,included_in_functional_presence
GCA_050506675.1,Bacteraemia,GCA_050506675.1:2,2,erm(B),23S rRNA (adenine(2058)-N(6))-methyltransferase Erm(B),core,AMR,AMR,LINCOSAMIDE/MACROLIDE/STREPTOGRAMIN,CLINDAMYCIN/ERYTHROMYCIN/STREPTOGRAMIN B,EXACTX,,CP175300.1,1522673,1523407,-,245,245,100,100,245,WP_002292226.1,23S rRNA (adenine(2058)-N(6))-methyltransferase Erm(B),,,GCA_050506675.1.amrfinder.tsv,LINCOSAMIDE/MACROLIDE/STREPTOGRAMIN,CLINDAMYCIN/ERYTHROMYCIN/STREPTOGRAMIN B,FALSE,accepted_functional_amr_detection,FALSE,,included_in_functional_presence
GCA_050506675.1,Bacteraemia,GCA_050506675.1:3,3,lsa(A),ABC-F type ribosomal protection protein Lsa(A),core,AMR,AMR,LINCOSAMIDE/STREPTOGRAMIN,LINCOSAMIDE/STREPTOGRAMIN,BLASTX,,CP175300.1,2356405,2357898,-,498,498,100,99.4,498,WP_002365053.1,ABC-F type ribosomal protection protein Lsa(A),,,GCA_050506675.1.amrfinder.tsv,LINCOSAMIDE/STREPTOGRAMIN,LINCOSAMIDE/STREPTOGRAMIN,FALSE,accepted_functional_amr_detection,FALSE,,included_in_functional_presence
GCA_050506675.1,Bacteraemia,GCA_050506675.1:4,4,dfrG,trimethoprim-resistant dihydrofolate reductase DfrG,core,AMR,AMR,TRIMETHOPRIM,TRIMETHOPRIM,EXACTX,,CP175300.1,2786471,2786965,-,165,165,100,100,165,WP_000868795.1,trimethoprim-resistant dihydrofolate reductase DfrG,,,GCA_050506675.1.amrfinder.tsv,TRIMETHOPRIM,TRIMETHOPRIM,FALSE,accepted_functional_amr_detection,FALSE,,included_in_functional_presence
GCA_050506685.1,Bacteraemia,GCA_050506685.1:1,1,tet(M),tetracycline resistance ribosomal protection protein Tet(M),core,AMR,AMR,TETRACYCLINE,TETRACYCLINE,EXACTX,,CP175298.1,561469,563385,-,639,639,100,100,639,WP_002364936.1,tetracycline resistance ribosomal protection protein Tet(M),,,GCA_050506685.1.amrfinder.tsv,TETRACYCLINE,TETRACYCLINE,FALSE,accepted_functional_amr_detection,FALSE,,included_in_functional_presence
GCA_050506685.1,Bacteraemia,GCA_050506685.1:2,2,tet(M),tetracycline resistance ribosomal protection protein Tet(M),core,AMR,AMR,TETRACYCLINE,TETRACYCLINE,EXACTX,,CP175298.1,903311,905227,+,639,639,100,100,639,WP_002364936.1,tetracycline resistance ribosomal protection protein Tet(M),,,GCA_050506685.1.amrfinder.tsv,TETRACYCLINE,TETRACYCLINE,FALSE,accepted_functional_amr_detection,FALSE,,included_in_functional_presence
GCA_050506685.1,Bacteraemia,GCA_050506685.1:3,3,erm(B),23S rRNA (adenine(2058)-N(6))-methyltransferase Erm(B),core,AMR,AMR,LINCOSAMIDE/MACROLIDE/STREPTOGRAMIN,CLINDAMYCIN/ERYTHROMYCIN/STREPTOGRAMIN B,EXACTX,,CP175298.1,1290144,1290878,+,245,245,100,100,245,WP_002292226.1,23S rRNA (adenine(2058)-N(6))-methyltransferase Erm(B),,,GCA_050506685.1.amrfinder.tsv,LINCOSAMIDE/MACROLIDE/STREPTOGRAMIN,CLINDAMYCIN/ERYTHROMYCIN/STREPTOGRAMIN B,FALSE,accepted_functional_amr_detection,FALSE,,included_in_functional_presence
GCA_050506685.1,Bacteraemia,GCA_050506685.1:4,4,tet(M),tetracycline resistance ribosomal protection protein Tet(M),core,AMR,AMR,TETRACYCLINE,TETRACYCLINE,EXACTX,,CP175298.1,1322923,1324839,+,639,639,100,100,639,WP_002364936.1,tetracycline resistance ribosomal protection protein Tet(M),,,GCA_050506685.1.amrfinder.tsv,TETRACYCLINE,TETRACYCLINE,FALSE,accepted_functional_amr_detection,FALSE,,included_in_functional_presence
GCA_050506685.1,Bacteraemia,GCA_050506685.1:5,5,tet(M),tetracycline resistance ribosomal protection protein Tet(M),core,AMR,AMR,TETRACYCLINE,TETRACYCLINE,EXACTX,,CP175298.1,1895647,1897563,+,639,639,100,100,639,WP_002364936.1,tetracycline resistance ribosomal protection protein Tet(M),,,GCA_050506685.1.amrfinder.tsv,TETRACYCLINE,TETRACYCLINE,FALSE,accepted_functional_amr_detection,FALSE,,included_in_functional_presence
GCA_050506685.1,Bacteraemia,GCA_050506685.1:6,6,lsa(A),ABC-F type ribosomal protection protein Lsa(A),core,AMR,AMR,LINCOSAMIDE/STREPTOGRAMIN,LINCOSAMIDE/STREPTOGRAMIN,BLASTX,,CP175298.1,2500527,2502020,-,498,498,100,99,498,WP_002398829.1,ABC-F type ribosomal protection protein Lsa(A),,,GCA_050506685.1.amrfinder.tsv,LINCOSAMIDE/STREPTOGRAMIN,LINCOSAMIDE/STREPTOGRAMIN,FALSE,accepted_functional_amr_detection,FALSE,,included_in_functional_presence
GCA_050506685.1,Bacteraemia,GCA_050506685.1:7,7,tet(M),tetracycline resistance ribosomal protection protein Tet(M),core,AMR,AMR,TETRACYCLINE,TETRACYCLINE,EXACTX,,CP175298.1,2935913,2937829,+,639,639,100,100,639,WP_002364936.1,tetracycline resistance ribosomal protection protein Tet(M),,,GCA_050506685.1.amrfinder.tsv,TETRACYCLINE,TETRACYCLINE,FALSE,accepted_functional_amr_detection,FALSE,,included_in_functional_presence
GCA_050506695.1,Bacteraemia,GCA_050506695.1:1,1,tet(M),tetracycline resistance ribosomal protection protein Tet(M),core,AMR,AMR,TETRACYCLINE,TETRACYCLINE,EXACTX,,CP175296.1,561469,563385,-,639,639,100,100,639,WP_002364936.1,tetracycline resistance ribosomal protection protein Tet(M),,,GCA_050506695.1.amrfinder.tsv,TETRACYCLINE,TETRACYCLINE,FALSE,accepted_functional_amr_detection,FALSE,,included_in_functional_presence
GCA_050506695.1,Bacteraemia,GCA_050506695.1:2,2,tet(M),tetracycline resistance ribosomal protection protein Tet(M),core,AMR,AMR,TETRACYCLINE,TETRACYCLINE,EXACTX,,CP175296.1,903311,905227,+,639,639,100,100,639,WP_002364936.1,tetracycline resistance ribosomal protection protein Tet(M),,,GCA_050506695.1.amrfinder.tsv,TETRACYCLINE,TETRACYCLINE,FALSE,accepted_functional_amr_detection,FALSE,,included_in_functional_presence
GCA_050506695.1,Bacteraemia,GCA_050506695.1:3,3,erm(B),23S rRNA (adenine(2058)-N(6))-methyltransferase Erm(B),core,AMR,AMR,LINCOSAMIDE/MACROLIDE/STREPTOGRAMIN,CLINDAMYCIN/ERYTHROMYCIN/STREPTOGRAMIN B,EXACTX,,CP175296.1,1290144,1290878,+,245,245,100,100,245,WP_002292226.1,23S rRNA (adenine(2058)-N(6))-methyltransferase Erm(B),,,GCA_050506695.1.amrfinder.tsv,LINCOSAMIDE/MACROLIDE/STREPTOGRAMIN,CLINDAMYCIN/ERYTHROMYCIN/STREPTOGRAMIN B,FALSE,accepted_functional_amr_detection,FALSE,,included_in_functional_presence
GCA_050506695.1,Bacteraemia,GCA_050506695.1:4,4,tet(M),tetracycline resistance ribosomal protection protein Tet(M),core,AMR,AMR,TETRACYCLINE,TETRACYCLINE,PARTIALX,,CP175296.1,1322922,1324511,+,530,639,82.94,100,530,WP_002364936.1,tetracycline resistance ribosomal protection protein Tet(M),,,GCA_050506695.1.amrfinder.tsv,TETRACYCLINE,TETRACYCLINE,FALSE,excluded_from_functional_presence,FALSE,PARTIALX,excluded_from_functional_presence
GCA_050506695.1,Bacteraemia,GCA_050506695.1:5,5,tet(M),tetracycline resistance ribosomal protection protein Tet(M),core,AMR,AMR,TETRACYCLINE,TETRACYCLINE,EXACTX,,CP175296.1,1895645,1897561,+,639,639,100,100,639,WP_002364936.1,tetracycline resistance ribosomal protection protein Tet(M),,,GCA_050506695.1.amrfinder.tsv,TETRACYCLINE,TETRACYCLINE,FALSE,accepted_functional_amr_detection,FALSE,,included_in_functional_presence
GCA_050506695.1,Bacteraemia,GCA_050506695.1:6,6,lsa(A),ABC-F type ribosomal protection protein Lsa(A),core,AMR,AMR,LINCOSAMIDE/STREPTOGRAMIN,LINCOSAMIDE/STREPTOGRAMIN,BLASTX,,CP175296.1,2500525,2502018,-,498,498,100,99,498,WP_002398829.1,ABC-F type ribosomal protection protein Lsa(A),,,GCA_050506695.1.amrfinder.tsv,LINCOSAMIDE/STREPTOGRAMIN,LINCOSAMIDE/STREPTOGRAMIN,FALSE,accepted_functional_amr_detection,FALSE,,included_in_functional_presence
GCA_050506695.1,Bacteraemia,GCA_050506695.1:7,7,tet(M),tetracycline resistance ribosomal protection protein Tet(M),core,AMR,AMR,TETRACYCLINE,TETRACYCLINE,EXACTX,,CP175296.1,2935911,2937827,+,639,639,100,100,639,WP_002364936.1,tetracycline resistance ribosomal protection protein Tet(M),,,GCA_050506695.1.amrfinder.tsv,TETRACYCLINE,TETRACYCLINE,FALSE,accepted_functional_amr_detection,FALSE,,included_in_functional_presence
GCA_050506725.1,Bacteraemia,GCA_050506725.1:1,1,lsa(A),ABC-F type ribosomal protection protein Lsa(A),core,AMR,AMR,LINCOSAMIDE/STREPTOGRAMIN,LINCOSAMIDE/STREPTOGRAMIN,BLASTX,,CP175283.1,2162561,2164054,-,498,498,100,99.6,498,WP_002365053.1,ABC-F type ribosomal protection protein Lsa(A),,,GCA_050506725.1.amrfinder.tsv,LINCOSAMIDE/STREPTOGRAMIN,LINCOSAMIDE/STREPTOGRAMIN,FALSE,accepted_functional_amr_detection,FALSE,,included_in_functional_presence
GCA_050506725.1,Bacteraemia,GCA_050506725.1:2,2,clpL,ATP-dependent protease ClpL,plus,STRESS,HEAT,,,BLASTX,,CP175284.1,75822,77933,-,704,704,100,98.72,704,ADB69780.1,ATP-dependent protease ClpL,,,GCA_050506725.1.amrfinder.tsv,other/unclassified,other/unclassified,FALSE,outside_functional_amr_analysis,FALSE,STRESS_outside_functional_AMR_analysis,outside_functional_amr_analysis
GCA_050506725.1,Bacteraemia,GCA_050506725.1:3,3,bcrC,quaternary ammonium compound efflux SMR transporter BcrC,core,STRESS,BIOCIDE,BACITRACIN,BACITRACIN,BLASTX,,CP175285.1,37991,38332,-,114,114,100,99.12,114,WP_003725292.1,quaternary ammonium compound efflux SMR transporter BcrC,,,GCA_050506725.1.amrfinder.tsv,BACITRACIN,BACITRACIN,FALSE,outside_functional_amr_analysis,FALSE,STRESS_outside_functional_AMR_analysis,outside_functional_amr_analysis
GCA_050506725.1,Bacteraemia,GCA_050506725.1:4,4,bcrB,quaternary ammonium compound efflux SMR transporter BcrB,core,STRESS,BIOCIDE,BACITRACIN,BACITRACIN,EXACTX,,CP175285.1,38353,38667,-,105,105,100,100,105,WP_003725293.1,quaternary ammonium compound efflux SMR transporter BcrB,,,GCA_050506725.1.amrfinder.tsv,BACITRACIN,BACITRACIN,FALSE,outside_functional_amr_analysis,FALSE,STRESS_outside_functional_AMR_analysis,outside_functional_amr_analysis
GCA_050506725.1,Bacteraemia,GCA_050506725.1:5,5,bcrC,quaternary ammonium compound efflux SMR transporter BcrC,core,STRESS,BIOCIDE,BACITRACIN,BACITRACIN,BLASTX,,CP175285.1,99014,99355,-,114,114,100,99.12,114,WP_003725292.1,quaternary ammonium compound efflux SMR transporter BcrC,,,GCA_050506725.1.amrfinder.tsv,BACITRACIN,BACITRACIN,FALSE,outside_functional_amr_analysis,FALSE,STRESS_outside_functional_AMR_analysis,outside_functional_amr_analysis
GCA_050506725.1,Bacteraemia,GCA_050506725.1:6,6,bcrB,quaternary ammonium compound efflux SMR transporter BcrB,core,STRESS,BIOCIDE,BACITRACIN,BACITRACIN,EXACTX,,CP175285.1,99376,99690,-,105,105,100,100,105,WP_003725293.1,quaternary ammonium compound efflux SMR transporter BcrB,,,GCA_050506725.1.amrfinder.tsv,BACITRACIN,BACITRACIN,FALSE,outside_functional_amr_analysis,FALSE,STRESS_outside_functional_AMR_analysis,outside_functional_amr_analysis
GCA_050506735.1,Bacteraemia,GCA_050506735.1:1,1,lsa(A),ABC-F type ribosomal protection protein Lsa(A),core,AMR,AMR,LINCOSAMIDE/STREPTOGRAMIN,LINCOSAMIDE/STREPTOGRAMIN,BLASTX,,CP175280.1,2162561,2164054,-,498,498,100,99.6,498,WP_002365053.1,ABC-F type ribosomal protection protein Lsa(A),,,GCA_050506735.1.amrfinder.tsv,LINCOSAMIDE/STREPTOGRAMIN,LINCOSAMIDE/STREPTOGRAMIN,FALSE,accepted_functional_amr_detection,FALSE,,included_in_functional_presence
GCA_050506735.1,Bacteraemia,GCA_050506735.1:2,2,clpL,ATP-dependent protease ClpL,plus,STRESS,HEAT,,,BLASTX,,CP175281.1,74354,76465,-,704,704,100,98.72,704,ADB69780.1,ATP-dependent protease ClpL,,,GCA_050506735.1.amrfinder.tsv,other/unclassified,other/unclassified,FALSE,outside_functional_amr_analysis,FALSE,STRESS_outside_functional_AMR_analysis,outside_functional_amr_analysis
GCA_050506735.1,Bacteraemia,GCA_050506735.1:3,3,bcrC,quaternary ammonium compound efflux SMR transporter BcrC,core,STRESS,BIOCIDE,BACITRACIN,BACITRACIN,BLASTX,,CP175282.1,43054,43395,-,114,114,100,99.12,114,WP_003725292.1,quaternary ammonium compound efflux SMR transporter BcrC,,,GCA_050506735.1.amrfinder.tsv,BACITRACIN,BACITRACIN,FALSE,outside_functional_amr_analysis,FALSE,STRESS_outside_functional_AMR_analysis,outside_functional_amr_analysis
GCA_050506735.1,Bacteraemia,GCA_050506735.1:4,4,bcrB,quaternary ammonium compound efflux SMR transporter BcrB,core,STRESS,BIOCIDE,BACITRACIN,BACITRACIN,EXACTX,,CP175282.1,43416,43730,-,105,105,100,100,105,WP_003725293.1,quaternary ammonium compound efflux SMR transporter BcrB,,,GCA_050506735.1.amrfinder.tsv,BACITRACIN,BACITRACIN,FALSE,outside_functional_amr_analysis,FALSE,STRESS_outside_functional_AMR_analysis,outside_functional_amr_analysis
GCA_050506745.1,Bacteraemia,GCA_050506745.1:1,1,lsa(A),ABC-F type ribosomal protection protein Lsa(A),core,AMR,AMR,LINCOSAMIDE/STREPTOGRAMIN,LINCOSAMIDE/STREPTOGRAMIN,EXACTX,,CP175276.1,133505,134998,+,498,498,100,100,498,WP_002387187.1,ABC-F type ribosomal protection protein Lsa(A),,,GCA_050506745.1.amrfinder.tsv,LINCOSAMIDE/STREPTOGRAMIN,LINCOSAMIDE/STREPTOGRAMIN,FALSE,accepted_functional_amr_detection,FALSE,,included_in_functional_presence
GCA_050506745.1,Bacteraemia,GCA_050506745.1:2,2,dfrF,trimethoprim-resistant dihydrofolate reductase DfrF,core,AMR,AMR,TRIMETHOPRIM,TRIMETHOPRIM,EXACTX,,CP175276.1,181093,181584,+,164,164,100,100,164,WP_002322211.1,trimethoprim-resistant dihydrofolate reductase DfrF,,,GCA_050506745.1.amrfinder.tsv,TRIMETHOPRIM,TRIMETHOPRIM,FALSE,accepted_functional_amr_detection,FALSE,,included_in_functional_presence
GCA_050506745.1,Bacteraemia,GCA_050506745.1:3,3,dfrF,trimethoprim-resistant dihydrofolate reductase DfrF,core,AMR,AMR,TRIMETHOPRIM,TRIMETHOPRIM,EXACTX,,CP175276.1,854520,855011,+,164,164,100,100,164,WP_002322211.1,trimethoprim-resistant dihydrofolate reductase DfrF,,,GCA_050506745.1.amrfinder.tsv,TRIMETHOPRIM,TRIMETHOPRIM,FALSE,accepted_functional_amr_detection,FALSE,,included_in_functional_presence
GCA_050506745.1,Bacteraemia,GCA_050506745.1:4,4,parC_S80I,Enterococcus faecalis quinolone resistant ParC,core,AMR,POINT,QUINOLONE,QUINOLONE,POINTX,,CP175276.1,1042802,1045261,+,820,820,100,99.76,820,WP_002371880.1,DNA topoisomerase IV subunit A ParC,,,GCA_050506745.1.amrfinder.tsv,QUINOLONE,QUINOLONE,FALSE,accepted_functional_amr_detection,FALSE,,included_in_functional_presence
GCA_050506745.1,Bacteraemia,GCA_050506745.1:5,5,aac(6')-Ie/aph(2'')-Ia,bifunctional aminoglycoside N-acetyltransferase AAC(6')-Ie/aminoglycoside O-phosphotransferase APH(2'')-Ia,core,AMR,AMR,AMINOGLYCOSIDE,AMIKACIN/GENTAMICIN/KANAMYCIN/TOBRAMYCIN,EXACTX,,CP175276.1,2013852,2015288,-,479,479,100,100,479,WP_001028144.1,bifunctional aminoglycoside N-acetyltransferase AAC(6')-Ie/aminoglycoside O-phosphotransferase APH(2'')-Ia,,,GCA_050506745.1.amrfinder.tsv,AMINOGLYCOSIDE,AMIKACIN/GENTAMICIN/KANAMYCIN/TOBRAMYCIN,FALSE,accepted_functional_amr_detection,FALSE,,included_in_functional_presence
GCA_050506745.1,Bacteraemia,GCA_050506745.1:6,6,vanX-B,D-Ala-D-Ala dipeptidase VanX-B,core,AMR,AMR,GLYCOPEPTIDE,VANCOMYCIN,EXACTX,,CP175276.1,2120965,2121570,-,202,202,100,100,202,WP_002317266.1,D-Ala-D-Ala dipeptidase VanX-B,,,GCA_050506745.1.amrfinder.tsv,GLYCOPEPTIDE,VANCOMYCIN,FALSE,accepted_functional_amr_detection,FALSE,,included_in_functional_presence
GCA_050506745.1,Bacteraemia,GCA_050506745.1:7,7,vanB,D-alanine--(R)-lactate ligase VanB,core,AMR,AMR,GLYCOPEPTIDE,VANCOMYCIN,BLASTX,,CP175276.1,2121579,2122604,-,342,342,100,99.42,342,WP_002593938.1,D-alanine--(R)-lactate ligase VanB,,,GCA_050506745.1.amrfinder.tsv,GLYCOPEPTIDE,VANCOMYCIN,FALSE,accepted_functional_amr_detection,FALSE,,included_in_functional_presence
GCA_050506745.1,Bacteraemia,GCA_050506745.1:8,8,vanH-B,D-lactate dehydrogenase VanH-B,core,AMR,AMR,GLYCOPEPTIDE,VANCOMYCIN,BLASTX,,CP175276.1,2122600,2123568,-,323,323,100,99.38,323,WP_002382874.1,D-lactate dehydrogenase VanH-B,,,GCA_050506745.1.amrfinder.tsv,GLYCOPEPTIDE,VANCOMYCIN,FALSE,accepted_functional_amr_detection,FALSE,,included_in_functional_presence
GCA_050506745.1,Bacteraemia,GCA_050506745.1:9,9,vanW-B,glycopeptide resistance accessory protein VanW-B,core,AMR,AMR,GLYCOPEPTIDE,VANCOMYCIN,EXACTX,,CP175276.1,2123568,2124392,-,275,275,100,100,275,WP_010815683.1,glycopeptide resistance accessory protein VanW-B,,,GCA_050506745.1.amrfinder.tsv,GLYCOPEPTIDE,VANCOMYCIN,FALSE,accepted_functional_amr_detection,FALSE,,included_in_functional_presence
GCA_050506745.1,Bacteraemia,GCA_050506745.1:10,10,vanY-B,D-Ala-D-Ala carboxypeptidase VanY-B,core,AMR,AMR,GLYCOPEPTIDE,VANCOMYCIN,EXACTX,,CP175276.1,2124413,2125216,-,268,268,100,100,268,WP_002416070.1,D-Ala-D-Ala carboxypeptidase VanY-B,,,GCA_050506745.1.amrfinder.tsv,GLYCOPEPTIDE,VANCOMYCIN,FALSE,accepted_functional_amr_detection,FALSE,,included_in_functional_presence
GCA_050506745.1,Bacteraemia,GCA_050506745.1:11,11,vanS-B,vancomycin resistance histidine kinase VanS-B,core,AMR,AMR,GLYCOPEPTIDE,VANCOMYCIN,BLASTX,,CP175276.1,2125390,2126730,-,447,447,100,99.78,447,WP_002382867.1,vancomycin resistance histidine kinase VanS-B,,,GCA_050506745.1.amrfinder.tsv,GLYCOPEPTIDE,VANCOMYCIN,FALSE,accepted_functional_amr_detection,FALSE,,included_in_functional_presence
GCA_050506745.1,Bacteraemia,GCA_050506745.1:12,12,vanR-B,vancomycin resistance response regulator transcription factor VanR-B,core,AMR,AMR,GLYCOPEPTIDE,VANCOMYCIN,BLASTX,,CP175276.1,2126736,2127392,-,219,219,100,99.54,219,WP_002317273.1,vancomycin resistance response regulator transcription factor VanR-B,,,GCA_050506745.1.amrfinder.tsv,GLYCOPEPTIDE,VANCOMYCIN,FALSE,accepted_functional_amr_detection,FALSE,,included_in_functional_presence
GCA_050506745.1,Bacteraemia,GCA_050506745.1:13,13,gyrA_S83I,Enterococcus faecalis quinolone resistant GyrA,core,AMR,POINT,QUINOLONE,QUINOLONE,POINTX,,CP175276.1,2616774,2619272,-,833,833,100,99.76,833,WP_033785346.1,DNA gyrase subunit A GyrA,,,GCA_050506745.1.amrfinder.tsv,QUINOLONE,QUINOLONE,FALSE,accepted_functional_amr_detection,FALSE,,included_in_functional_presence
GCA_050506745.1,Bacteraemia,GCA_050506745.1:14,14,tet(M),tetracycline resistance ribosomal protection protein Tet(M),core,AMR,AMR,TETRACYCLINE,TETRACYCLINE,EXACTX,,CP175276.1,2766269,2768185,-,639,639,100,100,639,WP_000691736.1,tetracycline resistance ribosomal protection protein Tet(M),,,GCA_050506745.1.amrfinder.tsv,TETRACYCLINE,TETRACYCLINE,FALSE,accepted_functional_amr_detection,FALSE,,included_in_functional_presence
GCA_050506745.1,Bacteraemia,GCA_050506745.1:15,15,tet(M),tetracycline resistance ribosomal protection protein Tet(M),core,AMR,AMR,TETRACYCLINE,TETRACYCLINE,EXACTX,,CP175276.1,3078520,3080436,-,639,639,100,100,639,WP_000691736.1,tetracycline resistance ribosomal protection protein Tet(M),,,GCA_050506745.1.amrfinder.tsv,TETRACYCLINE,TETRACYCLINE,FALSE,accepted_functional_amr_detection,FALSE,,included_in_functional_presence
GCA_050506745.1,Bacteraemia,GCA_050506745.1:16,16,erm(B),23S rRNA (adenine(2058)-N(6))-methyltransferase Erm(B),core,AMR,AMR,LINCOSAMIDE/MACROLIDE/STREPTOGRAMIN,CLINDAMYCIN/ERYTHROMYCIN/STREPTOGRAMIN B,EXACTX,,CP175277.1,72716,73450,+,245,245,100,100,245,WP_001038790.1,23S rRNA (adenine(2058)-N(6))-methyltransferase Erm(B),,,GCA_050506745.1.amrfinder.tsv,LINCOSAMIDE/MACROLIDE/STREPTOGRAMIN,CLINDAMYCIN/ERYTHROMYCIN/STREPTOGRAMIN B,FALSE,accepted_functional_amr_detection,FALSE,,included_in_functional_presence
GCA_050506745.1,Bacteraemia,GCA_050506745.1:17,17,erm(B),23S rRNA (adenine(2058)-N(6))-methyltransferase Erm(B),core,AMR,AMR,LINCOSAMIDE/MACROLIDE/STREPTOGRAMIN,CLINDAMYCIN/ERYTHROMYCIN/STREPTOGRAMIN B,EXACTX,,CP175277.1,101472,102206,+,245,245,100,100,245,WP_001038792.1,23S rRNA (adenine(2058)-N(6))-methyltransferase Erm(B),,,GCA_050506745.1.amrfinder.tsv,LINCOSAMIDE/MACROLIDE/STREPTOGRAMIN,CLINDAMYCIN/ERYTHROMYCIN/STREPTOGRAMIN B,FALSE,accepted_functional_amr_detection,FALSE,,included_in_functional_presence
GCA_050506745.1,Bacteraemia,GCA_050506745.1:18,18,ant(6)-Ia,aminoglycoside nucleotidyltransferase ANT(6)-Ia,core,AMR,AMR,AMINOGLYCOSIDE,STREPTOMYCIN,EXACTX,,CP175277.1,105468,106373,+,302,302,100,100,302,WP_001255866.1,aminoglycoside nucleotidyltransferase ANT(6)-Ia,,,GCA_050506745.1.amrfinder.tsv,AMINOGLYCOSIDE,STREPTOMYCIN,FALSE,accepted_functional_amr_detection,FALSE,,included_in_functional_presence
GCA_050506745.1,Bacteraemia,GCA_050506745.1:19,19,sat4,streptothricin N-acetyltransferase Sat4,core,AMR,AMR,STREPTOTHRICIN,STREPTOTHRICIN,EXACTX,,CP175277.1,106373,106912,+,180,180,100,100,180,WP_000627290.1,streptothricin N-acetyltransferase Sat4,,,GCA_050506745.1.amrfinder.tsv,STREPTOTHRICIN,STREPTOTHRICIN,FALSE,accepted_functional_amr_detection,FALSE,,included_in_functional_presence
GCA_050506745.1,Bacteraemia,GCA_050506745.1:20,20,aph(3')-IIIa,aminoglycoside O-phosphotransferase APH(3')-IIIa,core,AMR,AMR,AMINOGLYCOSIDE,AMIKACIN/KANAMYCIN,EXACTX,,CP175277.1,107008,107799,+,264,264,100,100,264,WP_001096887.1,aminoglycoside O-phosphotransferase APH(3')-IIIa,,,GCA_050506745.1.amrfinder.tsv,AMINOGLYCOSIDE,AMIKACIN/KANAMYCIN,FALSE,accepted_functional_amr_detection,FALSE,,included_in_functional_presence
GCA_050506755.1,Bacteraemia,GCA_050506755.1:1,1,vanR-B,vancomycin resistance response regulator transcription factor VanR-B,core,AMR,AMR,GLYCOPEPTIDE,VANCOMYCIN,BLASTX,,CP175273.1,232134,232790,+,219,219,100,99.54,219,WP_002317273.1,vancomycin resistance response regulator transcription factor VanR-B,,,GCA_050506755.1.amrfinder.tsv,GLYCOPEPTIDE,VANCOMYCIN,FALSE,accepted_functional_amr_detection,FALSE,,included_in_functional_presence
GCA_050506755.1,Bacteraemia,GCA_050506755.1:2,2,vanS-B,vancomycin resistance histidine kinase VanS-B,core,AMR,AMR,GLYCOPEPTIDE,VANCOMYCIN,BLASTX,,CP175273.1,232796,234136,+,447,447,100,99.78,447,WP_002382867.1,vancomycin resistance histidine kinase VanS-B,,,GCA_050506755.1.amrfinder.tsv,GLYCOPEPTIDE,VANCOMYCIN,FALSE,accepted_functional_amr_detection,FALSE,,included_in_functional_presence
GCA_050506755.1,Bacteraemia,GCA_050506755.1:3,3,vanY-B,D-Ala-D-Ala carboxypeptidase VanY-B,core,AMR,AMR,GLYCOPEPTIDE,VANCOMYCIN,EXACTX,,CP175273.1,234310,235113,+,268,268,100,100,268,WP_002416070.1,D-Ala-D-Ala carboxypeptidase VanY-B,,,GCA_050506755.1.amrfinder.tsv,GLYCOPEPTIDE,VANCOMYCIN,FALSE,accepted_functional_amr_detection,FALSE,,included_in_functional_presence
GCA_050506755.1,Bacteraemia,GCA_050506755.1:4,4,vanW-B,glycopeptide resistance accessory protein VanW-B,core,AMR,AMR,GLYCOPEPTIDE,VANCOMYCIN,EXACTX,,CP175273.1,235134,235958,+,275,275,100,100,275,WP_010815683.1,glycopeptide resistance accessory protein VanW-B,,,GCA_050506755.1.amrfinder.tsv,GLYCOPEPTIDE,VANCOMYCIN,FALSE,accepted_functional_amr_detection,FALSE,,included_in_functional_presence
GCA_050506755.1,Bacteraemia,GCA_050506755.1:5,5,vanH-B,D-lactate dehydrogenase VanH-B,core,AMR,AMR,GLYCOPEPTIDE,VANCOMYCIN,BLASTX,,CP175273.1,235958,236926,+,323,323,100,99.38,323,WP_002382874.1,D-lactate dehydrogenase VanH-B,,,GCA_050506755.1.amrfinder.tsv,GLYCOPEPTIDE,VANCOMYCIN,FALSE,accepted_functional_amr_detection,FALSE,,included_in_functional_presence
GCA_050506755.1,Bacteraemia,GCA_050506755.1:6,6,vanB,D-alanine--(R)-lactate ligase VanB,core,AMR,AMR,GLYCOPEPTIDE,VANCOMYCIN,BLASTX,,CP175273.1,236922,237947,+,342,342,100,99.42,342,WP_002593938.1,D-alanine--(R)-lactate ligase VanB,,,GCA_050506755.1.amrfinder.tsv,GLYCOPEPTIDE,VANCOMYCIN,FALSE,accepted_functional_amr_detection,FALSE,,included_in_functional_presence
GCA_050506755.1,Bacteraemia,GCA_050506755.1:7,7,vanX-B,D-Ala-D-Ala dipeptidase VanX-B,core,AMR,AMR,GLYCOPEPTIDE,VANCOMYCIN,EXACTX,,CP175273.1,237956,238561,+,202,202,100,100,202,WP_002317266.1,D-Ala-D-Ala dipeptidase VanX-B,,,GCA_050506755.1.amrfinder.tsv,GLYCOPEPTIDE,VANCOMYCIN,FALSE,accepted_functional_amr_detection,FALSE,,included_in_functional_presence
GCA_050506755.1,Bacteraemia,GCA_050506755.1:8,8,aac(6')-Ie/aph(2'')-Ia,bifunctional aminoglycoside N-acetyltransferase AAC(6')-Ie/aminoglycoside O-phosphotransferase APH(2'')-Ia,core,AMR,AMR,AMINOGLYCOSIDE,AMIKACIN/GENTAMICIN/KANAMYCIN/TOBRAMYCIN,EXACTX,,CP175273.1,344234,345670,+,479,479,100,100,479,WP_001028144.1,bifunctional aminoglycoside N-acetyltransferase AAC(6')-Ie/aminoglycoside O-phosphotransferase APH(2'')-Ia,,,GCA_050506755.1.amrfinder.tsv,AMINOGLYCOSIDE,AMIKACIN/GENTAMICIN/KANAMYCIN/TOBRAMYCIN,FALSE,accepted_functional_amr_detection,FALSE,,included_in_functional_presence
GCA_050506755.1,Bacteraemia,GCA_050506755.1:9,9,parC_S80I,Enterococcus faecalis quinolone resistant ParC,core,AMR,POINT,QUINOLONE,QUINOLONE,POINTX,,CP175273.1,1313581,1316040,-,820,820,100,99.76,820,WP_002371880.1,DNA topoisomerase IV subunit A ParC,,,GCA_050506755.1.amrfinder.tsv,QUINOLONE,QUINOLONE,FALSE,accepted_functional_amr_detection,FALSE,,included_in_functional_presence
GCA_050506755.1,Bacteraemia,GCA_050506755.1:10,10,dfrF,trimethoprim-resistant dihydrofolate reductase DfrF,core,AMR,AMR,TRIMETHOPRIM,TRIMETHOPRIM,EXACTX,,CP175273.1,1503830,1504321,-,164,164,100,100,164,WP_002322211.1,trimethoprim-resistant dihydrofolate reductase DfrF,,,GCA_050506755.1.amrfinder.tsv,TRIMETHOPRIM,TRIMETHOPRIM,FALSE,accepted_functional_amr_detection,FALSE,,included_in_functional_presence
GCA_050506755.1,Bacteraemia,GCA_050506755.1:11,11,dfrF,trimethoprim-resistant dihydrofolate reductase DfrF,core,AMR,AMR,TRIMETHOPRIM,TRIMETHOPRIM,EXACTX,,CP175273.1,2175923,2176414,-,164,164,100,100,164,WP_002322211.1,trimethoprim-resistant dihydrofolate reductase DfrF,,,GCA_050506755.1.amrfinder.tsv,TRIMETHOPRIM,TRIMETHOPRIM,FALSE,accepted_functional_amr_detection,FALSE,,included_in_functional_presence
GCA_050506755.1,Bacteraemia,GCA_050506755.1:12,12,lsa(A),ABC-F type ribosomal protection protein Lsa(A),core,AMR,AMR,LINCOSAMIDE/STREPTOGRAMIN,LINCOSAMIDE/STREPTOGRAMIN,EXACTX,,CP175273.1,2222509,2224002,-,498,498,100,100,498,WP_002387187.1,ABC-F type ribosomal protection protein Lsa(A),,,GCA_050506755.1.amrfinder.tsv,LINCOSAMIDE/STREPTOGRAMIN,LINCOSAMIDE/STREPTOGRAMIN,FALSE,accepted_functional_amr_detection,FALSE,,included_in_functional_presence
GCA_050506755.1,Bacteraemia,GCA_050506755.1:13,13,tet(M),tetracycline resistance ribosomal protection protein Tet(M),core,AMR,AMR,TETRACYCLINE,TETRACYCLINE,EXACTX,,CP175273.1,2388242,2390158,+,639,639,100,100,639,WP_000691736.1,tetracycline resistance ribosomal protection protein Tet(M),,,GCA_050506755.1.amrfinder.tsv,TETRACYCLINE,TETRACYCLINE,FALSE,accepted_functional_amr_detection,FALSE,,included_in_functional_presence
GCA_050506755.1,Bacteraemia,GCA_050506755.1:14,14,tet(M),tetracycline resistance ribosomal protection protein Tet(M),core,AMR,AMR,TETRACYCLINE,TETRACYCLINE,EXACTX,,CP175273.1,2700493,2702409,+,639,639,100,100,639,WP_000691736.1,tetracycline resistance ribosomal protection protein Tet(M),,,GCA_050506755.1.amrfinder.tsv,TETRACYCLINE,TETRACYCLINE,FALSE,accepted_functional_amr_detection,FALSE,,included_in_functional_presence
GCA_050506755.1,Bacteraemia,GCA_050506755.1:15,15,gyrA_S83I,Enterococcus faecalis quinolone resistant GyrA,core,AMR,POINT,QUINOLONE,QUINOLONE,POINTX,,CP175273.1,2849406,2851904,+,833,833,100,99.76,833,WP_033785346.1,DNA gyrase subunit A GyrA,,,GCA_050506755.1.amrfinder.tsv,QUINOLONE,QUINOLONE,FALSE,accepted_functional_amr_detection,FALSE,,included_in_functional_presence
GCA_050506755.1,Bacteraemia,GCA_050506755.1:16,16,erm(B),23S rRNA (adenine(2058)-N(6))-methyltransferase Erm(B),core,AMR,AMR,LINCOSAMIDE/MACROLIDE/STREPTOGRAMIN,CLINDAMYCIN/ERYTHROMYCIN/STREPTOGRAMIN B,EXACTX,,CP175274.1,22866,23600,+,245,245,100,100,245,WP_001038790.1,23S rRNA (adenine(2058)-N(6))-methyltransferase Erm(B),,,GCA_050506755.1.amrfinder.tsv,LINCOSAMIDE/MACROLIDE/STREPTOGRAMIN,CLINDAMYCIN/ERYTHROMYCIN/STREPTOGRAMIN B,FALSE,accepted_functional_amr_detection,FALSE,,included_in_functional_presence
GCA_050506765.1,Bacteraemia,GCA_050506765.1:1,1,erm(B),23S rRNA (adenine(2058)-N(6))-methyltransferase Erm(B),core,AMR,AMR,LINCOSAMIDE/MACROLIDE/STREPTOGRAMIN,CLINDAMYCIN/ERYTHROMYCIN/STREPTOGRAMIN B,EXACTX,,CP175270.1,58544,59278,+,245,245,100,100,245,WP_001038790.1,23S rRNA (adenine(2058)-N(6))-methyltransferase Erm(B),,,GCA_050506765.1.amrfinder.tsv,LINCOSAMIDE/MACROLIDE/STREPTOGRAMIN,CLINDAMYCIN/ERYTHROMYCIN/STREPTOGRAMIN B,FALSE,accepted_functional_amr_detection,FALSE,,included_in_functional_presence
GCA_050506765.1,Bacteraemia,GCA_050506765.1:2,2,lsa(A),ABC-F type ribosomal protection protein Lsa(A),core,AMR,AMR,LINCOSAMIDE/STREPTOGRAMIN,LINCOSAMIDE/STREPTOGRAMIN,BLASTX,,CP175271.1,2259337,2260830,-,498,498,100,99.6,498,WP_002365053.1,ABC-F type ribosomal protection protein Lsa(A),,,GCA_050506765.1.amrfinder.tsv,LINCOSAMIDE/STREPTOGRAMIN,LINCOSAMIDE/STREPTOGRAMIN,FALSE,accepted_functional_amr_detection,FALSE,,included_in_functional_presence
GCA_050506765.1,Bacteraemia,GCA_050506765.1:3,3,tet(M),tetracycline resistance ribosomal protection protein Tet(M),core,AMR,AMR,TETRACYCLINE,TETRACYCLINE,EXACTX,,CP175271.1,2473420,2475336,+,639,639,100,100,639,WP_000691746.1,tetracycline resistance ribosomal protection protein Tet(M),,,GCA_050506765.1.amrfinder.tsv,TETRACYCLINE,TETRACYCLINE,FALSE,accepted_functional_amr_detection,FALSE,,included_in_functional_presence
GCA_050506775.1,Bacteraemia,GCA_050506775.1:1,1,lsa(A),ABC-F type ribosomal protection protein Lsa(A),core,AMR,AMR,LINCOSAMIDE/STREPTOGRAMIN,LINCOSAMIDE/STREPTOGRAMIN,BLASTX,,CP175268.1,2276687,2278180,-,498,498,100,99.4,498,WP_002387187.1,ABC-F type ribosomal protection protein Lsa(A),,,GCA_050506775.1.amrfinder.tsv,LINCOSAMIDE/STREPTOGRAMIN,LINCOSAMIDE/STREPTOGRAMIN,FALSE,accepted_functional_amr_detection,FALSE,,included_in_functional_presence
GCA_050506815.1,Bacteraemia,GCA_050506815.1:1,1,tet(M),tetracycline resistance ribosomal protection protein Tet(M),core,AMR,AMR,TETRACYCLINE,TETRACYCLINE,EXACTX,,CP175260.1,882208,884124,+,639,639,100,100,639,WP_002364936.1,tetracycline resistance ribosomal protection protein Tet(M),,,GCA_050506815.1.amrfinder.tsv,TETRACYCLINE,TETRACYCLINE,FALSE,accepted_functional_amr_detection,FALSE,,included_in_functional_presence
GCA_050506815.1,Bacteraemia,GCA_050506815.1:2,2,erm(B),23S rRNA (adenine(2058)-N(6))-methyltransferase Erm(B),core,AMR,AMR,LINCOSAMIDE/MACROLIDE/STREPTOGRAMIN,CLINDAMYCIN/ERYTHROMYCIN/STREPTOGRAMIN B,EXACTX,,CP175260.1,1532501,1533235,-,245,245,100,100,245,WP_002292226.1,23S rRNA (adenine(2058)-N(6))-methyltransferase Erm(B),,,GCA_050506815.1.amrfinder.tsv,LINCOSAMIDE/MACROLIDE/STREPTOGRAMIN,CLINDAMYCIN/ERYTHROMYCIN/STREPTOGRAMIN B,FALSE,accepted_functional_amr_detection,FALSE,,included_in_functional_presence
GCA_050506815.1,Bacteraemia,GCA_050506815.1:3,3,ant(6)-Ia,aminoglycoside nucleotidyltransferase ANT(6)-Ia,core,AMR,AMR,AMINOGLYCOSIDE,STREPTOMYCIN,PARTIALX,,CP175260.1,1537565,1538071,-,169,287,58.89,99.41,169,WP_002294505.1,aminoglycoside nucleotidyltransferase ANT(6)-Ia,,,GCA_050506815.1.amrfinder.tsv,AMINOGLYCOSIDE,STREPTOMYCIN,FALSE,excluded_from_functional_presence,TRUE,PARTIALX;coverage_below_80,excluded_from_functional_presence
GCA_050506815.1,Bacteraemia,GCA_050506815.1:4,4,aph(3')-IIIa,aminoglycoside O-phosphotransferase APH(3')-IIIa,core,AMR,AMR,AMINOGLYCOSIDE,AMIKACIN/KANAMYCIN,EXACTX,,CP175260.1,1538554,1539345,-,264,264,100,100,264,WP_001096887.1,aminoglycoside O-phosphotransferase APH(3')-IIIa,,,GCA_050506815.1.amrfinder.tsv,AMINOGLYCOSIDE,AMIKACIN/KANAMYCIN,FALSE,accepted_functional_amr_detection,FALSE,,included_in_functional_presence
GCA_050506815.1,Bacteraemia,GCA_050506815.1:5,5,sat4,streptothricin N-acetyltransferase Sat4,core,AMR,AMR,STREPTOTHRICIN,STREPTOTHRICIN,EXACTX,,CP175260.1,1539441,1539980,-,180,180,100,100,180,WP_000627290.1,streptothricin N-acetyltransferase Sat4,,,GCA_050506815.1.amrfinder.tsv,STREPTOTHRICIN,STREPTOTHRICIN,FALSE,accepted_functional_amr_detection,FALSE,,included_in_functional_presence
GCA_050506815.1,Bacteraemia,GCA_050506815.1:6,6,ant(6)-Ia,aminoglycoside nucleotidyltransferase ANT(6)-Ia,core,AMR,AMR,AMINOGLYCOSIDE,STREPTOMYCIN,PARTIALX,,CP175260.1,1539980,1540774,-,265,302,87.75,100,265,WP_001255866.1,aminoglycoside nucleotidyltransferase ANT(6)-Ia,,,GCA_050506815.1.amrfinder.tsv,AMINOGLYCOSIDE,STREPTOMYCIN,FALSE,excluded_from_functional_presence,FALSE,PARTIALX,excluded_from_functional_presence
GCA_050506815.1,Bacteraemia,GCA_050506815.1:7,7,aac(6')-Ie/aph(2'')-Ia,bifunctional aminoglycoside N-acetyltransferase AAC(6')-Ie/aminoglycoside O-phosphotransferase APH(2'')-Ia,core,AMR,AMR,AMINOGLYCOSIDE,AMIKACIN/GENTAMICIN/KANAMYCIN/TOBRAMYCIN,EXACTX,,CP175260.1,1540947,1542383,-,479,479,100,100,479,WP_001028144.1,bifunctional aminoglycoside N-acetyltransferase AAC(6')-Ie/aminoglycoside O-phosphotransferase APH(2'')-Ia,,,GCA_050506815.1.amrfinder.tsv,AMINOGLYCOSIDE,AMIKACIN/GENTAMICIN/KANAMYCIN/TOBRAMYCIN,FALSE,accepted_functional_amr_detection,FALSE,,included_in_functional_presence
GCA_050506815.1,Bacteraemia,GCA_050506815.1:8,8,lsa(A),ABC-F type ribosomal protection protein Lsa(A),core,AMR,AMR,LINCOSAMIDE/STREPTOGRAMIN,LINCOSAMIDE/STREPTOGRAMIN,BLASTX,,CP175260.1,2373913,2375406,-,498,498,100,99,498,WP_002398829.1,ABC-F type ribosomal protection protein Lsa(A),,,GCA_050506815.1.amrfinder.tsv,LINCOSAMIDE/STREPTOGRAMIN,LINCOSAMIDE/STREPTOGRAMIN,FALSE,accepted_functional_amr_detection,FALSE,,included_in_functional_presence
GCA_050506825.1,Bacteraemia,GCA_050506825.1:1,1,lsa(A),ABC-F type ribosomal protection protein Lsa(A),core,AMR,AMR,LINCOSAMIDE/STREPTOGRAMIN,LINCOSAMIDE/STREPTOGRAMIN,BLASTX,,CP175258.1,2368850,2370343,-,498,498,100,99.6,498,WP_002365053.1,ABC-F type ribosomal protection protein Lsa(A),,,GCA_050506825.1.amrfinder.tsv,LINCOSAMIDE/STREPTOGRAMIN,LINCOSAMIDE/STREPTOGRAMIN,FALSE,accepted_functional_amr_detection,FALSE,,included_in_functional_presence
GCA_050506825.1,Bacteraemia,GCA_050506825.1:2,2,tet(M),tetracycline resistance ribosomal protection protein Tet(M),core,AMR,AMR,TETRACYCLINE,TETRACYCLINE,EXACTX,,CP175258.1,2582933,2584849,+,639,639,100,100,639,WP_000691746.1,tetracycline resistance ribosomal protection protein Tet(M),,,GCA_050506825.1.amrfinder.tsv,TETRACYCLINE,TETRACYCLINE,FALSE,accepted_functional_amr_detection,FALSE,,included_in_functional_presence
GCA_050506865.1,Bacteraemia,GCA_050506865.1:1,1,tet(M),tetracycline resistance ribosomal protection protein Tet(M),core,AMR,AMR,TETRACYCLINE,TETRACYCLINE,EXACTX,,CP175257.1,866922,868838,+,639,639,100,100,639,WP_002364936.1,tetracycline resistance ribosomal protection protein Tet(M),,,GCA_050506865.1.amrfinder.tsv,TETRACYCLINE,TETRACYCLINE,FALSE,accepted_functional_amr_detection,FALSE,,included_in_functional_presence
GCA_050506865.1,Bacteraemia,GCA_050506865.1:2,2,erm(B),23S rRNA (adenine(2058)-N(6))-methyltransferase Erm(B),core,AMR,AMR,LINCOSAMIDE/MACROLIDE/STREPTOGRAMIN,CLINDAMYCIN/ERYTHROMYCIN/STREPTOGRAMIN B,EXACTX,,CP175257.1,1516099,1516833,-,245,245,100,100,245,WP_002292226.1,23S rRNA (adenine(2058)-N(6))-methyltransferase Erm(B),,,GCA_050506865.1.amrfinder.tsv,LINCOSAMIDE/MACROLIDE/STREPTOGRAMIN,CLINDAMYCIN/ERYTHROMYCIN/STREPTOGRAMIN B,FALSE,accepted_functional_amr_detection,FALSE,,included_in_functional_presence
GCA_050506865.1,Bacteraemia,GCA_050506865.1:3,3,ant(6)-Ia,aminoglycoside nucleotidyltransferase ANT(6)-Ia,core,AMR,AMR,AMINOGLYCOSIDE,STREPTOMYCIN,PARTIALX,,CP175257.1,1521163,1521669,-,169,287,58.89,99.41,169,WP_002294505.1,aminoglycoside nucleotidyltransferase ANT(6)-Ia,,,GCA_050506865.1.amrfinder.tsv,AMINOGLYCOSIDE,STREPTOMYCIN,FALSE,excluded_from_functional_presence,TRUE,PARTIALX;coverage_below_80,excluded_from_functional_presence
GCA_050506865.1,Bacteraemia,GCA_050506865.1:4,4,aph(3')-IIIa,aminoglycoside O-phosphotransferase APH(3')-IIIa,core,AMR,AMR,AMINOGLYCOSIDE,AMIKACIN/KANAMYCIN,EXACTX,,CP175257.1,1522152,1522943,-,264,264,100,100,264,WP_001096887.1,aminoglycoside O-phosphotransferase APH(3')-IIIa,,,GCA_050506865.1.amrfinder.tsv,AMINOGLYCOSIDE,AMIKACIN/KANAMYCIN,FALSE,accepted_functional_amr_detection,FALSE,,included_in_functional_presence
GCA_050506865.1,Bacteraemia,GCA_050506865.1:5,5,sat4,streptothricin N-acetyltransferase Sat4,core,AMR,AMR,STREPTOTHRICIN,STREPTOTHRICIN,EXACTX,,CP175257.1,1523039,1523578,-,180,180,100,100,180,WP_000627290.1,streptothricin N-acetyltransferase Sat4,,,GCA_050506865.1.amrfinder.tsv,STREPTOTHRICIN,STREPTOTHRICIN,FALSE,accepted_functional_amr_detection,FALSE,,included_in_functional_presence
GCA_050506865.1,Bacteraemia,GCA_050506865.1:6,6,ant(6)-Ia,aminoglycoside nucleotidyltransferase ANT(6)-Ia,core,AMR,AMR,AMINOGLYCOSIDE,STREPTOMYCIN,PARTIALX,,CP175257.1,1523578,1524372,-,265,302,87.75,100,265,WP_001255866.1,aminoglycoside nucleotidyltransferase ANT(6)-Ia,,,GCA_050506865.1.amrfinder.tsv,AMINOGLYCOSIDE,STREPTOMYCIN,FALSE,excluded_from_functional_presence,FALSE,PARTIALX,excluded_from_functional_presence
GCA_050506865.1,Bacteraemia,GCA_050506865.1:7,7,aac(6')-Ie/aph(2'')-Ia,bifunctional aminoglycoside N-acetyltransferase AAC(6')-Ie/aminoglycoside O-phosphotransferase APH(2'')-Ia,core,AMR,AMR,AMINOGLYCOSIDE,AMIKACIN/GENTAMICIN/KANAMYCIN/TOBRAMYCIN,EXACTX,,CP175257.1,1524545,1525981,-,479,479,100,100,479,WP_001028144.1,bifunctional aminoglycoside N-acetyltransferase AAC(6')-Ie/aminoglycoside O-phosphotransferase APH(2'')-Ia,,,GCA_050506865.1.amrfinder.tsv,AMINOGLYCOSIDE,AMIKACIN/GENTAMICIN/KANAMYCIN/TOBRAMYCIN,FALSE,accepted_functional_amr_detection,FALSE,,included_in_functional_presence
GCA_050506865.1,Bacteraemia,GCA_050506865.1:8,8,erm(B),23S rRNA (adenine(2058)-N(6))-methyltransferase Erm(B),core,AMR,AMR,LINCOSAMIDE/MACROLIDE/STREPTOGRAMIN,CLINDAMYCIN/ERYTHROMYCIN/STREPTOGRAMIN B,EXACTX,,CP175257.1,1526811,1527545,-,245,245,100,100,245,WP_002292226.1,23S rRNA (adenine(2058)-N(6))-methyltransferase Erm(B),,,GCA_050506865.1.amrfinder.tsv,LINCOSAMIDE/MACROLIDE/STREPTOGRAMIN,CLINDAMYCIN/ERYTHROMYCIN/STREPTOGRAMIN B,FALSE,accepted_functional_amr_detection,FALSE,,included_in_functional_presence
GCA_050506865.1,Bacteraemia,GCA_050506865.1:9,9,lsa(A),ABC-F type ribosomal protection protein Lsa(A),core,AMR,AMR,LINCOSAMIDE/STREPTOGRAMIN,LINCOSAMIDE/STREPTOGRAMIN,BLASTX,,CP175257.1,2318060,2319553,-,498,498,100,99.4,498,WP_002365053.1,ABC-F type ribosomal protection protein Lsa(A),,,GCA_050506865.1.amrfinder.tsv,LINCOSAMIDE/STREPTOGRAMIN,LINCOSAMIDE/STREPTOGRAMIN,FALSE,accepted_functional_amr_detection,FALSE,,included_in_functional_presence
GCA_050506875.1,Bacteraemia,GCA_050506875.1:1,1,dfrG,trimethoprim-resistant dihydrofolate reductase DfrG,core,AMR,AMR,TRIMETHOPRIM,TRIMETHOPRIM,EXACTX,,CP175255.1,1615615,1616109,+,165,165,100,100,165,WP_000868795.1,trimethoprim-resistant dihydrofolate reductase DfrG,,,GCA_050506875.1.amrfinder.tsv,TRIMETHOPRIM,TRIMETHOPRIM,FALSE,accepted_functional_amr_detection,FALSE,,included_in_functional_presence
GCA_050506875.1,Bacteraemia,GCA_050506875.1:2,2,lsa(A),ABC-F type ribosomal protection protein Lsa(A),core,AMR,AMR,LINCOSAMIDE/STREPTOGRAMIN,LINCOSAMIDE/STREPTOGRAMIN,BLASTX,,CP175255.1,2442869,2444362,-,498,498,100,98.8,498,WP_002365053.1,ABC-F type ribosomal protection protein Lsa(A),,,GCA_050506875.1.amrfinder.tsv,LINCOSAMIDE/STREPTOGRAMIN,LINCOSAMIDE/STREPTOGRAMIN,FALSE,accepted_functional_amr_detection,FALSE,,included_in_functional_presence
GCA_050506875.1,Bacteraemia,GCA_050506875.1:3,3,erm(B),23S rRNA (adenine(2058)-N(6))-methyltransferase Erm(B),core,AMR,AMR,LINCOSAMIDE/MACROLIDE/STREPTOGRAMIN,CLINDAMYCIN/ERYTHROMYCIN/STREPTOGRAMIN B,EXACTX,,CP175256.1,13739,14473,+,245,245,100,100,245,WP_001038790.1,23S rRNA (adenine(2058)-N(6))-methyltransferase Erm(B),,,GCA_050506875.1.amrfinder.tsv,LINCOSAMIDE/MACROLIDE/STREPTOGRAMIN,CLINDAMYCIN/ERYTHROMYCIN/STREPTOGRAMIN B,FALSE,accepted_functional_amr_detection,FALSE,,included_in_functional_presence
GCA_050506885.1,Bacteraemia,GCA_050506885.1:1,1,vanR-A,vancomycin resistance response regulator transcription factor VanR-A,core,AMR,AMR,GLYCOPEPTIDE,VANCOMYCIN,EXACTX,,CP175251.1,19411,20103,+,231,231,100,100,231,WP_001280781.1,vancomycin resistance response regulator transcription factor VanR-A,,,GCA_050506885.1.amrfinder.tsv,GLYCOPEPTIDE,VANCOMYCIN,FALSE,accepted_functional_amr_detection,FALSE,,included_in_functional_presence
GCA_050506885.1,Bacteraemia,GCA_050506885.1:2,2,vanS-A,vancomycin resistance histidine kinase VanS-A,core,AMR,AMR,GLYCOPEPTIDE,VANCOMYCIN,EXACTX,,CP175251.1,20084,21235,+,384,384,100,100,384,WP_002305818.1,vancomycin resistance histidine kinase VanS-A,,,GCA_050506885.1.amrfinder.tsv,GLYCOPEPTIDE,VANCOMYCIN,FALSE,accepted_functional_amr_detection,FALSE,,included_in_functional_presence
GCA_050506885.1,Bacteraemia,GCA_050506885.1:3,3,vanH-A,D-lactate dehydrogenase VanH-A,core,AMR,AMR,GLYCOPEPTIDE,VANCOMYCIN,EXACTX,,CP175251.1,22960,23925,+,322,322,100,100,322,WP_001059542.1,D-lactate dehydrogenase VanH-A,,,GCA_050506885.1.amrfinder.tsv,GLYCOPEPTIDE,VANCOMYCIN,FALSE,accepted_functional_amr_detection,FALSE,,included_in_functional_presence
GCA_050506885.1,Bacteraemia,GCA_050506885.1:4,4,vanA,D-alanine--(R)-lactate ligase VanA,core,AMR,AMR,GLYCOPEPTIDE,VANCOMYCIN,BLASTX,,CP175251.1,23921,24949,+,343,343,100,99.71,343,WP_001079845.1,D-alanine--(R)-lactate ligase VanA,,,GCA_050506885.1.amrfinder.tsv,GLYCOPEPTIDE,VANCOMYCIN,FALSE,accepted_functional_amr_detection,FALSE,,included_in_functional_presence
GCA_050506885.1,Bacteraemia,GCA_050506885.1:5,5,vanX-A,D-Ala-D-Ala dipeptidase VanX-A,core,AMR,AMR,GLYCOPEPTIDE,VANCOMYCIN,EXACTX,,CP175251.1,24958,25563,+,202,202,100,100,202,WP_000402348.1,D-Ala-D-Ala dipeptidase VanX-A,,,GCA_050506885.1.amrfinder.tsv,GLYCOPEPTIDE,VANCOMYCIN,FALSE,accepted_functional_amr_detection,FALSE,,included_in_functional_presence
GCA_050506885.1,Bacteraemia,GCA_050506885.1:6,6,vanY-A,D-Ala-D-Ala carboxypeptidase VanY-A,core,AMR,AMR,GLYCOPEPTIDE,VANCOMYCIN,BLASTX,,CP175251.1,25994,26902,+,303,303,100,99.67,303,WP_001812592.1,D-Ala-D-Ala carboxypeptidase VanY-A,,,GCA_050506885.1.amrfinder.tsv,GLYCOPEPTIDE,VANCOMYCIN,FALSE,accepted_functional_amr_detection,FALSE,,included_in_functional_presence
GCA_050506885.1,Bacteraemia,GCA_050506885.1:7,7,vanZ-A,glycopeptide resistance protein VanZ-A,core,AMR,AMR,GLYCOPEPTIDE,VANCOMYCIN,EXACTX,,CP175251.1,27058,27540,+,161,161,100,100,161,WP_000516404.1,glycopeptide resistance protein VanZ-A,,,GCA_050506885.1.amrfinder.tsv,GLYCOPEPTIDE,VANCOMYCIN,FALSE,accepted_functional_amr_detection,FALSE,,included_in_functional_presence
GCA_050506885.1,Bacteraemia,GCA_050506885.1:8,8,erm(B),23S rRNA (adenine(2058)-N(6))-methyltransferase Erm(B),core,AMR,AMR,LINCOSAMIDE/MACROLIDE/STREPTOGRAMIN,CLINDAMYCIN/ERYTHROMYCIN/STREPTOGRAMIN B,BLASTX,,CP175251.1,50146,50880,-,245,245,100,99.59,245,WP_001038790.1,23S rRNA (adenine(2058)-N(6))-methyltransferase Erm(B),,,GCA_050506885.1.amrfinder.tsv,LINCOSAMIDE/MACROLIDE/STREPTOGRAMIN,CLINDAMYCIN/ERYTHROMYCIN/STREPTOGRAMIN B,FALSE,accepted_functional_amr_detection,FALSE,,included_in_functional_presence
GCA_050506885.1,Bacteraemia,GCA_050506885.1:9,9,qacH,quaternary ammonium compound efflux SMR transporter QacH,core,STRESS,BIOCIDE,QUATERNARY AMMONIUM,QUATERNARY AMMONIUM,BLASTX,,CP175253.1,26095,26469,-,125,125,100,99.2,125,WP_000121134.1,quaternary ammonium compound efflux SMR transporter QacH,,,GCA_050506885.1.amrfinder.tsv,QUATERNARY AMMONIUM,QUATERNARY AMMONIUM,FALSE,outside_functional_amr_analysis,FALSE,STRESS_outside_functional_AMR_analysis,outside_functional_amr_analysis
GCA_050506885.1,Bacteraemia,GCA_050506885.1:10,10,aac(6')-Ie/aph(2'')-Ia,bifunctional aminoglycoside N-acetyltransferase AAC(6')-Ie/aminoglycoside O-phosphotransferase APH(2'')-Ia,core,AMR,AMR,AMINOGLYCOSIDE,AMIKACIN/GENTAMICIN/KANAMYCIN/TOBRAMYCIN,EXACTX,,CP175253.1,53229,54665,+,479,479,100,100,479,WP_001028144.1,bifunctional aminoglycoside N-acetyltransferase AAC(6')-Ie/aminoglycoside O-phosphotransferase APH(2'')-Ia,,,GCA_050506885.1.amrfinder.tsv,AMINOGLYCOSIDE,AMIKACIN/GENTAMICIN/KANAMYCIN/TOBRAMYCIN,FALSE,accepted_functional_amr_detection,FALSE,,included_in_functional_presence
GCA_050506885.1,Bacteraemia,GCA_050506885.1:11,11,gyrA_S83I,Enterococcus faecalis quinolone resistant GyrA,core,AMR,POINT,QUINOLONE,QUINOLONE,POINTX,,CP175254.1,6617,9115,+,833,833,100,99.76,833,WP_033785346.1,DNA gyrase subunit A GyrA,,,GCA_050506885.1.amrfinder.tsv,QUINOLONE,QUINOLONE,FALSE,accepted_functional_amr_detection,FALSE,,included_in_functional_presence
GCA_050506885.1,Bacteraemia,GCA_050506885.1:12,12,parC_S80I,Enterococcus faecalis quinolone resistant ParC,core,AMR,POINT,QUINOLONE,QUINOLONE,POINTX,,CP175254.1,1498226,1500685,-,820,820,100,99.63,820,WP_002371880.1,DNA topoisomerase IV subunit A ParC,,,GCA_050506885.1.amrfinder.tsv,QUINOLONE,QUINOLONE,FALSE,accepted_functional_amr_detection,FALSE,,included_in_functional_presence
GCA_050506885.1,Bacteraemia,GCA_050506885.1:13,13,lsa(A),ABC-F type ribosomal protection protein Lsa(A),core,AMR,AMR,LINCOSAMIDE/STREPTOGRAMIN,LINCOSAMIDE/STREPTOGRAMIN,BLASTX,,CP175254.1,2457295,2458788,-,498,498,100,99.2,498,WP_002387187.1,ABC-F type ribosomal protection protein Lsa(A),,,GCA_050506885.1.amrfinder.tsv,LINCOSAMIDE/STREPTOGRAMIN,LINCOSAMIDE/STREPTOGRAMIN,FALSE,accepted_functional_amr_detection,FALSE,,included_in_functional_presence
GCA_050506905.1,Bacteraemia,GCA_050506905.1:1,1,gyrA_S83I,Enterococcus faecalis quinolone resistant GyrA,core,AMR,POINT,QUINOLONE,QUINOLONE,POINTX,,CP175239.1,6617,9115,+,833,833,100,99.76,833,WP_033785346.1,DNA gyrase subunit A GyrA,,,GCA_050506905.1.amrfinder.tsv,QUINOLONE,QUINOLONE,FALSE,accepted_functional_amr_detection,FALSE,,included_in_functional_presence
GCA_050506905.1,Bacteraemia,GCA_050506905.1:2,2,parC_S80I,Enterococcus faecalis quinolone resistant ParC,core,AMR,POINT,QUINOLONE,QUINOLONE,POINTX,,CP175239.1,1489509,1491968,-,820,820,100,99.63,820,WP_002371880.1,DNA topoisomerase IV subunit A ParC,,,GCA_050506905.1.amrfinder.tsv,QUINOLONE,QUINOLONE,FALSE,accepted_functional_amr_detection,FALSE,,included_in_functional_presence
GCA_050506905.1,Bacteraemia,GCA_050506905.1:3,3,lsa(A),ABC-F type ribosomal protection protein Lsa(A),core,AMR,AMR,LINCOSAMIDE/STREPTOGRAMIN,LINCOSAMIDE/STREPTOGRAMIN,BLASTX,,CP175239.1,2488559,2490052,-,498,498,100,98.8,498,WP_002387187.1,ABC-F type ribosomal protection protein Lsa(A),,,GCA_050506905.1.amrfinder.tsv,LINCOSAMIDE/STREPTOGRAMIN,LINCOSAMIDE/STREPTOGRAMIN,FALSE,accepted_functional_amr_detection,FALSE,,included_in_functional_presence
GCA_050506905.1,Bacteraemia,GCA_050506905.1:4,4,tet(M),tetracycline resistance ribosomal protection protein Tet(M),core,AMR,AMR,TETRACYCLINE,TETRACYCLINE,EXACTX,,CP175239.1,2661769,2663685,+,639,639,100,100,639,WP_000691736.1,tetracycline resistance ribosomal protection protein Tet(M),,,GCA_050506905.1.amrfinder.tsv,TETRACYCLINE,TETRACYCLINE,FALSE,accepted_functional_amr_detection,FALSE,,included_in_functional_presence
GCA_050506905.1,Bacteraemia,GCA_050506905.1:5,5,vanR-A,vancomycin resistance response regulator transcription factor VanR-A,core,AMR,AMR,GLYCOPEPTIDE,VANCOMYCIN,PARTIALX,,CP175240.1,6227,6646,+,140,231,60.61,100,140,WP_001280781.1,vancomycin resistance response regulator transcription factor VanR-A,,,GCA_050506905.1.amrfinder.tsv,GLYCOPEPTIDE,VANCOMYCIN,FALSE,excluded_from_functional_presence,TRUE,PARTIALX;coverage_below_80,excluded_from_functional_presence
GCA_050506905.1,Bacteraemia,GCA_050506905.1:6,6,vanS-A,vancomycin resistance histidine kinase VanS-A,core,AMR,AMR,GLYCOPEPTIDE,VANCOMYCIN,EXACTX,,CP175240.1,6627,7778,+,384,384,100,100,384,WP_002305818.1,vancomycin resistance histidine kinase VanS-A,,,GCA_050506905.1.amrfinder.tsv,GLYCOPEPTIDE,VANCOMYCIN,FALSE,accepted_functional_amr_detection,FALSE,,included_in_functional_presence
GCA_050506905.1,Bacteraemia,GCA_050506905.1:7,7,vanH-A,D-lactate dehydrogenase VanH-A,core,AMR,AMR,GLYCOPEPTIDE,VANCOMYCIN,EXACTX,,CP175240.1,11394,12359,+,322,322,100,100,322,WP_001059542.1,D-lactate dehydrogenase VanH-A,,,GCA_050506905.1.amrfinder.tsv,GLYCOPEPTIDE,VANCOMYCIN,FALSE,accepted_functional_amr_detection,FALSE,,included_in_functional_presence
GCA_050506905.1,Bacteraemia,GCA_050506905.1:8,8,vanA,D-alanine--(R)-lactate ligase VanA,core,AMR,AMR,GLYCOPEPTIDE,VANCOMYCIN,BLASTX,,CP175240.1,12355,13380,+,342,343,99.71,99.71,342,WP_001079845.1,D-alanine--(R)-lactate ligase VanA,,,GCA_050506905.1.amrfinder.tsv,GLYCOPEPTIDE,VANCOMYCIN,FALSE,accepted_functional_amr_detection,FALSE,,included_in_functional_presence
GCA_050506905.1,Bacteraemia,GCA_050506905.1:9,9,vanX-A,D-Ala-D-Ala dipeptidase VanX-A,core,AMR,AMR,GLYCOPEPTIDE,VANCOMYCIN,EXACTX,,CP175240.1,15177,15782,+,202,202,100,100,202,WP_000402348.1,D-Ala-D-Ala dipeptidase VanX-A,,,GCA_050506905.1.amrfinder.tsv,GLYCOPEPTIDE,VANCOMYCIN,FALSE,accepted_functional_amr_detection,FALSE,,included_in_functional_presence
GCA_050506905.1,Bacteraemia,GCA_050506905.1:10,10,vanY-A,D-Ala-D-Ala carboxypeptidase VanY-A,core,AMR,AMR,GLYCOPEPTIDE,VANCOMYCIN,BLASTX,,CP175240.1,16215,17120,+,302,303,99.67,98.34,302,WP_001812592.1,D-Ala-D-Ala carboxypeptidase VanY-A,,,GCA_050506905.1.amrfinder.tsv,GLYCOPEPTIDE,VANCOMYCIN,FALSE,accepted_functional_amr_detection,FALSE,,included_in_functional_presence
GCA_050506905.1,Bacteraemia,GCA_050506905.1:11,11,vanZ-A,glycopeptide resistance protein VanZ-A,core,AMR,AMR,GLYCOPEPTIDE,VANCOMYCIN,EXACTX,,CP175240.1,17276,17758,+,161,161,100,100,161,WP_000516404.1,glycopeptide resistance protein VanZ-A,,,GCA_050506905.1.amrfinder.tsv,GLYCOPEPTIDE,VANCOMYCIN,FALSE,accepted_functional_amr_detection,FALSE,,included_in_functional_presence
GCA_050506905.1,Bacteraemia,GCA_050506905.1:12,12,aac(6')-Ie/aph(2'')-Ia,bifunctional aminoglycoside N-acetyltransferase AAC(6')-Ie/aminoglycoside O-phosphotransferase APH(2'')-Ia,core,AMR,AMR,AMINOGLYCOSIDE,AMIKACIN/GENTAMICIN/KANAMYCIN/TOBRAMYCIN,EXACTX,,CP175241.1,4178,5614,+,479,479,100,100,479,WP_001028144.1,bifunctional aminoglycoside N-acetyltransferase AAC(6')-Ie/aminoglycoside O-phosphotransferase APH(2'')-Ia,,,GCA_050506905.1.amrfinder.tsv,AMINOGLYCOSIDE,AMIKACIN/GENTAMICIN/KANAMYCIN/TOBRAMYCIN,FALSE,accepted_functional_amr_detection,FALSE,,included_in_functional_presence
GCA_050506905.1,Bacteraemia,GCA_050506905.1:13,13,erm(B),23S rRNA (adenine(2058)-N(6))-methyltransferase Erm(B),core,AMR,AMR,LINCOSAMIDE/MACROLIDE/STREPTOGRAMIN,CLINDAMYCIN/ERYTHROMYCIN/STREPTOGRAMIN B,EXACTX,,CP175241.1,62997,63731,-,245,245,100,100,245,WP_001038790.1,23S rRNA (adenine(2058)-N(6))-methyltransferase Erm(B),,,GCA_050506905.1.amrfinder.tsv,LINCOSAMIDE/MACROLIDE/STREPTOGRAMIN,CLINDAMYCIN/ERYTHROMYCIN/STREPTOGRAMIN B,FALSE,accepted_functional_amr_detection,FALSE,,included_in_functional_presence
GCA_050506915.1,Bacteraemia,GCA_050506915.1:1,1,clpL,ATP-dependent protease ClpL,plus,STRESS,HEAT,,,BLASTX,,CP175237.1,319349,321460,+,704,704,100,98.86,704,ADB69780.1,ATP-dependent protease ClpL,,,GCA_050506915.1.amrfinder.tsv,other/unclassified,other/unclassified,FALSE,outside_functional_amr_analysis,FALSE,STRESS_outside_functional_AMR_analysis,outside_functional_amr_analysis
GCA_050506915.1,Bacteraemia,GCA_050506915.1:2,2,lsa(A),ABC-F type ribosomal protection protein Lsa(A),core,AMR,AMR,LINCOSAMIDE/STREPTOGRAMIN,LINCOSAMIDE/STREPTOGRAMIN,EXACTX,,CP175237.1,2224445,2225938,-,498,498,100,100,498,WP_002398829.1,ABC-F type ribosomal protection protein Lsa(A),,,GCA_050506915.1.amrfinder.tsv,LINCOSAMIDE/STREPTOGRAMIN,LINCOSAMIDE/STREPTOGRAMIN,FALSE,accepted_functional_amr_detection,FALSE,,included_in_functional_presence
GCA_050506925.1,Bacteraemia,GCA_050506925.1:1,1,lsa(A),ABC-F type ribosomal protection protein Lsa(A),core,AMR,AMR,LINCOSAMIDE/STREPTOGRAMIN,LINCOSAMIDE/STREPTOGRAMIN,EXACTX,,CP175233.1,649188,650681,+,498,498,100,100,498,WP_002398829.1,ABC-F type ribosomal protection protein Lsa(A),,,GCA_050506925.1.amrfinder.tsv,LINCOSAMIDE/STREPTOGRAMIN,LINCOSAMIDE/STREPTOGRAMIN,FALSE,accepted_functional_amr_detection,FALSE,,included_in_functional_presence
GCA_050506925.1,Bacteraemia,GCA_050506925.1:2,2,clpL,ATP-dependent protease ClpL,plus,STRESS,HEAT,,,BLASTX,,CP175233.1,2553881,2555992,-,704,704,100,98.86,704,ADB69780.1,ATP-dependent protease ClpL,,,GCA_050506925.1.amrfinder.tsv,other/unclassified,other/unclassified,FALSE,outside_functional_amr_analysis,FALSE,STRESS_outside_functional_AMR_analysis,outside_functional_amr_analysis
GCA_050506935.1,Bacteraemia,GCA_050506935.1:1,1,lsa(A),ABC-F type ribosomal protection protein Lsa(A),core,AMR,AMR,LINCOSAMIDE/STREPTOGRAMIN,LINCOSAMIDE/STREPTOGRAMIN,EXACTX,,CP175230.1,589086,590579,+,498,498,100,100,498,WP_002398829.1,ABC-F type ribosomal protection protein Lsa(A),,,GCA_050506935.1.amrfinder.tsv,LINCOSAMIDE/STREPTOGRAMIN,LINCOSAMIDE/STREPTOGRAMIN,FALSE,accepted_functional_amr_detection,FALSE,,included_in_functional_presence
GCA_050506935.1,Bacteraemia,GCA_050506935.1:2,2,clpL,ATP-dependent protease ClpL,plus,STRESS,HEAT,,,BLASTX,,CP175230.1,2493781,2495892,-,704,704,100,98.86,704,ADB69780.1,ATP-dependent protease ClpL,,,GCA_050506935.1.amrfinder.tsv,other/unclassified,other/unclassified,FALSE,outside_functional_amr_analysis,FALSE,STRESS_outside_functional_AMR_analysis,outside_functional_amr_analysis
GCA_050506985.1,Bacteraemia,GCA_050506985.1:1,1,lsa(A),ABC-F type ribosomal protection protein Lsa(A),core,AMR,AMR,LINCOSAMIDE/STREPTOGRAMIN,LINCOSAMIDE/STREPTOGRAMIN,EXACTX,,CP175228.1,589086,590579,+,498,498,100,100,498,WP_002398829.1,ABC-F type ribosomal protection protein Lsa(A),,,GCA_050506985.1.amrfinder.tsv,LINCOSAMIDE/STREPTOGRAMIN,LINCOSAMIDE/STREPTOGRAMIN,FALSE,accepted_functional_amr_detection,FALSE,,included_in_functional_presence
GCA_050506985.1,Bacteraemia,GCA_050506985.1:2,2,clpL,ATP-dependent protease ClpL,plus,STRESS,HEAT,,,BLASTX,,CP175228.1,2493779,2495890,-,704,704,100,98.86,704,ADB69780.1,ATP-dependent protease ClpL,,,GCA_050506985.1.amrfinder.tsv,other/unclassified,other/unclassified,FALSE,outside_functional_amr_analysis,FALSE,STRESS_outside_functional_AMR_analysis,outside_functional_amr_analysis
GCA_050506995.1,Bacteraemia,GCA_050506995.1:1,1,tet(M),tetracycline resistance ribosomal protection protein Tet(M),core,AMR,AMR,TETRACYCLINE,TETRACYCLINE,EXACTX,,CP175225.1,642814,644730,+,639,639,100,100,639,WP_002364936.1,tetracycline resistance ribosomal protection protein Tet(M),,,GCA_050506995.1.amrfinder.tsv,TETRACYCLINE,TETRACYCLINE,FALSE,accepted_functional_amr_detection,FALSE,,included_in_functional_presence
GCA_050506995.1,Bacteraemia,GCA_050506995.1:2,2,lsa(A),ABC-F type ribosomal protection protein Lsa(A),core,AMR,AMR,LINCOSAMIDE/STREPTOGRAMIN,LINCOSAMIDE/STREPTOGRAMIN,BLASTX,,CP175225.1,2121417,2122910,-,498,498,100,99,498,WP_002398829.1,ABC-F type ribosomal protection protein Lsa(A),,,GCA_050506995.1.amrfinder.tsv,LINCOSAMIDE/STREPTOGRAMIN,LINCOSAMIDE/STREPTOGRAMIN,FALSE,accepted_functional_amr_detection,FALSE,,included_in_functional_presence
GCA_050507065.1,Bacteraemia,GCA_050507065.1:1,1,lsa(A),ABC-F type ribosomal protection protein Lsa(A),core,AMR,AMR,LINCOSAMIDE/STREPTOGRAMIN,LINCOSAMIDE/STREPTOGRAMIN,BLASTX,,CP175224.1,1386006,1387499,-,498,498,100,99,498,WP_002398829.1,ABC-F type ribosomal protection protein Lsa(A),,,GCA_050507065.1.amrfinder.tsv,LINCOSAMIDE/STREPTOGRAMIN,LINCOSAMIDE/STREPTOGRAMIN,FALSE,accepted_functional_amr_detection,FALSE,,included_in_functional_presence
GCA_050507065.1,Bacteraemia,GCA_050507065.1:2,2,tet(M),tetracycline resistance ribosomal protection protein Tet(M),core,AMR,AMR,TETRACYCLINE,TETRACYCLINE,EXACTX,,CP175224.1,2806091,2808007,+,639,639,100,100,639,WP_002364936.1,tetracycline resistance ribosomal protection protein Tet(M),,,GCA_050507065.1.amrfinder.tsv,TETRACYCLINE,TETRACYCLINE,FALSE,accepted_functional_amr_detection,FALSE,,included_in_functional_presence
GCA_050507075.1,Bacteraemia,GCA_050507075.1:1,1,gyrA_S83I,Enterococcus faecalis quinolone resistant GyrA,core,AMR,POINT,QUINOLONE,QUINOLONE,POINTX,,CP175221.1,6616,9114,+,833,833,100,99.76,833,WP_033785346.1,DNA gyrase subunit A GyrA,,,GCA_050507075.1.amrfinder.tsv,QUINOLONE,QUINOLONE,FALSE,accepted_functional_amr_detection,FALSE,,included_in_functional_presence
GCA_050507075.1,Bacteraemia,GCA_050507075.1:2,2,aac(6')-Ie/aph(2'')-Ia,bifunctional aminoglycoside N-acetyltransferase AAC(6')-Ie/aminoglycoside O-phosphotransferase APH(2'')-Ia,core,AMR,AMR,AMINOGLYCOSIDE,AMIKACIN/GENTAMICIN/KANAMYCIN/TOBRAMYCIN,EXACTX,,CP175221.1,574282,575718,+,479,479,100,100,479,WP_001028144.1,bifunctional aminoglycoside N-acetyltransferase AAC(6')-Ie/aminoglycoside O-phosphotransferase APH(2'')-Ia,,,GCA_050507075.1.amrfinder.tsv,AMINOGLYCOSIDE,AMIKACIN/GENTAMICIN/KANAMYCIN/TOBRAMYCIN,FALSE,accepted_functional_amr_detection,FALSE,,included_in_functional_presence
GCA_050507075.1,Bacteraemia,GCA_050507075.1:3,3,parC_S80I,Enterococcus faecalis quinolone resistant ParC,core,AMR,POINT,QUINOLONE,QUINOLONE,POINTX,,CP175221.1,1544791,1547250,-,820,820,100,99.76,820,WP_002371880.1,DNA topoisomerase IV subunit A ParC,,,GCA_050507075.1.amrfinder.tsv,QUINOLONE,QUINOLONE,FALSE,accepted_functional_amr_detection,FALSE,,included_in_functional_presence
GCA_050507075.1,Bacteraemia,GCA_050507075.1:4,4,dfrF,trimethoprim-resistant dihydrofolate reductase DfrF,core,AMR,AMR,TRIMETHOPRIM,TRIMETHOPRIM,EXACTX,,CP175221.1,1775065,1775556,-,164,164,100,100,164,WP_002322211.1,trimethoprim-resistant dihydrofolate reductase DfrF,,,GCA_050507075.1.amrfinder.tsv,TRIMETHOPRIM,TRIMETHOPRIM,FALSE,accepted_functional_amr_detection,FALSE,,included_in_functional_presence
GCA_050507075.1,Bacteraemia,GCA_050507075.1:5,5,dfrF,trimethoprim-resistant dihydrofolate reductase DfrF,core,AMR,AMR,TRIMETHOPRIM,TRIMETHOPRIM,EXACTX,,CP175221.1,2488024,2488515,-,164,164,100,100,164,WP_002322211.1,trimethoprim-resistant dihydrofolate reductase DfrF,,,GCA_050507075.1.amrfinder.tsv,TRIMETHOPRIM,TRIMETHOPRIM,FALSE,accepted_functional_amr_detection,FALSE,,included_in_functional_presence
GCA_050507075.1,Bacteraemia,GCA_050507075.1:6,6,lsa(A),ABC-F type ribosomal protection protein Lsa(A),core,AMR,AMR,LINCOSAMIDE/STREPTOGRAMIN,LINCOSAMIDE/STREPTOGRAMIN,EXACTX,,CP175221.1,2534610,2536103,-,498,498,100,100,498,WP_002387187.1,ABC-F type ribosomal protection protein Lsa(A),,,GCA_050507075.1.amrfinder.tsv,LINCOSAMIDE/STREPTOGRAMIN,LINCOSAMIDE/STREPTOGRAMIN,FALSE,accepted_functional_amr_detection,FALSE,,included_in_functional_presence
GCA_050507075.1,Bacteraemia,GCA_050507075.1:7,7,tet(M),tetracycline resistance ribosomal protection protein Tet(M),core,AMR,AMR,TETRACYCLINE,TETRACYCLINE,EXACTX,,CP175221.1,2700343,2702259,+,639,639,100,100,639,WP_000691736.1,tetracycline resistance ribosomal protection protein Tet(M),,,GCA_050507075.1.amrfinder.tsv,TETRACYCLINE,TETRACYCLINE,FALSE,accepted_functional_amr_detection,FALSE,,included_in_functional_presence
GCA_050507075.1,Bacteraemia,GCA_050507075.1:8,8,tet(M),tetracycline resistance ribosomal protection protein Tet(M),core,AMR,AMR,TETRACYCLINE,TETRACYCLINE,EXACTX,,CP175221.1,3012594,3014510,+,639,639,100,100,639,WP_000691736.1,tetracycline resistance ribosomal protection protein Tet(M),,,GCA_050507075.1.amrfinder.tsv,TETRACYCLINE,TETRACYCLINE,FALSE,accepted_functional_amr_detection,FALSE,,included_in_functional_presence
GCA_050507075.1,Bacteraemia,GCA_050507075.1:9,9,erm(B),23S rRNA (adenine(2058)-N(6))-methyltransferase Erm(B),core,AMR,AMR,LINCOSAMIDE/MACROLIDE/STREPTOGRAMIN,CLINDAMYCIN/ERYTHROMYCIN/STREPTOGRAMIN B,EXACTX,,CP175222.1,32015,32749,+,245,245,100,100,245,WP_001038792.1,23S rRNA (adenine(2058)-N(6))-methyltransferase Erm(B),,,GCA_050507075.1.amrfinder.tsv,LINCOSAMIDE/MACROLIDE/STREPTOGRAMIN,CLINDAMYCIN/ERYTHROMYCIN/STREPTOGRAMIN B,FALSE,accepted_functional_amr_detection,FALSE,,included_in_functional_presence
GCA_050507075.1,Bacteraemia,GCA_050507075.1:10,10,ant(6)-Ia,aminoglycoside nucleotidyltransferase ANT(6)-Ia,core,AMR,AMR,AMINOGLYCOSIDE,STREPTOMYCIN,EXACTX,,CP175222.1,36011,36916,+,302,302,100,100,302,WP_001255866.1,aminoglycoside nucleotidyltransferase ANT(6)-Ia,,,GCA_050507075.1.amrfinder.tsv,AMINOGLYCOSIDE,STREPTOMYCIN,FALSE,accepted_functional_amr_detection,FALSE,,included_in_functional_presence
GCA_050507075.1,Bacteraemia,GCA_050507075.1:11,11,sat4,streptothricin N-acetyltransferase Sat4,core,AMR,AMR,STREPTOTHRICIN,STREPTOTHRICIN,EXACTX,,CP175222.1,36916,37455,+,180,180,100,100,180,WP_000627290.1,streptothricin N-acetyltransferase Sat4,,,GCA_050507075.1.amrfinder.tsv,STREPTOTHRICIN,STREPTOTHRICIN,FALSE,accepted_functional_amr_detection,FALSE,,included_in_functional_presence
GCA_050507075.1,Bacteraemia,GCA_050507075.1:12,12,aph(3')-IIIa,aminoglycoside O-phosphotransferase APH(3')-IIIa,core,AMR,AMR,AMINOGLYCOSIDE,AMIKACIN/KANAMYCIN,EXACTX,,CP175222.1,37551,38342,+,264,264,100,100,264,WP_001096887.1,aminoglycoside O-phosphotransferase APH(3')-IIIa,,,GCA_050507075.1.amrfinder.tsv,AMINOGLYCOSIDE,AMIKACIN/KANAMYCIN,FALSE,accepted_functional_amr_detection,FALSE,,included_in_functional_presence
GCA_050507105.1,Bacteraemia,GCA_050507105.1:1,1,gyrA_S83I,Enterococcus faecalis quinolone resistant GyrA,core,AMR,POINT,QUINOLONE,QUINOLONE,POINTX,,CP175219.1,75201,77699,+,833,833,100,99.76,833,WP_033785346.1,DNA gyrase subunit A GyrA,,,GCA_050507105.1.amrfinder.tsv,QUINOLONE,QUINOLONE,FALSE,accepted_functional_amr_detection,FALSE,,included_in_functional_presence
GCA_050507105.1,Bacteraemia,GCA_050507105.1:2,2,aac(6')-Ie/aph(2'')-Ia,bifunctional aminoglycoside N-acetyltransferase AAC(6')-Ie/aminoglycoside O-phosphotransferase APH(2'')-Ia,core,AMR,AMR,AMINOGLYCOSIDE,AMIKACIN/GENTAMICIN/KANAMYCIN/TOBRAMYCIN,EXACTX,,CP175219.1,642872,644308,+,479,479,100,100,479,WP_001028144.1,bifunctional aminoglycoside N-acetyltransferase AAC(6')-Ie/aminoglycoside O-phosphotransferase APH(2'')-Ia,,,GCA_050507105.1.amrfinder.tsv,AMINOGLYCOSIDE,AMIKACIN/GENTAMICIN/KANAMYCIN/TOBRAMYCIN,FALSE,accepted_functional_amr_detection,FALSE,,included_in_functional_presence
GCA_050507105.1,Bacteraemia,GCA_050507105.1:3,3,parC_S80I,Enterococcus faecalis quinolone resistant ParC,core,AMR,POINT,QUINOLONE,QUINOLONE,POINTX,,CP175219.1,1613383,1615842,-,820,820,100,99.76,820,WP_002371880.1,DNA topoisomerase IV subunit A ParC,,,GCA_050507105.1.amrfinder.tsv,QUINOLONE,QUINOLONE,FALSE,accepted_functional_amr_detection,FALSE,,included_in_functional_presence
GCA_050507105.1,Bacteraemia,GCA_050507105.1:4,4,dfrF,trimethoprim-resistant dihydrofolate reductase DfrF,core,AMR,AMR,TRIMETHOPRIM,TRIMETHOPRIM,EXACTX,,CP175219.1,1843657,1844148,-,164,164,100,100,164,WP_002322211.1,trimethoprim-resistant dihydrofolate reductase DfrF,,,GCA_050507105.1.amrfinder.tsv,TRIMETHOPRIM,TRIMETHOPRIM,FALSE,accepted_functional_amr_detection,FALSE,,included_in_functional_presence
GCA_050507105.1,Bacteraemia,GCA_050507105.1:5,5,dfrF,trimethoprim-resistant dihydrofolate reductase DfrF,core,AMR,AMR,TRIMETHOPRIM,TRIMETHOPRIM,EXACTX,,CP175219.1,2556619,2557110,-,164,164,100,100,164,WP_002322211.1,trimethoprim-resistant dihydrofolate reductase DfrF,,,GCA_050507105.1.amrfinder.tsv,TRIMETHOPRIM,TRIMETHOPRIM,FALSE,accepted_functional_amr_detection,FALSE,,included_in_functional_presence
GCA_050507105.1,Bacteraemia,GCA_050507105.1:6,6,lsa(A),ABC-F type ribosomal protection protein Lsa(A),core,AMR,AMR,LINCOSAMIDE/STREPTOGRAMIN,LINCOSAMIDE/STREPTOGRAMIN,EXACTX,,CP175219.1,2603205,2604698,-,498,498,100,100,498,WP_002387187.1,ABC-F type ribosomal protection protein Lsa(A),,,GCA_050507105.1.amrfinder.tsv,LINCOSAMIDE/STREPTOGRAMIN,LINCOSAMIDE/STREPTOGRAMIN,FALSE,accepted_functional_amr_detection,FALSE,,included_in_functional_presence
GCA_050507105.1,Bacteraemia,GCA_050507105.1:7,7,tet(M),tetracycline resistance ribosomal protection protein Tet(M),core,AMR,AMR,TETRACYCLINE,TETRACYCLINE,EXACTX,,CP175219.1,2768938,2770854,+,639,639,100,100,639,WP_000691736.1,tetracycline resistance ribosomal protection protein Tet(M),,,GCA_050507105.1.amrfinder.tsv,TETRACYCLINE,TETRACYCLINE,FALSE,accepted_functional_amr_detection,FALSE,,included_in_functional_presence
GCA_050507105.1,Bacteraemia,GCA_050507105.1:8,8,tet(M),tetracycline resistance ribosomal protection protein Tet(M),core,AMR,AMR,TETRACYCLINE,TETRACYCLINE,EXACTX,,CP175219.1,3081189,3083105,+,639,639,100,100,639,WP_000691736.1,tetracycline resistance ribosomal protection protein Tet(M),,,GCA_050507105.1.amrfinder.tsv,TETRACYCLINE,TETRACYCLINE,FALSE,accepted_functional_amr_detection,FALSE,,included_in_functional_presence
GCA_050507105.1,Bacteraemia,GCA_050507105.1:9,9,aph(3')-IIIa,aminoglycoside O-phosphotransferase APH(3')-IIIa,core,AMR,AMR,AMINOGLYCOSIDE,AMIKACIN/KANAMYCIN,EXACTX,,CP175220.1,5888,6679,-,264,264,100,100,264,WP_001096887.1,aminoglycoside O-phosphotransferase APH(3')-IIIa,,,GCA_050507105.1.amrfinder.tsv,AMINOGLYCOSIDE,AMIKACIN/KANAMYCIN,FALSE,accepted_functional_amr_detection,FALSE,,included_in_functional_presence
GCA_050507105.1,Bacteraemia,GCA_050507105.1:10,10,sat4,streptothricin N-acetyltransferase Sat4,core,AMR,AMR,STREPTOTHRICIN,STREPTOTHRICIN,EXACTX,,CP175220.1,6775,7314,-,180,180,100,100,180,WP_000627290.1,streptothricin N-acetyltransferase Sat4,,,GCA_050507105.1.amrfinder.tsv,STREPTOTHRICIN,STREPTOTHRICIN,FALSE,accepted_functional_amr_detection,FALSE,,included_in_functional_presence
GCA_050507105.1,Bacteraemia,GCA_050507105.1:11,11,ant(6)-Ia,aminoglycoside nucleotidyltransferase ANT(6)-Ia,core,AMR,AMR,AMINOGLYCOSIDE,STREPTOMYCIN,EXACTX,,CP175220.1,7314,8219,-,302,302,100,100,302,WP_001255866.1,aminoglycoside nucleotidyltransferase ANT(6)-Ia,,,GCA_050507105.1.amrfinder.tsv,AMINOGLYCOSIDE,STREPTOMYCIN,FALSE,accepted_functional_amr_detection,FALSE,,included_in_functional_presence
GCA_050507105.1,Bacteraemia,GCA_050507105.1:12,12,erm(B),23S rRNA (adenine(2058)-N(6))-methyltransferase Erm(B),core,AMR,AMR,LINCOSAMIDE/MACROLIDE/STREPTOGRAMIN,CLINDAMYCIN/ERYTHROMYCIN/STREPTOGRAMIN B,EXACTX,,CP175220.1,11481,12215,-,245,245,100,100,245,WP_001038792.1,23S rRNA (adenine(2058)-N(6))-methyltransferase Erm(B),,,GCA_050507105.1.amrfinder.tsv,LINCOSAMIDE/MACROLIDE/STREPTOGRAMIN,CLINDAMYCIN/ERYTHROMYCIN/STREPTOGRAMIN B,FALSE,accepted_functional_amr_detection,FALSE,,included_in_functional_presence
GCA_050516645.1,Bacteraemia,GCA_050516645.1:1,1,erm(B),23S rRNA (adenine(2058)-N(6))-methyltransferase Erm(B),core,AMR,AMR,LINCOSAMIDE/MACROLIDE/STREPTOGRAMIN,CLINDAMYCIN/ERYTHROMYCIN/STREPTOGRAMIN B,EXACTX,,CP175406.1,193728,194462,-,245,245,100,100,245,WP_002292226.1,23S rRNA (adenine(2058)-N(6))-methyltransferase Erm(B),,,GCA_050516645.1.amrfinder.tsv,LINCOSAMIDE/MACROLIDE/STREPTOGRAMIN,CLINDAMYCIN/ERYTHROMYCIN/STREPTOGRAMIN B,FALSE,accepted_functional_amr_detection,FALSE,,included_in_functional_presence
GCA_050516645.1,Bacteraemia,GCA_050516645.1:2,2,catA,type A-7 chloramphenicol O-acetyltransferase,core,AMR,AMR,PHENICOL,CHLORAMPHENICOL,EXACTX,,CP175406.1,197870,198514,+,215,215,100,100,215,WP_002331392.1,type A-7 chloramphenicol O-acetyltransferase,,,GCA_050516645.1.amrfinder.tsv,PHENICOL,CHLORAMPHENICOL,FALSE,accepted_functional_amr_detection,FALSE,,included_in_functional_presence
GCA_050516645.1,Bacteraemia,GCA_050516645.1:3,3,arsB,arsenite efflux transporter membrane subunit ArsB,plus,STRESS,METAL,ARSENIC,ARSENITE,EXACTX,,CP175406.1,1779966,1781018,-,351,351,100,100,351,EGJ25786.1,arsenite efflux transporter membrane subunit ArsB,,,GCA_050516645.1.amrfinder.tsv,ARSENIC,ARSENITE,FALSE,outside_functional_amr_analysis,FALSE,STRESS_outside_functional_AMR_analysis,outside_functional_amr_analysis
GCA_050516645.1,Bacteraemia,GCA_050516645.1:4,4,arsB,arsenite efflux transporter membrane subunit ArsB,plus,STRESS,METAL,ARSENIC,ARSENITE,BLASTX,,CP175406.1,1781051,1782127,-,359,359,100,99.16,359,EGJ25785.1,arsenite efflux transporter membrane subunit ArsB,,,GCA_050516645.1.amrfinder.tsv,ARSENIC,ARSENITE,FALSE,outside_functional_amr_analysis,FALSE,STRESS_outside_functional_AMR_analysis,outside_functional_amr_analysis
GCA_050516645.1,Bacteraemia,GCA_050516645.1:5,5,arsA,arsenite efflux transporter ATPase subunit ArsA,plus,STRESS,METAL,ARSENIC,ARSENITE,BLASTX,,CP175406.1,1782211,1783950,-,580,580,100,99.31,580,EGJ25784.1,arsenite efflux transporter ATPase subunit ArsA,,,GCA_050516645.1.amrfinder.tsv,ARSENIC,ARSENITE,FALSE,outside_functional_amr_analysis,FALSE,STRESS_outside_functional_AMR_analysis,outside_functional_amr_analysis
GCA_050516645.1,Bacteraemia,GCA_050516645.1:6,6,arsR,As(III)-sensing metalloregulatory transcriptional repressor ArsR,plus,STRESS,METAL,ARSENIC,ARSENITE,BLASTX,,CP175406.1,1783989,1784351,-,121,121,100,99.17,121,EGJ25783.1,As(III)-sensing metalloregulatory transcriptional repressor ArsR,,,GCA_050516645.1.amrfinder.tsv,ARSENIC,ARSENITE,FALSE,outside_functional_amr_analysis,FALSE,STRESS_outside_functional_AMR_analysis,outside_functional_amr_analysis
GCA_050516645.1,Bacteraemia,GCA_050516645.1:7,7,arsD,arsenite efflux transporter metallochaperone ArsD,plus,STRESS,METAL,ARSENIC,ARSENITE,BLASTX,,CP175406.1,1784488,1784856,-,123,123,100,99.19,123,EGJ25782.1,arsenite efflux transporter metallochaperone ArsD,,,GCA_050516645.1.amrfinder.tsv,ARSENIC,ARSENITE,FALSE,outside_functional_amr_analysis,FALSE,STRESS_outside_functional_AMR_analysis,outside_functional_amr_analysis
GCA_050516645.1,Bacteraemia,GCA_050516645.1:8,8,arsR,As(III)-sensing metalloregulatory transcriptional repressor ArsR,plus,STRESS,METAL,ARSENIC,ARSENITE,BLASTX,,CP175406.1,1784861,1785151,-,97,97,100,98.97,97,EGO5141043.1,As(III)-sensing metalloregulatory transcriptional repressor ArsR,,,GCA_050516645.1.amrfinder.tsv,ARSENIC,ARSENITE,FALSE,outside_functional_amr_analysis,FALSE,STRESS_outside_functional_AMR_analysis,outside_functional_amr_analysis
GCA_050516645.1,Bacteraemia,GCA_050516645.1:9,9,arsA,arsenite efflux transporter ATPase subunit ArsA,plus,STRESS,METAL,ARSENIC,ARSENITE,BLASTX,,CP175406.1,1785250,1786986,-,579,579,100,99.31,579,EGJ25780.1,arsenite efflux transporter ATPase subunit ArsA,,,GCA_050516645.1.amrfinder.tsv,ARSENIC,ARSENITE,FALSE,outside_functional_amr_analysis,FALSE,STRESS_outside_functional_AMR_analysis,outside_functional_amr_analysis
GCA_050516645.1,Bacteraemia,GCA_050516645.1:10,10,arsD2,arsenite efflux transporter metallochaperone ArsD-related protein,plus,STRESS,METAL,ARSENIC,ARSENITE,BLASTX,,CP175406.1,1787009,1787317,-,103,103,100,98.06,103,EGJ25779.1,arsenite efflux transporter metallochaperone ArsD-related protein,,,GCA_050516645.1.amrfinder.tsv,ARSENIC,ARSENITE,FALSE,outside_functional_amr_analysis,FALSE,STRESS_outside_functional_AMR_analysis,outside_functional_amr_analysis
GCA_050516645.1,Bacteraemia,GCA_050516645.1:11,11,lsa(A),ABC-F type ribosomal protection protein Lsa(A),core,AMR,AMR,LINCOSAMIDE/STREPTOGRAMIN,LINCOSAMIDE/STREPTOGRAMIN,BLASTX,,CP175406.1,2126026,2127519,-,498,498,100,99,498,WP_002398829.1,ABC-F type ribosomal protection protein Lsa(A),,,GCA_050516645.1.amrfinder.tsv,LINCOSAMIDE/STREPTOGRAMIN,LINCOSAMIDE/STREPTOGRAMIN,FALSE,accepted_functional_amr_detection,FALSE,,included_in_functional_presence
GCA_050516655.1,Bacteraemia,GCA_050516655.1:1,1,catA,type A-7 chloramphenicol O-acetyltransferase,core,AMR,AMR,PHENICOL,CHLORAMPHENICOL,EXACTX,,CP175400.1,1323952,1324596,-,215,215,100,100,215,WP_002331392.1,type A-7 chloramphenicol O-acetyltransferase,,,GCA_050516655.1.amrfinder.tsv,PHENICOL,CHLORAMPHENICOL,FALSE,accepted_functional_amr_detection,FALSE,,included_in_functional_presence
GCA_050516655.1,Bacteraemia,GCA_050516655.1:2,2,erm(B),23S rRNA (adenine(2058)-N(6))-methyltransferase Erm(B),core,AMR,AMR,LINCOSAMIDE/MACROLIDE/STREPTOGRAMIN,CLINDAMYCIN/ERYTHROMYCIN/STREPTOGRAMIN B,EXACTX,,CP175400.1,1328004,1328738,+,245,245,100,100,245,WP_002292226.1,23S rRNA (adenine(2058)-N(6))-methyltransferase Erm(B),,,GCA_050516655.1.amrfinder.tsv,LINCOSAMIDE/MACROLIDE/STREPTOGRAMIN,CLINDAMYCIN/ERYTHROMYCIN/STREPTOGRAMIN B,FALSE,accepted_functional_amr_detection,FALSE,,included_in_functional_presence
GCA_050516655.1,Bacteraemia,GCA_050516655.1:3,3,lsa(A),ABC-F type ribosomal protection protein Lsa(A),core,AMR,AMR,LINCOSAMIDE/STREPTOGRAMIN,LINCOSAMIDE/STREPTOGRAMIN,BLASTX,,CP175400.1,2364040,2365533,+,498,498,100,99,498,WP_002398829.1,ABC-F type ribosomal protection protein Lsa(A),,,GCA_050516655.1.amrfinder.tsv,LINCOSAMIDE/STREPTOGRAMIN,LINCOSAMIDE/STREPTOGRAMIN,FALSE,accepted_functional_amr_detection,FALSE,,included_in_functional_presence
GCA_050516655.1,Bacteraemia,GCA_050516655.1:4,4,arsD2,arsenite efflux transporter metallochaperone ArsD-related protein,plus,STRESS,METAL,ARSENIC,ARSENITE,BLASTX,,CP175400.1,2704243,2704551,+,103,103,100,98.06,103,EGJ25779.1,arsenite efflux transporter metallochaperone ArsD-related protein,,,GCA_050516655.1.amrfinder.tsv,ARSENIC,ARSENITE,FALSE,outside_functional_amr_analysis,FALSE,STRESS_outside_functional_AMR_analysis,outside_functional_amr_analysis
GCA_050516655.1,Bacteraemia,GCA_050516655.1:5,5,arsA,arsenite efflux transporter ATPase subunit ArsA,plus,STRESS,METAL,ARSENIC,ARSENITE,BLASTX,,CP175400.1,2704574,2706310,+,579,579,100,99.31,579,EGJ25780.1,arsenite efflux transporter ATPase subunit ArsA,,,GCA_050516655.1.amrfinder.tsv,ARSENIC,ARSENITE,FALSE,outside_functional_amr_analysis,FALSE,STRESS_outside_functional_AMR_analysis,outside_functional_amr_analysis
GCA_050516655.1,Bacteraemia,GCA_050516655.1:6,6,arsR,As(III)-sensing metalloregulatory transcriptional repressor ArsR,plus,STRESS,METAL,ARSENIC,ARSENITE,BLASTX,,CP175400.1,2706409,2706699,+,97,97,100,98.97,97,EGO5141043.1,As(III)-sensing metalloregulatory transcriptional repressor ArsR,,,GCA_050516655.1.amrfinder.tsv,ARSENIC,ARSENITE,FALSE,outside_functional_amr_analysis,FALSE,STRESS_outside_functional_AMR_analysis,outside_functional_amr_analysis
GCA_050516655.1,Bacteraemia,GCA_050516655.1:7,7,arsD,arsenite efflux transporter metallochaperone ArsD,plus,STRESS,METAL,ARSENIC,ARSENITE,BLASTX,,CP175400.1,2706704,2707072,+,123,123,100,99.19,123,EGJ25782.1,arsenite efflux transporter metallochaperone ArsD,,,GCA_050516655.1.amrfinder.tsv,ARSENIC,ARSENITE,FALSE,outside_functional_amr_analysis,FALSE,STRESS_outside_functional_AMR_analysis,outside_functional_amr_analysis
GCA_050516655.1,Bacteraemia,GCA_050516655.1:8,8,arsR,As(III)-sensing metalloregulatory transcriptional repressor ArsR,plus,STRESS,METAL,ARSENIC,ARSENITE,BLASTX,,CP175400.1,2707209,2707571,+,121,121,100,99.17,121,EGJ25783.1,As(III)-sensing metalloregulatory transcriptional repressor ArsR,,,GCA_050516655.1.amrfinder.tsv,ARSENIC,ARSENITE,FALSE,outside_functional_amr_analysis,FALSE,STRESS_outside_functional_AMR_analysis,outside_functional_amr_analysis
GCA_050516655.1,Bacteraemia,GCA_050516655.1:9,9,arsA,arsenite efflux transporter ATPase subunit ArsA,plus,STRESS,METAL,ARSENIC,ARSENITE,BLASTX,,CP175400.1,2707610,2709349,+,580,580,100,99.31,580,EGJ25784.1,arsenite efflux transporter ATPase subunit ArsA,,,GCA_050516655.1.amrfinder.tsv,ARSENIC,ARSENITE,FALSE,outside_functional_amr_analysis,FALSE,STRESS_outside_functional_AMR_analysis,outside_functional_amr_analysis
GCA_050516655.1,Bacteraemia,GCA_050516655.1:10,10,arsB,arsenite efflux transporter membrane subunit ArsB,plus,STRESS,METAL,ARSENIC,ARSENITE,BLASTX,,CP175400.1,2709433,2710509,+,359,359,100,99.16,359,EGJ25785.1,arsenite efflux transporter membrane subunit ArsB,,,GCA_050516655.1.amrfinder.tsv,ARSENIC,ARSENITE,FALSE,outside_functional_amr_analysis,FALSE,STRESS_outside_functional_AMR_analysis,outside_functional_amr_analysis
GCA_050516655.1,Bacteraemia,GCA_050516655.1:11,11,arsB,arsenite efflux transporter membrane subunit ArsB,plus,STRESS,METAL,ARSENIC,ARSENITE,EXACTX,,CP175400.1,2710542,2711594,+,351,351,100,100,351,EGJ25786.1,arsenite efflux transporter membrane subunit ArsB,,,GCA_050516655.1.amrfinder.tsv,ARSENIC,ARSENITE,FALSE,outside_functional_amr_analysis,FALSE,STRESS_outside_functional_AMR_analysis,outside_functional_amr_analysis
GCA_050516665.1,Bacteraemia,GCA_050516665.1:1,1,ant(6)-Ia,aminoglycoside nucleotidyltransferase ANT(6)-Ia,core,AMR,AMR,AMINOGLYCOSIDE,STREPTOMYCIN,EXACTX,,CP175396.1,90354,91259,+,302,302,100,100,302,WP_001255866.1,aminoglycoside nucleotidyltransferase ANT(6)-Ia,,,GCA_050516665.1.amrfinder.tsv,AMINOGLYCOSIDE,STREPTOMYCIN,FALSE,accepted_functional_amr_detection,FALSE,,included_in_functional_presence
GCA_050516665.1,Bacteraemia,GCA_050516665.1:2,2,sat4,streptothricin N-acetyltransferase Sat4,core,AMR,AMR,STREPTOTHRICIN,STREPTOTHRICIN,EXACTX,,CP175396.1,91259,91798,+,180,180,100,100,180,WP_000627290.1,streptothricin N-acetyltransferase Sat4,,,GCA_050516665.1.amrfinder.tsv,STREPTOTHRICIN,STREPTOTHRICIN,FALSE,accepted_functional_amr_detection,FALSE,,included_in_functional_presence
GCA_050516665.1,Bacteraemia,GCA_050516665.1:3,3,aph(3')-IIIa,aminoglycoside O-phosphotransferase APH(3')-IIIa,core,AMR,AMR,AMINOGLYCOSIDE,AMIKACIN/KANAMYCIN,EXACTX,,CP175396.1,91894,92685,+,264,264,100,100,264,WP_001096887.1,aminoglycoside O-phosphotransferase APH(3')-IIIa,,,GCA_050516665.1.amrfinder.tsv,AMINOGLYCOSIDE,AMIKACIN/KANAMYCIN,FALSE,accepted_functional_amr_detection,FALSE,,included_in_functional_presence
GCA_050516665.1,Bacteraemia,GCA_050516665.1:4,4,tcrB,copper-translocating P-type ATPase TcrB,plus,STRESS,METAL,COPPER,COPPER,BLASTX,,CP175396.1,107800,109929,+,710,710,100,99.86,710,AAL05407.1,copper-translocating P-type ATPase TcrB,,,GCA_050516665.1.amrfinder.tsv,COPPER,COPPER,FALSE,outside_functional_amr_analysis,FALSE,STRESS_outside_functional_AMR_analysis,outside_functional_amr_analysis
GCA_050516665.1,Bacteraemia,GCA_050516665.1:5,5,tet(M),tetracycline resistance ribosomal protection protein Tet(M),core,AMR,AMR,TETRACYCLINE,TETRACYCLINE,EXACTX,,CP175397.1,884800,886716,+,639,639,100,100,639,WP_002364936.1,tetracycline resistance ribosomal protection protein Tet(M),,,GCA_050516665.1.amrfinder.tsv,TETRACYCLINE,TETRACYCLINE,FALSE,accepted_functional_amr_detection,FALSE,,included_in_functional_presence
GCA_050516665.1,Bacteraemia,GCA_050516665.1:6,6,erm(B),23S rRNA (adenine(2058)-N(6))-methyltransferase Erm(B),core,AMR,AMR,LINCOSAMIDE/MACROLIDE/STREPTOGRAMIN,CLINDAMYCIN/ERYTHROMYCIN/STREPTOGRAMIN B,EXACTX,,CP175397.1,1538337,1539071,-,245,245,100,100,245,WP_002292226.1,23S rRNA (adenine(2058)-N(6))-methyltransferase Erm(B),,,GCA_050516665.1.amrfinder.tsv,LINCOSAMIDE/MACROLIDE/STREPTOGRAMIN,CLINDAMYCIN/ERYTHROMYCIN/STREPTOGRAMIN B,FALSE,accepted_functional_amr_detection,FALSE,,included_in_functional_presence
GCA_050516665.1,Bacteraemia,GCA_050516665.1:7,7,lsa(A),ABC-F type ribosomal protection protein Lsa(A),core,AMR,AMR,LINCOSAMIDE/STREPTOGRAMIN,LINCOSAMIDE/STREPTOGRAMIN,BLASTX,,CP175397.1,2371745,2373238,-,498,498,100,99,498,WP_002398829.1,ABC-F type ribosomal protection protein Lsa(A),,,GCA_050516665.1.amrfinder.tsv,LINCOSAMIDE/STREPTOGRAMIN,LINCOSAMIDE/STREPTOGRAMIN,FALSE,accepted_functional_amr_detection,FALSE,,included_in_functional_presence
GCA_050516675.1,Bacteraemia,GCA_050516675.1:1,1,tet(M),tetracycline resistance ribosomal protection protein Tet(M),core,AMR,AMR,TETRACYCLINE,TETRACYCLINE,EXACTX,,CP175395.1,883672,885588,+,639,639,100,100,639,WP_002364936.1,tetracycline resistance ribosomal protection protein Tet(M),,,GCA_050516675.1.amrfinder.tsv,TETRACYCLINE,TETRACYCLINE,FALSE,accepted_functional_amr_detection,FALSE,,included_in_functional_presence
GCA_050516675.1,Bacteraemia,GCA_050516675.1:2,2,erm(B),23S rRNA (adenine(2058)-N(6))-methyltransferase Erm(B),core,AMR,AMR,LINCOSAMIDE/MACROLIDE/STREPTOGRAMIN,CLINDAMYCIN/ERYTHROMYCIN/STREPTOGRAMIN B,EXACTX,,CP175395.1,1535692,1536426,-,245,245,100,100,245,WP_002292226.1,23S rRNA (adenine(2058)-N(6))-methyltransferase Erm(B),,,GCA_050516675.1.amrfinder.tsv,LINCOSAMIDE/MACROLIDE/STREPTOGRAMIN,CLINDAMYCIN/ERYTHROMYCIN/STREPTOGRAMIN B,FALSE,accepted_functional_amr_detection,FALSE,,included_in_functional_presence
GCA_050516675.1,Bacteraemia,GCA_050516675.1:3,3,lsa(A),ABC-F type ribosomal protection protein Lsa(A),core,AMR,AMR,LINCOSAMIDE/STREPTOGRAMIN,LINCOSAMIDE/STREPTOGRAMIN,BLASTX,,CP175395.1,2403795,2405288,-,498,498,100,99,498,WP_002398829.1,ABC-F type ribosomal protection protein Lsa(A),,,GCA_050516675.1.amrfinder.tsv,LINCOSAMIDE/STREPTOGRAMIN,LINCOSAMIDE/STREPTOGRAMIN,FALSE,accepted_functional_amr_detection,FALSE,,included_in_functional_presence
