Genome_1,Genome_2,AMR_Jaccard_distance,AMR_Jaccard_similarity,Nine_locus_patristic_distance,ST_pair_evaluable,ST_relationship,Source_relationship,Study_relationship
GCA_029011255.1,GCA_029011395.1,0.5,0.5,0.020246969100000005,TRUE,Different ST,Same source,Same study
GCA_029011255.1,GCA_029011745.1,1,0,0.020246969100000005,TRUE,Different ST,Same source,Same study
GCA_029011255.1,GCA_050475565.1,0.8333333333333334,0.16666666666666663,0.0176276063,TRUE,Different ST,Different source,Different study
GCA_029011255.1,GCF_906464925.1,0.9,0.09999999999999998,0.016931192600000002,TRUE,Different ST,Same source,Different study
GCA_029011255.1,GCA_050506775.1,0,1,0.0169496293,FALSE,ST comparison unavailable,Different source,Different study
GCA_029011255.1,GCA_029011535.1,1,0,0.023301315800000007,TRUE,Different ST,Same source,Same study
GCA_029011255.1,GCA_050506915.1,0,1,0.023305888800000008,TRUE,Different ST,Different source,Different study
GCA_029011255.1,GCA_050506985.1,0,1,0.023305888800000008,TRUE,Different ST,Different source,Different study
GCA_029011255.1,GCA_050506935.1,0,1,0.023305888800000008,TRUE,Different ST,Different source,Different study
GCA_029011255.1,GCA_050506925.1,0,1,0.023305888800000008,TRUE,Different ST,Different source,Different study
GCA_029011255.1,GCA_050476085.1,0,1,0.020259948600000008,TRUE,Different ST,Different source,Different study
GCA_029011255.1,GCA_050473355.1,0.5,0.5,0.019679378700000007,TRUE,Different ST,Different source,Different study
GCA_029011255.1,GCA_050473345.1,0,1,0.019813530100000004,TRUE,Different ST,Different source,Different study
GCA_029011255.1,GCF_049262565.1,0.5,0.5,0.020403417700000002,TRUE,Different ST,Same source,Different study
GCA_029011255.1,GCA_050474485.1,0,1,0.017516001700000002,TRUE,Different ST,Different source,Different study
GCA_029011255.1,GCA_050485635.1,0.9444444444444444,0.05555555555555558,0.015192713200000003,FALSE,ST comparison unavailable,Different source,Different study
GCA_029011255.1,GCA_050469755.1,0.8333333333333334,0.16666666666666663,0.016036210400000004,TRUE,Different ST,Different source,Different study
GCA_029011255.1,GCA_050507105.1,0.9,0.09999999999999998,0.016036210400000004,TRUE,Different ST,Different source,Different study
GCA_029011255.1,GCA_050481695.1,0.9473684210526316,0.05263157894736836,0.016036210400000004,TRUE,Different ST,Different source,Different study
GCA_029011255.1,GCA_050473905.1,0.9090909090909091,0.09090909090909094,0.016036210400000004,TRUE,Different ST,Different source,Different study
GCA_029011255.1,GCA_050507075.1,0.9,0.09999999999999998,0.016036210400000004,TRUE,Different ST,Different source,Different study
GCA_029011255.1,GCA_050482265.1,0.9473684210526316,0.05263157894736836,0.016036210400000004,TRUE,Different ST,Different source,Different study
GCA_029011255.1,GCA_050492135.1,0.9,0.09999999999999998,0.016036210400000004,TRUE,Different ST,Different source,Different study
GCA_029011255.1,GCA_050492125.1,0.9,0.09999999999999998,0.016036210400000004,TRUE,Different ST,Different source,Different study
GCA_029011255.1,GCA_050506745.1,0.9411764705882353,0.05882352941176472,0.016036210400000004,TRUE,Different ST,Different source,Different study
GCA_029011255.1,GCA_050506755.1,0.9285714285714286,0.0714285714285714,0.016036210400000004,TRUE,Different ST,Different source,Different study
GCA_029011255.1,GCA_050485045.1,0.9285714285714286,0.0714285714285714,0.016036210400000004,TRUE,Different ST,Different source,Different study
GCA_029011255.1,GCA_050472745.1,0.9,0.09999999999999998,0.016036210400000004,TRUE,Different ST,Different source,Different study
GCA_029011255.1,GCA_050485625.1,0.9444444444444444,0.05555555555555558,0.016128492700000004,TRUE,Different ST,Different source,Different study
GCA_029011255.1,GCA_050506885.1,0.9166666666666666,0.08333333333333337,0.0191574447,TRUE,Different ST,Different source,Different study
GCA_029011255.1,GCA_050474495.1,0.8333333333333334,0.16666666666666663,0.019911345700000003,TRUE,Different ST,Different source,Different study
GCA_029011255.1,GCA_050506905.1,0.9166666666666666,0.08333333333333337,0.019911345700000003,TRUE,Different ST,Different source,Different study
GCA_029011255.1,GCF_053117695.1,0.8,0.19999999999999996,0.0158342637,TRUE,Different ST,Same source,Different study
GCA_029011255.1,GCA_050471105.1,0.5,0.5,0.0147071829,TRUE,Different ST,Different source,Different study
GCA_029011255.1,GCA_050481115.1,0.5,0.5,0.0147071829,TRUE,Different ST,Different source,Different study
GCA_029011255.1,GCA_050481685.1,0.5,0.5,0.0147071829,TRUE,Different ST,Different source,Different study
GCA_029011255.1,GCA_050481105.1,0.5,0.5,0.0147071829,TRUE,Different ST,Different source,Different study
GCA_029011255.1,GCA_050480515.1,0.5,0.5,0.014708628300000002,TRUE,Different ST,Different source,Different study
GCA_029011255.1,GCA_050486705.1,0.875,0.125,0.014615601,TRUE,Different ST,Different source,Different study
GCA_029011255.1,GCA_050506725.1,0,1,0.0147120367,TRUE,Different ST,Different source,Different study
GCA_029011255.1,GCA_050506735.1,0,1,0.0147120367,TRUE,Different ST,Different source,Different study
GCA_029011255.1,GCF_053117665.1,0.8333333333333334,0.16666666666666663,0.014806649800000002,TRUE,Different ST,Same source,Different study
GCA_029011255.1,GCA_050506765.1,0.6666666666666667,0.33333333333333326,0.0160868717,TRUE,Different ST,Different source,Different study
GCA_029011255.1,GCA_050506825.1,0.5,0.5,0.015993161600000003,TRUE,Different ST,Different source,Different study
GCA_029011255.1,GCA_050516645.1,0.6666666666666667,0.33333333333333326,0.0167718409,TRUE,Different ST,Different source,Different study
GCA_029011255.1,GCA_050516655.1,0.6666666666666667,0.33333333333333326,0.0167718409,TRUE,Different ST,Different source,Different study
GCA_029011255.1,GCA_050475575.1,0.75,0.25,0.017168064700000003,TRUE,Different ST,Different source,Different study
GCA_029011255.1,GCF_053117685.1,0.8333333333333334,0.16666666666666663,0.017168064700000003,TRUE,Different ST,Same source,Different study
GCA_029011255.1,GCF_053117705.1,0.8333333333333334,0.16666666666666663,0.017168064700000003,TRUE,Different ST,Same source,Different study
GCA_029011255.1,GCA_050506695.1,0.6666666666666667,0.33333333333333326,0.017168064700000003,TRUE,Different ST,Different source,Different study
GCA_029011255.1,GCA_050506815.1,0.8333333333333334,0.16666666666666663,0.017168064700000003,TRUE,Different ST,Different source,Different study
GCA_029011255.1,GCA_050516665.1,0.8333333333333334,0.16666666666666663,0.017168064700000003,TRUE,Different ST,Different source,Different study
GCA_029011255.1,GCA_050507065.1,0.5,0.5,0.017168064700000003,TRUE,Different ST,Different source,Different study
GCA_029011255.1,GCF_053117575.1,0.8333333333333334,0.16666666666666663,0.017168064700000003,TRUE,Different ST,Same source,Different study
GCA_029011255.1,GCA_050506995.1,0.5,0.5,0.017168064700000003,TRUE,Different ST,Different source,Different study
GCA_029011255.1,GCF_053117655.1,0.8,0.19999999999999996,0.017168064700000003,TRUE,Different ST,Same source,Different study
GCA_029011255.1,GCA_050506685.1,0.6666666666666667,0.33333333333333326,0.017168064700000003,TRUE,Different ST,Different source,Different study
GCA_029011255.1,GCA_050516675.1,0.6666666666666667,0.33333333333333326,0.0172580329,TRUE,Different ST,Different source,Different study
GCA_029011255.1,GCA_050485055.1,0.9166666666666666,0.08333333333333337,0.015806402700000003,TRUE,Different ST,Different source,Different study
GCA_029011255.1,GCA_050506675.1,0.75,0.25,0.015806402700000003,TRUE,Different ST,Different source,Different study
GCA_029011255.1,GCF_053117585.1,0.8571428571428572,0.1428571428571428,0.015806402700000003,TRUE,Different ST,Same source,Different study
GCA_029011255.1,GCA_050506865.1,0.8333333333333334,0.16666666666666663,0.015806402700000003,TRUE,Different ST,Different source,Different study
GCA_029011255.1,GCA_050506665.1,0.75,0.25,0.015806402700000003,TRUE,Different ST,Different source,Different study
GCA_029011255.1,GCA_050505635.1,0.875,0.125,0.0158990055,TRUE,Different ST,Different source,Different study
GCA_029011255.1,GCA_050505645.1,0.875,0.125,0.0158990001,TRUE,Different ST,Different source,Different study
GCA_029011255.1,GCA_050486715.1,0.6666666666666667,0.33333333333333326,0.015895486,FALSE,ST comparison unavailable,Different source,Different study
GCA_029011255.1,GCA_050491675.1,0.8888888888888888,0.11111111111111116,0.0169770427,TRUE,Different ST,Different source,Different study
GCA_029011255.1,GCA_050491685.1,0.8888888888888888,0.11111111111111116,0.0169770427,TRUE,Different ST,Different source,Different study
GCA_029011255.1,GCF_053117675.1,0.9230769230769231,0.07692307692307687,0.0168835148,TRUE,Different ST,Same source,Different study
GCA_029011255.1,GCA_050472755.1,0.8571428571428572,0.1428571428571428,0.016637714999999997,TRUE,Different ST,Different source,Different study
GCA_029011255.1,GCA_050506875.1,0.6666666666666667,0.33333333333333326,0.0041608678,TRUE,Different ST,Different source,Different study
GCA_029011395.1,GCA_029011745.1,0.5,0.5,2e-6,TRUE,Same ST,Same source,Same study
GCA_029011395.1,GCA_050475565.1,0.6666666666666667,0.33333333333333326,0.008358111,TRUE,Different ST,Different source,Different study
GCA_029011395.1,GCF_906464925.1,0.8,0.19999999999999996,0.0105912259,TRUE,Different ST,Same source,Different study
GCA_029011395.1,GCA_050506775.1,0.5,0.5,0.0114335414,FALSE,ST comparison unavailable,Different source,Different study
GCA_029011395.1,GCA_029011535.1,1,0,0.018962203100000002,TRUE,Different ST,Same source,Same study
GCA_029011395.1,GCA_050506915.1,0.5,0.5,0.018966776100000002,TRUE,Different ST,Different source,Different study
GCA_029011395.1,GCA_050506985.1,0.5,0.5,0.018966776100000002,TRUE,Different ST,Different source,Different study
GCA_029011395.1,GCA_050506935.1,0.5,0.5,0.018966776100000002,TRUE,Different ST,Different source,Different study
GCA_029011395.1,GCA_050506925.1,0.5,0.5,0.018966776100000002,TRUE,Different ST,Different source,Different study
GCA_029011395.1,GCA_050476085.1,0.5,0.5,0.015920835900000003,TRUE,Different ST,Different source,Different study
GCA_029011395.1,GCA_050473355.1,0,1,0.015340266,TRUE,Different ST,Different source,Different study
GCA_029011395.1,GCA_050473345.1,0.5,0.5,0.015474417400000001,TRUE,Different ST,Different source,Different study
GCA_029011395.1,GCF_049262565.1,0.6666666666666667,0.33333333333333326,0.016064305,TRUE,Different ST,Same source,Different study
GCA_029011395.1,GCA_050474485.1,0.5,0.5,0.013176889,TRUE,Different ST,Different source,Different study
GCA_029011395.1,GCA_050485635.1,0.8888888888888888,0.11111111111111116,0.010853600500000001,FALSE,ST comparison unavailable,Different source,Different study
GCA_029011395.1,GCA_050469755.1,0.6666666666666667,0.33333333333333326,0.011697097699999999,TRUE,Different ST,Different source,Different study
GCA_029011395.1,GCA_050507105.1,0.8,0.19999999999999996,0.011697097699999999,TRUE,Different ST,Different source,Different study
GCA_029011395.1,GCA_050481695.1,0.8947368421052632,0.10526315789473684,0.011697097699999999,TRUE,Different ST,Different source,Different study
GCA_029011395.1,GCA_050473905.1,0.8181818181818181,0.18181818181818188,0.011697097699999999,TRUE,Different ST,Different source,Different study
GCA_029011395.1,GCA_050507075.1,0.8,0.19999999999999996,0.011697097699999999,TRUE,Different ST,Different source,Different study
GCA_029011395.1,GCA_050482265.1,0.8947368421052632,0.10526315789473684,0.011697097699999999,TRUE,Different ST,Different source,Different study
GCA_029011395.1,GCA_050492135.1,0.8,0.19999999999999996,0.011697097699999999,TRUE,Different ST,Different source,Different study
GCA_029011395.1,GCA_050492125.1,0.8,0.19999999999999996,0.011697097699999999,TRUE,Different ST,Different source,Different study
GCA_029011395.1,GCA_050506745.1,0.8823529411764706,0.11764705882352944,0.011697097699999999,TRUE,Different ST,Different source,Different study
GCA_029011395.1,GCA_050506755.1,0.8571428571428572,0.1428571428571428,0.011697097699999999,TRUE,Different ST,Different source,Different study
GCA_029011395.1,GCA_050485045.1,0.8571428571428572,0.1428571428571428,0.011697097699999999,TRUE,Different ST,Different source,Different study
GCA_029011395.1,GCA_050472745.1,0.8,0.19999999999999996,0.011697097699999999,TRUE,Different ST,Different source,Different study
GCA_029011395.1,GCA_050485625.1,0.8888888888888888,0.11111111111111116,0.01178938,TRUE,Different ST,Different source,Different study
GCA_029011395.1,GCA_050506885.1,0.9230769230769231,0.07692307692307687,0.014818332,TRUE,Different ST,Different source,Different study
GCA_029011395.1,GCA_050474495.1,0.6666666666666667,0.33333333333333326,0.015572233,TRUE,Different ST,Different source,Different study
GCA_029011395.1,GCA_050506905.1,0.8333333333333334,0.16666666666666663,0.015572233,TRUE,Different ST,Different source,Different study
GCA_029011395.1,GCF_053117695.1,0.6,0.4,0.0127891402,TRUE,Different ST,Same source,Different study
GCA_029011395.1,GCA_050471105.1,0,1,0.012825583,TRUE,Different ST,Different source,Different study
GCA_029011395.1,GCA_050481115.1,0,1,0.012825583,TRUE,Different ST,Different source,Different study
GCA_029011395.1,GCA_050481685.1,0,1,0.012825583,TRUE,Different ST,Different source,Different study
GCA_029011395.1,GCA_050481105.1,0,1,0.012825583,TRUE,Different ST,Different source,Different study
GCA_029011395.1,GCA_050480515.1,0,1,0.012827028400000001,TRUE,Different ST,Different source,Different study
GCA_029011395.1,GCA_050486705.1,0.75,0.25,0.0127340011,TRUE,Different ST,Different source,Different study
GCA_029011395.1,GCA_050506725.1,0.5,0.5,0.0128304368,TRUE,Different ST,Different source,Different study
GCA_029011395.1,GCA_050506735.1,0.5,0.5,0.0128304368,TRUE,Different ST,Different source,Different study
GCA_029011395.1,GCF_053117665.1,0.6666666666666667,0.33333333333333326,0.0129250499,TRUE,Different ST,Same source,Different study
GCA_029011395.1,GCA_050506765.1,0.33333333333333337,0.6666666666666666,0.014205271799999999,TRUE,Different ST,Different source,Different study
GCA_029011395.1,GCA_050506825.1,0,1,0.014111561699999999,TRUE,Different ST,Different source,Different study
GCA_029011395.1,GCA_050516645.1,0.75,0.25,0.014890240999999999,TRUE,Different ST,Different source,Different study
GCA_029011395.1,GCA_050516655.1,0.75,0.25,0.014890240999999999,TRUE,Different ST,Different source,Different study
GCA_029011395.1,GCA_050475575.1,0.5,0.5,0.015429753799999996,TRUE,Different ST,Different source,Different study
GCA_029011395.1,GCF_053117685.1,0.6666666666666667,0.33333333333333326,0.015429753799999996,TRUE,Different ST,Same source,Different study
GCA_029011395.1,GCF_053117705.1,0.6666666666666667,0.33333333333333326,0.015429753799999996,TRUE,Different ST,Same source,Different study
GCA_029011395.1,GCA_050506695.1,0.33333333333333337,0.6666666666666666,0.015429753799999996,TRUE,Different ST,Different source,Different study
GCA_029011395.1,GCA_050506815.1,0.6666666666666667,0.33333333333333326,0.015429753799999996,TRUE,Different ST,Different source,Different study
GCA_029011395.1,GCA_050516665.1,0.6666666666666667,0.33333333333333326,0.015429753799999996,TRUE,Different ST,Different source,Different study
GCA_029011395.1,GCA_050507065.1,0,1,0.015429753799999996,TRUE,Different ST,Different source,Different study
GCA_029011395.1,GCF_053117575.1,0.6666666666666667,0.33333333333333326,0.015429753799999996,TRUE,Different ST,Same source,Different study
GCA_029011395.1,GCA_050506995.1,0,1,0.015429753799999996,TRUE,Different ST,Different source,Different study
GCA_029011395.1,GCF_053117655.1,0.6,0.4,0.015429753799999996,TRUE,Different ST,Same source,Different study
GCA_029011395.1,GCA_050506685.1,0.33333333333333337,0.6666666666666666,0.015429753799999996,TRUE,Different ST,Different source,Different study
GCA_029011395.1,GCA_050516675.1,0.33333333333333337,0.6666666666666666,0.015519721999999998,TRUE,Different ST,Different source,Different study
GCA_029011395.1,GCA_050485055.1,0.8333333333333334,0.16666666666666663,0.014068091799999996,TRUE,Different ST,Different source,Different study
GCA_029011395.1,GCA_050506675.1,0.5,0.5,0.014068091799999996,TRUE,Different ST,Different source,Different study
GCA_029011395.1,GCF_053117585.1,0.7142857142857143,0.2857142857142857,0.014068091799999996,TRUE,Different ST,Same source,Different study
GCA_029011395.1,GCA_050506865.1,0.6666666666666667,0.33333333333333326,0.014068091799999996,TRUE,Different ST,Different source,Different study
GCA_029011395.1,GCA_050506665.1,0.5,0.5,0.014068091799999996,TRUE,Different ST,Different source,Different study
GCA_029011395.1,GCA_050505635.1,0.75,0.25,0.014160694599999999,TRUE,Different ST,Different source,Different study
GCA_029011395.1,GCA_050505645.1,0.75,0.25,0.014160689199999998,TRUE,Different ST,Different source,Different study
GCA_029011395.1,GCA_050486715.1,0.33333333333333337,0.6666666666666666,0.014157175099999999,FALSE,ST comparison unavailable,Different source,Different study
GCA_029011395.1,GCA_050491675.1,0.7777777777777778,0.2222222222222222,0.015238731799999997,TRUE,Different ST,Different source,Different study
GCA_029011395.1,GCA_050491685.1,0.7777777777777778,0.2222222222222222,0.015238731799999997,TRUE,Different ST,Different source,Different study
GCA_029011395.1,GCF_053117675.1,0.8461538461538461,0.15384615384615385,0.015145203899999998,TRUE,Different ST,Same source,Different study
GCA_029011395.1,GCA_050472755.1,0.7142857142857143,0.2857142857142857,0.0172052005,TRUE,Different ST,Different source,Different study
GCA_029011395.1,GCA_050506875.1,0.75,0.25,0.0199082587,TRUE,Different ST,Different source,Different study
GCA_029011745.1,GCA_050475565.1,0.8333333333333334,0.16666666666666663,0.008358111,TRUE,Different ST,Different source,Different study
GCA_029011745.1,GCF_906464925.1,0.9,0.09999999999999998,0.0105912259,TRUE,Different ST,Same source,Different study
GCA_029011745.1,GCA_050506775.1,1,0,0.0114335414,FALSE,ST comparison unavailable,Different source,Different study
GCA_029011745.1,GCA_029011535.1,1,0,0.018962203100000002,TRUE,Different ST,Same source,Same study
GCA_029011745.1,GCA_050506915.1,1,0,0.018966776100000002,TRUE,Different ST,Different source,Different study
GCA_029011745.1,GCA_050506985.1,1,0,0.018966776100000002,TRUE,Different ST,Different source,Different study
GCA_029011745.1,GCA_050506935.1,1,0,0.018966776100000002,TRUE,Different ST,Different source,Different study
GCA_029011745.1,GCA_050506925.1,1,0,0.018966776100000002,TRUE,Different ST,Different source,Different study
GCA_029011745.1,GCA_050476085.1,1,0,0.015920835900000003,TRUE,Different ST,Different source,Different study
GCA_029011745.1,GCA_050473355.1,0.5,0.5,0.015340266,TRUE,Different ST,Different source,Different study
GCA_029011745.1,GCA_050473345.1,1,0,0.015474417400000001,TRUE,Different ST,Different source,Different study
GCA_029011745.1,GCF_049262565.1,1,0,0.016064305,TRUE,Different ST,Same source,Different study
GCA_029011745.1,GCA_050474485.1,1,0,0.013176889,TRUE,Different ST,Different source,Different study
GCA_029011745.1,GCA_050485635.1,0.9444444444444444,0.05555555555555558,0.010853600500000001,FALSE,ST comparison unavailable,Different source,Different study
GCA_029011745.1,GCA_050469755.1,0.8333333333333334,0.16666666666666663,0.011697097699999999,TRUE,Different ST,Different source,Different study
GCA_029011745.1,GCA_050507105.1,0.9,0.09999999999999998,0.011697097699999999,TRUE,Different ST,Different source,Different study
GCA_029011745.1,GCA_050481695.1,0.9473684210526316,0.05263157894736836,0.011697097699999999,TRUE,Different ST,Different source,Different study
GCA_029011745.1,GCA_050473905.1,0.9090909090909091,0.09090909090909094,0.011697097699999999,TRUE,Different ST,Different source,Different study
GCA_029011745.1,GCA_050507075.1,0.9,0.09999999999999998,0.011697097699999999,TRUE,Different ST,Different source,Different study
GCA_029011745.1,GCA_050482265.1,0.9473684210526316,0.05263157894736836,0.011697097699999999,TRUE,Different ST,Different source,Different study
GCA_029011745.1,GCA_050492135.1,0.9,0.09999999999999998,0.011697097699999999,TRUE,Different ST,Different source,Different study
GCA_029011745.1,GCA_050492125.1,0.9,0.09999999999999998,0.011697097699999999,TRUE,Different ST,Different source,Different study
GCA_029011745.1,GCA_050506745.1,0.9411764705882353,0.05882352941176472,0.011697097699999999,TRUE,Different ST,Different source,Different study
GCA_029011745.1,GCA_050506755.1,0.9285714285714286,0.0714285714285714,0.011697097699999999,TRUE,Different ST,Different source,Different study
GCA_029011745.1,GCA_050485045.1,0.9285714285714286,0.0714285714285714,0.011697097699999999,TRUE,Different ST,Different source,Different study
GCA_029011745.1,GCA_050472745.1,0.9,0.09999999999999998,0.011697097699999999,TRUE,Different ST,Different source,Different study
GCA_029011745.1,GCA_050485625.1,0.9444444444444444,0.05555555555555558,0.01178938,TRUE,Different ST,Different source,Different study
GCA_029011745.1,GCA_050506885.1,1,0,0.014818332,TRUE,Different ST,Different source,Different study
GCA_029011745.1,GCA_050474495.1,0.8333333333333334,0.16666666666666663,0.015572233,TRUE,Different ST,Different source,Different study
GCA_029011745.1,GCA_050506905.1,0.9166666666666666,0.08333333333333337,0.015572233,TRUE,Different ST,Different source,Different study
GCA_029011745.1,GCF_053117695.1,0.8,0.19999999999999996,0.0127891402,TRUE,Different ST,Same source,Different study
GCA_029011745.1,GCA_050471105.1,0.5,0.5,0.012825583,TRUE,Different ST,Different source,Different study
GCA_029011745.1,GCA_050481115.1,0.5,0.5,0.012825583,TRUE,Different ST,Different source,Different study
GCA_029011745.1,GCA_050481685.1,0.5,0.5,0.012825583,TRUE,Different ST,Different source,Different study
GCA_029011745.1,GCA_050481105.1,0.5,0.5,0.012825583,TRUE,Different ST,Different source,Different study
GCA_029011745.1,GCA_050480515.1,0.5,0.5,0.012827028400000001,TRUE,Different ST,Different source,Different study
GCA_029011745.1,GCA_050486705.1,0.875,0.125,0.0127340011,TRUE,Different ST,Different source,Different study
GCA_029011745.1,GCA_050506725.1,1,0,0.0128304368,TRUE,Different ST,Different source,Different study
GCA_029011745.1,GCA_050506735.1,1,0,0.0128304368,TRUE,Different ST,Different source,Different study
GCA_029011745.1,GCF_053117665.1,0.8333333333333334,0.16666666666666663,0.0129250499,TRUE,Different ST,Same source,Different study
GCA_029011745.1,GCA_050506765.1,0.6666666666666667,0.33333333333333326,0.014205271799999999,TRUE,Different ST,Different source,Different study
GCA_029011745.1,GCA_050506825.1,0.5,0.5,0.014111561699999999,TRUE,Different ST,Different source,Different study
GCA_029011745.1,GCA_050516645.1,1,0,0.014890240999999999,TRUE,Different ST,Different source,Different study
GCA_029011745.1,GCA_050516655.1,1,0,0.014890240999999999,TRUE,Different ST,Different source,Different study
GCA_029011745.1,GCA_050475575.1,0.75,0.25,0.015429753799999996,TRUE,Different ST,Different source,Different study
GCA_029011745.1,GCF_053117685.1,0.8333333333333334,0.16666666666666663,0.015429753799999996,TRUE,Different ST,Same source,Different study
GCA_029011745.1,GCF_053117705.1,0.8333333333333334,0.16666666666666663,0.015429753799999996,TRUE,Different ST,Same source,Different study
GCA_029011745.1,GCA_050506695.1,0.6666666666666667,0.33333333333333326,0.015429753799999996,TRUE,Different ST,Different source,Different study
GCA_029011745.1,GCA_050506815.1,0.8333333333333334,0.16666666666666663,0.015429753799999996,TRUE,Different ST,Different source,Different study
GCA_029011745.1,GCA_050516665.1,0.8333333333333334,0.16666666666666663,0.015429753799999996,TRUE,Different ST,Different source,Different study
GCA_029011745.1,GCA_050507065.1,0.5,0.5,0.015429753799999996,TRUE,Different ST,Different source,Different study
GCA_029011745.1,GCF_053117575.1,0.8333333333333334,0.16666666666666663,0.015429753799999996,TRUE,Different ST,Same source,Different study
GCA_029011745.1,GCA_050506995.1,0.5,0.5,0.015429753799999996,TRUE,Different ST,Different source,Different study
GCA_029011745.1,GCF_053117655.1,0.8,0.19999999999999996,0.015429753799999996,TRUE,Different ST,Same source,Different study
GCA_029011745.1,GCA_050506685.1,0.6666666666666667,0.33333333333333326,0.015429753799999996,TRUE,Different ST,Different source,Different study
GCA_029011745.1,GCA_050516675.1,0.6666666666666667,0.33333333333333326,0.015519721999999998,TRUE,Different ST,Different source,Different study
GCA_029011745.1,GCA_050485055.1,0.9166666666666666,0.08333333333333337,0.014068091799999996,TRUE,Different ST,Different source,Different study
GCA_029011745.1,GCA_050506675.1,0.75,0.25,0.014068091799999996,TRUE,Different ST,Different source,Different study
GCA_029011745.1,GCF_053117585.1,0.8571428571428572,0.1428571428571428,0.014068091799999996,TRUE,Different ST,Same source,Different study
GCA_029011745.1,GCA_050506865.1,0.8333333333333334,0.16666666666666663,0.014068091799999996,TRUE,Different ST,Different source,Different study
GCA_029011745.1,GCA_050506665.1,0.75,0.25,0.014068091799999996,TRUE,Different ST,Different source,Different study
GCA_029011745.1,GCA_050505635.1,0.875,0.125,0.014160694599999999,TRUE,Different ST,Different source,Different study
GCA_029011745.1,GCA_050505645.1,0.875,0.125,0.014160689199999998,TRUE,Different ST,Different source,Different study
GCA_029011745.1,GCA_050486715.1,0.6666666666666667,0.33333333333333326,0.014157175099999999,FALSE,ST comparison unavailable,Different source,Different study
GCA_029011745.1,GCA_050491675.1,0.8888888888888888,0.11111111111111116,0.015238731799999997,TRUE,Different ST,Different source,Different study
GCA_029011745.1,GCA_050491685.1,0.8888888888888888,0.11111111111111116,0.015238731799999997,TRUE,Different ST,Different source,Different study
GCA_029011745.1,GCF_053117675.1,0.9230769230769231,0.07692307692307687,0.015145203899999998,TRUE,Different ST,Same source,Different study
GCA_029011745.1,GCA_050472755.1,0.8571428571428572,0.1428571428571428,0.0172052005,TRUE,Different ST,Different source,Different study
GCA_029011745.1,GCA_050506875.1,1,0,0.0199082587,TRUE,Different ST,Different source,Different study
GCA_050475565.1,GCF_906464925.1,0.5454545454545454,0.4545454545454546,0.0079718631,TRUE,Different ST,Different source,Different study
GCA_050475565.1,GCA_050506775.1,0.8333333333333334,0.16666666666666663,0.0088141786,FALSE,ST comparison unavailable,Same source,Same study
GCA_050475565.1,GCA_029011535.1,0.8571428571428572,0.1428571428571428,0.0163428403,TRUE,Different ST,Different source,Different study
GCA_050475565.1,GCA_050506915.1,0.8333333333333334,0.16666666666666663,0.016347413300000002,TRUE,Different ST,Same source,Same study
GCA_050475565.1,GCA_050506985.1,0.8333333333333334,0.16666666666666663,0.016347413300000002,TRUE,Different ST,Same source,Same study
GCA_050475565.1,GCA_050506935.1,0.8333333333333334,0.16666666666666663,0.016347413300000002,TRUE,Different ST,Same source,Same study
GCA_050475565.1,GCA_050506925.1,0.8333333333333334,0.16666666666666663,0.016347413300000002,TRUE,Different ST,Same source,Same study
GCA_050475565.1,GCA_050476085.1,0.8333333333333334,0.16666666666666663,0.0133014731,TRUE,Different ST,Same source,Same study
GCA_050475565.1,GCA_050473355.1,0.6666666666666667,0.33333333333333326,0.0127209032,TRUE,Different ST,Same source,Same study
GCA_050475565.1,GCA_050473345.1,0.8333333333333334,0.16666666666666663,0.0128550546,TRUE,Different ST,Same source,Same study
GCA_050475565.1,GCF_049262565.1,0.6666666666666667,0.33333333333333326,0.013444942199999999,TRUE,Different ST,Different source,Different study
GCA_050475565.1,GCA_050474485.1,0.8333333333333334,0.16666666666666663,0.0105575262,TRUE,Different ST,Same source,Same study
GCA_050475565.1,GCA_050485635.1,0.736842105263158,0.26315789473684204,0.008234237699999999,FALSE,ST comparison unavailable,Same source,Same study
GCA_050475565.1,GCA_050469755.1,0.2857142857142857,0.7142857142857143,0.009077734899999999,TRUE,Different ST,Same source,Same study
GCA_050475565.1,GCA_050507105.1,0.4,0.6,0.009077734899999999,TRUE,Different ST,Same source,Same study
GCA_050475565.1,GCA_050481695.1,0.6842105263157895,0.3157894736842105,0.009077734899999999,TRUE,Different ST,Same source,Same study
GCA_050475565.1,GCA_050473905.1,0.4545454545454546,0.5454545454545454,0.009077734899999999,TRUE,Different ST,Same source,Same study
GCA_050475565.1,GCA_050507075.1,0.4,0.6,0.009077734899999999,TRUE,Different ST,Same source,Same study
GCA_050475565.1,GCA_050482265.1,0.6842105263157895,0.3157894736842105,0.009077734899999999,TRUE,Different ST,Same source,Same study
GCA_050475565.1,GCA_050492135.1,0.4,0.6,0.009077734899999999,TRUE,Different ST,Same source,Same study
GCA_050475565.1,GCA_050492125.1,0.4,0.6,0.009077734899999999,TRUE,Different ST,Same source,Same study
GCA_050475565.1,GCA_050506745.1,0.6470588235294117,0.3529411764705883,0.009077734899999999,TRUE,Different ST,Same source,Same study
GCA_050475565.1,GCA_050506755.1,0.5714285714285714,0.4285714285714286,0.009077734899999999,TRUE,Different ST,Same source,Same study
GCA_050475565.1,GCA_050485045.1,0.6666666666666667,0.33333333333333326,0.009077734899999999,TRUE,Different ST,Same source,Same study
GCA_050475565.1,GCA_050472745.1,0.4,0.6,0.009077734899999999,TRUE,Different ST,Same source,Same study
GCA_050475565.1,GCA_050485625.1,0.6666666666666667,0.33333333333333326,0.0091700172,TRUE,Different ST,Same source,Same study
GCA_050475565.1,GCA_050506885.1,0.6153846153846154,0.3846153846153846,0.0121989692,TRUE,Different ST,Same source,Same study
GCA_050475565.1,GCA_050474495.1,0,1,0.0129528702,TRUE,Different ST,Same source,Same study
GCA_050475565.1,GCA_050506905.1,0.5,0.5,0.0129528702,TRUE,Different ST,Same source,Same study
GCA_050475565.1,GCF_053117695.1,0.4285714285714286,0.5714285714285714,0.0101697774,TRUE,Different ST,Different source,Different study
GCA_050475565.1,GCA_050471105.1,0.6666666666666667,0.33333333333333326,0.010206220200000001,TRUE,Different ST,Same source,Same study
GCA_050475565.1,GCA_050481115.1,0.6666666666666667,0.33333333333333326,0.010206220200000001,TRUE,Different ST,Same source,Same study
GCA_050475565.1,GCA_050481685.1,0.6666666666666667,0.33333333333333326,0.010206220200000001,TRUE,Different ST,Same source,Same study
GCA_050475565.1,GCA_050481105.1,0.6666666666666667,0.33333333333333326,0.010206220200000001,TRUE,Different ST,Same source,Same study
GCA_050475565.1,GCA_050480515.1,0.6666666666666667,0.33333333333333326,0.010207665600000002,TRUE,Different ST,Same source,Same study
GCA_050475565.1,GCA_050486705.1,0.7272727272727273,0.2727272727272727,0.010114638300000001,TRUE,Different ST,Same source,Same study
GCA_050475565.1,GCA_050506725.1,0.8333333333333334,0.16666666666666663,0.010211074,TRUE,Different ST,Same source,Same study
GCA_050475565.1,GCA_050506735.1,0.8333333333333334,0.16666666666666663,0.010211074,TRUE,Different ST,Same source,Same study
GCA_050475565.1,GCF_053117665.1,0.6666666666666667,0.33333333333333326,0.010305687100000002,TRUE,Different ST,Different source,Different study
GCA_050475565.1,GCA_050506765.1,0.5,0.5,0.011585909000000002,TRUE,Different ST,Same source,Same study
GCA_050475565.1,GCA_050506825.1,0.6666666666666667,0.33333333333333326,0.011492198900000002,TRUE,Different ST,Same source,Same study
GCA_050475565.1,GCA_050516645.1,0.7142857142857143,0.2857142857142857,0.012270878200000002,TRUE,Different ST,Same source,Same study
GCA_050475565.1,GCA_050516655.1,0.7142857142857143,0.2857142857142857,0.012270878200000002,TRUE,Different ST,Same source,Same study
GCA_050475565.1,GCA_050475575.1,0.33333333333333337,0.6666666666666666,0.012810390999999997,TRUE,Different ST,Same source,Same study
GCA_050475565.1,GCF_053117685.1,0.5,0.5,0.012810390999999997,TRUE,Different ST,Different source,Different study
GCA_050475565.1,GCF_053117705.1,0.5,0.5,0.012810390999999997,TRUE,Different ST,Different source,Different study
GCA_050475565.1,GCA_050506695.1,0.5,0.5,0.012810390999999997,TRUE,Different ST,Same source,Same study
GCA_050475565.1,GCA_050506815.1,0.5,0.5,0.012810390999999997,TRUE,Different ST,Same source,Same study
GCA_050475565.1,GCA_050516665.1,0.6666666666666667,0.33333333333333326,0.012810390999999997,TRUE,Different ST,Same source,Same study
GCA_050475565.1,GCA_050507065.1,0.6666666666666667,0.33333333333333326,0.012810390999999997,TRUE,Different ST,Same source,Same study
GCA_050475565.1,GCF_053117575.1,0.5,0.5,0.012810390999999997,TRUE,Different ST,Different source,Different study
GCA_050475565.1,GCA_050506995.1,0.6666666666666667,0.33333333333333326,0.012810390999999997,TRUE,Different ST,Same source,Same study
GCA_050475565.1,GCF_053117655.1,0.625,0.375,0.012810390999999997,TRUE,Different ST,Different source,Different study
GCA_050475565.1,GCA_050506685.1,0.5,0.5,0.012810390999999997,TRUE,Different ST,Same source,Same study
GCA_050475565.1,GCA_050516675.1,0.5,0.5,0.0129003592,TRUE,Different ST,Same source,Same study
GCA_050475565.1,GCA_050485055.1,0.8,0.19999999999999996,0.011448728999999998,TRUE,Different ST,Same source,Same study
GCA_050475565.1,GCA_050506675.1,0.5714285714285714,0.4285714285714286,0.011448728999999998,TRUE,Different ST,Same source,Same study
GCA_050475565.1,GCF_053117585.1,0.5555555555555556,0.4444444444444444,0.011448728999999998,TRUE,Different ST,Different source,Different study
GCA_050475565.1,GCA_050506865.1,0.5,0.5,0.011448728999999998,TRUE,Different ST,Same source,Same study
GCA_050475565.1,GCA_050506665.1,0.5714285714285714,0.4285714285714286,0.011448728999999998,TRUE,Different ST,Same source,Same study
GCA_050475565.1,GCA_050505635.1,0.7272727272727273,0.2727272727272727,0.0115413318,TRUE,Different ST,Same source,Same study
GCA_050475565.1,GCA_050505645.1,0.7272727272727273,0.2727272727272727,0.0115413264,TRUE,Different ST,Same source,Same study
GCA_050475565.1,GCA_050486715.1,0.7142857142857143,0.2857142857142857,0.0115378123,FALSE,ST comparison unavailable,Same source,Same study
GCA_050475565.1,GCA_050491675.1,0.5,0.5,0.012619368999999998,TRUE,Different ST,Same source,Same study
GCA_050475565.1,GCA_050491685.1,0.5,0.5,0.012619368999999998,TRUE,Different ST,Same source,Same study
GCA_050475565.1,GCF_053117675.1,0.7333333333333334,0.2666666666666666,0.012525841099999999,TRUE,Different ST,Different source,Different study
GCA_050475565.1,GCA_050472755.1,0.5555555555555556,0.4444444444444444,0.0145858377,TRUE,Different ST,Same source,Same study
GCA_050475565.1,GCA_050506875.1,0.7142857142857143,0.2857142857142857,0.017288895900000004,TRUE,Different ST,Same source,Same study
GCF_906464925.1,GCA_050506775.1,0.9,0.09999999999999998,0.008117764900000001,FALSE,ST comparison unavailable,Different source,Different study
GCF_906464925.1,GCA_029011535.1,0.9090909090909091,0.09090909090909094,0.0156464266,TRUE,Different ST,Same source,Different study
GCF_906464925.1,GCA_050506915.1,0.9,0.09999999999999998,0.0156509996,TRUE,Different ST,Different source,Different study
GCF_906464925.1,GCA_050506985.1,0.9,0.09999999999999998,0.0156509996,TRUE,Different ST,Different source,Different study
GCF_906464925.1,GCA_050506935.1,0.9,0.09999999999999998,0.0156509996,TRUE,Different ST,Different source,Different study
GCF_906464925.1,GCA_050506925.1,0.9,0.09999999999999998,0.0156509996,TRUE,Different ST,Different source,Different study
GCF_906464925.1,GCA_050476085.1,0.9,0.09999999999999998,0.0126050594,TRUE,Different ST,Different source,Different study
GCF_906464925.1,GCA_050473355.1,0.8,0.19999999999999996,0.012024489499999999,TRUE,Different ST,Different source,Different study
GCF_906464925.1,GCA_050473345.1,0.9,0.09999999999999998,0.0121586409,TRUE,Different ST,Different source,Different study
GCF_906464925.1,GCF_049262565.1,0.8,0.19999999999999996,0.012748528499999998,TRUE,Different ST,Same source,Different study
GCF_906464925.1,GCA_050474485.1,0.9,0.09999999999999998,0.0098611125,TRUE,Different ST,Different source,Different study
GCF_906464925.1,GCA_050485635.1,0.8333333333333334,0.16666666666666663,0.007537823999999999,FALSE,ST comparison unavailable,Different source,Different study
GCF_906464925.1,GCA_050469755.1,0.6666666666666667,0.33333333333333326,0.008381321199999998,TRUE,Different ST,Different source,Different study
GCF_906464925.1,GCA_050507105.1,0.6666666666666667,0.33333333333333326,0.008381321199999998,TRUE,Different ST,Different source,Different study
GCF_906464925.1,GCA_050481695.1,0.7916666666666666,0.20833333333333337,0.008381321199999998,TRUE,Different ST,Different source,Different study
GCF_906464925.1,GCA_050473905.1,0.6,0.4,0.008381321199999998,TRUE,Different ST,Different source,Different study
GCF_906464925.1,GCA_050507075.1,0.6666666666666667,0.33333333333333326,0.008381321199999998,TRUE,Different ST,Different source,Different study
GCF_906464925.1,GCA_050482265.1,0.7916666666666666,0.20833333333333337,0.008381321199999998,TRUE,Different ST,Different source,Different study
GCF_906464925.1,GCA_050492135.1,0.6666666666666667,0.33333333333333326,0.008381321199999998,TRUE,Different ST,Different source,Different study
GCF_906464925.1,GCA_050492125.1,0.6666666666666667,0.33333333333333326,0.008381321199999998,TRUE,Different ST,Different source,Different study
GCF_906464925.1,GCA_050506745.1,0.7727272727272727,0.2272727272727273,0.008381321199999998,TRUE,Different ST,Different source,Different study
GCF_906464925.1,GCA_050506755.1,0.736842105263158,0.26315789473684204,0.008381321199999998,TRUE,Different ST,Different source,Different study
GCF_906464925.1,GCA_050485045.1,0.8,0.19999999999999996,0.008381321199999998,TRUE,Different ST,Different source,Different study
GCF_906464925.1,GCA_050472745.1,0.6666666666666667,0.33333333333333326,0.008381321199999998,TRUE,Different ST,Different source,Different study
GCF_906464925.1,GCA_050485625.1,0.782608695652174,0.21739130434782605,0.0084736035,TRUE,Different ST,Different source,Different study
GCF_906464925.1,GCA_050506885.1,0.7777777777777778,0.2222222222222222,0.011502555499999999,TRUE,Different ST,Different source,Different study
GCF_906464925.1,GCA_050474495.1,0.5454545454545454,0.4545454545454546,0.012256456499999999,TRUE,Different ST,Different source,Different study
GCF_906464925.1,GCA_050506905.1,0.7058823529411764,0.2941176470588236,0.012256456499999999,TRUE,Different ST,Different source,Different study
GCF_906464925.1,GCF_053117695.1,0.6363636363636364,0.36363636363636365,0.009473363700000001,TRUE,Different ST,Same source,Different study
GCF_906464925.1,GCA_050471105.1,0.8,0.19999999999999996,0.0095098065,TRUE,Different ST,Different source,Different study
GCF_906464925.1,GCA_050481115.1,0.8,0.19999999999999996,0.0095098065,TRUE,Different ST,Different source,Different study
GCF_906464925.1,GCA_050481685.1,0.8,0.19999999999999996,0.0095098065,TRUE,Different ST,Different source,Different study
GCF_906464925.1,GCA_050481105.1,0.8,0.19999999999999996,0.0095098065,TRUE,Different ST,Different source,Different study
GCF_906464925.1,GCA_050480515.1,0.8,0.19999999999999996,0.009511251900000002,TRUE,Different ST,Different source,Different study
GCF_906464925.1,GCA_050486705.1,0.6153846153846154,0.3846153846153846,0.0094182246,TRUE,Different ST,Different source,Different study
GCF_906464925.1,GCA_050506725.1,0.9,0.09999999999999998,0.0095146603,TRUE,Different ST,Different source,Different study
GCF_906464925.1,GCA_050506735.1,0.9,0.09999999999999998,0.0095146603,TRUE,Different ST,Different source,Different study
GCF_906464925.1,GCF_053117665.1,0.7692307692307692,0.23076923076923084,0.009609273400000002,TRUE,Different ST,Same source,Different study
GCF_906464925.1,GCA_050506765.1,0.7,0.30000000000000004,0.0108894953,TRUE,Different ST,Different source,Different study
GCF_906464925.1,GCA_050506825.1,0.8,0.19999999999999996,0.0107957852,TRUE,Different ST,Different source,Different study
GCF_906464925.1,GCA_050516645.1,0.7,0.30000000000000004,0.0115744645,TRUE,Different ST,Different source,Different study
GCF_906464925.1,GCA_050516655.1,0.7,0.30000000000000004,0.0115744645,TRUE,Different ST,Different source,Different study
GCF_906464925.1,GCA_050475575.1,0.7272727272727273,0.2727272727272727,0.012113977299999999,TRUE,Different ST,Different source,Different study
GCF_906464925.1,GCF_053117685.1,0.7692307692307692,0.23076923076923084,0.012113977299999999,TRUE,Different ST,Same source,Different study
GCF_906464925.1,GCF_053117705.1,0.7692307692307692,0.23076923076923084,0.012113977299999999,TRUE,Different ST,Same source,Different study
GCF_906464925.1,GCA_050506695.1,0.7,0.30000000000000004,0.012113977299999999,TRUE,Different ST,Different source,Different study
GCF_906464925.1,GCA_050506815.1,0.7692307692307692,0.23076923076923084,0.012113977299999999,TRUE,Different ST,Different source,Different study
GCF_906464925.1,GCA_050516665.1,0.7692307692307692,0.23076923076923084,0.012113977299999999,TRUE,Different ST,Different source,Different study
GCF_906464925.1,GCA_050507065.1,0.8,0.19999999999999996,0.012113977299999999,TRUE,Different ST,Different source,Different study
GCF_906464925.1,GCF_053117575.1,0.7692307692307692,0.23076923076923084,0.012113977299999999,TRUE,Different ST,Same source,Different study
GCF_906464925.1,GCA_050506995.1,0.8,0.19999999999999996,0.012113977299999999,TRUE,Different ST,Different source,Different study
GCF_906464925.1,GCF_053117655.1,0.75,0.25,0.012113977299999999,TRUE,Different ST,Same source,Different study
GCF_906464925.1,GCA_050506685.1,0.7,0.30000000000000004,0.012113977299999999,TRUE,Different ST,Different source,Different study
GCF_906464925.1,GCA_050516675.1,0.7,0.30000000000000004,0.0122039455,TRUE,Different ST,Different source,Different study
GCF_906464925.1,GCA_050485055.1,0.9,0.09999999999999998,0.010752315299999999,TRUE,Different ST,Different source,Different study
GCF_906464925.1,GCA_050506675.1,0.7272727272727273,0.2727272727272727,0.010752315299999999,TRUE,Different ST,Different source,Different study
GCF_906464925.1,GCF_053117585.1,0.5833333333333333,0.41666666666666674,0.010752315299999999,TRUE,Different ST,Same source,Different study
GCF_906464925.1,GCA_050506865.1,0.7692307692307692,0.23076923076923084,0.010752315299999999,TRUE,Different ST,Different source,Different study
GCF_906464925.1,GCA_050506665.1,0.7272727272727273,0.2727272727272727,0.010752315299999999,TRUE,Different ST,Different source,Different study
GCF_906464925.1,GCA_050505635.1,0.8,0.19999999999999996,0.010844918100000002,TRUE,Different ST,Different source,Different study
GCF_906464925.1,GCA_050505645.1,0.8,0.19999999999999996,0.0108449127,TRUE,Different ST,Different source,Different study
GCF_906464925.1,GCA_050486715.1,0.8181818181818181,0.18181818181818188,0.010841398600000001,FALSE,ST comparison unavailable,Different source,Different study
GCF_906464925.1,GCA_050491675.1,0.6428571428571428,0.3571428571428572,0.0119229553,TRUE,Different ST,Different source,Different study
GCF_906464925.1,GCA_050491685.1,0.6428571428571428,0.3571428571428572,0.0119229553,TRUE,Different ST,Different source,Different study
GCF_906464925.1,GCF_053117675.1,0.7222222222222222,0.2777777777777778,0.0118294274,TRUE,Different ST,Same source,Different study
GCF_906464925.1,GCA_050472755.1,0.5833333333333333,0.41666666666666674,0.013889424000000001,TRUE,Different ST,Different source,Different study
GCF_906464925.1,GCA_050506875.1,0.8181818181818181,0.18181818181818188,0.0165924822,TRUE,Different ST,Different source,Different study
GCA_050506775.1,GCA_029011535.1,1,0,0.0156648633,FALSE,ST comparison unavailable,Different source,Different study
GCA_050506775.1,GCA_050506915.1,0,1,0.015669436300000002,FALSE,ST comparison unavailable,Same source,Same study
GCA_050506775.1,GCA_050506985.1,0,1,0.015669436300000002,FALSE,ST comparison unavailable,Same source,Same study
GCA_050506775.1,GCA_050506935.1,0,1,0.015669436300000002,FALSE,ST comparison unavailable,Same source,Same study
GCA_050506775.1,GCA_050506925.1,0,1,0.015669436300000002,FALSE,ST comparison unavailable,Same source,Same study
GCA_050506775.1,GCA_050476085.1,0,1,0.012623496100000001,FALSE,ST comparison unavailable,Same source,Same study
GCA_050506775.1,GCA_050473355.1,0.5,0.5,0.0120429262,FALSE,ST comparison unavailable,Same source,Same study
GCA_050506775.1,GCA_050473345.1,0,1,0.0121770776,FALSE,ST comparison unavailable,Same source,Same study
GCA_050506775.1,GCF_049262565.1,0.5,0.5,0.012766965199999999,FALSE,ST comparison unavailable,Different source,Different study
GCA_050506775.1,GCA_050474485.1,0,1,0.0098795492,FALSE,ST comparison unavailable,Same source,Same study
GCA_050506775.1,GCA_050485635.1,0.9444444444444444,0.05555555555555558,0.007556260699999999,FALSE,ST comparison unavailable,Same source,Same study
GCA_050506775.1,GCA_050469755.1,0.8333333333333334,0.16666666666666663,0.008399757899999999,FALSE,ST comparison unavailable,Same source,Same study
GCA_050506775.1,GCA_050507105.1,0.9,0.09999999999999998,0.008399757899999999,FALSE,ST comparison unavailable,Same source,Same study
GCA_050506775.1,GCA_050481695.1,0.9473684210526316,0.05263157894736836,0.008399757899999999,FALSE,ST comparison unavailable,Same source,Same study
GCA_050506775.1,GCA_050473905.1,0.9090909090909091,0.09090909090909094,0.008399757899999999,FALSE,ST comparison unavailable,Same source,Same study
GCA_050506775.1,GCA_050507075.1,0.9,0.09999999999999998,0.008399757899999999,FALSE,ST comparison unavailable,Same source,Same study
GCA_050506775.1,GCA_050482265.1,0.9473684210526316,0.05263157894736836,0.008399757899999999,FALSE,ST comparison unavailable,Same source,Same study
GCA_050506775.1,GCA_050492135.1,0.9,0.09999999999999998,0.008399757899999999,FALSE,ST comparison unavailable,Same source,Same study
GCA_050506775.1,GCA_050492125.1,0.9,0.09999999999999998,0.008399757899999999,FALSE,ST comparison unavailable,Same source,Same study
GCA_050506775.1,GCA_050506745.1,0.9411764705882353,0.05882352941176472,0.008399757899999999,FALSE,ST comparison unavailable,Same source,Same study
GCA_050506775.1,GCA_050506755.1,0.9285714285714286,0.0714285714285714,0.008399757899999999,FALSE,ST comparison unavailable,Same source,Same study
GCA_050506775.1,GCA_050485045.1,0.9285714285714286,0.0714285714285714,0.008399757899999999,FALSE,ST comparison unavailable,Same source,Same study
GCA_050506775.1,GCA_050472745.1,0.9,0.09999999999999998,0.008399757899999999,FALSE,ST comparison unavailable,Same source,Same study
GCA_050506775.1,GCA_050485625.1,0.9444444444444444,0.05555555555555558,0.0084920402,FALSE,ST comparison unavailable,Same source,Same study
GCA_050506775.1,GCA_050506885.1,0.9166666666666666,0.08333333333333337,0.0115209922,FALSE,ST comparison unavailable,Same source,Same study
GCA_050506775.1,GCA_050474495.1,0.8333333333333334,0.16666666666666663,0.0122748932,FALSE,ST comparison unavailable,Same source,Same study
GCA_050506775.1,GCA_050506905.1,0.9166666666666666,0.08333333333333337,0.0122748932,FALSE,ST comparison unavailable,Same source,Same study
GCA_050506775.1,GCF_053117695.1,0.8,0.19999999999999996,0.0094918004,FALSE,ST comparison unavailable,Different source,Different study
GCA_050506775.1,GCA_050471105.1,0.5,0.5,0.0095282432,FALSE,ST comparison unavailable,Same source,Same study
GCA_050506775.1,GCA_050481115.1,0.5,0.5,0.0095282432,FALSE,ST comparison unavailable,Same source,Same study
GCA_050506775.1,GCA_050481685.1,0.5,0.5,0.0095282432,FALSE,ST comparison unavailable,Same source,Same study
GCA_050506775.1,GCA_050481105.1,0.5,0.5,0.0095282432,FALSE,ST comparison unavailable,Same source,Same study
GCA_050506775.1,GCA_050480515.1,0.5,0.5,0.0095296886,FALSE,ST comparison unavailable,Same source,Same study
GCA_050506775.1,GCA_050486705.1,0.875,0.125,0.0094366613,FALSE,ST comparison unavailable,Same source,Same study
GCA_050506775.1,GCA_050506725.1,0,1,0.009533096999999999,FALSE,ST comparison unavailable,Same source,Same study
GCA_050506775.1,GCA_050506735.1,0,1,0.009533096999999999,FALSE,ST comparison unavailable,Same source,Same study
GCA_050506775.1,GCF_053117665.1,0.8333333333333334,0.16666666666666663,0.0096277101,FALSE,ST comparison unavailable,Different source,Different study
GCA_050506775.1,GCA_050506765.1,0.6666666666666667,0.33333333333333326,0.010907931999999999,FALSE,ST comparison unavailable,Same source,Same study
GCA_050506775.1,GCA_050506825.1,0.5,0.5,0.010814221899999999,FALSE,ST comparison unavailable,Same source,Same study
GCA_050506775.1,GCA_050516645.1,0.6666666666666667,0.33333333333333326,0.011592901199999998,FALSE,ST comparison unavailable,Same source,Same study
GCA_050506775.1,GCA_050516655.1,0.6666666666666667,0.33333333333333326,0.011592901199999998,FALSE,ST comparison unavailable,Same source,Same study
GCA_050506775.1,GCA_050475575.1,0.75,0.25,0.012132413999999998,FALSE,ST comparison unavailable,Same source,Same study
GCA_050506775.1,GCF_053117685.1,0.8333333333333334,0.16666666666666663,0.012132413999999998,FALSE,ST comparison unavailable,Different source,Different study
GCA_050506775.1,GCF_053117705.1,0.8333333333333334,0.16666666666666663,0.012132413999999998,FALSE,ST comparison unavailable,Different source,Different study
GCA_050506775.1,GCA_050506695.1,0.6666666666666667,0.33333333333333326,0.012132413999999998,FALSE,ST comparison unavailable,Same source,Same study
GCA_050506775.1,GCA_050506815.1,0.8333333333333334,0.16666666666666663,0.012132413999999998,FALSE,ST comparison unavailable,Same source,Same study
GCA_050506775.1,GCA_050516665.1,0.8333333333333334,0.16666666666666663,0.012132413999999998,FALSE,ST comparison unavailable,Same source,Same study
GCA_050506775.1,GCA_050507065.1,0.5,0.5,0.012132413999999998,FALSE,ST comparison unavailable,Same source,Same study
GCA_050506775.1,GCF_053117575.1,0.8333333333333334,0.16666666666666663,0.012132413999999998,FALSE,ST comparison unavailable,Different source,Different study
GCA_050506775.1,GCA_050506995.1,0.5,0.5,0.012132413999999998,FALSE,ST comparison unavailable,Same source,Same study
GCA_050506775.1,GCF_053117655.1,0.8,0.19999999999999996,0.012132413999999998,FALSE,ST comparison unavailable,Different source,Different study
GCA_050506775.1,GCA_050506685.1,0.6666666666666667,0.33333333333333326,0.012132413999999998,FALSE,ST comparison unavailable,Same source,Same study
GCA_050506775.1,GCA_050516675.1,0.6666666666666667,0.33333333333333326,0.0122223822,FALSE,ST comparison unavailable,Same source,Same study
GCA_050506775.1,GCA_050485055.1,0.9166666666666666,0.08333333333333337,0.010770751999999998,FALSE,ST comparison unavailable,Same source,Same study
GCA_050506775.1,GCA_050506675.1,0.75,0.25,0.010770751999999998,FALSE,ST comparison unavailable,Same source,Same study
GCA_050506775.1,GCF_053117585.1,0.8571428571428572,0.1428571428571428,0.010770751999999998,FALSE,ST comparison unavailable,Different source,Different study
GCA_050506775.1,GCA_050506865.1,0.8333333333333334,0.16666666666666663,0.010770751999999998,FALSE,ST comparison unavailable,Same source,Same study
GCA_050506775.1,GCA_050506665.1,0.75,0.25,0.010770751999999998,FALSE,ST comparison unavailable,Same source,Same study
GCA_050506775.1,GCA_050505635.1,0.875,0.125,0.0108633548,FALSE,ST comparison unavailable,Same source,Same study
GCA_050506775.1,GCA_050505645.1,0.875,0.125,0.0108633494,FALSE,ST comparison unavailable,Same source,Same study
GCA_050506775.1,GCA_050486715.1,0.6666666666666667,0.33333333333333326,0.0108598353,FALSE,ST comparison unavailable,Same source,Same study
GCA_050506775.1,GCA_050491675.1,0.8888888888888888,0.11111111111111116,0.011941391999999999,FALSE,ST comparison unavailable,Same source,Same study
GCA_050506775.1,GCA_050491685.1,0.8888888888888888,0.11111111111111116,0.011941391999999999,FALSE,ST comparison unavailable,Same source,Same study
GCA_050506775.1,GCF_053117675.1,0.9230769230769231,0.07692307692307687,0.0118478641,FALSE,ST comparison unavailable,Different source,Different study
GCA_050506775.1,GCA_050472755.1,0.8571428571428572,0.1428571428571428,0.0139078607,FALSE,ST comparison unavailable,Same source,Same study
GCA_050506775.1,GCA_050506875.1,0.6666666666666667,0.33333333333333326,0.0166109189,FALSE,ST comparison unavailable,Same source,Same study
GCA_029011535.1,GCA_050506915.1,1,0,1.9151160000000002e-4,TRUE,Same ST,Different source,Different study
GCA_029011535.1,GCA_050506985.1,1,0,1.9151160000000002e-4,TRUE,Same ST,Different source,Different study
GCA_029011535.1,GCA_050506935.1,1,0,1.9151160000000002e-4,TRUE,Same ST,Different source,Different study
GCA_029011535.1,GCA_050506925.1,1,0,1.9151160000000002e-4,TRUE,Same ST,Different source,Different study
GCA_029011535.1,GCA_050476085.1,1,0,0.003047156,TRUE,Different ST,Different source,Different study
GCA_029011535.1,GCA_050473355.1,1,0,0.0036264515000000003,TRUE,Different ST,Different source,Different study
GCA_029011535.1,GCA_050473345.1,1,0,0.004008218700000001,TRUE,Different ST,Different source,Different study
GCA_029011535.1,GCF_049262565.1,0.6666666666666667,0.33333333333333326,0.0066546041,TRUE,Different ST,Same source,Different study
GCA_029011535.1,GCA_050474485.1,1,0,0.0074929705000000004,TRUE,Different ST,Different source,Different study
GCA_029011535.1,GCA_050485635.1,0.9473684210526316,0.05263157894736836,0.0090169086,FALSE,ST comparison unavailable,Different source,Different study
GCA_029011535.1,GCA_050469755.1,1,0,0.013009972599999997,TRUE,Different ST,Different source,Different study
GCA_029011535.1,GCA_050507105.1,0.9090909090909091,0.09090909090909094,0.013009972599999997,TRUE,Different ST,Different source,Different study
GCA_029011535.1,GCA_050481695.1,0.95,0.050000000000000044,0.013009972599999997,TRUE,Different ST,Different source,Different study
GCA_029011535.1,GCA_050473905.1,0.9166666666666666,0.08333333333333337,0.013009972599999997,TRUE,Different ST,Different source,Different study
GCA_029011535.1,GCA_050507075.1,0.9090909090909091,0.09090909090909094,0.013009972599999997,TRUE,Different ST,Different source,Different study
GCA_029011535.1,GCA_050482265.1,0.95,0.050000000000000044,0.013009972599999997,TRUE,Different ST,Different source,Different study
GCA_029011535.1,GCA_050492135.1,0.9090909090909091,0.09090909090909094,0.013009972599999997,TRUE,Different ST,Different source,Different study
GCA_029011535.1,GCA_050492125.1,0.9090909090909091,0.09090909090909094,0.013009972599999997,TRUE,Different ST,Different source,Different study
GCA_029011535.1,GCA_050506745.1,0.9444444444444444,0.05555555555555558,0.013009972599999997,TRUE,Different ST,Different source,Different study
GCA_029011535.1,GCA_050506755.1,0.9333333333333333,0.06666666666666665,0.013009972599999997,TRUE,Different ST,Different source,Different study
GCA_029011535.1,GCA_050485045.1,1,0,0.013009972599999997,TRUE,Different ST,Different source,Different study
GCA_029011535.1,GCA_050472745.1,0.9090909090909091,0.09090909090909094,0.013009972599999997,TRUE,Different ST,Different source,Different study
GCA_029011535.1,GCA_050485625.1,0.9473684210526316,0.05263157894736836,0.013102254899999999,TRUE,Different ST,Different source,Different study
GCA_029011535.1,GCA_050506885.1,0.9230769230769231,0.07692307692307687,0.0161312069,TRUE,Different ST,Different source,Different study
GCA_029011535.1,GCA_050474495.1,0.8571428571428572,0.1428571428571428,0.0168851079,TRUE,Different ST,Different source,Different study
GCA_029011535.1,GCA_050506905.1,0.9230769230769231,0.07692307692307687,0.0168851079,TRUE,Different ST,Different source,Different study
GCA_029011535.1,GCF_053117695.1,0.8333333333333334,0.16666666666666663,0.0158434869,TRUE,Different ST,Same source,Different study
GCA_029011535.1,GCA_050471105.1,1,0,0.0158799297,TRUE,Different ST,Different source,Different study
GCA_029011535.1,GCA_050481115.1,1,0,0.0158799297,TRUE,Different ST,Different source,Different study
GCA_029011535.1,GCA_050481685.1,1,0,0.0158799297,TRUE,Different ST,Different source,Different study
GCA_029011535.1,GCA_050481105.1,1,0,0.0158799297,TRUE,Different ST,Different source,Different study
GCA_029011535.1,GCA_050480515.1,1,0,0.015881375099999998,TRUE,Different ST,Different source,Different study
GCA_029011535.1,GCA_050486705.1,0.8888888888888888,0.11111111111111116,0.015788347799999998,TRUE,Different ST,Different source,Different study
GCA_029011535.1,GCA_050506725.1,1,0,0.015884783499999996,TRUE,Different ST,Different source,Different study
GCA_029011535.1,GCA_050506735.1,1,0,0.015884783499999996,TRUE,Different ST,Different source,Different study
GCA_029011535.1,GCF_053117665.1,0.8571428571428572,0.1428571428571428,0.015979396599999994,TRUE,Different ST,Same source,Different study
GCA_029011535.1,GCA_050506765.1,0.75,0.25,0.017259618499999997,TRUE,Different ST,Different source,Different study
GCA_029011535.1,GCA_050506825.1,1,0,0.0171659084,TRUE,Different ST,Different source,Different study
GCA_029011535.1,GCA_050516645.1,0.75,0.25,0.017944587699999997,TRUE,Different ST,Different source,Different study
GCA_029011535.1,GCA_050516655.1,0.75,0.25,0.017944587699999997,TRUE,Different ST,Different source,Different study
GCA_029011535.1,GCA_050475575.1,0.8,0.19999999999999996,0.018484100500000003,TRUE,Different ST,Different source,Different study
GCA_029011535.1,GCF_053117685.1,0.8571428571428572,0.1428571428571428,0.018484100500000003,TRUE,Different ST,Same source,Different study
GCA_029011535.1,GCF_053117705.1,0.8571428571428572,0.1428571428571428,0.018484100500000003,TRUE,Different ST,Same source,Different study
GCA_029011535.1,GCA_050506695.1,0.75,0.25,0.018484100500000003,TRUE,Different ST,Different source,Different study
GCA_029011535.1,GCA_050506815.1,0.8571428571428572,0.1428571428571428,0.018484100500000003,TRUE,Different ST,Different source,Different study
GCA_029011535.1,GCA_050516665.1,0.8571428571428572,0.1428571428571428,0.018484100500000003,TRUE,Different ST,Different source,Different study
GCA_029011535.1,GCA_050507065.1,1,0,0.018484100500000003,TRUE,Different ST,Different source,Different study
GCA_029011535.1,GCF_053117575.1,0.8571428571428572,0.1428571428571428,0.018484100500000003,TRUE,Different ST,Same source,Different study
GCA_029011535.1,GCA_050506995.1,1,0,0.018484100500000003,TRUE,Different ST,Different source,Different study
GCA_029011535.1,GCF_053117655.1,0.8333333333333334,0.16666666666666663,0.018484100500000003,TRUE,Different ST,Same source,Different study
GCA_029011535.1,GCA_050506685.1,0.75,0.25,0.018484100500000003,TRUE,Different ST,Different source,Different study
GCA_029011535.1,GCA_050516675.1,0.75,0.25,0.0185740687,TRUE,Different ST,Different source,Different study
GCA_029011535.1,GCA_050485055.1,1,0,0.017122438500000003,TRUE,Different ST,Different source,Different study
GCA_029011535.1,GCA_050506675.1,0.8,0.19999999999999996,0.017122438500000003,TRUE,Different ST,Different source,Different study
GCA_029011535.1,GCF_053117585.1,0.875,0.125,0.017122438500000003,TRUE,Different ST,Same source,Different study
GCA_029011535.1,GCA_050506865.1,0.8571428571428572,0.1428571428571428,0.017122438500000003,TRUE,Different ST,Different source,Different study
GCA_029011535.1,GCA_050506665.1,0.8,0.19999999999999996,0.017122438500000003,TRUE,Different ST,Different source,Different study
GCA_029011535.1,GCA_050505635.1,0.8888888888888888,0.11111111111111116,0.0172150413,TRUE,Different ST,Different source,Different study
GCA_029011535.1,GCA_050505645.1,0.8888888888888888,0.11111111111111116,0.0172150359,TRUE,Different ST,Different source,Different study
GCA_029011535.1,GCA_050486715.1,1,0,0.0172115218,FALSE,ST comparison unavailable,Different source,Different study
GCA_029011535.1,GCA_050491675.1,0.9,0.09999999999999998,0.018293078500000004,TRUE,Different ST,Different source,Different study
GCA_029011535.1,GCA_050491685.1,0.9,0.09999999999999998,0.018293078500000004,TRUE,Different ST,Different source,Different study
GCA_029011535.1,GCF_053117675.1,0.9285714285714286,0.0714285714285714,0.018199550600000003,TRUE,Different ST,Same source,Different study
GCA_029011535.1,GCA_050472755.1,0.875,0.125,0.0202595472,TRUE,Different ST,Different source,Different study
GCA_029011535.1,GCA_050506875.1,0.75,0.25,0.022962605400000006,TRUE,Different ST,Different source,Different study
GCA_050506915.1,GCA_050506985.1,0,1,0,TRUE,Same ST,Same source,Same study
GCA_050506915.1,GCA_050506935.1,0,1,0,TRUE,Same ST,Same source,Same study
GCA_050506915.1,GCA_050506925.1,0,1,2e-6,TRUE,Same ST,Same source,Same study
GCA_050506915.1,GCA_050476085.1,0,1,0.003051729,TRUE,Different ST,Same source,Same study
GCA_050506915.1,GCA_050473355.1,0.5,0.5,0.0036310245000000002,TRUE,Different ST,Same source,Same study
GCA_050506915.1,GCA_050473345.1,0,1,0.004012791700000001,TRUE,Different ST,Same source,Same study
GCA_050506915.1,GCF_049262565.1,0.5,0.5,0.0066591771,TRUE,Different ST,Different source,Different study
GCA_050506915.1,GCA_050474485.1,0,1,0.0074975435,TRUE,Different ST,Same source,Same study
GCA_050506915.1,GCA_050485635.1,0.9444444444444444,0.05555555555555558,0.0090214816,FALSE,ST comparison unavailable,Same source,Same study
GCA_050506915.1,GCA_050469755.1,0.8333333333333334,0.16666666666666663,0.013014545599999998,TRUE,Different ST,Same source,Same study
GCA_050506915.1,GCA_050507105.1,0.9,0.09999999999999998,0.013014545599999998,TRUE,Different ST,Same source,Same study
GCA_050506915.1,GCA_050481695.1,0.9473684210526316,0.05263157894736836,0.013014545599999998,TRUE,Different ST,Same source,Same study
GCA_050506915.1,GCA_050473905.1,0.9090909090909091,0.09090909090909094,0.013014545599999998,TRUE,Different ST,Same source,Same study
GCA_050506915.1,GCA_050507075.1,0.9,0.09999999999999998,0.013014545599999998,TRUE,Different ST,Same source,Same study
GCA_050506915.1,GCA_050482265.1,0.9473684210526316,0.05263157894736836,0.013014545599999998,TRUE,Different ST,Same source,Same study
GCA_050506915.1,GCA_050492135.1,0.9,0.09999999999999998,0.013014545599999998,TRUE,Different ST,Same source,Same study
GCA_050506915.1,GCA_050492125.1,0.9,0.09999999999999998,0.013014545599999998,TRUE,Different ST,Same source,Same study
GCA_050506915.1,GCA_050506745.1,0.9411764705882353,0.05882352941176472,0.013014545599999998,TRUE,Different ST,Same source,Same study
GCA_050506915.1,GCA_050506755.1,0.9285714285714286,0.0714285714285714,0.013014545599999998,TRUE,Different ST,Same source,Same study
GCA_050506915.1,GCA_050485045.1,0.9285714285714286,0.0714285714285714,0.013014545599999998,TRUE,Different ST,Same source,Same study
GCA_050506915.1,GCA_050472745.1,0.9,0.09999999999999998,0.013014545599999998,TRUE,Different ST,Same source,Same study
GCA_050506915.1,GCA_050485625.1,0.9444444444444444,0.05555555555555558,0.0131068279,TRUE,Different ST,Same source,Same study
GCA_050506915.1,GCA_050506885.1,0.9166666666666666,0.08333333333333337,0.0161357799,TRUE,Different ST,Same source,Same study
GCA_050506915.1,GCA_050474495.1,0.8333333333333334,0.16666666666666663,0.016889680900000002,TRUE,Different ST,Same source,Same study
GCA_050506915.1,GCA_050506905.1,0.9166666666666666,0.08333333333333337,0.016889680900000002,TRUE,Different ST,Same source,Same study
GCA_050506915.1,GCF_053117695.1,0.8,0.19999999999999996,0.0158480599,TRUE,Different ST,Different source,Different study
GCA_050506915.1,GCA_050471105.1,0.5,0.5,0.0158845027,TRUE,Different ST,Same source,Same study
GCA_050506915.1,GCA_050481115.1,0.5,0.5,0.0158845027,TRUE,Different ST,Same source,Same study
GCA_050506915.1,GCA_050481685.1,0.5,0.5,0.0158845027,TRUE,Different ST,Same source,Same study
GCA_050506915.1,GCA_050481105.1,0.5,0.5,0.0158845027,TRUE,Different ST,Same source,Same study
GCA_050506915.1,GCA_050480515.1,0.5,0.5,0.0158859481,TRUE,Different ST,Same source,Same study
GCA_050506915.1,GCA_050486705.1,0.875,0.125,0.0157929208,TRUE,Different ST,Same source,Same study
GCA_050506915.1,GCA_050506725.1,0,1,0.015889356499999997,TRUE,Different ST,Same source,Same study
GCA_050506915.1,GCA_050506735.1,0,1,0.015889356499999997,TRUE,Different ST,Same source,Same study
GCA_050506915.1,GCF_053117665.1,0.8333333333333334,0.16666666666666663,0.015983969599999995,TRUE,Different ST,Different source,Different study
GCA_050506915.1,GCA_050506765.1,0.6666666666666667,0.33333333333333326,0.017264191499999998,TRUE,Different ST,Same source,Same study
GCA_050506915.1,GCA_050506825.1,0.5,0.5,0.0171704814,TRUE,Different ST,Same source,Same study
GCA_050506915.1,GCA_050516645.1,0.6666666666666667,0.33333333333333326,0.017949160699999998,TRUE,Different ST,Same source,Same study
GCA_050506915.1,GCA_050516655.1,0.6666666666666667,0.33333333333333326,0.017949160699999998,TRUE,Different ST,Same source,Same study
GCA_050506915.1,GCA_050475575.1,0.75,0.25,0.018488673500000004,TRUE,Different ST,Same source,Same study
GCA_050506915.1,GCF_053117685.1,0.8333333333333334,0.16666666666666663,0.018488673500000004,TRUE,Different ST,Different source,Different study
GCA_050506915.1,GCF_053117705.1,0.8333333333333334,0.16666666666666663,0.018488673500000004,TRUE,Different ST,Different source,Different study
GCA_050506915.1,GCA_050506695.1,0.6666666666666667,0.33333333333333326,0.018488673500000004,TRUE,Different ST,Same source,Same study
GCA_050506915.1,GCA_050506815.1,0.8333333333333334,0.16666666666666663,0.018488673500000004,TRUE,Different ST,Same source,Same study
GCA_050506915.1,GCA_050516665.1,0.8333333333333334,0.16666666666666663,0.018488673500000004,TRUE,Different ST,Same source,Same study
GCA_050506915.1,GCA_050507065.1,0.5,0.5,0.018488673500000004,TRUE,Different ST,Same source,Same study
GCA_050506915.1,GCF_053117575.1,0.8333333333333334,0.16666666666666663,0.018488673500000004,TRUE,Different ST,Different source,Different study
GCA_050506915.1,GCA_050506995.1,0.5,0.5,0.018488673500000004,TRUE,Different ST,Same source,Same study
GCA_050506915.1,GCF_053117655.1,0.8,0.19999999999999996,0.018488673500000004,TRUE,Different ST,Different source,Different study
GCA_050506915.1,GCA_050506685.1,0.6666666666666667,0.33333333333333326,0.018488673500000004,TRUE,Different ST,Same source,Same study
GCA_050506915.1,GCA_050516675.1,0.6666666666666667,0.33333333333333326,0.018578641700000002,TRUE,Different ST,Same source,Same study
GCA_050506915.1,GCA_050485055.1,0.9166666666666666,0.08333333333333337,0.017127011500000004,TRUE,Different ST,Same source,Same study
GCA_050506915.1,GCA_050506675.1,0.75,0.25,0.017127011500000004,TRUE,Different ST,Same source,Same study
GCA_050506915.1,GCF_053117585.1,0.8571428571428572,0.1428571428571428,0.017127011500000004,TRUE,Different ST,Different source,Different study
GCA_050506915.1,GCA_050506865.1,0.8333333333333334,0.16666666666666663,0.017127011500000004,TRUE,Different ST,Same source,Same study
GCA_050506915.1,GCA_050506665.1,0.75,0.25,0.017127011500000004,TRUE,Different ST,Same source,Same study
GCA_050506915.1,GCA_050505635.1,0.875,0.125,0.0172196143,TRUE,Different ST,Same source,Same study
GCA_050506915.1,GCA_050505645.1,0.875,0.125,0.017219608900000002,TRUE,Different ST,Same source,Same study
GCA_050506915.1,GCA_050486715.1,0.6666666666666667,0.33333333333333326,0.0172160948,FALSE,ST comparison unavailable,Same source,Same study
GCA_050506915.1,GCA_050491675.1,0.8888888888888888,0.11111111111111116,0.018297651500000005,TRUE,Different ST,Same source,Same study
GCA_050506915.1,GCA_050491685.1,0.8888888888888888,0.11111111111111116,0.018297651500000005,TRUE,Different ST,Same source,Same study
GCA_050506915.1,GCF_053117675.1,0.9230769230769231,0.07692307692307687,0.018204123600000004,TRUE,Different ST,Different source,Different study
GCA_050506915.1,GCA_050472755.1,0.8571428571428572,0.1428571428571428,0.0202641202,TRUE,Different ST,Same source,Same study
GCA_050506915.1,GCA_050506875.1,0.6666666666666667,0.33333333333333326,0.022967178400000007,TRUE,Different ST,Same source,Same study
GCA_050506985.1,GCA_050506935.1,0,1,0,TRUE,Same ST,Same source,Same study
GCA_050506985.1,GCA_050506925.1,0,1,2e-6,TRUE,Same ST,Same source,Same study
GCA_050506985.1,GCA_050476085.1,0,1,0.003051729,TRUE,Different ST,Same source,Same study
GCA_050506985.1,GCA_050473355.1,0.5,0.5,0.0036310245000000002,TRUE,Different ST,Same source,Same study
GCA_050506985.1,GCA_050473345.1,0,1,0.004012791700000001,TRUE,Different ST,Same source,Same study
GCA_050506985.1,GCF_049262565.1,0.5,0.5,0.0066591771,TRUE,Different ST,Different source,Different study
GCA_050506985.1,GCA_050474485.1,0,1,0.0074975435,TRUE,Different ST,Same source,Same study
GCA_050506985.1,GCA_050485635.1,0.9444444444444444,0.05555555555555558,0.0090214816,FALSE,ST comparison unavailable,Same source,Same study
GCA_050506985.1,GCA_050469755.1,0.8333333333333334,0.16666666666666663,0.013014545599999998,TRUE,Different ST,Same source,Same study
GCA_050506985.1,GCA_050507105.1,0.9,0.09999999999999998,0.013014545599999998,TRUE,Different ST,Same source,Same study
GCA_050506985.1,GCA_050481695.1,0.9473684210526316,0.05263157894736836,0.013014545599999998,TRUE,Different ST,Same source,Same study
GCA_050506985.1,GCA_050473905.1,0.9090909090909091,0.09090909090909094,0.013014545599999998,TRUE,Different ST,Same source,Same study
GCA_050506985.1,GCA_050507075.1,0.9,0.09999999999999998,0.013014545599999998,TRUE,Different ST,Same source,Same study
GCA_050506985.1,GCA_050482265.1,0.9473684210526316,0.05263157894736836,0.013014545599999998,TRUE,Different ST,Same source,Same study
GCA_050506985.1,GCA_050492135.1,0.9,0.09999999999999998,0.013014545599999998,TRUE,Different ST,Same source,Same study
GCA_050506985.1,GCA_050492125.1,0.9,0.09999999999999998,0.013014545599999998,TRUE,Different ST,Same source,Same study
GCA_050506985.1,GCA_050506745.1,0.9411764705882353,0.05882352941176472,0.013014545599999998,TRUE,Different ST,Same source,Same study
GCA_050506985.1,GCA_050506755.1,0.9285714285714286,0.0714285714285714,0.013014545599999998,TRUE,Different ST,Same source,Same study
GCA_050506985.1,GCA_050485045.1,0.9285714285714286,0.0714285714285714,0.013014545599999998,TRUE,Different ST,Same source,Same study
GCA_050506985.1,GCA_050472745.1,0.9,0.09999999999999998,0.013014545599999998,TRUE,Different ST,Same source,Same study
GCA_050506985.1,GCA_050485625.1,0.9444444444444444,0.05555555555555558,0.0131068279,TRUE,Different ST,Same source,Same study
GCA_050506985.1,GCA_050506885.1,0.9166666666666666,0.08333333333333337,0.0161357799,TRUE,Different ST,Same source,Same study
GCA_050506985.1,GCA_050474495.1,0.8333333333333334,0.16666666666666663,0.016889680900000002,TRUE,Different ST,Same source,Same study
GCA_050506985.1,GCA_050506905.1,0.9166666666666666,0.08333333333333337,0.016889680900000002,TRUE,Different ST,Same source,Same study
GCA_050506985.1,GCF_053117695.1,0.8,0.19999999999999996,0.0158480599,TRUE,Different ST,Different source,Different study
GCA_050506985.1,GCA_050471105.1,0.5,0.5,0.0158845027,TRUE,Different ST,Same source,Same study
GCA_050506985.1,GCA_050481115.1,0.5,0.5,0.0158845027,TRUE,Different ST,Same source,Same study
GCA_050506985.1,GCA_050481685.1,0.5,0.5,0.0158845027,TRUE,Different ST,Same source,Same study
GCA_050506985.1,GCA_050481105.1,0.5,0.5,0.0158845027,TRUE,Different ST,Same source,Same study
GCA_050506985.1,GCA_050480515.1,0.5,0.5,0.0158859481,TRUE,Different ST,Same source,Same study
GCA_050506985.1,GCA_050486705.1,0.875,0.125,0.0157929208,TRUE,Different ST,Same source,Same study
GCA_050506985.1,GCA_050506725.1,0,1,0.015889356499999997,TRUE,Different ST,Same source,Same study
GCA_050506985.1,GCA_050506735.1,0,1,0.015889356499999997,TRUE,Different ST,Same source,Same study
GCA_050506985.1,GCF_053117665.1,0.8333333333333334,0.16666666666666663,0.015983969599999995,TRUE,Different ST,Different source,Different study
GCA_050506985.1,GCA_050506765.1,0.6666666666666667,0.33333333333333326,0.017264191499999998,TRUE,Different ST,Same source,Same study
GCA_050506985.1,GCA_050506825.1,0.5,0.5,0.0171704814,TRUE,Different ST,Same source,Same study
GCA_050506985.1,GCA_050516645.1,0.6666666666666667,0.33333333333333326,0.017949160699999998,TRUE,Different ST,Same source,Same study
GCA_050506985.1,GCA_050516655.1,0.6666666666666667,0.33333333333333326,0.017949160699999998,TRUE,Different ST,Same source,Same study
GCA_050506985.1,GCA_050475575.1,0.75,0.25,0.018488673500000004,TRUE,Different ST,Same source,Same study
GCA_050506985.1,GCF_053117685.1,0.8333333333333334,0.16666666666666663,0.018488673500000004,TRUE,Different ST,Different source,Different study
GCA_050506985.1,GCF_053117705.1,0.8333333333333334,0.16666666666666663,0.018488673500000004,TRUE,Different ST,Different source,Different study
GCA_050506985.1,GCA_050506695.1,0.6666666666666667,0.33333333333333326,0.018488673500000004,TRUE,Different ST,Same source,Same study
GCA_050506985.1,GCA_050506815.1,0.8333333333333334,0.16666666666666663,0.018488673500000004,TRUE,Different ST,Same source,Same study
GCA_050506985.1,GCA_050516665.1,0.8333333333333334,0.16666666666666663,0.018488673500000004,TRUE,Different ST,Same source,Same study
GCA_050506985.1,GCA_050507065.1,0.5,0.5,0.018488673500000004,TRUE,Different ST,Same source,Same study
GCA_050506985.1,GCF_053117575.1,0.8333333333333334,0.16666666666666663,0.018488673500000004,TRUE,Different ST,Different source,Different study
GCA_050506985.1,GCA_050506995.1,0.5,0.5,0.018488673500000004,TRUE,Different ST,Same source,Same study
GCA_050506985.1,GCF_053117655.1,0.8,0.19999999999999996,0.018488673500000004,TRUE,Different ST,Different source,Different study
GCA_050506985.1,GCA_050506685.1,0.6666666666666667,0.33333333333333326,0.018488673500000004,TRUE,Different ST,Same source,Same study
GCA_050506985.1,GCA_050516675.1,0.6666666666666667,0.33333333333333326,0.018578641700000002,TRUE,Different ST,Same source,Same study
GCA_050506985.1,GCA_050485055.1,0.9166666666666666,0.08333333333333337,0.017127011500000004,TRUE,Different ST,Same source,Same study
GCA_050506985.1,GCA_050506675.1,0.75,0.25,0.017127011500000004,TRUE,Different ST,Same source,Same study
GCA_050506985.1,GCF_053117585.1,0.8571428571428572,0.1428571428571428,0.017127011500000004,TRUE,Different ST,Different source,Different study
GCA_050506985.1,GCA_050506865.1,0.8333333333333334,0.16666666666666663,0.017127011500000004,TRUE,Different ST,Same source,Same study
GCA_050506985.1,GCA_050506665.1,0.75,0.25,0.017127011500000004,TRUE,Different ST,Same source,Same study
GCA_050506985.1,GCA_050505635.1,0.875,0.125,0.0172196143,TRUE,Different ST,Same source,Same study
GCA_050506985.1,GCA_050505645.1,0.875,0.125,0.017219608900000002,TRUE,Different ST,Same source,Same study
GCA_050506985.1,GCA_050486715.1,0.6666666666666667,0.33333333333333326,0.0172160948,FALSE,ST comparison unavailable,Same source,Same study
GCA_050506985.1,GCA_050491675.1,0.8888888888888888,0.11111111111111116,0.018297651500000005,TRUE,Different ST,Same source,Same study
GCA_050506985.1,GCA_050491685.1,0.8888888888888888,0.11111111111111116,0.018297651500000005,TRUE,Different ST,Same source,Same study
GCA_050506985.1,GCF_053117675.1,0.9230769230769231,0.07692307692307687,0.018204123600000004,TRUE,Different ST,Different source,Different study
GCA_050506985.1,GCA_050472755.1,0.8571428571428572,0.1428571428571428,0.0202641202,TRUE,Different ST,Same source,Same study
GCA_050506985.1,GCA_050506875.1,0.6666666666666667,0.33333333333333326,0.022967178400000007,TRUE,Different ST,Same source,Same study
GCA_050506935.1,GCA_050506925.1,0,1,2e-6,TRUE,Same ST,Same source,Same study
GCA_050506935.1,GCA_050476085.1,0,1,0.003051729,TRUE,Different ST,Same source,Same study
GCA_050506935.1,GCA_050473355.1,0.5,0.5,0.0036310245000000002,TRUE,Different ST,Same source,Same study
GCA_050506935.1,GCA_050473345.1,0,1,0.004012791700000001,TRUE,Different ST,Same source,Same study
GCA_050506935.1,GCF_049262565.1,0.5,0.5,0.0066591771,TRUE,Different ST,Different source,Different study
GCA_050506935.1,GCA_050474485.1,0,1,0.0074975435,TRUE,Different ST,Same source,Same study
GCA_050506935.1,GCA_050485635.1,0.9444444444444444,0.05555555555555558,0.0090214816,FALSE,ST comparison unavailable,Same source,Same study
GCA_050506935.1,GCA_050469755.1,0.8333333333333334,0.16666666666666663,0.013014545599999998,TRUE,Different ST,Same source,Same study
GCA_050506935.1,GCA_050507105.1,0.9,0.09999999999999998,0.013014545599999998,TRUE,Different ST,Same source,Same study
GCA_050506935.1,GCA_050481695.1,0.9473684210526316,0.05263157894736836,0.013014545599999998,TRUE,Different ST,Same source,Same study
GCA_050506935.1,GCA_050473905.1,0.9090909090909091,0.09090909090909094,0.013014545599999998,TRUE,Different ST,Same source,Same study
GCA_050506935.1,GCA_050507075.1,0.9,0.09999999999999998,0.013014545599999998,TRUE,Different ST,Same source,Same study
GCA_050506935.1,GCA_050482265.1,0.9473684210526316,0.05263157894736836,0.013014545599999998,TRUE,Different ST,Same source,Same study
GCA_050506935.1,GCA_050492135.1,0.9,0.09999999999999998,0.013014545599999998,TRUE,Different ST,Same source,Same study
GCA_050506935.1,GCA_050492125.1,0.9,0.09999999999999998,0.013014545599999998,TRUE,Different ST,Same source,Same study
GCA_050506935.1,GCA_050506745.1,0.9411764705882353,0.05882352941176472,0.013014545599999998,TRUE,Different ST,Same source,Same study
GCA_050506935.1,GCA_050506755.1,0.9285714285714286,0.0714285714285714,0.013014545599999998,TRUE,Different ST,Same source,Same study
GCA_050506935.1,GCA_050485045.1,0.9285714285714286,0.0714285714285714,0.013014545599999998,TRUE,Different ST,Same source,Same study
GCA_050506935.1,GCA_050472745.1,0.9,0.09999999999999998,0.013014545599999998,TRUE,Different ST,Same source,Same study
GCA_050506935.1,GCA_050485625.1,0.9444444444444444,0.05555555555555558,0.0131068279,TRUE,Different ST,Same source,Same study
GCA_050506935.1,GCA_050506885.1,0.9166666666666666,0.08333333333333337,0.0161357799,TRUE,Different ST,Same source,Same study
GCA_050506935.1,GCA_050474495.1,0.8333333333333334,0.16666666666666663,0.016889680900000002,TRUE,Different ST,Same source,Same study
GCA_050506935.1,GCA_050506905.1,0.9166666666666666,0.08333333333333337,0.016889680900000002,TRUE,Different ST,Same source,Same study
GCA_050506935.1,GCF_053117695.1,0.8,0.19999999999999996,0.0158480599,TRUE,Different ST,Different source,Different study
GCA_050506935.1,GCA_050471105.1,0.5,0.5,0.0158845027,TRUE,Different ST,Same source,Same study
GCA_050506935.1,GCA_050481115.1,0.5,0.5,0.0158845027,TRUE,Different ST,Same source,Same study
GCA_050506935.1,GCA_050481685.1,0.5,0.5,0.0158845027,TRUE,Different ST,Same source,Same study
GCA_050506935.1,GCA_050481105.1,0.5,0.5,0.0158845027,TRUE,Different ST,Same source,Same study
GCA_050506935.1,GCA_050480515.1,0.5,0.5,0.0158859481,TRUE,Different ST,Same source,Same study
GCA_050506935.1,GCA_050486705.1,0.875,0.125,0.0157929208,TRUE,Different ST,Same source,Same study
GCA_050506935.1,GCA_050506725.1,0,1,0.015889356499999997,TRUE,Different ST,Same source,Same study
GCA_050506935.1,GCA_050506735.1,0,1,0.015889356499999997,TRUE,Different ST,Same source,Same study
GCA_050506935.1,GCF_053117665.1,0.8333333333333334,0.16666666666666663,0.015983969599999995,TRUE,Different ST,Different source,Different study
GCA_050506935.1,GCA_050506765.1,0.6666666666666667,0.33333333333333326,0.017264191499999998,TRUE,Different ST,Same source,Same study
GCA_050506935.1,GCA_050506825.1,0.5,0.5,0.0171704814,TRUE,Different ST,Same source,Same study
GCA_050506935.1,GCA_050516645.1,0.6666666666666667,0.33333333333333326,0.017949160699999998,TRUE,Different ST,Same source,Same study
GCA_050506935.1,GCA_050516655.1,0.6666666666666667,0.33333333333333326,0.017949160699999998,TRUE,Different ST,Same source,Same study
GCA_050506935.1,GCA_050475575.1,0.75,0.25,0.018488673500000004,TRUE,Different ST,Same source,Same study
GCA_050506935.1,GCF_053117685.1,0.8333333333333334,0.16666666666666663,0.018488673500000004,TRUE,Different ST,Different source,Different study
GCA_050506935.1,GCF_053117705.1,0.8333333333333334,0.16666666666666663,0.018488673500000004,TRUE,Different ST,Different source,Different study
GCA_050506935.1,GCA_050506695.1,0.6666666666666667,0.33333333333333326,0.018488673500000004,TRUE,Different ST,Same source,Same study
GCA_050506935.1,GCA_050506815.1,0.8333333333333334,0.16666666666666663,0.018488673500000004,TRUE,Different ST,Same source,Same study
GCA_050506935.1,GCA_050516665.1,0.8333333333333334,0.16666666666666663,0.018488673500000004,TRUE,Different ST,Same source,Same study
GCA_050506935.1,GCA_050507065.1,0.5,0.5,0.018488673500000004,TRUE,Different ST,Same source,Same study
GCA_050506935.1,GCF_053117575.1,0.8333333333333334,0.16666666666666663,0.018488673500000004,TRUE,Different ST,Different source,Different study
GCA_050506935.1,GCA_050506995.1,0.5,0.5,0.018488673500000004,TRUE,Different ST,Same source,Same study
GCA_050506935.1,GCF_053117655.1,0.8,0.19999999999999996,0.018488673500000004,TRUE,Different ST,Different source,Different study
GCA_050506935.1,GCA_050506685.1,0.6666666666666667,0.33333333333333326,0.018488673500000004,TRUE,Different ST,Same source,Same study
GCA_050506935.1,GCA_050516675.1,0.6666666666666667,0.33333333333333326,0.018578641700000002,TRUE,Different ST,Same source,Same study
GCA_050506935.1,GCA_050485055.1,0.9166666666666666,0.08333333333333337,0.017127011500000004,TRUE,Different ST,Same source,Same study
GCA_050506935.1,GCA_050506675.1,0.75,0.25,0.017127011500000004,TRUE,Different ST,Same source,Same study
GCA_050506935.1,GCF_053117585.1,0.8571428571428572,0.1428571428571428,0.017127011500000004,TRUE,Different ST,Different source,Different study
GCA_050506935.1,GCA_050506865.1,0.8333333333333334,0.16666666666666663,0.017127011500000004,TRUE,Different ST,Same source,Same study
GCA_050506935.1,GCA_050506665.1,0.75,0.25,0.017127011500000004,TRUE,Different ST,Same source,Same study
GCA_050506935.1,GCA_050505635.1,0.875,0.125,0.0172196143,TRUE,Different ST,Same source,Same study
GCA_050506935.1,GCA_050505645.1,0.875,0.125,0.017219608900000002,TRUE,Different ST,Same source,Same study
GCA_050506935.1,GCA_050486715.1,0.6666666666666667,0.33333333333333326,0.0172160948,FALSE,ST comparison unavailable,Same source,Same study
GCA_050506935.1,GCA_050491675.1,0.8888888888888888,0.11111111111111116,0.018297651500000005,TRUE,Different ST,Same source,Same study
GCA_050506935.1,GCA_050491685.1,0.8888888888888888,0.11111111111111116,0.018297651500000005,TRUE,Different ST,Same source,Same study
GCA_050506935.1,GCF_053117675.1,0.9230769230769231,0.07692307692307687,0.018204123600000004,TRUE,Different ST,Different source,Different study
GCA_050506935.1,GCA_050472755.1,0.8571428571428572,0.1428571428571428,0.0202641202,TRUE,Different ST,Same source,Same study
GCA_050506935.1,GCA_050506875.1,0.6666666666666667,0.33333333333333326,0.022967178400000007,TRUE,Different ST,Same source,Same study
GCA_050506925.1,GCA_050476085.1,0,1,0.003051729,TRUE,Different ST,Same source,Same study
GCA_050506925.1,GCA_050473355.1,0.5,0.5,0.0036310245000000002,TRUE,Different ST,Same source,Same study
GCA_050506925.1,GCA_050473345.1,0,1,0.004012791700000001,TRUE,Different ST,Same source,Same study
GCA_050506925.1,GCF_049262565.1,0.5,0.5,0.0066591771,TRUE,Different ST,Different source,Different study
GCA_050506925.1,GCA_050474485.1,0,1,0.0074975435,TRUE,Different ST,Same source,Same study
GCA_050506925.1,GCA_050485635.1,0.9444444444444444,0.05555555555555558,0.0090214816,FALSE,ST comparison unavailable,Same source,Same study
GCA_050506925.1,GCA_050469755.1,0.8333333333333334,0.16666666666666663,0.013014545599999998,TRUE,Different ST,Same source,Same study
GCA_050506925.1,GCA_050507105.1,0.9,0.09999999999999998,0.013014545599999998,TRUE,Different ST,Same source,Same study
GCA_050506925.1,GCA_050481695.1,0.9473684210526316,0.05263157894736836,0.013014545599999998,TRUE,Different ST,Same source,Same study
GCA_050506925.1,GCA_050473905.1,0.9090909090909091,0.09090909090909094,0.013014545599999998,TRUE,Different ST,Same source,Same study
GCA_050506925.1,GCA_050507075.1,0.9,0.09999999999999998,0.013014545599999998,TRUE,Different ST,Same source,Same study
GCA_050506925.1,GCA_050482265.1,0.9473684210526316,0.05263157894736836,0.013014545599999998,TRUE,Different ST,Same source,Same study
GCA_050506925.1,GCA_050492135.1,0.9,0.09999999999999998,0.013014545599999998,TRUE,Different ST,Same source,Same study
GCA_050506925.1,GCA_050492125.1,0.9,0.09999999999999998,0.013014545599999998,TRUE,Different ST,Same source,Same study
GCA_050506925.1,GCA_050506745.1,0.9411764705882353,0.05882352941176472,0.013014545599999998,TRUE,Different ST,Same source,Same study
GCA_050506925.1,GCA_050506755.1,0.9285714285714286,0.0714285714285714,0.013014545599999998,TRUE,Different ST,Same source,Same study
GCA_050506925.1,GCA_050485045.1,0.9285714285714286,0.0714285714285714,0.013014545599999998,TRUE,Different ST,Same source,Same study
GCA_050506925.1,GCA_050472745.1,0.9,0.09999999999999998,0.013014545599999998,TRUE,Different ST,Same source,Same study
GCA_050506925.1,GCA_050485625.1,0.9444444444444444,0.05555555555555558,0.0131068279,TRUE,Different ST,Same source,Same study
GCA_050506925.1,GCA_050506885.1,0.9166666666666666,0.08333333333333337,0.0161357799,TRUE,Different ST,Same source,Same study
GCA_050506925.1,GCA_050474495.1,0.8333333333333334,0.16666666666666663,0.016889680900000002,TRUE,Different ST,Same source,Same study
GCA_050506925.1,GCA_050506905.1,0.9166666666666666,0.08333333333333337,0.016889680900000002,TRUE,Different ST,Same source,Same study
GCA_050506925.1,GCF_053117695.1,0.8,0.19999999999999996,0.0158480599,TRUE,Different ST,Different source,Different study
GCA_050506925.1,GCA_050471105.1,0.5,0.5,0.0158845027,TRUE,Different ST,Same source,Same study
GCA_050506925.1,GCA_050481115.1,0.5,0.5,0.0158845027,TRUE,Different ST,Same source,Same study
GCA_050506925.1,GCA_050481685.1,0.5,0.5,0.0158845027,TRUE,Different ST,Same source,Same study
GCA_050506925.1,GCA_050481105.1,0.5,0.5,0.0158845027,TRUE,Different ST,Same source,Same study
GCA_050506925.1,GCA_050480515.1,0.5,0.5,0.0158859481,TRUE,Different ST,Same source,Same study
GCA_050506925.1,GCA_050486705.1,0.875,0.125,0.0157929208,TRUE,Different ST,Same source,Same study
GCA_050506925.1,GCA_050506725.1,0,1,0.015889356499999997,TRUE,Different ST,Same source,Same study
GCA_050506925.1,GCA_050506735.1,0,1,0.015889356499999997,TRUE,Different ST,Same source,Same study
GCA_050506925.1,GCF_053117665.1,0.8333333333333334,0.16666666666666663,0.015983969599999995,TRUE,Different ST,Different source,Different study
GCA_050506925.1,GCA_050506765.1,0.6666666666666667,0.33333333333333326,0.017264191499999998,TRUE,Different ST,Same source,Same study
GCA_050506925.1,GCA_050506825.1,0.5,0.5,0.0171704814,TRUE,Different ST,Same source,Same study
GCA_050506925.1,GCA_050516645.1,0.6666666666666667,0.33333333333333326,0.017949160699999998,TRUE,Different ST,Same source,Same study
GCA_050506925.1,GCA_050516655.1,0.6666666666666667,0.33333333333333326,0.017949160699999998,TRUE,Different ST,Same source,Same study
GCA_050506925.1,GCA_050475575.1,0.75,0.25,0.018488673500000004,TRUE,Different ST,Same source,Same study
GCA_050506925.1,GCF_053117685.1,0.8333333333333334,0.16666666666666663,0.018488673500000004,TRUE,Different ST,Different source,Different study
GCA_050506925.1,GCF_053117705.1,0.8333333333333334,0.16666666666666663,0.018488673500000004,TRUE,Different ST,Different source,Different study
GCA_050506925.1,GCA_050506695.1,0.6666666666666667,0.33333333333333326,0.018488673500000004,TRUE,Different ST,Same source,Same study
GCA_050506925.1,GCA_050506815.1,0.8333333333333334,0.16666666666666663,0.018488673500000004,TRUE,Different ST,Same source,Same study
GCA_050506925.1,GCA_050516665.1,0.8333333333333334,0.16666666666666663,0.018488673500000004,TRUE,Different ST,Same source,Same study
GCA_050506925.1,GCA_050507065.1,0.5,0.5,0.018488673500000004,TRUE,Different ST,Same source,Same study
GCA_050506925.1,GCF_053117575.1,0.8333333333333334,0.16666666666666663,0.018488673500000004,TRUE,Different ST,Different source,Different study
GCA_050506925.1,GCA_050506995.1,0.5,0.5,0.018488673500000004,TRUE,Different ST,Same source,Same study
GCA_050506925.1,GCF_053117655.1,0.8,0.19999999999999996,0.018488673500000004,TRUE,Different ST,Different source,Different study
GCA_050506925.1,GCA_050506685.1,0.6666666666666667,0.33333333333333326,0.018488673500000004,TRUE,Different ST,Same source,Same study
GCA_050506925.1,GCA_050516675.1,0.6666666666666667,0.33333333333333326,0.018578641700000002,TRUE,Different ST,Same source,Same study
GCA_050506925.1,GCA_050485055.1,0.9166666666666666,0.08333333333333337,0.017127011500000004,TRUE,Different ST,Same source,Same study
GCA_050506925.1,GCA_050506675.1,0.75,0.25,0.017127011500000004,TRUE,Different ST,Same source,Same study
GCA_050506925.1,GCF_053117585.1,0.8571428571428572,0.1428571428571428,0.017127011500000004,TRUE,Different ST,Different source,Different study
GCA_050506925.1,GCA_050506865.1,0.8333333333333334,0.16666666666666663,0.017127011500000004,TRUE,Different ST,Same source,Same study
GCA_050506925.1,GCA_050506665.1,0.75,0.25,0.017127011500000004,TRUE,Different ST,Same source,Same study
GCA_050506925.1,GCA_050505635.1,0.875,0.125,0.0172196143,TRUE,Different ST,Same source,Same study
GCA_050506925.1,GCA_050505645.1,0.875,0.125,0.017219608900000002,TRUE,Different ST,Same source,Same study
GCA_050506925.1,GCA_050486715.1,0.6666666666666667,0.33333333333333326,0.0172160948,FALSE,ST comparison unavailable,Same source,Same study
GCA_050506925.1,GCA_050491675.1,0.8888888888888888,0.11111111111111116,0.018297651500000005,TRUE,Different ST,Same source,Same study
GCA_050506925.1,GCA_050491685.1,0.8888888888888888,0.11111111111111116,0.018297651500000005,TRUE,Different ST,Same source,Same study
GCA_050506925.1,GCF_053117675.1,0.9230769230769231,0.07692307692307687,0.018204123600000004,TRUE,Different ST,Different source,Different study
GCA_050506925.1,GCA_050472755.1,0.8571428571428572,0.1428571428571428,0.0202641202,TRUE,Different ST,Same source,Same study
GCA_050506925.1,GCA_050506875.1,0.6666666666666667,0.33333333333333326,0.022967178400000007,TRUE,Different ST,Same source,Same study
GCA_050476085.1,GCA_050473355.1,0.5,0.5,5.850843e-4,TRUE,Same ST,Same source,Same study
GCA_050476085.1,GCA_050473345.1,0,1,9.668515e-4,TRUE,Different ST,Same source,Same study
GCA_050476085.1,GCF_049262565.1,0.5,0.5,0.0036132368999999996,TRUE,Different ST,Different source,Different study
GCA_050476085.1,GCA_050474485.1,0,1,0.0044516033,TRUE,Different ST,Same source,Same study
GCA_050476085.1,GCA_050485635.1,0.9444444444444444,0.05555555555555558,0.005975541399999999,FALSE,ST comparison unavailable,Same source,Same study
GCA_050476085.1,GCA_050469755.1,0.8333333333333334,0.16666666666666663,0.009968605399999997,TRUE,Different ST,Same source,Same study
GCA_050476085.1,GCA_050507105.1,0.9,0.09999999999999998,0.009968605399999997,TRUE,Different ST,Same source,Same study
GCA_050476085.1,GCA_050481695.1,0.9473684210526316,0.05263157894736836,0.009968605399999997,TRUE,Different ST,Same source,Same study
GCA_050476085.1,GCA_050473905.1,0.9090909090909091,0.09090909090909094,0.009968605399999997,TRUE,Different ST,Same source,Same study
GCA_050476085.1,GCA_050507075.1,0.9,0.09999999999999998,0.009968605399999997,TRUE,Different ST,Same source,Same study
GCA_050476085.1,GCA_050482265.1,0.9473684210526316,0.05263157894736836,0.009968605399999997,TRUE,Different ST,Same source,Same study
GCA_050476085.1,GCA_050492135.1,0.9,0.09999999999999998,0.009968605399999997,TRUE,Different ST,Same source,Same study
GCA_050476085.1,GCA_050492125.1,0.9,0.09999999999999998,0.009968605399999997,TRUE,Different ST,Same source,Same study
GCA_050476085.1,GCA_050506745.1,0.9411764705882353,0.05882352941176472,0.009968605399999997,TRUE,Different ST,Same source,Same study
GCA_050476085.1,GCA_050506755.1,0.9285714285714286,0.0714285714285714,0.009968605399999997,TRUE,Different ST,Same source,Same study
GCA_050476085.1,GCA_050485045.1,0.9285714285714286,0.0714285714285714,0.009968605399999997,TRUE,Different ST,Same source,Same study
GCA_050476085.1,GCA_050472745.1,0.9,0.09999999999999998,0.009968605399999997,TRUE,Different ST,Same source,Same study
GCA_050476085.1,GCA_050485625.1,0.9444444444444444,0.05555555555555558,0.010060887699999998,TRUE,Different ST,Same source,Same study
GCA_050476085.1,GCA_050506885.1,0.9166666666666666,0.08333333333333337,0.013089839699999998,TRUE,Different ST,Same source,Same study
GCA_050476085.1,GCA_050474495.1,0.8333333333333334,0.16666666666666663,0.013843740699999997,TRUE,Different ST,Same source,Same study
GCA_050476085.1,GCA_050506905.1,0.9166666666666666,0.08333333333333337,0.013843740699999997,TRUE,Different ST,Same source,Same study
GCA_050476085.1,GCF_053117695.1,0.8,0.19999999999999996,0.0128021197,TRUE,Different ST,Different source,Different study
GCA_050476085.1,GCA_050471105.1,0.5,0.5,0.012838562500000001,TRUE,Different ST,Same source,Same study
GCA_050476085.1,GCA_050481115.1,0.5,0.5,0.012838562500000001,TRUE,Different ST,Same source,Same study
GCA_050476085.1,GCA_050481685.1,0.5,0.5,0.012838562500000001,TRUE,Different ST,Same source,Same study
GCA_050476085.1,GCA_050481105.1,0.5,0.5,0.012838562500000001,TRUE,Different ST,Same source,Same study
GCA_050476085.1,GCA_050480515.1,0.5,0.5,0.012840007900000002,TRUE,Different ST,Same source,Same study
GCA_050476085.1,GCA_050486705.1,0.875,0.125,0.0127469806,TRUE,Different ST,Same source,Same study
GCA_050476085.1,GCA_050506725.1,0,1,0.0128434163,TRUE,Different ST,Same source,Same study
GCA_050476085.1,GCA_050506735.1,0,1,0.0128434163,TRUE,Different ST,Same source,Same study
GCA_050476085.1,GCF_053117665.1,0.8333333333333334,0.16666666666666663,0.012938029400000002,TRUE,Different ST,Different source,Different study
GCA_050476085.1,GCA_050506765.1,0.6666666666666667,0.33333333333333326,0.014218251300000002,TRUE,Different ST,Same source,Same study
GCA_050476085.1,GCA_050506825.1,0.5,0.5,0.014124541200000002,TRUE,Different ST,Same source,Same study
GCA_050476085.1,GCA_050516645.1,0.6666666666666667,0.33333333333333326,0.014903220500000001,TRUE,Different ST,Same source,Same study
GCA_050476085.1,GCA_050516655.1,0.6666666666666667,0.33333333333333326,0.014903220500000001,TRUE,Different ST,Same source,Same study
GCA_050476085.1,GCA_050475575.1,0.75,0.25,0.015442733299999999,TRUE,Different ST,Same source,Same study
GCA_050476085.1,GCF_053117685.1,0.8333333333333334,0.16666666666666663,0.015442733299999999,TRUE,Different ST,Different source,Different study
GCA_050476085.1,GCF_053117705.1,0.8333333333333334,0.16666666666666663,0.015442733299999999,TRUE,Different ST,Different source,Different study
GCA_050476085.1,GCA_050506695.1,0.6666666666666667,0.33333333333333326,0.015442733299999999,TRUE,Different ST,Same source,Same study
GCA_050476085.1,GCA_050506815.1,0.8333333333333334,0.16666666666666663,0.015442733299999999,TRUE,Different ST,Same source,Same study
GCA_050476085.1,GCA_050516665.1,0.8333333333333334,0.16666666666666663,0.015442733299999999,TRUE,Different ST,Same source,Same study
GCA_050476085.1,GCA_050507065.1,0.5,0.5,0.015442733299999999,TRUE,Different ST,Same source,Same study
GCA_050476085.1,GCF_053117575.1,0.8333333333333334,0.16666666666666663,0.015442733299999999,TRUE,Different ST,Different source,Different study
GCA_050476085.1,GCA_050506995.1,0.5,0.5,0.015442733299999999,TRUE,Different ST,Same source,Same study
GCA_050476085.1,GCF_053117655.1,0.8,0.19999999999999996,0.015442733299999999,TRUE,Different ST,Different source,Different study
GCA_050476085.1,GCA_050506685.1,0.6666666666666667,0.33333333333333326,0.015442733299999999,TRUE,Different ST,Same source,Same study
GCA_050476085.1,GCA_050516675.1,0.6666666666666667,0.33333333333333326,0.015532701500000001,TRUE,Different ST,Same source,Same study
GCA_050476085.1,GCA_050485055.1,0.9166666666666666,0.08333333333333337,0.0140810713,TRUE,Different ST,Same source,Same study
GCA_050476085.1,GCA_050506675.1,0.75,0.25,0.0140810713,TRUE,Different ST,Same source,Same study
GCA_050476085.1,GCF_053117585.1,0.8571428571428572,0.1428571428571428,0.0140810713,TRUE,Different ST,Different source,Different study
GCA_050476085.1,GCA_050506865.1,0.8333333333333334,0.16666666666666663,0.0140810713,TRUE,Different ST,Same source,Same study
GCA_050476085.1,GCA_050506665.1,0.75,0.25,0.0140810713,TRUE,Different ST,Same source,Same study
GCA_050476085.1,GCA_050505635.1,0.875,0.125,0.014173674100000002,TRUE,Different ST,Same source,Same study
GCA_050476085.1,GCA_050505645.1,0.875,0.125,0.014173668700000001,TRUE,Different ST,Same source,Same study
GCA_050476085.1,GCA_050486715.1,0.6666666666666667,0.33333333333333326,0.014170154600000002,FALSE,ST comparison unavailable,Same source,Same study
GCA_050476085.1,GCA_050491675.1,0.8888888888888888,0.11111111111111116,0.0152517113,TRUE,Different ST,Same source,Same study
GCA_050476085.1,GCA_050491685.1,0.8888888888888888,0.11111111111111116,0.0152517113,TRUE,Different ST,Same source,Same study
GCA_050476085.1,GCF_053117675.1,0.9230769230769231,0.07692307692307687,0.0151581834,TRUE,Different ST,Different source,Different study
GCA_050476085.1,GCA_050472755.1,0.8571428571428572,0.1428571428571428,0.01721818,TRUE,Different ST,Same source,Same study
GCA_050476085.1,GCA_050506875.1,0.6666666666666667,0.33333333333333326,0.019921238200000007,TRUE,Different ST,Same source,Same study
GCA_050473355.1,GCA_050473345.1,0.5,0.5,3.862816e-4,TRUE,Different ST,Same source,Same study
GCA_050473355.1,GCF_049262565.1,0.6666666666666667,0.33333333333333326,0.0030326669999999997,TRUE,Different ST,Different source,Different study
GCA_050473355.1,GCA_050474485.1,0.5,0.5,0.0038710334,TRUE,Different ST,Same source,Same study
GCA_050473355.1,GCA_050485635.1,0.8888888888888888,0.11111111111111116,0.0053949715,FALSE,ST comparison unavailable,Same source,Same study
GCA_050473355.1,GCA_050469755.1,0.6666666666666667,0.33333333333333326,0.0093880355,TRUE,Different ST,Same source,Same study
GCA_050473355.1,GCA_050507105.1,0.8,0.19999999999999996,0.0093880355,TRUE,Different ST,Same source,Same study
GCA_050473355.1,GCA_050481695.1,0.8947368421052632,0.10526315789473684,0.0093880355,TRUE,Different ST,Same source,Same study
GCA_050473355.1,GCA_050473905.1,0.8181818181818181,0.18181818181818188,0.0093880355,TRUE,Different ST,Same source,Same study
GCA_050473355.1,GCA_050507075.1,0.8,0.19999999999999996,0.0093880355,TRUE,Different ST,Same source,Same study
GCA_050473355.1,GCA_050482265.1,0.8947368421052632,0.10526315789473684,0.0093880355,TRUE,Different ST,Same source,Same study
GCA_050473355.1,GCA_050492135.1,0.8,0.19999999999999996,0.0093880355,TRUE,Different ST,Same source,Same study
GCA_050473355.1,GCA_050492125.1,0.8,0.19999999999999996,0.0093880355,TRUE,Different ST,Same source,Same study
GCA_050473355.1,GCA_050506745.1,0.8823529411764706,0.11764705882352944,0.0093880355,TRUE,Different ST,Same source,Same study
GCA_050473355.1,GCA_050506755.1,0.8571428571428572,0.1428571428571428,0.0093880355,TRUE,Different ST,Same source,Same study
GCA_050473355.1,GCA_050485045.1,0.8571428571428572,0.1428571428571428,0.0093880355,TRUE,Different ST,Same source,Same study
GCA_050473355.1,GCA_050472745.1,0.8,0.19999999999999996,0.0093880355,TRUE,Different ST,Same source,Same study
GCA_050473355.1,GCA_050485625.1,0.8888888888888888,0.11111111111111116,0.0094803178,TRUE,Different ST,Same source,Same study
GCA_050473355.1,GCA_050506885.1,0.9230769230769231,0.07692307692307687,0.0125092698,TRUE,Different ST,Same source,Same study
GCA_050473355.1,GCA_050474495.1,0.6666666666666667,0.33333333333333326,0.0132631708,TRUE,Different ST,Same source,Same study
GCA_050473355.1,GCA_050506905.1,0.8333333333333334,0.16666666666666663,0.0132631708,TRUE,Different ST,Same source,Same study
GCA_050473355.1,GCF_053117695.1,0.6,0.4,0.012221549799999998,TRUE,Different ST,Different source,Different study
GCA_050473355.1,GCA_050471105.1,0,1,0.0122579926,TRUE,Different ST,Same source,Same study
GCA_050473355.1,GCA_050481115.1,0,1,0.0122579926,TRUE,Different ST,Same source,Same study
GCA_050473355.1,GCA_050481685.1,0,1,0.0122579926,TRUE,Different ST,Same source,Same study
GCA_050473355.1,GCA_050481105.1,0,1,0.0122579926,TRUE,Different ST,Same source,Same study
GCA_050473355.1,GCA_050480515.1,0,1,0.012259438000000001,TRUE,Different ST,Same source,Same study
GCA_050473355.1,GCA_050486705.1,0.75,0.25,0.0121664107,TRUE,Different ST,Same source,Same study
GCA_050473355.1,GCA_050506725.1,0.5,0.5,0.0122628464,TRUE,Different ST,Same source,Same study
GCA_050473355.1,GCA_050506735.1,0.5,0.5,0.0122628464,TRUE,Different ST,Same source,Same study
GCA_050473355.1,GCF_053117665.1,0.6666666666666667,0.33333333333333326,0.012357459500000001,TRUE,Different ST,Different source,Different study
GCA_050473355.1,GCA_050506765.1,0.33333333333333337,0.6666666666666666,0.0136376814,TRUE,Different ST,Same source,Same study
GCA_050473355.1,GCA_050506825.1,0,1,0.0135439713,TRUE,Different ST,Same source,Same study
GCA_050473355.1,GCA_050516645.1,0.75,0.25,0.0143226506,TRUE,Different ST,Same source,Same study
GCA_050473355.1,GCA_050516655.1,0.75,0.25,0.0143226506,TRUE,Different ST,Same source,Same study
GCA_050473355.1,GCA_050475575.1,0.5,0.5,0.014862163399999998,TRUE,Different ST,Same source,Same study
GCA_050473355.1,GCF_053117685.1,0.6666666666666667,0.33333333333333326,0.014862163399999998,TRUE,Different ST,Different source,Different study
GCA_050473355.1,GCF_053117705.1,0.6666666666666667,0.33333333333333326,0.014862163399999998,TRUE,Different ST,Different source,Different study
GCA_050473355.1,GCA_050506695.1,0.33333333333333337,0.6666666666666666,0.014862163399999998,TRUE,Different ST,Same source,Same study
GCA_050473355.1,GCA_050506815.1,0.6666666666666667,0.33333333333333326,0.014862163399999998,TRUE,Different ST,Same source,Same study
GCA_050473355.1,GCA_050516665.1,0.6666666666666667,0.33333333333333326,0.014862163399999998,TRUE,Different ST,Same source,Same study
GCA_050473355.1,GCA_050507065.1,0,1,0.014862163399999998,TRUE,Different ST,Same source,Same study
GCA_050473355.1,GCF_053117575.1,0.6666666666666667,0.33333333333333326,0.014862163399999998,TRUE,Different ST,Different source,Different study
GCA_050473355.1,GCA_050506995.1,0,1,0.014862163399999998,TRUE,Different ST,Same source,Same study
GCA_050473355.1,GCF_053117655.1,0.6,0.4,0.014862163399999998,TRUE,Different ST,Different source,Different study
GCA_050473355.1,GCA_050506685.1,0.33333333333333337,0.6666666666666666,0.014862163399999998,TRUE,Different ST,Same source,Same study
GCA_050473355.1,GCA_050516675.1,0.33333333333333337,0.6666666666666666,0.0149521316,TRUE,Different ST,Same source,Same study
GCA_050473355.1,GCA_050485055.1,0.8333333333333334,0.16666666666666663,0.013500501399999998,TRUE,Different ST,Same source,Same study
GCA_050473355.1,GCA_050506675.1,0.5,0.5,0.013500501399999998,TRUE,Different ST,Same source,Same study
GCA_050473355.1,GCF_053117585.1,0.7142857142857143,0.2857142857142857,0.013500501399999998,TRUE,Different ST,Different source,Different study
GCA_050473355.1,GCA_050506865.1,0.6666666666666667,0.33333333333333326,0.013500501399999998,TRUE,Different ST,Same source,Same study
GCA_050473355.1,GCA_050506665.1,0.5,0.5,0.013500501399999998,TRUE,Different ST,Same source,Same study
GCA_050473355.1,GCA_050505635.1,0.75,0.25,0.013593104200000001,TRUE,Different ST,Same source,Same study
GCA_050473355.1,GCA_050505645.1,0.75,0.25,0.0135930988,TRUE,Different ST,Same source,Same study
GCA_050473355.1,GCA_050486715.1,0.33333333333333337,0.6666666666666666,0.0135895847,FALSE,ST comparison unavailable,Same source,Same study
GCA_050473355.1,GCA_050491675.1,0.7777777777777778,0.2222222222222222,0.014671141399999999,TRUE,Different ST,Same source,Same study
GCA_050473355.1,GCA_050491685.1,0.7777777777777778,0.2222222222222222,0.014671141399999999,TRUE,Different ST,Same source,Same study
GCA_050473355.1,GCF_053117675.1,0.8461538461538461,0.15384615384615385,0.0145776135,TRUE,Different ST,Different source,Different study
GCA_050473355.1,GCA_050472755.1,0.7142857142857143,0.2857142857142857,0.0166376101,TRUE,Different ST,Same source,Same study
GCA_050473355.1,GCA_050506875.1,0.75,0.25,0.019340668300000006,TRUE,Different ST,Same source,Same study
GCA_050473345.1,GCF_049262565.1,0.5,0.5,0.0031668184,TRUE,Different ST,Different source,Different study
GCA_050473345.1,GCA_050474485.1,0,1,0.0040051848,TRUE,Different ST,Same source,Same study
GCA_050473345.1,GCA_050485635.1,0.9444444444444444,0.05555555555555558,0.0055291229,FALSE,ST comparison unavailable,Same source,Same study
GCA_050473345.1,GCA_050469755.1,0.8333333333333334,0.16666666666666663,0.009522186899999998,TRUE,Different ST,Same source,Same study
GCA_050473345.1,GCA_050507105.1,0.9,0.09999999999999998,0.009522186899999998,TRUE,Different ST,Same source,Same study
GCA_050473345.1,GCA_050481695.1,0.9473684210526316,0.05263157894736836,0.009522186899999998,TRUE,Different ST,Same source,Same study
GCA_050473345.1,GCA_050473905.1,0.9090909090909091,0.09090909090909094,0.009522186899999998,TRUE,Different ST,Same source,Same study
GCA_050473345.1,GCA_050507075.1,0.9,0.09999999999999998,0.009522186899999998,TRUE,Different ST,Same source,Same study
GCA_050473345.1,GCA_050482265.1,0.9473684210526316,0.05263157894736836,0.009522186899999998,TRUE,Different ST,Same source,Same study
GCA_050473345.1,GCA_050492135.1,0.9,0.09999999999999998,0.009522186899999998,TRUE,Different ST,Same source,Same study
GCA_050473345.1,GCA_050492125.1,0.9,0.09999999999999998,0.009522186899999998,TRUE,Different ST,Same source,Same study
GCA_050473345.1,GCA_050506745.1,0.9411764705882353,0.05882352941176472,0.009522186899999998,TRUE,Different ST,Same source,Same study
GCA_050473345.1,GCA_050506755.1,0.9285714285714286,0.0714285714285714,0.009522186899999998,TRUE,Different ST,Same source,Same study
GCA_050473345.1,GCA_050485045.1,0.9285714285714286,0.0714285714285714,0.009522186899999998,TRUE,Different ST,Same source,Same study
GCA_050473345.1,GCA_050472745.1,0.9,0.09999999999999998,0.009522186899999998,TRUE,Different ST,Same source,Same study
GCA_050473345.1,GCA_050485625.1,0.9444444444444444,0.05555555555555558,0.0096144692,TRUE,Different ST,Same source,Same study
GCA_050473345.1,GCA_050506885.1,0.9166666666666666,0.08333333333333337,0.0126434212,TRUE,Different ST,Same source,Same study
GCA_050473345.1,GCA_050474495.1,0.8333333333333334,0.16666666666666663,0.013397322199999999,TRUE,Different ST,Same source,Same study
GCA_050473345.1,GCA_050506905.1,0.9166666666666666,0.08333333333333337,0.013397322199999999,TRUE,Different ST,Same source,Same study
GCA_050473345.1,GCF_053117695.1,0.8,0.19999999999999996,0.0123557012,TRUE,Different ST,Different source,Different study
GCA_050473345.1,GCA_050471105.1,0.5,0.5,0.012392144,TRUE,Different ST,Same source,Same study
GCA_050473345.1,GCA_050481115.1,0.5,0.5,0.012392144,TRUE,Different ST,Same source,Same study
GCA_050473345.1,GCA_050481685.1,0.5,0.5,0.012392144,TRUE,Different ST,Same source,Same study
GCA_050473345.1,GCA_050481105.1,0.5,0.5,0.012392144,TRUE,Different ST,Same source,Same study
GCA_050473345.1,GCA_050480515.1,0.5,0.5,0.012393589400000002,TRUE,Different ST,Same source,Same study
GCA_050473345.1,GCA_050486705.1,0.875,0.125,0.0123005621,TRUE,Different ST,Same source,Same study
GCA_050473345.1,GCA_050506725.1,0,1,0.0123969978,TRUE,Different ST,Same source,Same study
GCA_050473345.1,GCA_050506735.1,0,1,0.0123969978,TRUE,Different ST,Same source,Same study
GCA_050473345.1,GCF_053117665.1,0.8333333333333334,0.16666666666666663,0.012491610900000002,TRUE,Different ST,Different source,Different study
GCA_050473345.1,GCA_050506765.1,0.6666666666666667,0.33333333333333326,0.013771832800000001,TRUE,Different ST,Same source,Same study
GCA_050473345.1,GCA_050506825.1,0.5,0.5,0.013678122700000002,TRUE,Different ST,Same source,Same study
GCA_050473345.1,GCA_050516645.1,0.6666666666666667,0.33333333333333326,0.014456802000000001,TRUE,Different ST,Same source,Same study
GCA_050473345.1,GCA_050516655.1,0.6666666666666667,0.33333333333333326,0.014456802000000001,TRUE,Different ST,Same source,Same study
GCA_050473345.1,GCA_050475575.1,0.75,0.25,0.014996314799999999,TRUE,Different ST,Same source,Same study
GCA_050473345.1,GCF_053117685.1,0.8333333333333334,0.16666666666666663,0.014996314799999999,TRUE,Different ST,Different source,Different study
GCA_050473345.1,GCF_053117705.1,0.8333333333333334,0.16666666666666663,0.014996314799999999,TRUE,Different ST,Different source,Different study
GCA_050473345.1,GCA_050506695.1,0.6666666666666667,0.33333333333333326,0.014996314799999999,TRUE,Different ST,Same source,Same study
GCA_050473345.1,GCA_050506815.1,0.8333333333333334,0.16666666666666663,0.014996314799999999,TRUE,Different ST,Same source,Same study
GCA_050473345.1,GCA_050516665.1,0.8333333333333334,0.16666666666666663,0.014996314799999999,TRUE,Different ST,Same source,Same study
GCA_050473345.1,GCA_050507065.1,0.5,0.5,0.014996314799999999,TRUE,Different ST,Same source,Same study
GCA_050473345.1,GCF_053117575.1,0.8333333333333334,0.16666666666666663,0.014996314799999999,TRUE,Different ST,Different source,Different study
GCA_050473345.1,GCA_050506995.1,0.5,0.5,0.014996314799999999,TRUE,Different ST,Same source,Same study
GCA_050473345.1,GCF_053117655.1,0.8,0.19999999999999996,0.014996314799999999,TRUE,Different ST,Different source,Different study
GCA_050473345.1,GCA_050506685.1,0.6666666666666667,0.33333333333333326,0.014996314799999999,TRUE,Different ST,Same source,Same study
GCA_050473345.1,GCA_050516675.1,0.6666666666666667,0.33333333333333326,0.015086283,TRUE,Different ST,Same source,Same study
GCA_050473345.1,GCA_050485055.1,0.9166666666666666,0.08333333333333337,0.013634652799999999,TRUE,Different ST,Same source,Same study
GCA_050473345.1,GCA_050506675.1,0.75,0.25,0.013634652799999999,TRUE,Different ST,Same source,Same study
GCA_050473345.1,GCF_053117585.1,0.8571428571428572,0.1428571428571428,0.013634652799999999,TRUE,Different ST,Different source,Different study
GCA_050473345.1,GCA_050506865.1,0.8333333333333334,0.16666666666666663,0.013634652799999999,TRUE,Different ST,Same source,Same study
GCA_050473345.1,GCA_050506665.1,0.75,0.25,0.013634652799999999,TRUE,Different ST,Same source,Same study
GCA_050473345.1,GCA_050505635.1,0.875,0.125,0.013727255600000002,TRUE,Different ST,Same source,Same study
GCA_050473345.1,GCA_050505645.1,0.875,0.125,0.0137272502,TRUE,Different ST,Same source,Same study
GCA_050473345.1,GCA_050486715.1,0.6666666666666667,0.33333333333333326,0.013723736100000002,FALSE,ST comparison unavailable,Same source,Same study
GCA_050473345.1,GCA_050491675.1,0.8888888888888888,0.11111111111111116,0.0148052928,TRUE,Different ST,Same source,Same study
GCA_050473345.1,GCA_050491685.1,0.8888888888888888,0.11111111111111116,0.0148052928,TRUE,Different ST,Same source,Same study
GCA_050473345.1,GCF_053117675.1,0.9230769230769231,0.07692307692307687,0.0147117649,TRUE,Different ST,Different source,Different study
GCA_050473345.1,GCA_050472755.1,0.8571428571428572,0.1428571428571428,0.016771761500000003,TRUE,Different ST,Same source,Same study
GCA_050473345.1,GCA_050506875.1,0.6666666666666667,0.33333333333333326,0.019474819700000003,TRUE,Different ST,Same source,Same study
GCF_049262565.1,GCA_050474485.1,0.5,0.5,0.0045950724,TRUE,Different ST,Different source,Different study
GCF_049262565.1,GCA_050485635.1,0.8888888888888888,0.11111111111111116,0.0061190105,FALSE,ST comparison unavailable,Different source,Different study
GCF_049262565.1,GCA_050469755.1,0.8571428571428572,0.1428571428571428,0.010112074499999998,TRUE,Different ST,Different source,Different study
GCF_049262565.1,GCA_050507105.1,0.8,0.19999999999999996,0.010112074499999998,TRUE,Different ST,Different source,Different study
GCF_049262565.1,GCA_050481695.1,0.8947368421052632,0.10526315789473684,0.010112074499999998,TRUE,Different ST,Different source,Different study
GCF_049262565.1,GCA_050473905.1,0.8181818181818181,0.18181818181818188,0.010112074499999998,TRUE,Different ST,Different source,Different study
GCF_049262565.1,GCA_050507075.1,0.8,0.19999999999999996,0.010112074499999998,TRUE,Different ST,Different source,Different study
GCF_049262565.1,GCA_050482265.1,0.8947368421052632,0.10526315789473684,0.010112074499999998,TRUE,Different ST,Different source,Different study
GCF_049262565.1,GCA_050492135.1,0.8,0.19999999999999996,0.010112074499999998,TRUE,Different ST,Different source,Different study
GCF_049262565.1,GCA_050492125.1,0.8,0.19999999999999996,0.010112074499999998,TRUE,Different ST,Different source,Different study
GCF_049262565.1,GCA_050506745.1,0.8823529411764706,0.11764705882352944,0.010112074499999998,TRUE,Different ST,Different source,Different study
GCF_049262565.1,GCA_050506755.1,0.8571428571428572,0.1428571428571428,0.010112074499999998,TRUE,Different ST,Different source,Different study
GCF_049262565.1,GCA_050485045.1,0.9333333333333333,0.06666666666666665,0.010112074499999998,TRUE,Different ST,Different source,Different study
GCF_049262565.1,GCA_050472745.1,0.8,0.19999999999999996,0.010112074499999998,TRUE,Different ST,Different source,Different study
GCF_049262565.1,GCA_050485625.1,0.8888888888888888,0.11111111111111116,0.0102043568,TRUE,Different ST,Different source,Different study
GCF_049262565.1,GCA_050506885.1,0.8333333333333334,0.16666666666666663,0.0132333088,TRUE,Different ST,Different source,Different study
GCF_049262565.1,GCA_050474495.1,0.6666666666666667,0.33333333333333326,0.013987209799999999,TRUE,Different ST,Different source,Different study
GCF_049262565.1,GCA_050506905.1,0.8333333333333334,0.16666666666666663,0.013987209799999999,TRUE,Different ST,Different source,Different study
GCF_049262565.1,GCF_053117695.1,0.6,0.4,0.012945588800000001,TRUE,Different ST,Same source,Different study
GCF_049262565.1,GCA_050471105.1,0.6666666666666667,0.33333333333333326,0.0129820316,TRUE,Different ST,Different source,Different study
GCF_049262565.1,GCA_050481115.1,0.6666666666666667,0.33333333333333326,0.0129820316,TRUE,Different ST,Different source,Different study
GCF_049262565.1,GCA_050481685.1,0.6666666666666667,0.33333333333333326,0.0129820316,TRUE,Different ST,Different source,Different study
GCF_049262565.1,GCA_050481105.1,0.6666666666666667,0.33333333333333326,0.0129820316,TRUE,Different ST,Different source,Different study
GCF_049262565.1,GCA_050480515.1,0.6666666666666667,0.33333333333333326,0.012983477000000002,TRUE,Different ST,Different source,Different study
GCF_049262565.1,GCA_050486705.1,0.75,0.25,0.0128904497,TRUE,Different ST,Different source,Different study
GCF_049262565.1,GCA_050506725.1,0.5,0.5,0.0129868854,TRUE,Different ST,Different source,Different study
GCF_049262565.1,GCA_050506735.1,0.5,0.5,0.0129868854,TRUE,Different ST,Different source,Different study
GCF_049262565.1,GCF_053117665.1,0.6666666666666667,0.33333333333333326,0.013081498500000002,TRUE,Different ST,Same source,Different study
GCF_049262565.1,GCA_050506765.1,0.33333333333333337,0.6666666666666666,0.0143617204,TRUE,Different ST,Different source,Different study
GCF_049262565.1,GCA_050506825.1,0.6666666666666667,0.33333333333333326,0.0142680103,TRUE,Different ST,Different source,Different study
GCF_049262565.1,GCA_050516645.1,0.33333333333333337,0.6666666666666666,0.0150466896,TRUE,Different ST,Different source,Different study
GCF_049262565.1,GCA_050516655.1,0.33333333333333337,0.6666666666666666,0.0150466896,TRUE,Different ST,Different source,Different study
GCF_049262565.1,GCA_050475575.1,0.5,0.5,0.015586202399999997,TRUE,Different ST,Different source,Different study
GCF_049262565.1,GCF_053117685.1,0.6666666666666667,0.33333333333333326,0.015586202399999997,TRUE,Different ST,Same source,Different study
GCF_049262565.1,GCF_053117705.1,0.6666666666666667,0.33333333333333326,0.015586202399999997,TRUE,Different ST,Same source,Different study
GCF_049262565.1,GCA_050506695.1,0.33333333333333337,0.6666666666666666,0.015586202399999997,TRUE,Different ST,Different source,Different study
GCF_049262565.1,GCA_050506815.1,0.6666666666666667,0.33333333333333326,0.015586202399999997,TRUE,Different ST,Different source,Different study
GCF_049262565.1,GCA_050516665.1,0.6666666666666667,0.33333333333333326,0.015586202399999997,TRUE,Different ST,Different source,Different study
GCF_049262565.1,GCA_050507065.1,0.6666666666666667,0.33333333333333326,0.015586202399999997,TRUE,Different ST,Different source,Different study
GCF_049262565.1,GCF_053117575.1,0.6666666666666667,0.33333333333333326,0.015586202399999997,TRUE,Different ST,Same source,Different study
GCF_049262565.1,GCA_050506995.1,0.6666666666666667,0.33333333333333326,0.015586202399999997,TRUE,Different ST,Different source,Different study
GCF_049262565.1,GCF_053117655.1,0.6,0.4,0.015586202399999997,TRUE,Different ST,Same source,Different study
GCF_049262565.1,GCA_050506685.1,0.33333333333333337,0.6666666666666666,0.015586202399999997,TRUE,Different ST,Different source,Different study
GCF_049262565.1,GCA_050516675.1,0.33333333333333337,0.6666666666666666,0.015676170599999997,TRUE,Different ST,Different source,Different study
GCF_049262565.1,GCA_050485055.1,0.9230769230769231,0.07692307692307687,0.014224540399999997,TRUE,Different ST,Different source,Different study
GCF_049262565.1,GCA_050506675.1,0.5,0.5,0.014224540399999997,TRUE,Different ST,Different source,Different study
GCF_049262565.1,GCF_053117585.1,0.7142857142857143,0.2857142857142857,0.014224540399999997,TRUE,Different ST,Same source,Different study
GCF_049262565.1,GCA_050506865.1,0.6666666666666667,0.33333333333333326,0.014224540399999997,TRUE,Different ST,Different source,Different study
GCF_049262565.1,GCA_050506665.1,0.5,0.5,0.014224540399999997,TRUE,Different ST,Different source,Different study
GCF_049262565.1,GCA_050505635.1,0.75,0.25,0.0143171432,TRUE,Different ST,Different source,Different study
GCF_049262565.1,GCA_050505645.1,0.75,0.25,0.0143171378,TRUE,Different ST,Different source,Different study
GCF_049262565.1,GCA_050486715.1,0.75,0.25,0.0143136237,FALSE,ST comparison unavailable,Different source,Different study
GCF_049262565.1,GCA_050491675.1,0.7777777777777778,0.2222222222222222,0.015395180399999998,TRUE,Different ST,Different source,Different study
GCF_049262565.1,GCA_050491685.1,0.7777777777777778,0.2222222222222222,0.015395180399999998,TRUE,Different ST,Different source,Different study
GCF_049262565.1,GCF_053117675.1,0.8461538461538461,0.15384615384615385,0.015301652499999999,TRUE,Different ST,Same source,Different study
GCF_049262565.1,GCA_050472755.1,0.7142857142857143,0.2857142857142857,0.0173616491,TRUE,Different ST,Different source,Different study
GCF_049262565.1,GCA_050506875.1,0.33333333333333337,0.6666666666666666,0.0200647073,TRUE,Different ST,Different source,Different study
GCA_050474485.1,GCA_050485635.1,0.9444444444444444,0.05555555555555558,0.0032315945,FALSE,ST comparison unavailable,Same source,Same study
GCA_050474485.1,GCA_050469755.1,0.8333333333333334,0.16666666666666663,0.0072246585,TRUE,Different ST,Same source,Same study
GCA_050474485.1,GCA_050507105.1,0.9,0.09999999999999998,0.0072246585,TRUE,Different ST,Same source,Same study
GCA_050474485.1,GCA_050481695.1,0.9473684210526316,0.05263157894736836,0.0072246585,TRUE,Different ST,Same source,Same study
GCA_050474485.1,GCA_050473905.1,0.9090909090909091,0.09090909090909094,0.0072246585,TRUE,Different ST,Same source,Same study
GCA_050474485.1,GCA_050507075.1,0.9,0.09999999999999998,0.0072246585,TRUE,Different ST,Same source,Same study
GCA_050474485.1,GCA_050482265.1,0.9473684210526316,0.05263157894736836,0.0072246585,TRUE,Different ST,Same source,Same study
GCA_050474485.1,GCA_050492135.1,0.9,0.09999999999999998,0.0072246585,TRUE,Different ST,Same source,Same study
GCA_050474485.1,GCA_050492125.1,0.9,0.09999999999999998,0.0072246585,TRUE,Different ST,Same source,Same study
GCA_050474485.1,GCA_050506745.1,0.9411764705882353,0.05882352941176472,0.0072246585,TRUE,Different ST,Same source,Same study
GCA_050474485.1,GCA_050506755.1,0.9285714285714286,0.0714285714285714,0.0072246585,TRUE,Different ST,Same source,Same study
GCA_050474485.1,GCA_050485045.1,0.9285714285714286,0.0714285714285714,0.0072246585,TRUE,Different ST,Same source,Same study
GCA_050474485.1,GCA_050472745.1,0.9,0.09999999999999998,0.0072246585,TRUE,Different ST,Same source,Same study
GCA_050474485.1,GCA_050485625.1,0.9444444444444444,0.05555555555555558,0.0073169407999999995,TRUE,Different ST,Same source,Same study
GCA_050474485.1,GCA_050506885.1,0.9166666666666666,0.08333333333333337,0.0103458928,TRUE,Different ST,Same source,Same study
GCA_050474485.1,GCA_050474495.1,0.8333333333333334,0.16666666666666663,0.011099793799999999,TRUE,Different ST,Same source,Same study
GCA_050474485.1,GCA_050506905.1,0.9166666666666666,0.08333333333333337,0.011099793799999999,TRUE,Different ST,Same source,Same study
GCA_050474485.1,GCF_053117695.1,0.8,0.19999999999999996,0.010058172800000001,TRUE,Different ST,Different source,Different study
GCA_050474485.1,GCA_050471105.1,0.5,0.5,0.0100946156,TRUE,Different ST,Same source,Same study
GCA_050474485.1,GCA_050481115.1,0.5,0.5,0.0100946156,TRUE,Different ST,Same source,Same study
GCA_050474485.1,GCA_050481685.1,0.5,0.5,0.0100946156,TRUE,Different ST,Same source,Same study
GCA_050474485.1,GCA_050481105.1,0.5,0.5,0.0100946156,TRUE,Different ST,Same source,Same study
GCA_050474485.1,GCA_050480515.1,0.5,0.5,0.010096061000000002,TRUE,Different ST,Same source,Same study
GCA_050474485.1,GCA_050486705.1,0.875,0.125,0.0100030337,TRUE,Different ST,Same source,Same study
GCA_050474485.1,GCA_050506725.1,0,1,0.0100994694,TRUE,Different ST,Same source,Same study
GCA_050474485.1,GCA_050506735.1,0,1,0.0100994694,TRUE,Different ST,Same source,Same study
GCA_050474485.1,GCF_053117665.1,0.8333333333333334,0.16666666666666663,0.010194082500000002,TRUE,Different ST,Different source,Different study
GCA_050474485.1,GCA_050506765.1,0.6666666666666667,0.33333333333333326,0.0114743044,TRUE,Different ST,Same source,Same study
GCA_050474485.1,GCA_050506825.1,0.5,0.5,0.0113805943,TRUE,Different ST,Same source,Same study
GCA_050474485.1,GCA_050516645.1,0.6666666666666667,0.33333333333333326,0.0121592736,TRUE,Different ST,Same source,Same study
GCA_050474485.1,GCA_050516655.1,0.6666666666666667,0.33333333333333326,0.0121592736,TRUE,Different ST,Same source,Same study
GCA_050474485.1,GCA_050475575.1,0.75,0.25,0.012698786399999999,TRUE,Different ST,Same source,Same study
GCA_050474485.1,GCF_053117685.1,0.8333333333333334,0.16666666666666663,0.012698786399999999,TRUE,Different ST,Different source,Different study
GCA_050474485.1,GCF_053117705.1,0.8333333333333334,0.16666666666666663,0.012698786399999999,TRUE,Different ST,Different source,Different study
GCA_050474485.1,GCA_050506695.1,0.6666666666666667,0.33333333333333326,0.012698786399999999,TRUE,Different ST,Same source,Same study
GCA_050474485.1,GCA_050506815.1,0.8333333333333334,0.16666666666666663,0.012698786399999999,TRUE,Different ST,Same source,Same study
GCA_050474485.1,GCA_050516665.1,0.8333333333333334,0.16666666666666663,0.012698786399999999,TRUE,Different ST,Same source,Same study
GCA_050474485.1,GCA_050507065.1,0.5,0.5,0.012698786399999999,TRUE,Different ST,Same source,Same study
GCA_050474485.1,GCF_053117575.1,0.8333333333333334,0.16666666666666663,0.012698786399999999,TRUE,Different ST,Different source,Different study
GCA_050474485.1,GCA_050506995.1,0.5,0.5,0.012698786399999999,TRUE,Different ST,Same source,Same study
GCA_050474485.1,GCF_053117655.1,0.8,0.19999999999999996,0.012698786399999999,TRUE,Different ST,Different source,Different study
GCA_050474485.1,GCA_050506685.1,0.6666666666666667,0.33333333333333326,0.012698786399999999,TRUE,Different ST,Same source,Same study
GCA_050474485.1,GCA_050516675.1,0.6666666666666667,0.33333333333333326,0.0127887546,TRUE,Different ST,Same source,Same study
GCA_050474485.1,GCA_050485055.1,0.9166666666666666,0.08333333333333337,0.011337124399999999,TRUE,Different ST,Same source,Same study
GCA_050474485.1,GCA_050506675.1,0.75,0.25,0.011337124399999999,TRUE,Different ST,Same source,Same study
GCA_050474485.1,GCF_053117585.1,0.8571428571428572,0.1428571428571428,0.011337124399999999,TRUE,Different ST,Different source,Different study
GCA_050474485.1,GCA_050506865.1,0.8333333333333334,0.16666666666666663,0.011337124399999999,TRUE,Different ST,Same source,Same study
GCA_050474485.1,GCA_050506665.1,0.75,0.25,0.011337124399999999,TRUE,Different ST,Same source,Same study
GCA_050474485.1,GCA_050505635.1,0.875,0.125,0.011429727200000002,TRUE,Different ST,Same source,Same study
GCA_050474485.1,GCA_050505645.1,0.875,0.125,0.0114297218,TRUE,Different ST,Same source,Same study
GCA_050474485.1,GCA_050486715.1,0.6666666666666667,0.33333333333333326,0.011426207700000001,FALSE,ST comparison unavailable,Same source,Same study
GCA_050474485.1,GCA_050491675.1,0.8888888888888888,0.11111111111111116,0.0125077644,TRUE,Different ST,Same source,Same study
GCA_050474485.1,GCA_050491685.1,0.8888888888888888,0.11111111111111116,0.0125077644,TRUE,Different ST,Same source,Same study
GCA_050474485.1,GCF_053117675.1,0.9230769230769231,0.07692307692307687,0.0124142365,TRUE,Different ST,Different source,Different study
GCA_050474485.1,GCA_050472755.1,0.8571428571428572,0.1428571428571428,0.014474233100000001,TRUE,Different ST,Same source,Same study
GCA_050474485.1,GCA_050506875.1,0.6666666666666667,0.33333333333333326,0.0171772913,TRUE,Different ST,Same source,Same study
GCA_050485635.1,GCA_050469755.1,0.736842105263158,0.26315789473684204,0.00490137,FALSE,ST comparison unavailable,Same source,Same study
GCA_050485635.1,GCA_050507105.1,0.5263157894736843,0.4736842105263157,0.00490137,FALSE,ST comparison unavailable,Same source,Same study
GCA_050485635.1,GCA_050481695.1,0.15000000000000002,0.85,0.00490137,FALSE,ST comparison unavailable,Same source,Same study
GCA_050485635.1,GCA_050473905.1,0.55,0.44999999999999996,0.00490137,FALSE,ST comparison unavailable,Same source,Same study
GCA_050485635.1,GCA_050507075.1,0.5263157894736843,0.4736842105263157,0.00490137,FALSE,ST comparison unavailable,Same source,Same study
GCA_050485635.1,GCA_050482265.1,0.15000000000000002,0.85,0.00490137,FALSE,ST comparison unavailable,Same source,Same study
GCA_050485635.1,GCA_050492135.1,0.5263157894736843,0.4736842105263157,0.00490137,FALSE,ST comparison unavailable,Same source,Same study
GCA_050485635.1,GCA_050492125.1,0.5263157894736843,0.4736842105263157,0.00490137,FALSE,ST comparison unavailable,Same source,Same study
GCA_050485635.1,GCA_050506745.1,0.6538461538461539,0.34615384615384615,0.00490137,FALSE,ST comparison unavailable,Same source,Same study
GCA_050485635.1,GCA_050506755.1,0.7692307692307692,0.23076923076923084,0.00490137,FALSE,ST comparison unavailable,Same source,Same study
GCA_050485635.1,GCA_050485045.1,0.3157894736842105,0.6842105263157895,0.00490137,FALSE,ST comparison unavailable,Same source,Same study
GCA_050485635.1,GCA_050472745.1,0.5263157894736843,0.4736842105263157,0.00490137,FALSE,ST comparison unavailable,Same source,Same study
GCA_050485635.1,GCA_050485625.1,0.10526315789473684,0.8947368421052632,0.0049936523,FALSE,ST comparison unavailable,Same source,Same study
GCA_050485635.1,GCA_050506885.1,0.42105263157894735,0.5789473684210527,0.0080226043,FALSE,ST comparison unavailable,Same source,Same study
GCA_050485635.1,GCA_050474495.1,0.736842105263158,0.26315789473684204,0.0087765053,FALSE,ST comparison unavailable,Same source,Same study
GCA_050485635.1,GCA_050506905.1,0.42105263157894735,0.5789473684210527,0.0087765053,FALSE,ST comparison unavailable,Same source,Same study
GCA_050485635.1,GCF_053117695.1,0.7894736842105263,0.21052631578947367,0.0077348843,FALSE,ST comparison unavailable,Different source,Different study
GCA_050485635.1,GCA_050471105.1,0.8888888888888888,0.11111111111111116,0.007771327099999999,FALSE,ST comparison unavailable,Same source,Same study
GCA_050485635.1,GCA_050481115.1,0.8888888888888888,0.11111111111111116,0.007771327099999999,FALSE,ST comparison unavailable,Same source,Same study
GCA_050485635.1,GCA_050481685.1,0.8888888888888888,0.11111111111111116,0.007771327099999999,FALSE,ST comparison unavailable,Same source,Same study
GCA_050485635.1,GCA_050481105.1,0.8888888888888888,0.11111111111111116,0.007771327099999999,FALSE,ST comparison unavailable,Same source,Same study
GCA_050485635.1,GCA_050480515.1,0.8888888888888888,0.11111111111111116,0.0077727725,FALSE,ST comparison unavailable,Same source,Same study
GCA_050485635.1,GCA_050486705.1,0.7,0.30000000000000004,0.007679745199999999,FALSE,ST comparison unavailable,Same source,Same study
GCA_050485635.1,GCA_050506725.1,0.9444444444444444,0.05555555555555558,0.0077761809,FALSE,ST comparison unavailable,Same source,Same study
GCA_050485635.1,GCA_050506735.1,0.9444444444444444,0.05555555555555558,0.0077761809,FALSE,ST comparison unavailable,Same source,Same study
GCA_050485635.1,GCF_053117665.1,0.6666666666666667,0.33333333333333326,0.007870793999999999,FALSE,ST comparison unavailable,Different source,Different study
GCA_050485635.1,GCA_050506765.1,0.8333333333333334,0.16666666666666663,0.0091510159,FALSE,ST comparison unavailable,Same source,Same study
GCA_050485635.1,GCA_050506825.1,0.8888888888888888,0.11111111111111116,0.0090573058,FALSE,ST comparison unavailable,Same source,Same study
GCA_050485635.1,GCA_050516645.1,0.8947368421052632,0.10526315789473684,0.0098359851,FALSE,ST comparison unavailable,Same source,Same study
GCA_050485635.1,GCA_050516655.1,0.8947368421052632,0.10526315789473684,0.0098359851,FALSE,ST comparison unavailable,Same source,Same study
GCA_050485635.1,GCA_050475575.1,0.7777777777777778,0.2222222222222222,0.010375497899999997,FALSE,ST comparison unavailable,Same source,Same study
GCA_050485635.1,GCF_053117685.1,0.6666666666666667,0.33333333333333326,0.010375497899999997,FALSE,ST comparison unavailable,Different source,Different study
GCA_050485635.1,GCF_053117705.1,0.6666666666666667,0.33333333333333326,0.010375497899999997,FALSE,ST comparison unavailable,Different source,Different study
GCA_050485635.1,GCA_050506695.1,0.8333333333333334,0.16666666666666663,0.010375497899999997,FALSE,ST comparison unavailable,Same source,Same study
GCA_050485635.1,GCA_050506815.1,0.6666666666666667,0.33333333333333326,0.010375497899999997,FALSE,ST comparison unavailable,Same source,Same study
GCA_050485635.1,GCA_050516665.1,0.6666666666666667,0.33333333333333326,0.010375497899999997,FALSE,ST comparison unavailable,Same source,Same study
GCA_050485635.1,GCA_050507065.1,0.8888888888888888,0.11111111111111116,0.010375497899999997,FALSE,ST comparison unavailable,Same source,Same study
GCA_050485635.1,GCF_053117575.1,0.6666666666666667,0.33333333333333326,0.010375497899999997,FALSE,ST comparison unavailable,Different source,Different study
GCA_050485635.1,GCA_050506995.1,0.8888888888888888,0.11111111111111116,0.010375497899999997,FALSE,ST comparison unavailable,Same source,Same study
GCA_050485635.1,GCF_053117655.1,0.7222222222222222,0.2777777777777778,0.010375497899999997,FALSE,ST comparison unavailable,Different source,Different study
GCA_050485635.1,GCA_050506685.1,0.8333333333333334,0.16666666666666663,0.010375497899999997,FALSE,ST comparison unavailable,Same source,Same study
GCA_050485635.1,GCA_050516675.1,0.8333333333333334,0.16666666666666663,0.0104654661,FALSE,ST comparison unavailable,Same source,Same study
GCA_050485635.1,GCA_050485055.1,0.33333333333333337,0.6666666666666666,0.009013835899999998,FALSE,ST comparison unavailable,Same source,Same study
GCA_050485635.1,GCA_050506675.1,0.8421052631578947,0.1578947368421053,0.009013835899999998,FALSE,ST comparison unavailable,Same source,Same study
GCA_050485635.1,GCF_053117585.1,0.8095238095238095,0.19047619047619047,0.009013835899999998,FALSE,ST comparison unavailable,Different source,Different study
GCA_050485635.1,GCA_050506865.1,0.6666666666666667,0.33333333333333326,0.009013835899999998,FALSE,ST comparison unavailable,Same source,Same study
GCA_050485635.1,GCA_050506665.1,0.8421052631578947,0.1578947368421053,0.009013835899999998,FALSE,ST comparison unavailable,Same source,Same study
GCA_050485635.1,GCA_050505635.1,0.8181818181818181,0.18181818181818188,0.0091064387,FALSE,ST comparison unavailable,Same source,Same study
GCA_050485635.1,GCA_050505645.1,0.8181818181818181,0.18181818181818188,0.0091064333,FALSE,ST comparison unavailable,Same source,Same study
GCA_050485635.1,GCA_050486715.1,0.8947368421052632,0.10526315789473684,0.0091029192,FALSE,ST comparison unavailable,Same source,Same study
GCA_050485635.1,GCA_050491675.1,0.65,0.35,0.010184475899999998,FALSE,ST comparison unavailable,Same source,Same study
GCA_050485635.1,GCA_050491685.1,0.65,0.35,0.010184475899999998,FALSE,ST comparison unavailable,Same source,Same study
GCA_050485635.1,GCF_053117675.1,0.7083333333333333,0.29166666666666674,0.010090947999999999,FALSE,ST comparison unavailable,Different source,Different study
GCA_050485635.1,GCA_050472755.1,0.8095238095238095,0.19047619047619047,0.0121509446,FALSE,ST comparison unavailable,Same source,Same study
GCA_050485635.1,GCA_050506875.1,0.8947368421052632,0.10526315789473684,0.014854002800000004,FALSE,ST comparison unavailable,Same source,Same study
GCA_050469755.1,GCA_050507105.1,0.4,0.6,0,TRUE,Same ST,Same source,Same study
GCA_050469755.1,GCA_050481695.1,0.6842105263157895,0.3157894736842105,0,TRUE,Same ST,Same source,Same study
GCA_050469755.1,GCA_050473905.1,0.4545454545454546,0.5454545454545454,0,TRUE,Same ST,Same source,Same study
GCA_050469755.1,GCA_050507075.1,0.4,0.6,0,TRUE,Same ST,Same source,Same study
GCA_050469755.1,GCA_050482265.1,0.6842105263157895,0.3157894736842105,0,TRUE,Same ST,Same source,Same study
GCA_050469755.1,GCA_050492135.1,0.4,0.6,0,TRUE,Same ST,Same source,Same study
GCA_050469755.1,GCA_050492125.1,0.4,0.6,0,TRUE,Same ST,Same source,Same study
GCA_050469755.1,GCA_050506745.1,0.6470588235294117,0.3529411764705883,0,TRUE,Same ST,Same source,Same study
GCA_050469755.1,GCA_050506755.1,0.5714285714285714,0.4285714285714286,0,TRUE,Same ST,Same source,Same study
GCA_050469755.1,GCA_050485045.1,0.5714285714285714,0.4285714285714286,0,TRUE,Same ST,Same source,Same study
GCA_050469755.1,GCA_050472745.1,0.4,0.6,2e-6,TRUE,Same ST,Same source,Same study
GCA_050469755.1,GCA_050485625.1,0.6666666666666667,0.33333333333333326,9.628229999999999e-5,TRUE,Same ST,Same source,Same study
GCA_050469755.1,GCA_050506885.1,0.7142857142857143,0.2857142857142857,0.0055152299,TRUE,Different ST,Same source,Same study
GCA_050469755.1,GCA_050474495.1,0.2857142857142857,0.7142857142857143,0.0092368969,TRUE,Different ST,Same source,Same study
GCA_050469755.1,GCA_050506905.1,0.6153846153846154,0.3846153846153846,0.0092368969,TRUE,Different ST,Same source,Same study
GCA_050469755.1,GCF_053117695.1,0.625,0.375,0.0085783815,TRUE,Different ST,Different source,Different study
GCA_050469755.1,GCA_050471105.1,0.6666666666666667,0.33333333333333326,0.0086148243,TRUE,Different ST,Same source,Same study
GCA_050469755.1,GCA_050481115.1,0.6666666666666667,0.33333333333333326,0.0086148243,TRUE,Different ST,Same source,Same study
GCA_050469755.1,GCA_050481685.1,0.6666666666666667,0.33333333333333326,0.0086148243,TRUE,Different ST,Same source,Same study
GCA_050469755.1,GCA_050481105.1,0.6666666666666667,0.33333333333333326,0.0086148243,TRUE,Different ST,Same source,Same study
GCA_050469755.1,GCA_050480515.1,0.6666666666666667,0.33333333333333326,0.008616269700000002,TRUE,Different ST,Same source,Same study
GCA_050469755.1,GCA_050486705.1,0.8333333333333334,0.16666666666666663,0.0085232424,TRUE,Different ST,Same source,Same study
GCA_050469755.1,GCA_050506725.1,0.8333333333333334,0.16666666666666663,0.0086196781,TRUE,Different ST,Same source,Same study
GCA_050469755.1,GCA_050506735.1,0.8333333333333334,0.16666666666666663,0.0086196781,TRUE,Different ST,Same source,Same study
GCA_050469755.1,GCF_053117665.1,0.8,0.19999999999999996,0.008714291200000002,TRUE,Different ST,Different source,Different study
GCA_050469755.1,GCA_050506765.1,0.7142857142857143,0.2857142857142857,0.009994513100000001,TRUE,Different ST,Same source,Same study
GCA_050469755.1,GCA_050506825.1,0.6666666666666667,0.33333333333333326,0.009900803000000001,TRUE,Different ST,Same source,Same study
GCA_050469755.1,GCA_050516645.1,0.875,0.125,0.010679482300000001,TRUE,Different ST,Same source,Same study
GCA_050469755.1,GCA_050516655.1,0.875,0.125,0.010679482300000001,TRUE,Different ST,Same source,Same study
GCA_050469755.1,GCA_050475575.1,0.5714285714285714,0.4285714285714286,0.011218995099999999,TRUE,Different ST,Same source,Same study
GCA_050469755.1,GCF_053117685.1,0.6666666666666667,0.33333333333333326,0.011218995099999999,TRUE,Different ST,Different source,Different study
GCA_050469755.1,GCF_053117705.1,0.6666666666666667,0.33333333333333326,0.011218995099999999,TRUE,Different ST,Different source,Different study
GCA_050469755.1,GCA_050506695.1,0.7142857142857143,0.2857142857142857,0.011218995099999999,TRUE,Different ST,Same source,Same study
GCA_050469755.1,GCA_050506815.1,0.6666666666666667,0.33333333333333326,0.011218995099999999,TRUE,Different ST,Same source,Same study
GCA_050469755.1,GCA_050516665.1,0.8,0.19999999999999996,0.011218995099999999,TRUE,Different ST,Same source,Same study
GCA_050469755.1,GCA_050507065.1,0.6666666666666667,0.33333333333333326,0.011218995099999999,TRUE,Different ST,Same source,Same study
GCA_050469755.1,GCF_053117575.1,0.6666666666666667,0.33333333333333326,0.011218995099999999,TRUE,Different ST,Different source,Different study
GCA_050469755.1,GCA_050506995.1,0.6666666666666667,0.33333333333333326,0.011218995099999999,TRUE,Different ST,Same source,Same study
GCA_050469755.1,GCF_053117655.1,0.7777777777777778,0.2222222222222222,0.011218995099999999,TRUE,Different ST,Different source,Different study
GCA_050469755.1,GCA_050506685.1,0.7142857142857143,0.2857142857142857,0.011218995099999999,TRUE,Different ST,Same source,Same study
GCA_050469755.1,GCA_050516675.1,0.7142857142857143,0.2857142857142857,0.0113089633,TRUE,Different ST,Same source,Same study
GCA_050469755.1,GCA_050485055.1,0.7142857142857143,0.2857142857142857,0.009857333099999999,TRUE,Different ST,Same source,Same study
GCA_050469755.1,GCA_050506675.1,0.75,0.25,0.009857333099999999,TRUE,Different ST,Same source,Same study
GCA_050469755.1,GCF_053117585.1,0.7,0.30000000000000004,0.009857333099999999,TRUE,Different ST,Different source,Different study
GCA_050469755.1,GCA_050506865.1,0.6666666666666667,0.33333333333333326,0.009857333099999999,TRUE,Different ST,Same source,Same study
GCA_050469755.1,GCA_050506665.1,0.75,0.25,0.009857333099999999,TRUE,Different ST,Same source,Same study
GCA_050469755.1,GCA_050505635.1,0.8333333333333334,0.16666666666666663,0.009949935900000002,TRUE,Different ST,Same source,Same study
GCA_050469755.1,GCA_050505645.1,0.8333333333333334,0.16666666666666663,0.0099499305,TRUE,Different ST,Same source,Same study
GCA_050469755.1,GCA_050486715.1,0.7142857142857143,0.2857142857142857,0.009946416400000001,FALSE,ST comparison unavailable,Same source,Same study
GCA_050469755.1,GCA_050491675.1,0.6363636363636364,0.36363636363636365,0.0110279731,TRUE,Different ST,Same source,Same study
GCA_050469755.1,GCA_050491685.1,0.6363636363636364,0.36363636363636365,0.0110279731,TRUE,Different ST,Same source,Same study
GCA_050469755.1,GCF_053117675.1,0.8125,0.1875,0.0109344452,TRUE,Different ST,Different source,Different study
GCA_050469755.1,GCA_050472755.1,0.7,0.30000000000000004,0.0129944418,TRUE,Different ST,Same source,Same study
GCA_050469755.1,GCA_050506875.1,0.875,0.125,0.0156975,TRUE,Different ST,Same source,Same study
GCA_050507105.1,GCA_050481695.1,0.4736842105263158,0.5263157894736842,0,TRUE,Same ST,Same source,Same study
GCA_050507105.1,GCA_050473905.1,0.09090909090909094,0.9090909090909091,0,TRUE,Same ST,Same source,Same study
GCA_050507105.1,GCA_050507075.1,0,1,0,TRUE,Same ST,Same source,Same study
GCA_050507105.1,GCA_050482265.1,0.4736842105263158,0.5263157894736842,0,TRUE,Same ST,Same source,Same study
GCA_050507105.1,GCA_050492135.1,0,1,0,TRUE,Same ST,Same source,Same study
GCA_050507105.1,GCA_050492125.1,0,1,0,TRUE,Same ST,Same source,Same study
GCA_050507105.1,GCA_050506745.1,0.4117647058823529,0.5882352941176471,0,TRUE,Same ST,Same source,Same study
GCA_050507105.1,GCA_050506755.1,0.5882352941176471,0.4117647058823529,0,TRUE,Same ST,Same source,Same study
GCA_050507105.1,GCA_050485045.1,0.6666666666666667,0.33333333333333326,0,TRUE,Same ST,Same source,Same study
GCA_050507105.1,GCA_050472745.1,0,1,2e-6,TRUE,Same ST,Same source,Same study
GCA_050507105.1,GCA_050485625.1,0.4444444444444444,0.5555555555555556,9.628229999999999e-5,TRUE,Same ST,Same source,Same study
GCA_050507105.1,GCA_050506885.1,0.7058823529411764,0.2941176470588236,0.0055152299,TRUE,Different ST,Same source,Same study
GCA_050507105.1,GCA_050474495.1,0.4,0.6,0.0092368969,TRUE,Different ST,Same source,Same study
GCA_050507105.1,GCA_050506905.1,0.625,0.375,0.0092368969,TRUE,Different ST,Same source,Same study
GCA_050507105.1,GCF_053117695.1,0.6363636363636364,0.36363636363636365,0.0085783815,TRUE,Different ST,Different source,Different study
GCA_050507105.1,GCA_050471105.1,0.8,0.19999999999999996,0.0086148243,TRUE,Different ST,Same source,Same study
GCA_050507105.1,GCA_050481115.1,0.8,0.19999999999999996,0.0086148243,TRUE,Different ST,Same source,Same study
GCA_050507105.1,GCA_050481685.1,0.8,0.19999999999999996,0.0086148243,TRUE,Different ST,Same source,Same study
GCA_050507105.1,GCA_050481105.1,0.8,0.19999999999999996,0.0086148243,TRUE,Different ST,Same source,Same study
GCA_050507105.1,GCA_050480515.1,0.8,0.19999999999999996,0.008616269700000002,TRUE,Different ST,Same source,Same study
GCA_050507105.1,GCA_050486705.1,0.5,0.5,0.0085232424,TRUE,Different ST,Same source,Same study
GCA_050507105.1,GCA_050506725.1,0.9,0.09999999999999998,0.0086196781,TRUE,Different ST,Same source,Same study
GCA_050507105.1,GCA_050506735.1,0.9,0.09999999999999998,0.0086196781,TRUE,Different ST,Same source,Same study
GCA_050507105.1,GCF_053117665.1,0.4,0.6,0.008714291200000002,TRUE,Different ST,Different source,Different study
GCA_050507105.1,GCA_050506765.1,0.7,0.30000000000000004,0.009994513100000001,TRUE,Different ST,Same source,Same study
GCA_050507105.1,GCA_050506825.1,0.8,0.19999999999999996,0.009900803000000001,TRUE,Different ST,Same source,Same study
GCA_050507105.1,GCA_050516645.1,0.8181818181818181,0.18181818181818188,0.010679482300000001,TRUE,Different ST,Same source,Same study
GCA_050507105.1,GCA_050516655.1,0.8181818181818181,0.18181818181818188,0.010679482300000001,TRUE,Different ST,Same source,Same study
GCA_050507105.1,GCA_050475575.1,0.6,0.4,0.011218995099999999,TRUE,Different ST,Same source,Same study
GCA_050507105.1,GCF_053117685.1,0.4,0.6,0.011218995099999999,TRUE,Different ST,Different source,Different study
GCA_050507105.1,GCF_053117705.1,0.4,0.6,0.011218995099999999,TRUE,Different ST,Different source,Different study
GCA_050507105.1,GCA_050506695.1,0.7,0.30000000000000004,0.011218995099999999,TRUE,Different ST,Same source,Same study
GCA_050507105.1,GCA_050506815.1,0.4,0.6,0.011218995099999999,TRUE,Different ST,Same source,Same study
GCA_050507105.1,GCA_050516665.1,0.4,0.6,0.011218995099999999,TRUE,Different ST,Same source,Same study
GCA_050507105.1,GCA_050507065.1,0.8,0.19999999999999996,0.011218995099999999,TRUE,Different ST,Same source,Same study
GCA_050507105.1,GCF_053117575.1,0.4,0.6,0.011218995099999999,TRUE,Different ST,Different source,Different study
GCA_050507105.1,GCA_050506995.1,0.8,0.19999999999999996,0.011218995099999999,TRUE,Different ST,Same source,Same study
GCA_050507105.1,GCF_053117655.1,0.5,0.5,0.011218995099999999,TRUE,Different ST,Different source,Different study
GCA_050507105.1,GCA_050506685.1,0.7,0.30000000000000004,0.011218995099999999,TRUE,Different ST,Same source,Same study
GCA_050507105.1,GCA_050516675.1,0.7,0.30000000000000004,0.0113089633,TRUE,Different ST,Same source,Same study
GCA_050507105.1,GCA_050485055.1,0.7777777777777778,0.2222222222222222,0.009857333099999999,TRUE,Different ST,Same source,Same study
GCA_050507105.1,GCA_050506675.1,0.7272727272727273,0.2727272727272727,0.009857333099999999,TRUE,Different ST,Same source,Same study
GCA_050507105.1,GCF_053117585.1,0.6923076923076923,0.3076923076923077,0.009857333099999999,TRUE,Different ST,Different source,Different study
GCA_050507105.1,GCA_050506865.1,0.4,0.6,0.009857333099999999,TRUE,Different ST,Same source,Same study
GCA_050507105.1,GCA_050506665.1,0.7272727272727273,0.2727272727272727,0.009857333099999999,TRUE,Different ST,Same source,Same study
GCA_050507105.1,GCA_050505635.1,0.7142857142857143,0.2857142857142857,0.009949935900000002,TRUE,Different ST,Same source,Same study
GCA_050507105.1,GCA_050505645.1,0.7142857142857143,0.2857142857142857,0.0099499305,TRUE,Different ST,Same source,Same study
GCA_050507105.1,GCA_050486715.1,0.8181818181818181,0.18181818181818188,0.009946416400000001,FALSE,ST comparison unavailable,Same source,Same study
GCA_050507105.1,GCA_050491675.1,0.41666666666666663,0.5833333333333334,0.0110279731,TRUE,Different ST,Same source,Same study
GCA_050507105.1,GCA_050491685.1,0.41666666666666663,0.5833333333333334,0.0110279731,TRUE,Different ST,Same source,Same study
GCA_050507105.1,GCF_053117675.1,0.5625,0.4375,0.0109344452,TRUE,Different ST,Different source,Different study
GCA_050507105.1,GCA_050472755.1,0.6923076923076923,0.3076923076923077,0.0129944418,TRUE,Different ST,Same source,Same study
GCA_050507105.1,GCA_050506875.1,0.8181818181818181,0.18181818181818188,0.0156975,TRUE,Different ST,Same source,Same study
GCA_050481695.1,GCA_050473905.1,0.5,0.5,0,TRUE,Same ST,Same source,Same study
GCA_050481695.1,GCA_050507075.1,0.4736842105263158,0.5263157894736842,0,TRUE,Same ST,Same source,Same study
GCA_050481695.1,GCA_050482265.1,0,1,0,TRUE,Same ST,Same source,Same study
GCA_050481695.1,GCA_050492135.1,0.4736842105263158,0.5263157894736842,0,TRUE,Same ST,Same source,Same study
GCA_050481695.1,GCA_050492125.1,0.4736842105263158,0.5263157894736842,0,TRUE,Same ST,Same source,Same study
GCA_050481695.1,GCA_050506745.1,0.6153846153846154,0.3846153846153846,0,TRUE,Same ST,Same source,Same study
GCA_050481695.1,GCA_050506755.1,0.7307692307692308,0.26923076923076916,0,TRUE,Same ST,Same source,Same study
GCA_050481695.1,GCA_050485045.1,0.26315789473684215,0.7368421052631579,0,TRUE,Same ST,Same source,Same study
GCA_050481695.1,GCA_050472745.1,0.4736842105263158,0.5263157894736842,2e-6,TRUE,Same ST,Same source,Same study
GCA_050481695.1,GCA_050485625.1,0.052631578947368474,0.9473684210526315,9.628229999999999e-5,TRUE,Same ST,Same source,Same study
GCA_050481695.1,GCA_050506885.1,0.368421052631579,0.631578947368421,0.0055152299,TRUE,Different ST,Same source,Same study
GCA_050481695.1,GCA_050474495.1,0.6842105263157895,0.3157894736842105,0.0092368969,TRUE,Different ST,Same source,Same study
GCA_050481695.1,GCA_050506905.1,0.368421052631579,0.631578947368421,0.0092368969,TRUE,Different ST,Same source,Same study
GCA_050481695.1,GCF_053117695.1,0.8,0.19999999999999996,0.0085783815,TRUE,Different ST,Different source,Different study
GCA_050481695.1,GCA_050471105.1,0.8947368421052632,0.10526315789473684,0.0086148243,TRUE,Different ST,Same source,Same study
GCA_050481695.1,GCA_050481115.1,0.8947368421052632,0.10526315789473684,0.0086148243,TRUE,Different ST,Same source,Same study
GCA_050481695.1,GCA_050481685.1,0.8947368421052632,0.10526315789473684,0.0086148243,TRUE,Different ST,Same source,Same study
GCA_050481695.1,GCA_050481105.1,0.8947368421052632,0.10526315789473684,0.0086148243,TRUE,Different ST,Same source,Same study
GCA_050481695.1,GCA_050480515.1,0.8947368421052632,0.10526315789473684,0.008616269700000002,TRUE,Different ST,Same source,Same study
GCA_050481695.1,GCA_050486705.1,0.7142857142857143,0.2857142857142857,0.0085232424,TRUE,Different ST,Same source,Same study
GCA_050481695.1,GCA_050506725.1,0.9473684210526316,0.05263157894736836,0.0086196781,TRUE,Different ST,Same source,Same study
GCA_050481695.1,GCA_050506735.1,0.9473684210526316,0.05263157894736836,0.0086196781,TRUE,Different ST,Same source,Same study
GCA_050481695.1,GCF_053117665.1,0.6842105263157895,0.3157894736842105,0.008714291200000002,TRUE,Different ST,Different source,Different study
GCA_050481695.1,GCA_050506765.1,0.8421052631578947,0.1578947368421053,0.009994513100000001,TRUE,Different ST,Same source,Same study
GCA_050481695.1,GCA_050506825.1,0.8947368421052632,0.10526315789473684,0.009900803000000001,TRUE,Different ST,Same source,Same study
GCA_050481695.1,GCA_050516645.1,0.9,0.09999999999999998,0.010679482300000001,TRUE,Different ST,Same source,Same study
GCA_050481695.1,GCA_050516655.1,0.9,0.09999999999999998,0.010679482300000001,TRUE,Different ST,Same source,Same study
GCA_050481695.1,GCA_050475575.1,0.7894736842105263,0.21052631578947367,0.011218995099999999,TRUE,Different ST,Same source,Same study
GCA_050481695.1,GCF_053117685.1,0.6842105263157895,0.3157894736842105,0.011218995099999999,TRUE,Different ST,Different source,Different study
GCA_050481695.1,GCF_053117705.1,0.6842105263157895,0.3157894736842105,0.011218995099999999,TRUE,Different ST,Different source,Different study
GCA_050481695.1,GCA_050506695.1,0.8421052631578947,0.1578947368421053,0.011218995099999999,TRUE,Different ST,Same source,Same study
GCA_050481695.1,GCA_050506815.1,0.6842105263157895,0.3157894736842105,0.011218995099999999,TRUE,Different ST,Same source,Same study
GCA_050481695.1,GCA_050516665.1,0.6842105263157895,0.3157894736842105,0.011218995099999999,TRUE,Different ST,Same source,Same study
GCA_050481695.1,GCA_050507065.1,0.8947368421052632,0.10526315789473684,0.011218995099999999,TRUE,Different ST,Same source,Same study
GCA_050481695.1,GCF_053117575.1,0.6842105263157895,0.3157894736842105,0.011218995099999999,TRUE,Different ST,Different source,Different study
GCA_050481695.1,GCA_050506995.1,0.8947368421052632,0.10526315789473684,0.011218995099999999,TRUE,Different ST,Same source,Same study
GCA_050481695.1,GCF_053117655.1,0.736842105263158,0.26315789473684204,0.011218995099999999,TRUE,Different ST,Different source,Different study
GCA_050481695.1,GCA_050506685.1,0.8421052631578947,0.1578947368421053,0.011218995099999999,TRUE,Different ST,Same source,Same study
GCA_050481695.1,GCA_050516675.1,0.8421052631578947,0.1578947368421053,0.0113089633,TRUE,Different ST,Same source,Same study
GCA_050481695.1,GCA_050485055.1,0.368421052631579,0.631578947368421,0.009857333099999999,TRUE,Different ST,Same source,Same study
GCA_050481695.1,GCA_050506675.1,0.85,0.15000000000000002,0.009857333099999999,TRUE,Different ST,Same source,Same study
GCA_050481695.1,GCF_053117585.1,0.8181818181818181,0.18181818181818188,0.009857333099999999,TRUE,Different ST,Different source,Different study
GCA_050481695.1,GCA_050506865.1,0.6842105263157895,0.3157894736842105,0.009857333099999999,TRUE,Different ST,Same source,Same study
GCA_050481695.1,GCA_050506665.1,0.85,0.15000000000000002,0.009857333099999999,TRUE,Different ST,Same source,Same study
GCA_050481695.1,GCA_050505635.1,0.8260869565217391,0.17391304347826086,0.009949935900000002,TRUE,Different ST,Same source,Same study
GCA_050481695.1,GCA_050505645.1,0.8260869565217391,0.17391304347826086,0.0099499305,TRUE,Different ST,Same source,Same study
GCA_050481695.1,GCA_050486715.1,0.9,0.09999999999999998,0.009946416400000001,FALSE,ST comparison unavailable,Same source,Same study
GCA_050481695.1,GCA_050491675.1,0.6666666666666667,0.33333333333333326,0.0110279731,TRUE,Different ST,Same source,Same study
GCA_050481695.1,GCA_050491685.1,0.6666666666666667,0.33333333333333326,0.0110279731,TRUE,Different ST,Same source,Same study
GCA_050481695.1,GCF_053117675.1,0.72,0.28,0.0109344452,TRUE,Different ST,Different source,Different study
GCA_050481695.1,GCA_050472755.1,0.8181818181818181,0.18181818181818188,0.0129944418,TRUE,Different ST,Same source,Same study
GCA_050481695.1,GCA_050506875.1,0.9,0.09999999999999998,0.0156975,TRUE,Different ST,Same source,Same study
GCA_050473905.1,GCA_050507075.1,0.09090909090909094,0.9090909090909091,0,TRUE,Same ST,Same source,Same study
GCA_050473905.1,GCA_050482265.1,0.5,0.5,0,TRUE,Same ST,Same source,Same study
GCA_050473905.1,GCA_050492135.1,0.09090909090909094,0.9090909090909091,0,TRUE,Same ST,Same source,Same study
GCA_050473905.1,GCA_050492125.1,0.09090909090909094,0.9090909090909091,0,TRUE,Same ST,Same source,Same study
GCA_050473905.1,GCA_050506745.1,0.4444444444444444,0.5555555555555556,0,TRUE,Same ST,Same source,Same study
GCA_050473905.1,GCA_050506755.1,0.6111111111111112,0.38888888888888884,0,TRUE,Same ST,Same source,Same study
GCA_050473905.1,GCA_050485045.1,0.6842105263157895,0.3157894736842105,0,TRUE,Same ST,Same source,Same study
GCA_050473905.1,GCA_050472745.1,0.09090909090909094,0.9090909090909091,2e-6,TRUE,Same ST,Same source,Same study
GCA_050473905.1,GCA_050485625.1,0.4736842105263158,0.5263157894736842,9.628229999999999e-5,TRUE,Same ST,Same source,Same study
GCA_050473905.1,GCA_050506885.1,0.7222222222222222,0.2777777777777778,0.0055152299,TRUE,Different ST,Same source,Same study
GCA_050473905.1,GCA_050474495.1,0.4545454545454546,0.5454545454545454,0.0092368969,TRUE,Different ST,Same source,Same study
GCA_050473905.1,GCA_050506905.1,0.6470588235294117,0.3529411764705883,0.0092368969,TRUE,Different ST,Same source,Same study
GCA_050473905.1,GCF_053117695.1,0.5454545454545454,0.4545454545454546,0.0085783815,TRUE,Different ST,Different source,Different study
GCA_050473905.1,GCA_050471105.1,0.8181818181818181,0.18181818181818188,0.0086148243,TRUE,Different ST,Same source,Same study
GCA_050473905.1,GCA_050481115.1,0.8181818181818181,0.18181818181818188,0.0086148243,TRUE,Different ST,Same source,Same study
GCA_050473905.1,GCA_050481685.1,0.8181818181818181,0.18181818181818188,0.0086148243,TRUE,Different ST,Same source,Same study
GCA_050473905.1,GCA_050481105.1,0.8181818181818181,0.18181818181818188,0.0086148243,TRUE,Different ST,Same source,Same study
GCA_050473905.1,GCA_050480515.1,0.8181818181818181,0.18181818181818188,0.008616269700000002,TRUE,Different ST,Same source,Same study
GCA_050473905.1,GCA_050486705.1,0.41666666666666663,0.5833333333333334,0.0085232424,TRUE,Different ST,Same source,Same study
GCA_050473905.1,GCA_050506725.1,0.9090909090909091,0.09090909090909094,0.0086196781,TRUE,Different ST,Same source,Same study
GCA_050473905.1,GCA_050506735.1,0.9090909090909091,0.09090909090909094,0.0086196781,TRUE,Different ST,Same source,Same study
GCA_050473905.1,GCF_053117665.1,0.4545454545454546,0.5454545454545454,0.008714291200000002,TRUE,Different ST,Different source,Different study
GCA_050473905.1,GCA_050506765.1,0.7272727272727273,0.2727272727272727,0.009994513100000001,TRUE,Different ST,Same source,Same study
GCA_050473905.1,GCA_050506825.1,0.8181818181818181,0.18181818181818188,0.009900803000000001,TRUE,Different ST,Same source,Same study
GCA_050473905.1,GCA_050516645.1,0.7272727272727273,0.2727272727272727,0.010679482300000001,TRUE,Different ST,Same source,Same study
GCA_050473905.1,GCA_050516655.1,0.7272727272727273,0.2727272727272727,0.010679482300000001,TRUE,Different ST,Same source,Same study
GCA_050473905.1,GCA_050475575.1,0.6363636363636364,0.36363636363636365,0.011218995099999999,TRUE,Different ST,Same source,Same study
GCA_050473905.1,GCF_053117685.1,0.4545454545454546,0.5454545454545454,0.011218995099999999,TRUE,Different ST,Different source,Different study
GCA_050473905.1,GCF_053117705.1,0.4545454545454546,0.5454545454545454,0.011218995099999999,TRUE,Different ST,Different source,Different study
GCA_050473905.1,GCA_050506695.1,0.7272727272727273,0.2727272727272727,0.011218995099999999,TRUE,Different ST,Same source,Same study
GCA_050473905.1,GCA_050506815.1,0.4545454545454546,0.5454545454545454,0.011218995099999999,TRUE,Different ST,Same source,Same study
GCA_050473905.1,GCA_050516665.1,0.4545454545454546,0.5454545454545454,0.011218995099999999,TRUE,Different ST,Same source,Same study
GCA_050473905.1,GCA_050507065.1,0.8181818181818181,0.18181818181818188,0.011218995099999999,TRUE,Different ST,Same source,Same study
GCA_050473905.1,GCF_053117575.1,0.4545454545454546,0.5454545454545454,0.011218995099999999,TRUE,Different ST,Different source,Different study
GCA_050473905.1,GCA_050506995.1,0.8181818181818181,0.18181818181818188,0.011218995099999999,TRUE,Different ST,Same source,Same study
GCA_050473905.1,GCF_053117655.1,0.5454545454545454,0.4545454545454546,0.011218995099999999,TRUE,Different ST,Different source,Different study
GCA_050473905.1,GCA_050506685.1,0.7272727272727273,0.2727272727272727,0.011218995099999999,TRUE,Different ST,Same source,Same study
GCA_050473905.1,GCA_050516675.1,0.7272727272727273,0.2727272727272727,0.0113089633,TRUE,Different ST,Same source,Same study
GCA_050473905.1,GCA_050485055.1,0.7894736842105263,0.21052631578947367,0.009857333099999999,TRUE,Different ST,Same source,Same study
GCA_050473905.1,GCA_050506675.1,0.75,0.25,0.009857333099999999,TRUE,Different ST,Same source,Same study
GCA_050473905.1,GCF_053117585.1,0.6153846153846154,0.3846153846153846,0.009857333099999999,TRUE,Different ST,Different source,Different study
GCA_050473905.1,GCA_050506865.1,0.4545454545454546,0.5454545454545454,0.009857333099999999,TRUE,Different ST,Same source,Same study
GCA_050473905.1,GCA_050506665.1,0.75,0.25,0.009857333099999999,TRUE,Different ST,Same source,Same study
GCA_050473905.1,GCA_050505635.1,0.7333333333333334,0.2666666666666666,0.009949935900000002,TRUE,Different ST,Same source,Same study
GCA_050473905.1,GCA_050505645.1,0.7333333333333334,0.2666666666666666,0.0099499305,TRUE,Different ST,Same source,Same study
GCA_050473905.1,GCA_050486715.1,0.8333333333333334,0.16666666666666663,0.009946416400000001,FALSE,ST comparison unavailable,Same source,Same study
GCA_050473905.1,GCA_050491675.1,0.46153846153846156,0.5384615384615384,0.0110279731,TRUE,Different ST,Same source,Same study
GCA_050473905.1,GCA_050491685.1,0.46153846153846156,0.5384615384615384,0.0110279731,TRUE,Different ST,Same source,Same study
GCA_050473905.1,GCF_053117675.1,0.5882352941176471,0.4117647058823529,0.0109344452,TRUE,Different ST,Different source,Different study
GCA_050473905.1,GCA_050472755.1,0.7142857142857143,0.2857142857142857,0.0129944418,TRUE,Different ST,Same source,Same study
GCA_050473905.1,GCA_050506875.1,0.8333333333333334,0.16666666666666663,0.0156975,TRUE,Different ST,Same source,Same study
GCA_050507075.1,GCA_050482265.1,0.4736842105263158,0.5263157894736842,0,TRUE,Same ST,Same source,Same study
GCA_050507075.1,GCA_050492135.1,0,1,0,TRUE,Same ST,Same source,Same study
GCA_050507075.1,GCA_050492125.1,0,1,0,TRUE,Same ST,Same source,Same study
GCA_050507075.1,GCA_050506745.1,0.4117647058823529,0.5882352941176471,0,TRUE,Same ST,Same source,Same study
GCA_050507075.1,GCA_050506755.1,0.5882352941176471,0.4117647058823529,0,TRUE,Same ST,Same source,Same study
GCA_050507075.1,GCA_050485045.1,0.6666666666666667,0.33333333333333326,0,TRUE,Same ST,Same source,Same study
GCA_050507075.1,GCA_050472745.1,0,1,2e-6,TRUE,Same ST,Same source,Same study
GCA_050507075.1,GCA_050485625.1,0.4444444444444444,0.5555555555555556,9.628229999999999e-5,TRUE,Same ST,Same source,Same study
GCA_050507075.1,GCA_050506885.1,0.7058823529411764,0.2941176470588236,0.0055152299,TRUE,Different ST,Same source,Same study
GCA_050507075.1,GCA_050474495.1,0.4,0.6,0.0092368969,TRUE,Different ST,Same source,Same study
GCA_050507075.1,GCA_050506905.1,0.625,0.375,0.0092368969,TRUE,Different ST,Same source,Same study
GCA_050507075.1,GCF_053117695.1,0.6363636363636364,0.36363636363636365,0.0085783815,TRUE,Different ST,Different source,Different study
GCA_050507075.1,GCA_050471105.1,0.8,0.19999999999999996,0.0086148243,TRUE,Different ST,Same source,Same study
GCA_050507075.1,GCA_050481115.1,0.8,0.19999999999999996,0.0086148243,TRUE,Different ST,Same source,Same study
GCA_050507075.1,GCA_050481685.1,0.8,0.19999999999999996,0.0086148243,TRUE,Different ST,Same source,Same study
GCA_050507075.1,GCA_050481105.1,0.8,0.19999999999999996,0.0086148243,TRUE,Different ST,Same source,Same study
GCA_050507075.1,GCA_050480515.1,0.8,0.19999999999999996,0.008616269700000002,TRUE,Different ST,Same source,Same study
GCA_050507075.1,GCA_050486705.1,0.5,0.5,0.0085232424,TRUE,Different ST,Same source,Same study
GCA_050507075.1,GCA_050506725.1,0.9,0.09999999999999998,0.0086196781,TRUE,Different ST,Same source,Same study
GCA_050507075.1,GCA_050506735.1,0.9,0.09999999999999998,0.0086196781,TRUE,Different ST,Same source,Same study
GCA_050507075.1,GCF_053117665.1,0.4,0.6,0.008714291200000002,TRUE,Different ST,Different source,Different study
GCA_050507075.1,GCA_050506765.1,0.7,0.30000000000000004,0.009994513100000001,TRUE,Different ST,Same source,Same study
GCA_050507075.1,GCA_050506825.1,0.8,0.19999999999999996,0.009900803000000001,TRUE,Different ST,Same source,Same study
GCA_050507075.1,GCA_050516645.1,0.8181818181818181,0.18181818181818188,0.010679482300000001,TRUE,Different ST,Same source,Same study
GCA_050507075.1,GCA_050516655.1,0.8181818181818181,0.18181818181818188,0.010679482300000001,TRUE,Different ST,Same source,Same study
GCA_050507075.1,GCA_050475575.1,0.6,0.4,0.011218995099999999,TRUE,Different ST,Same source,Same study
GCA_050507075.1,GCF_053117685.1,0.4,0.6,0.011218995099999999,TRUE,Different ST,Different source,Different study
GCA_050507075.1,GCF_053117705.1,0.4,0.6,0.011218995099999999,TRUE,Different ST,Different source,Different study
GCA_050507075.1,GCA_050506695.1,0.7,0.30000000000000004,0.011218995099999999,TRUE,Different ST,Same source,Same study
GCA_050507075.1,GCA_050506815.1,0.4,0.6,0.011218995099999999,TRUE,Different ST,Same source,Same study
GCA_050507075.1,GCA_050516665.1,0.4,0.6,0.011218995099999999,TRUE,Different ST,Same source,Same study
GCA_050507075.1,GCA_050507065.1,0.8,0.19999999999999996,0.011218995099999999,TRUE,Different ST,Same source,Same study
GCA_050507075.1,GCF_053117575.1,0.4,0.6,0.011218995099999999,TRUE,Different ST,Different source,Different study
GCA_050507075.1,GCA_050506995.1,0.8,0.19999999999999996,0.011218995099999999,TRUE,Different ST,Same source,Same study
GCA_050507075.1,GCF_053117655.1,0.5,0.5,0.011218995099999999,TRUE,Different ST,Different source,Different study
GCA_050507075.1,GCA_050506685.1,0.7,0.30000000000000004,0.011218995099999999,TRUE,Different ST,Same source,Same study
GCA_050507075.1,GCA_050516675.1,0.7,0.30000000000000004,0.0113089633,TRUE,Different ST,Same source,Same study
GCA_050507075.1,GCA_050485055.1,0.7777777777777778,0.2222222222222222,0.009857333099999999,TRUE,Different ST,Same source,Same study
GCA_050507075.1,GCA_050506675.1,0.7272727272727273,0.2727272727272727,0.009857333099999999,TRUE,Different ST,Same source,Same study
GCA_050507075.1,GCF_053117585.1,0.6923076923076923,0.3076923076923077,0.009857333099999999,TRUE,Different ST,Different source,Different study
GCA_050507075.1,GCA_050506865.1,0.4,0.6,0.009857333099999999,TRUE,Different ST,Same source,Same study
GCA_050507075.1,GCA_050506665.1,0.7272727272727273,0.2727272727272727,0.009857333099999999,TRUE,Different ST,Same source,Same study
GCA_050507075.1,GCA_050505635.1,0.7142857142857143,0.2857142857142857,0.009949935900000002,TRUE,Different ST,Same source,Same study
GCA_050507075.1,GCA_050505645.1,0.7142857142857143,0.2857142857142857,0.0099499305,TRUE,Different ST,Same source,Same study
GCA_050507075.1,GCA_050486715.1,0.8181818181818181,0.18181818181818188,0.009946416400000001,FALSE,ST comparison unavailable,Same source,Same study
GCA_050507075.1,GCA_050491675.1,0.41666666666666663,0.5833333333333334,0.0110279731,TRUE,Different ST,Same source,Same study
GCA_050507075.1,GCA_050491685.1,0.41666666666666663,0.5833333333333334,0.0110279731,TRUE,Different ST,Same source,Same study
GCA_050507075.1,GCF_053117675.1,0.5625,0.4375,0.0109344452,TRUE,Different ST,Different source,Different study
GCA_050507075.1,GCA_050472755.1,0.6923076923076923,0.3076923076923077,0.0129944418,TRUE,Different ST,Same source,Same study
GCA_050507075.1,GCA_050506875.1,0.8181818181818181,0.18181818181818188,0.0156975,TRUE,Different ST,Same source,Same study
GCA_050482265.1,GCA_050492135.1,0.4736842105263158,0.5263157894736842,0,TRUE,Same ST,Same source,Same study
GCA_050482265.1,GCA_050492125.1,0.4736842105263158,0.5263157894736842,0,TRUE,Same ST,Same source,Same study
GCA_050482265.1,GCA_050506745.1,0.6153846153846154,0.3846153846153846,0,TRUE,Same ST,Same source,Same study
GCA_050482265.1,GCA_050506755.1,0.7307692307692308,0.26923076923076916,0,TRUE,Same ST,Same source,Same study
GCA_050482265.1,GCA_050485045.1,0.26315789473684215,0.7368421052631579,0,TRUE,Same ST,Same source,Same study
GCA_050482265.1,GCA_050472745.1,0.4736842105263158,0.5263157894736842,2e-6,TRUE,Same ST,Same source,Same study
GCA_050482265.1,GCA_050485625.1,0.052631578947368474,0.9473684210526315,9.628229999999999e-5,TRUE,Same ST,Same source,Same study
GCA_050482265.1,GCA_050506885.1,0.368421052631579,0.631578947368421,0.0055152299,TRUE,Different ST,Same source,Same study
GCA_050482265.1,GCA_050474495.1,0.6842105263157895,0.3157894736842105,0.0092368969,TRUE,Different ST,Same source,Same study
GCA_050482265.1,GCA_050506905.1,0.368421052631579,0.631578947368421,0.0092368969,TRUE,Different ST,Same source,Same study
GCA_050482265.1,GCF_053117695.1,0.8,0.19999999999999996,0.0085783815,TRUE,Different ST,Different source,Different study
GCA_050482265.1,GCA_050471105.1,0.8947368421052632,0.10526315789473684,0.0086148243,TRUE,Different ST,Same source,Same study
GCA_050482265.1,GCA_050481115.1,0.8947368421052632,0.10526315789473684,0.0086148243,TRUE,Different ST,Same source,Same study
GCA_050482265.1,GCA_050481685.1,0.8947368421052632,0.10526315789473684,0.0086148243,TRUE,Different ST,Same source,Same study
GCA_050482265.1,GCA_050481105.1,0.8947368421052632,0.10526315789473684,0.0086148243,TRUE,Different ST,Same source,Same study
GCA_050482265.1,GCA_050480515.1,0.8947368421052632,0.10526315789473684,0.008616269700000002,TRUE,Different ST,Same source,Same study
GCA_050482265.1,GCA_050486705.1,0.7142857142857143,0.2857142857142857,0.0085232424,TRUE,Different ST,Same source,Same study
GCA_050482265.1,GCA_050506725.1,0.9473684210526316,0.05263157894736836,0.0086196781,TRUE,Different ST,Same source,Same study
GCA_050482265.1,GCA_050506735.1,0.9473684210526316,0.05263157894736836,0.0086196781,TRUE,Different ST,Same source,Same study
GCA_050482265.1,GCF_053117665.1,0.6842105263157895,0.3157894736842105,0.008714291200000002,TRUE,Different ST,Different source,Different study
GCA_050482265.1,GCA_050506765.1,0.8421052631578947,0.1578947368421053,0.009994513100000001,TRUE,Different ST,Same source,Same study
GCA_050482265.1,GCA_050506825.1,0.8947368421052632,0.10526315789473684,0.009900803000000001,TRUE,Different ST,Same source,Same study
GCA_050482265.1,GCA_050516645.1,0.9,0.09999999999999998,0.010679482300000001,TRUE,Different ST,Same source,Same study
GCA_050482265.1,GCA_050516655.1,0.9,0.09999999999999998,0.010679482300000001,TRUE,Different ST,Same source,Same study
GCA_050482265.1,GCA_050475575.1,0.7894736842105263,0.21052631578947367,0.011218995099999999,TRUE,Different ST,Same source,Same study
GCA_050482265.1,GCF_053117685.1,0.6842105263157895,0.3157894736842105,0.011218995099999999,TRUE,Different ST,Different source,Different study
GCA_050482265.1,GCF_053117705.1,0.6842105263157895,0.3157894736842105,0.011218995099999999,TRUE,Different ST,Different source,Different study
GCA_050482265.1,GCA_050506695.1,0.8421052631578947,0.1578947368421053,0.011218995099999999,TRUE,Different ST,Same source,Same study
GCA_050482265.1,GCA_050506815.1,0.6842105263157895,0.3157894736842105,0.011218995099999999,TRUE,Different ST,Same source,Same study
GCA_050482265.1,GCA_050516665.1,0.6842105263157895,0.3157894736842105,0.011218995099999999,TRUE,Different ST,Same source,Same study
GCA_050482265.1,GCA_050507065.1,0.8947368421052632,0.10526315789473684,0.011218995099999999,TRUE,Different ST,Same source,Same study
GCA_050482265.1,GCF_053117575.1,0.6842105263157895,0.3157894736842105,0.011218995099999999,TRUE,Different ST,Different source,Different study
GCA_050482265.1,GCA_050506995.1,0.8947368421052632,0.10526315789473684,0.011218995099999999,TRUE,Different ST,Same source,Same study
GCA_050482265.1,GCF_053117655.1,0.736842105263158,0.26315789473684204,0.011218995099999999,TRUE,Different ST,Different source,Different study
GCA_050482265.1,GCA_050506685.1,0.8421052631578947,0.1578947368421053,0.011218995099999999,TRUE,Different ST,Same source,Same study
GCA_050482265.1,GCA_050516675.1,0.8421052631578947,0.1578947368421053,0.0113089633,TRUE,Different ST,Same source,Same study
GCA_050482265.1,GCA_050485055.1,0.368421052631579,0.631578947368421,0.009857333099999999,TRUE,Different ST,Same source,Same study
GCA_050482265.1,GCA_050506675.1,0.85,0.15000000000000002,0.009857333099999999,TRUE,Different ST,Same source,Same study
GCA_050482265.1,GCF_053117585.1,0.8181818181818181,0.18181818181818188,0.009857333099999999,TRUE,Different ST,Different source,Different study
GCA_050482265.1,GCA_050506865.1,0.6842105263157895,0.3157894736842105,0.009857333099999999,TRUE,Different ST,Same source,Same study
GCA_050482265.1,GCA_050506665.1,0.85,0.15000000000000002,0.009857333099999999,TRUE,Different ST,Same source,Same study
GCA_050482265.1,GCA_050505635.1,0.8260869565217391,0.17391304347826086,0.009949935900000002,TRUE,Different ST,Same source,Same study
GCA_050482265.1,GCA_050505645.1,0.8260869565217391,0.17391304347826086,0.0099499305,TRUE,Different ST,Same source,Same study
GCA_050482265.1,GCA_050486715.1,0.9,0.09999999999999998,0.009946416400000001,FALSE,ST comparison unavailable,Same source,Same study
GCA_050482265.1,GCA_050491675.1,0.6666666666666667,0.33333333333333326,0.0110279731,TRUE,Different ST,Same source,Same study
GCA_050482265.1,GCA_050491685.1,0.6666666666666667,0.33333333333333326,0.0110279731,TRUE,Different ST,Same source,Same study
GCA_050482265.1,GCF_053117675.1,0.72,0.28,0.0109344452,TRUE,Different ST,Different source,Different study
GCA_050482265.1,GCA_050472755.1,0.8181818181818181,0.18181818181818188,0.0129944418,TRUE,Different ST,Same source,Same study
GCA_050482265.1,GCA_050506875.1,0.9,0.09999999999999998,0.0156975,TRUE,Different ST,Same source,Same study
GCA_050492135.1,GCA_050492125.1,0,1,0,TRUE,Same ST,Same source,Same study
GCA_050492135.1,GCA_050506745.1,0.4117647058823529,0.5882352941176471,0,TRUE,Same ST,Same source,Same study
GCA_050492135.1,GCA_050506755.1,0.5882352941176471,0.4117647058823529,0,TRUE,Same ST,Same source,Same study
GCA_050492135.1,GCA_050485045.1,0.6666666666666667,0.33333333333333326,0,TRUE,Same ST,Same source,Same study
GCA_050492135.1,GCA_050472745.1,0,1,2e-6,TRUE,Same ST,Same source,Same study
GCA_050492135.1,GCA_050485625.1,0.4444444444444444,0.5555555555555556,9.628229999999999e-5,TRUE,Same ST,Same source,Same study
GCA_050492135.1,GCA_050506885.1,0.7058823529411764,0.2941176470588236,0.0055152299,TRUE,Different ST,Same source,Same study
GCA_050492135.1,GCA_050474495.1,0.4,0.6,0.0092368969,TRUE,Different ST,Same source,Same study
GCA_050492135.1,GCA_050506905.1,0.625,0.375,0.0092368969,TRUE,Different ST,Same source,Same study
GCA_050492135.1,GCF_053117695.1,0.6363636363636364,0.36363636363636365,0.0085783815,TRUE,Different ST,Different source,Different study
GCA_050492135.1,GCA_050471105.1,0.8,0.19999999999999996,0.0086148243,TRUE,Different ST,Same source,Same study
GCA_050492135.1,GCA_050481115.1,0.8,0.19999999999999996,0.0086148243,TRUE,Different ST,Same source,Same study
GCA_050492135.1,GCA_050481685.1,0.8,0.19999999999999996,0.0086148243,TRUE,Different ST,Same source,Same study
GCA_050492135.1,GCA_050481105.1,0.8,0.19999999999999996,0.0086148243,TRUE,Different ST,Same source,Same study
GCA_050492135.1,GCA_050480515.1,0.8,0.19999999999999996,0.008616269700000002,TRUE,Different ST,Same source,Same study
GCA_050492135.1,GCA_050486705.1,0.5,0.5,0.0085232424,TRUE,Different ST,Same source,Same study
GCA_050492135.1,GCA_050506725.1,0.9,0.09999999999999998,0.0086196781,TRUE,Different ST,Same source,Same study
GCA_050492135.1,GCA_050506735.1,0.9,0.09999999999999998,0.0086196781,TRUE,Different ST,Same source,Same study
GCA_050492135.1,GCF_053117665.1,0.4,0.6,0.008714291200000002,TRUE,Different ST,Different source,Different study
GCA_050492135.1,GCA_050506765.1,0.7,0.30000000000000004,0.009994513100000001,TRUE,Different ST,Same source,Same study
GCA_050492135.1,GCA_050506825.1,0.8,0.19999999999999996,0.009900803000000001,TRUE,Different ST,Same source,Same study
GCA_050492135.1,GCA_050516645.1,0.8181818181818181,0.18181818181818188,0.010679482300000001,TRUE,Different ST,Same source,Same study
GCA_050492135.1,GCA_050516655.1,0.8181818181818181,0.18181818181818188,0.010679482300000001,TRUE,Different ST,Same source,Same study
GCA_050492135.1,GCA_050475575.1,0.6,0.4,0.011218995099999999,TRUE,Different ST,Same source,Same study
GCA_050492135.1,GCF_053117685.1,0.4,0.6,0.011218995099999999,TRUE,Different ST,Different source,Different study
GCA_050492135.1,GCF_053117705.1,0.4,0.6,0.011218995099999999,TRUE,Different ST,Different source,Different study
GCA_050492135.1,GCA_050506695.1,0.7,0.30000000000000004,0.011218995099999999,TRUE,Different ST,Same source,Same study
GCA_050492135.1,GCA_050506815.1,0.4,0.6,0.011218995099999999,TRUE,Different ST,Same source,Same study
GCA_050492135.1,GCA_050516665.1,0.4,0.6,0.011218995099999999,TRUE,Different ST,Same source,Same study
GCA_050492135.1,GCA_050507065.1,0.8,0.19999999999999996,0.011218995099999999,TRUE,Different ST,Same source,Same study
GCA_050492135.1,GCF_053117575.1,0.4,0.6,0.011218995099999999,TRUE,Different ST,Different source,Different study
GCA_050492135.1,GCA_050506995.1,0.8,0.19999999999999996,0.011218995099999999,TRUE,Different ST,Same source,Same study
GCA_050492135.1,GCF_053117655.1,0.5,0.5,0.011218995099999999,TRUE,Different ST,Different source,Different study
GCA_050492135.1,GCA_050506685.1,0.7,0.30000000000000004,0.011218995099999999,TRUE,Different ST,Same source,Same study
GCA_050492135.1,GCA_050516675.1,0.7,0.30000000000000004,0.0113089633,TRUE,Different ST,Same source,Same study
GCA_050492135.1,GCA_050485055.1,0.7777777777777778,0.2222222222222222,0.009857333099999999,TRUE,Different ST,Same source,Same study
GCA_050492135.1,GCA_050506675.1,0.7272727272727273,0.2727272727272727,0.009857333099999999,TRUE,Different ST,Same source,Same study
GCA_050492135.1,GCF_053117585.1,0.6923076923076923,0.3076923076923077,0.009857333099999999,TRUE,Different ST,Different source,Different study
GCA_050492135.1,GCA_050506865.1,0.4,0.6,0.009857333099999999,TRUE,Different ST,Same source,Same study
GCA_050492135.1,GCA_050506665.1,0.7272727272727273,0.2727272727272727,0.009857333099999999,TRUE,Different ST,Same source,Same study
GCA_050492135.1,GCA_050505635.1,0.7142857142857143,0.2857142857142857,0.009949935900000002,TRUE,Different ST,Same source,Same study
GCA_050492135.1,GCA_050505645.1,0.7142857142857143,0.2857142857142857,0.0099499305,TRUE,Different ST,Same source,Same study
GCA_050492135.1,GCA_050486715.1,0.8181818181818181,0.18181818181818188,0.009946416400000001,FALSE,ST comparison unavailable,Same source,Same study
GCA_050492135.1,GCA_050491675.1,0.41666666666666663,0.5833333333333334,0.0110279731,TRUE,Different ST,Same source,Same study
GCA_050492135.1,GCA_050491685.1,0.41666666666666663,0.5833333333333334,0.0110279731,TRUE,Different ST,Same source,Same study
GCA_050492135.1,GCF_053117675.1,0.5625,0.4375,0.0109344452,TRUE,Different ST,Different source,Different study
GCA_050492135.1,GCA_050472755.1,0.6923076923076923,0.3076923076923077,0.0129944418,TRUE,Different ST,Same source,Same study
GCA_050492135.1,GCA_050506875.1,0.8181818181818181,0.18181818181818188,0.0156975,TRUE,Different ST,Same source,Same study
GCA_050492125.1,GCA_050506745.1,0.4117647058823529,0.5882352941176471,0,TRUE,Same ST,Same source,Same study
GCA_050492125.1,GCA_050506755.1,0.5882352941176471,0.4117647058823529,0,TRUE,Same ST,Same source,Same study
GCA_050492125.1,GCA_050485045.1,0.6666666666666667,0.33333333333333326,0,TRUE,Same ST,Same source,Same study
GCA_050492125.1,GCA_050472745.1,0,1,2e-6,TRUE,Same ST,Same source,Same study
GCA_050492125.1,GCA_050485625.1,0.4444444444444444,0.5555555555555556,9.628229999999999e-5,TRUE,Same ST,Same source,Same study
GCA_050492125.1,GCA_050506885.1,0.7058823529411764,0.2941176470588236,0.0055152299,TRUE,Different ST,Same source,Same study
GCA_050492125.1,GCA_050474495.1,0.4,0.6,0.0092368969,TRUE,Different ST,Same source,Same study
GCA_050492125.1,GCA_050506905.1,0.625,0.375,0.0092368969,TRUE,Different ST,Same source,Same study
GCA_050492125.1,GCF_053117695.1,0.6363636363636364,0.36363636363636365,0.0085783815,TRUE,Different ST,Different source,Different study
GCA_050492125.1,GCA_050471105.1,0.8,0.19999999999999996,0.0086148243,TRUE,Different ST,Same source,Same study
GCA_050492125.1,GCA_050481115.1,0.8,0.19999999999999996,0.0086148243,TRUE,Different ST,Same source,Same study
GCA_050492125.1,GCA_050481685.1,0.8,0.19999999999999996,0.0086148243,TRUE,Different ST,Same source,Same study
GCA_050492125.1,GCA_050481105.1,0.8,0.19999999999999996,0.0086148243,TRUE,Different ST,Same source,Same study
GCA_050492125.1,GCA_050480515.1,0.8,0.19999999999999996,0.008616269700000002,TRUE,Different ST,Same source,Same study
GCA_050492125.1,GCA_050486705.1,0.5,0.5,0.0085232424,TRUE,Different ST,Same source,Same study
GCA_050492125.1,GCA_050506725.1,0.9,0.09999999999999998,0.0086196781,TRUE,Different ST,Same source,Same study
GCA_050492125.1,GCA_050506735.1,0.9,0.09999999999999998,0.0086196781,TRUE,Different ST,Same source,Same study
GCA_050492125.1,GCF_053117665.1,0.4,0.6,0.008714291200000002,TRUE,Different ST,Different source,Different study
GCA_050492125.1,GCA_050506765.1,0.7,0.30000000000000004,0.009994513100000001,TRUE,Different ST,Same source,Same study
GCA_050492125.1,GCA_050506825.1,0.8,0.19999999999999996,0.009900803000000001,TRUE,Different ST,Same source,Same study
GCA_050492125.1,GCA_050516645.1,0.8181818181818181,0.18181818181818188,0.010679482300000001,TRUE,Different ST,Same source,Same study
GCA_050492125.1,GCA_050516655.1,0.8181818181818181,0.18181818181818188,0.010679482300000001,TRUE,Different ST,Same source,Same study
GCA_050492125.1,GCA_050475575.1,0.6,0.4,0.011218995099999999,TRUE,Different ST,Same source,Same study
GCA_050492125.1,GCF_053117685.1,0.4,0.6,0.011218995099999999,TRUE,Different ST,Different source,Different study
GCA_050492125.1,GCF_053117705.1,0.4,0.6,0.011218995099999999,TRUE,Different ST,Different source,Different study
GCA_050492125.1,GCA_050506695.1,0.7,0.30000000000000004,0.011218995099999999,TRUE,Different ST,Same source,Same study
GCA_050492125.1,GCA_050506815.1,0.4,0.6,0.011218995099999999,TRUE,Different ST,Same source,Same study
GCA_050492125.1,GCA_050516665.1,0.4,0.6,0.011218995099999999,TRUE,Different ST,Same source,Same study
GCA_050492125.1,GCA_050507065.1,0.8,0.19999999999999996,0.011218995099999999,TRUE,Different ST,Same source,Same study
GCA_050492125.1,GCF_053117575.1,0.4,0.6,0.011218995099999999,TRUE,Different ST,Different source,Different study
GCA_050492125.1,GCA_050506995.1,0.8,0.19999999999999996,0.011218995099999999,TRUE,Different ST,Same source,Same study
GCA_050492125.1,GCF_053117655.1,0.5,0.5,0.011218995099999999,TRUE,Different ST,Different source,Different study
GCA_050492125.1,GCA_050506685.1,0.7,0.30000000000000004,0.011218995099999999,TRUE,Different ST,Same source,Same study
GCA_050492125.1,GCA_050516675.1,0.7,0.30000000000000004,0.0113089633,TRUE,Different ST,Same source,Same study
GCA_050492125.1,GCA_050485055.1,0.7777777777777778,0.2222222222222222,0.009857333099999999,TRUE,Different ST,Same source,Same study
GCA_050492125.1,GCA_050506675.1,0.7272727272727273,0.2727272727272727,0.009857333099999999,TRUE,Different ST,Same source,Same study
GCA_050492125.1,GCF_053117585.1,0.6923076923076923,0.3076923076923077,0.009857333099999999,TRUE,Different ST,Different source,Different study
GCA_050492125.1,GCA_050506865.1,0.4,0.6,0.009857333099999999,TRUE,Different ST,Same source,Same study
GCA_050492125.1,GCA_050506665.1,0.7272727272727273,0.2727272727272727,0.009857333099999999,TRUE,Different ST,Same source,Same study
GCA_050492125.1,GCA_050505635.1,0.7142857142857143,0.2857142857142857,0.009949935900000002,TRUE,Different ST,Same source,Same study
GCA_050492125.1,GCA_050505645.1,0.7142857142857143,0.2857142857142857,0.0099499305,TRUE,Different ST,Same source,Same study
GCA_050492125.1,GCA_050486715.1,0.8181818181818181,0.18181818181818188,0.009946416400000001,FALSE,ST comparison unavailable,Same source,Same study
GCA_050492125.1,GCA_050491675.1,0.41666666666666663,0.5833333333333334,0.0110279731,TRUE,Different ST,Same source,Same study
GCA_050492125.1,GCA_050491685.1,0.41666666666666663,0.5833333333333334,0.0110279731,TRUE,Different ST,Same source,Same study
GCA_050492125.1,GCF_053117675.1,0.5625,0.4375,0.0109344452,TRUE,Different ST,Different source,Different study
GCA_050492125.1,GCA_050472755.1,0.6923076923076923,0.3076923076923077,0.0129944418,TRUE,Different ST,Same source,Same study
GCA_050492125.1,GCA_050506875.1,0.8181818181818181,0.18181818181818188,0.0156975,TRUE,Different ST,Same source,Same study
GCA_050506745.1,GCA_050506755.1,0.17647058823529416,0.8235294117647058,0,TRUE,Same ST,Same source,Same study
GCA_050506745.1,GCA_050485045.1,0.76,0.24,0,TRUE,Same ST,Same source,Same study
GCA_050506745.1,GCA_050472745.1,0.4117647058823529,0.5882352941176471,2e-6,TRUE,Same ST,Same source,Same study
GCA_050506745.1,GCA_050485625.1,0.6,0.4,9.628229999999999e-5,TRUE,Same ST,Same source,Same study
GCA_050506745.1,GCA_050506885.1,0.7916666666666666,0.20833333333333337,0.0055152299,TRUE,Different ST,Same source,Same study
GCA_050506745.1,GCA_050474495.1,0.6470588235294117,0.3529411764705883,0.0092368969,TRUE,Different ST,Same source,Same study
GCA_050506745.1,GCA_050506905.1,0.7391304347826086,0.26086956521739135,0.0092368969,TRUE,Different ST,Same source,Same study
GCA_050506745.1,GCF_053117695.1,0.7777777777777778,0.2222222222222222,0.0085783815,TRUE,Different ST,Different source,Different study
GCA_050506745.1,GCA_050471105.1,0.8823529411764706,0.11764705882352944,0.0086148243,TRUE,Different ST,Same source,Same study
GCA_050506745.1,GCA_050481115.1,0.8823529411764706,0.11764705882352944,0.0086148243,TRUE,Different ST,Same source,Same study
GCA_050506745.1,GCA_050481685.1,0.8823529411764706,0.11764705882352944,0.0086148243,TRUE,Different ST,Same source,Same study
GCA_050506745.1,GCA_050481105.1,0.8823529411764706,0.11764705882352944,0.0086148243,TRUE,Different ST,Same source,Same study
GCA_050506745.1,GCA_050480515.1,0.8823529411764706,0.11764705882352944,0.008616269700000002,TRUE,Different ST,Same source,Same study
GCA_050506745.1,GCA_050486705.1,0.6842105263157895,0.3157894736842105,0.0085232424,TRUE,Different ST,Same source,Same study
GCA_050506745.1,GCA_050506725.1,0.9411764705882353,0.05882352941176472,0.0086196781,TRUE,Different ST,Same source,Same study
GCA_050506745.1,GCA_050506735.1,0.9411764705882353,0.05882352941176472,0.0086196781,TRUE,Different ST,Same source,Same study
GCA_050506745.1,GCF_053117665.1,0.6470588235294117,0.3529411764705883,0.008714291200000002,TRUE,Different ST,Different source,Different study
GCA_050506745.1,GCA_050506765.1,0.8235294117647058,0.17647058823529416,0.009994513100000001,TRUE,Different ST,Same source,Same study
GCA_050506745.1,GCA_050506825.1,0.8823529411764706,0.11764705882352944,0.009900803000000001,TRUE,Different ST,Same source,Same study
GCA_050506745.1,GCA_050516645.1,0.8888888888888888,0.11111111111111116,0.010679482300000001,TRUE,Different ST,Same source,Same study
GCA_050506745.1,GCA_050516655.1,0.8888888888888888,0.11111111111111116,0.010679482300000001,TRUE,Different ST,Same source,Same study
GCA_050506745.1,GCA_050475575.1,0.7647058823529411,0.23529411764705888,0.011218995099999999,TRUE,Different ST,Same source,Same study
GCA_050506745.1,GCF_053117685.1,0.6470588235294117,0.3529411764705883,0.011218995099999999,TRUE,Different ST,Different source,Different study
GCA_050506745.1,GCF_053117705.1,0.6470588235294117,0.3529411764705883,0.011218995099999999,TRUE,Different ST,Different source,Different study
GCA_050506745.1,GCA_050506695.1,0.8235294117647058,0.17647058823529416,0.011218995099999999,TRUE,Different ST,Same source,Same study
GCA_050506745.1,GCA_050506815.1,0.6470588235294117,0.3529411764705883,0.011218995099999999,TRUE,Different ST,Same source,Same study
GCA_050506745.1,GCA_050516665.1,0.6470588235294117,0.3529411764705883,0.011218995099999999,TRUE,Different ST,Same source,Same study
GCA_050506745.1,GCA_050507065.1,0.8823529411764706,0.11764705882352944,0.011218995099999999,TRUE,Different ST,Same source,Same study
GCA_050506745.1,GCF_053117575.1,0.6470588235294117,0.3529411764705883,0.011218995099999999,TRUE,Different ST,Different source,Different study
GCA_050506745.1,GCA_050506995.1,0.8823529411764706,0.11764705882352944,0.011218995099999999,TRUE,Different ST,Same source,Same study
GCA_050506745.1,GCF_053117655.1,0.7058823529411764,0.2941176470588236,0.011218995099999999,TRUE,Different ST,Different source,Different study
GCA_050506745.1,GCA_050506685.1,0.8235294117647058,0.17647058823529416,0.011218995099999999,TRUE,Different ST,Same source,Same study
GCA_050506745.1,GCA_050516675.1,0.8235294117647058,0.17647058823529416,0.0113089633,TRUE,Different ST,Same source,Same study
GCA_050506745.1,GCA_050485055.1,0.84,0.16000000000000003,0.009857333099999999,TRUE,Different ST,Same source,Same study
GCA_050506745.1,GCA_050506675.1,0.8333333333333334,0.16666666666666663,0.009857333099999999,TRUE,Different ST,Same source,Same study
GCA_050506745.1,GCF_053117585.1,0.8,0.19999999999999996,0.009857333099999999,TRUE,Different ST,Different source,Different study
GCA_050506745.1,GCA_050506865.1,0.6470588235294117,0.3529411764705883,0.009857333099999999,TRUE,Different ST,Same source,Same study
GCA_050506745.1,GCA_050506665.1,0.8333333333333334,0.16666666666666663,0.009857333099999999,TRUE,Different ST,Same source,Same study
GCA_050506745.1,GCA_050505635.1,0.8095238095238095,0.19047619047619047,0.009949935900000002,TRUE,Different ST,Same source,Same study
GCA_050506745.1,GCA_050505645.1,0.8095238095238095,0.19047619047619047,0.0099499305,TRUE,Different ST,Same source,Same study
GCA_050506745.1,GCA_050486715.1,0.8888888888888888,0.11111111111111116,0.009946416400000001,FALSE,ST comparison unavailable,Same source,Same study
GCA_050506745.1,GCA_050491675.1,0.631578947368421,0.368421052631579,0.0110279731,TRUE,Different ST,Same source,Same study
GCA_050506745.1,GCA_050491685.1,0.631578947368421,0.368421052631579,0.0110279731,TRUE,Different ST,Same source,Same study
GCA_050506745.1,GCF_053117675.1,0.6956521739130435,0.30434782608695654,0.0109344452,TRUE,Different ST,Different source,Different study
GCA_050506745.1,GCA_050472755.1,0.8,0.19999999999999996,0.0129944418,TRUE,Different ST,Same source,Same study
GCA_050506745.1,GCA_050506875.1,0.8888888888888888,0.11111111111111116,0.0156975,TRUE,Different ST,Same source,Same study
GCA_050506755.1,GCA_050485045.1,0.7272727272727273,0.2727272727272727,0,TRUE,Same ST,Same source,Same study
GCA_050506755.1,GCA_050472745.1,0.5882352941176471,0.4117647058823529,2e-6,TRUE,Same ST,Same source,Same study
GCA_050506755.1,GCA_050485625.1,0.72,0.28,9.628229999999999e-5,TRUE,Same ST,Same source,Same study
GCA_050506755.1,GCA_050506885.1,0.7619047619047619,0.23809523809523814,0.0055152299,TRUE,Different ST,Same source,Same study
GCA_050506755.1,GCA_050474495.1,0.5714285714285714,0.4285714285714286,0.0092368969,TRUE,Different ST,Same source,Same study
GCA_050506755.1,GCA_050506905.1,0.7,0.30000000000000004,0.0092368969,TRUE,Different ST,Same source,Same study
GCA_050506755.1,GCF_053117695.1,0.7333333333333334,0.2666666666666666,0.0085783815,TRUE,Different ST,Different source,Different study
GCA_050506755.1,GCA_050471105.1,0.8571428571428572,0.1428571428571428,0.0086148243,TRUE,Different ST,Same source,Same study
GCA_050506755.1,GCA_050481115.1,0.8571428571428572,0.1428571428571428,0.0086148243,TRUE,Different ST,Same source,Same study
GCA_050506755.1,GCA_050481685.1,0.8571428571428572,0.1428571428571428,0.0086148243,TRUE,Different ST,Same source,Same study
GCA_050506755.1,GCA_050481105.1,0.8571428571428572,0.1428571428571428,0.0086148243,TRUE,Different ST,Same source,Same study
GCA_050506755.1,GCA_050480515.1,0.8571428571428572,0.1428571428571428,0.008616269700000002,TRUE,Different ST,Same source,Same study
GCA_050506755.1,GCA_050486705.1,0.8421052631578947,0.1578947368421053,0.0085232424,TRUE,Different ST,Same source,Same study
GCA_050506755.1,GCA_050506725.1,0.9285714285714286,0.0714285714285714,0.0086196781,TRUE,Different ST,Same source,Same study
GCA_050506755.1,GCA_050506735.1,0.9285714285714286,0.0714285714285714,0.0086196781,TRUE,Different ST,Same source,Same study
GCA_050506755.1,GCF_053117665.1,0.8235294117647058,0.17647058823529416,0.008714291200000002,TRUE,Different ST,Different source,Different study
GCA_050506755.1,GCA_050506765.1,0.7857142857142857,0.2142857142857143,0.009994513100000001,TRUE,Different ST,Same source,Same study
GCA_050506755.1,GCA_050506825.1,0.8571428571428572,0.1428571428571428,0.009900803000000001,TRUE,Different ST,Same source,Same study
GCA_050506755.1,GCA_050516645.1,0.8666666666666667,0.1333333333333333,0.010679482300000001,TRUE,Different ST,Same source,Same study
GCA_050506755.1,GCA_050516655.1,0.8666666666666667,0.1333333333333333,0.010679482300000001,TRUE,Different ST,Same source,Same study
GCA_050506755.1,GCA_050475575.1,0.7142857142857143,0.2857142857142857,0.011218995099999999,TRUE,Different ST,Same source,Same study
GCA_050506755.1,GCF_053117685.1,0.75,0.25,0.011218995099999999,TRUE,Different ST,Different source,Different study
GCA_050506755.1,GCF_053117705.1,0.75,0.25,0.011218995099999999,TRUE,Different ST,Different source,Different study
GCA_050506755.1,GCA_050506695.1,0.7857142857142857,0.2142857142857143,0.011218995099999999,TRUE,Different ST,Same source,Same study
GCA_050506755.1,GCA_050506815.1,0.75,0.25,0.011218995099999999,TRUE,Different ST,Same source,Same study
GCA_050506755.1,GCA_050516665.1,0.8235294117647058,0.17647058823529416,0.011218995099999999,TRUE,Different ST,Same source,Same study
GCA_050506755.1,GCA_050507065.1,0.8571428571428572,0.1428571428571428,0.011218995099999999,TRUE,Different ST,Same source,Same study
GCA_050506755.1,GCF_053117575.1,0.75,0.25,0.011218995099999999,TRUE,Different ST,Different source,Different study
GCA_050506755.1,GCA_050506995.1,0.8571428571428572,0.1428571428571428,0.011218995099999999,TRUE,Different ST,Same source,Same study
GCA_050506755.1,GCF_053117655.1,0.8125,0.1875,0.011218995099999999,TRUE,Different ST,Different source,Different study
GCA_050506755.1,GCA_050506685.1,0.7857142857142857,0.2142857142857143,0.011218995099999999,TRUE,Different ST,Same source,Same study
GCA_050506755.1,GCA_050516675.1,0.7857142857142857,0.2142857142857143,0.0113089633,TRUE,Different ST,Same source,Same study
GCA_050506755.1,GCA_050485055.1,0.8181818181818181,0.18181818181818188,0.009857333099999999,TRUE,Different ST,Same source,Same study
GCA_050506755.1,GCA_050506675.1,0.8,0.19999999999999996,0.009857333099999999,TRUE,Different ST,Same source,Same study
GCA_050506755.1,GCF_053117585.1,0.7647058823529411,0.23529411764705888,0.009857333099999999,TRUE,Different ST,Different source,Different study
GCA_050506755.1,GCA_050506865.1,0.75,0.25,0.009857333099999999,TRUE,Different ST,Same source,Same study
GCA_050506755.1,GCA_050506665.1,0.8,0.19999999999999996,0.009857333099999999,TRUE,Different ST,Same source,Same study
GCA_050506755.1,GCA_050505635.1,0.8421052631578947,0.1578947368421053,0.009949935900000002,TRUE,Different ST,Same source,Same study
GCA_050506755.1,GCA_050505645.1,0.8421052631578947,0.1578947368421053,0.0099499305,TRUE,Different ST,Same source,Same study
GCA_050506755.1,GCA_050486715.1,0.8666666666666667,0.1333333333333333,0.009946416400000001,FALSE,ST comparison unavailable,Same source,Same study
GCA_050506755.1,GCA_050491675.1,0.7222222222222222,0.2777777777777778,0.0110279731,TRUE,Different ST,Same source,Same study
GCA_050506755.1,GCA_050491685.1,0.7222222222222222,0.2777777777777778,0.0110279731,TRUE,Different ST,Same source,Same study
GCA_050506755.1,GCF_053117675.1,0.8260869565217391,0.17391304347826086,0.0109344452,TRUE,Different ST,Different source,Different study
GCA_050506755.1,GCA_050472755.1,0.7647058823529411,0.23529411764705888,0.0129944418,TRUE,Different ST,Same source,Same study
GCA_050506755.1,GCA_050506875.1,0.8666666666666667,0.1333333333333333,0.0156975,TRUE,Different ST,Same source,Same study
GCA_050485045.1,GCA_050472745.1,0.6666666666666667,0.33333333333333326,2e-6,TRUE,Same ST,Same source,Same study
GCA_050485045.1,GCA_050485625.1,0.2222222222222222,0.7777777777777778,9.628229999999999e-5,TRUE,Same ST,Same source,Same study
GCA_050485045.1,GCA_050506885.1,0.2666666666666667,0.7333333333333333,0.0055152299,TRUE,Different ST,Same source,Same study
GCA_050485045.1,GCA_050474495.1,0.6666666666666667,0.33333333333333326,0.0092368969,TRUE,Different ST,Same source,Same study
GCA_050485045.1,GCA_050506905.1,0.2666666666666667,0.7333333333333333,0.0092368969,TRUE,Different ST,Same source,Same study
GCA_050485045.1,GCF_053117695.1,0.8125,0.1875,0.0085783815,TRUE,Different ST,Different source,Different study
GCA_050485045.1,GCA_050471105.1,0.8571428571428572,0.1428571428571428,0.0086148243,TRUE,Different ST,Same source,Same study
GCA_050485045.1,GCA_050481115.1,0.8571428571428572,0.1428571428571428,0.0086148243,TRUE,Different ST,Same source,Same study
GCA_050485045.1,GCA_050481685.1,0.8571428571428572,0.1428571428571428,0.0086148243,TRUE,Different ST,Same source,Same study
GCA_050485045.1,GCA_050481105.1,0.8571428571428572,0.1428571428571428,0.0086148243,TRUE,Different ST,Same source,Same study
GCA_050485045.1,GCA_050480515.1,0.8571428571428572,0.1428571428571428,0.008616269700000002,TRUE,Different ST,Same source,Same study
GCA_050485045.1,GCA_050486705.1,0.9,0.09999999999999998,0.0085232424,TRUE,Different ST,Same source,Same study
GCA_050485045.1,GCA_050506725.1,0.9285714285714286,0.0714285714285714,0.0086196781,TRUE,Different ST,Same source,Same study
GCA_050485045.1,GCA_050506735.1,0.9285714285714286,0.0714285714285714,0.0086196781,TRUE,Different ST,Same source,Same study
GCA_050485045.1,GCF_053117665.1,0.8888888888888888,0.11111111111111116,0.008714291200000002,TRUE,Different ST,Different source,Different study
GCA_050485045.1,GCA_050506765.1,0.8666666666666667,0.1333333333333333,0.009994513100000001,TRUE,Different ST,Same source,Same study
GCA_050485045.1,GCA_050506825.1,0.8571428571428572,0.1428571428571428,0.009900803000000001,TRUE,Different ST,Same source,Same study
GCA_050485045.1,GCA_050516645.1,0.9375,0.0625,0.010679482300000001,TRUE,Different ST,Same source,Same study
GCA_050485045.1,GCA_050516655.1,0.9375,0.0625,0.010679482300000001,TRUE,Different ST,Same source,Same study
GCA_050485045.1,GCA_050475575.1,0.8,0.19999999999999996,0.011218995099999999,TRUE,Different ST,Same source,Same study
GCA_050485045.1,GCF_053117685.1,0.8235294117647058,0.17647058823529416,0.011218995099999999,TRUE,Different ST,Different source,Different study
GCA_050485045.1,GCF_053117705.1,0.8235294117647058,0.17647058823529416,0.011218995099999999,TRUE,Different ST,Different source,Different study
GCA_050485045.1,GCA_050506695.1,0.8666666666666667,0.1333333333333333,0.011218995099999999,TRUE,Different ST,Same source,Same study
GCA_050485045.1,GCA_050506815.1,0.8235294117647058,0.17647058823529416,0.011218995099999999,TRUE,Different ST,Same source,Same study
GCA_050485045.1,GCA_050516665.1,0.8888888888888888,0.11111111111111116,0.011218995099999999,TRUE,Different ST,Same source,Same study
GCA_050485045.1,GCA_050507065.1,0.8571428571428572,0.1428571428571428,0.011218995099999999,TRUE,Different ST,Same source,Same study
GCA_050485045.1,GCF_053117575.1,0.8235294117647058,0.17647058823529416,0.011218995099999999,TRUE,Different ST,Different source,Different study
GCA_050485045.1,GCA_050506995.1,0.8571428571428572,0.1428571428571428,0.011218995099999999,TRUE,Different ST,Same source,Same study
GCA_050485045.1,GCF_053117655.1,0.8823529411764706,0.11764705882352944,0.011218995099999999,TRUE,Different ST,Different source,Different study
GCA_050485045.1,GCA_050506685.1,0.8666666666666667,0.1333333333333333,0.011218995099999999,TRUE,Different ST,Same source,Same study
GCA_050485045.1,GCA_050516675.1,0.8666666666666667,0.1333333333333333,0.0113089633,TRUE,Different ST,Same source,Same study
GCA_050485045.1,GCA_050485055.1,0.1428571428571429,0.8571428571428571,0.009857333099999999,TRUE,Different ST,Same source,Same study
GCA_050485045.1,GCA_050506675.1,0.875,0.125,0.009857333099999999,TRUE,Different ST,Same source,Same study
GCA_050485045.1,GCF_053117585.1,0.8333333333333334,0.16666666666666663,0.009857333099999999,TRUE,Different ST,Different source,Different study
GCA_050485045.1,GCA_050506865.1,0.8235294117647058,0.17647058823529416,0.009857333099999999,TRUE,Different ST,Same source,Same study
GCA_050485045.1,GCA_050506665.1,0.875,0.125,0.009857333099999999,TRUE,Different ST,Same source,Same study
GCA_050485045.1,GCA_050505635.1,0.9,0.09999999999999998,0.009949935900000002,TRUE,Different ST,Same source,Same study
GCA_050485045.1,GCA_050505645.1,0.9,0.09999999999999998,0.0099499305,TRUE,Different ST,Same source,Same study
GCA_050485045.1,GCA_050486715.1,0.8666666666666667,0.1333333333333333,0.009946416400000001,FALSE,ST comparison unavailable,Same source,Same study
GCA_050485045.1,GCA_050491675.1,0.7894736842105263,0.21052631578947367,0.0110279731,TRUE,Different ST,Same source,Same study
GCA_050485045.1,GCA_050491685.1,0.7894736842105263,0.21052631578947367,0.0110279731,TRUE,Different ST,Same source,Same study
GCA_050485045.1,GCF_053117675.1,0.875,0.125,0.0109344452,TRUE,Different ST,Different source,Different study
GCA_050485045.1,GCA_050472755.1,0.8333333333333334,0.16666666666666663,0.0129944418,TRUE,Different ST,Same source,Same study
GCA_050485045.1,GCA_050506875.1,0.9375,0.0625,0.0156975,TRUE,Different ST,Same source,Same study
GCA_050472745.1,GCA_050485625.1,0.4444444444444444,0.5555555555555556,9.628229999999999e-5,TRUE,Same ST,Same source,Same study
GCA_050472745.1,GCA_050506885.1,0.7058823529411764,0.2941176470588236,0.0055152299,TRUE,Different ST,Same source,Same study
GCA_050472745.1,GCA_050474495.1,0.4,0.6,0.0092368969,TRUE,Different ST,Same source,Same study
GCA_050472745.1,GCA_050506905.1,0.625,0.375,0.0092368969,TRUE,Different ST,Same source,Same study
GCA_050472745.1,GCF_053117695.1,0.6363636363636364,0.36363636363636365,0.0085783815,TRUE,Different ST,Different source,Different study
GCA_050472745.1,GCA_050471105.1,0.8,0.19999999999999996,0.0086148243,TRUE,Different ST,Same source,Same study
GCA_050472745.1,GCA_050481115.1,0.8,0.19999999999999996,0.0086148243,TRUE,Different ST,Same source,Same study
GCA_050472745.1,GCA_050481685.1,0.8,0.19999999999999996,0.0086148243,TRUE,Different ST,Same source,Same study
GCA_050472745.1,GCA_050481105.1,0.8,0.19999999999999996,0.0086148243,TRUE,Different ST,Same source,Same study
GCA_050472745.1,GCA_050480515.1,0.8,0.19999999999999996,0.008616269700000002,TRUE,Different ST,Same source,Same study
GCA_050472745.1,GCA_050486705.1,0.5,0.5,0.0085232424,TRUE,Different ST,Same source,Same study
GCA_050472745.1,GCA_050506725.1,0.9,0.09999999999999998,0.0086196781,TRUE,Different ST,Same source,Same study
GCA_050472745.1,GCA_050506735.1,0.9,0.09999999999999998,0.0086196781,TRUE,Different ST,Same source,Same study
GCA_050472745.1,GCF_053117665.1,0.4,0.6,0.008714291200000002,TRUE,Different ST,Different source,Different study
GCA_050472745.1,GCA_050506765.1,0.7,0.30000000000000004,0.009994513100000001,TRUE,Different ST,Same source,Same study
GCA_050472745.1,GCA_050506825.1,0.8,0.19999999999999996,0.009900803000000001,TRUE,Different ST,Same source,Same study
GCA_050472745.1,GCA_050516645.1,0.8181818181818181,0.18181818181818188,0.010679482300000001,TRUE,Different ST,Same source,Same study
GCA_050472745.1,GCA_050516655.1,0.8181818181818181,0.18181818181818188,0.010679482300000001,TRUE,Different ST,Same source,Same study
GCA_050472745.1,GCA_050475575.1,0.6,0.4,0.011218995099999999,TRUE,Different ST,Same source,Same study
GCA_050472745.1,GCF_053117685.1,0.4,0.6,0.011218995099999999,TRUE,Different ST,Different source,Different study
GCA_050472745.1,GCF_053117705.1,0.4,0.6,0.011218995099999999,TRUE,Different ST,Different source,Different study
GCA_050472745.1,GCA_050506695.1,0.7,0.30000000000000004,0.011218995099999999,TRUE,Different ST,Same source,Same study
GCA_050472745.1,GCA_050506815.1,0.4,0.6,0.011218995099999999,TRUE,Different ST,Same source,Same study
GCA_050472745.1,GCA_050516665.1,0.4,0.6,0.011218995099999999,TRUE,Different ST,Same source,Same study
GCA_050472745.1,GCA_050507065.1,0.8,0.19999999999999996,0.011218995099999999,TRUE,Different ST,Same source,Same study
GCA_050472745.1,GCF_053117575.1,0.4,0.6,0.011218995099999999,TRUE,Different ST,Different source,Different study
GCA_050472745.1,GCA_050506995.1,0.8,0.19999999999999996,0.011218995099999999,TRUE,Different ST,Same source,Same study
GCA_050472745.1,GCF_053117655.1,0.5,0.5,0.011218995099999999,TRUE,Different ST,Different source,Different study
GCA_050472745.1,GCA_050506685.1,0.7,0.30000000000000004,0.011218995099999999,TRUE,Different ST,Same source,Same study
GCA_050472745.1,GCA_050516675.1,0.7,0.30000000000000004,0.0113089633,TRUE,Different ST,Same source,Same study
GCA_050472745.1,GCA_050485055.1,0.7777777777777778,0.2222222222222222,0.009857333099999999,TRUE,Different ST,Same source,Same study
GCA_050472745.1,GCA_050506675.1,0.7272727272727273,0.2727272727272727,0.009857333099999999,TRUE,Different ST,Same source,Same study
GCA_050472745.1,GCF_053117585.1,0.6923076923076923,0.3076923076923077,0.009857333099999999,TRUE,Different ST,Different source,Different study
GCA_050472745.1,GCA_050506865.1,0.4,0.6,0.009857333099999999,TRUE,Different ST,Same source,Same study
GCA_050472745.1,GCA_050506665.1,0.7272727272727273,0.2727272727272727,0.009857333099999999,TRUE,Different ST,Same source,Same study
GCA_050472745.1,GCA_050505635.1,0.7142857142857143,0.2857142857142857,0.009949935900000002,TRUE,Different ST,Same source,Same study
GCA_050472745.1,GCA_050505645.1,0.7142857142857143,0.2857142857142857,0.0099499305,TRUE,Different ST,Same source,Same study
GCA_050472745.1,GCA_050486715.1,0.8181818181818181,0.18181818181818188,0.009946416400000001,FALSE,ST comparison unavailable,Same source,Same study
GCA_050472745.1,GCA_050491675.1,0.41666666666666663,0.5833333333333334,0.0110279731,TRUE,Different ST,Same source,Same study
GCA_050472745.1,GCA_050491685.1,0.41666666666666663,0.5833333333333334,0.0110279731,TRUE,Different ST,Same source,Same study
GCA_050472745.1,GCF_053117675.1,0.5625,0.4375,0.0109344452,TRUE,Different ST,Different source,Different study
GCA_050472745.1,GCA_050472755.1,0.6923076923076923,0.3076923076923077,0.0129944418,TRUE,Different ST,Same source,Same study
GCA_050472745.1,GCA_050506875.1,0.8181818181818181,0.18181818181818188,0.0156975,TRUE,Different ST,Same source,Same study
GCA_050485625.1,GCA_050506885.1,0.33333333333333337,0.6666666666666666,0.0056075121999999995,TRUE,Different ST,Same source,Same study
GCA_050485625.1,GCA_050474495.1,0.6666666666666667,0.33333333333333326,0.0093291792,TRUE,Different ST,Same source,Same study
GCA_050485625.1,GCA_050506905.1,0.33333333333333337,0.6666666666666666,0.0093291792,TRUE,Different ST,Same source,Same study
GCA_050485625.1,GCF_053117695.1,0.7894736842105263,0.21052631578947367,0.008670663799999999,TRUE,Different ST,Different source,Different study
GCA_050485625.1,GCA_050471105.1,0.8888888888888888,0.11111111111111116,0.0087071066,TRUE,Different ST,Same source,Same study
GCA_050485625.1,GCA_050481115.1,0.8888888888888888,0.11111111111111116,0.0087071066,TRUE,Different ST,Same source,Same study
GCA_050485625.1,GCA_050481685.1,0.8888888888888888,0.11111111111111116,0.0087071066,TRUE,Different ST,Same source,Same study
GCA_050485625.1,GCA_050481105.1,0.8888888888888888,0.11111111111111116,0.0087071066,TRUE,Different ST,Same source,Same study
GCA_050485625.1,GCA_050480515.1,0.8888888888888888,0.11111111111111116,0.008708552000000001,TRUE,Different ST,Same source,Same study
GCA_050485625.1,GCA_050486705.1,0.7,0.30000000000000004,0.0086155247,TRUE,Different ST,Same source,Same study
GCA_050485625.1,GCA_050506725.1,0.9444444444444444,0.05555555555555558,0.0087119604,TRUE,Different ST,Same source,Same study
GCA_050485625.1,GCA_050506735.1,0.9444444444444444,0.05555555555555558,0.0087119604,TRUE,Different ST,Same source,Same study
GCA_050485625.1,GCF_053117665.1,0.6666666666666667,0.33333333333333326,0.008806573500000001,TRUE,Different ST,Different source,Different study
GCA_050485625.1,GCA_050506765.1,0.8333333333333334,0.16666666666666663,0.010086795400000001,TRUE,Different ST,Same source,Same study
GCA_050485625.1,GCA_050506825.1,0.8888888888888888,0.11111111111111116,0.009993085300000001,TRUE,Different ST,Same source,Same study
GCA_050485625.1,GCA_050516645.1,0.8947368421052632,0.10526315789473684,0.0107717646,TRUE,Different ST,Same source,Same study
GCA_050485625.1,GCA_050516655.1,0.8947368421052632,0.10526315789473684,0.0107717646,TRUE,Different ST,Same source,Same study
GCA_050485625.1,GCA_050475575.1,0.7777777777777778,0.2222222222222222,0.011311277399999998,TRUE,Different ST,Same source,Same study
GCA_050485625.1,GCF_053117685.1,0.6666666666666667,0.33333333333333326,0.011311277399999998,TRUE,Different ST,Different source,Different study
GCA_050485625.1,GCF_053117705.1,0.6666666666666667,0.33333333333333326,0.011311277399999998,TRUE,Different ST,Different source,Different study
GCA_050485625.1,GCA_050506695.1,0.8333333333333334,0.16666666666666663,0.011311277399999998,TRUE,Different ST,Same source,Same study
GCA_050485625.1,GCA_050506815.1,0.6666666666666667,0.33333333333333326,0.011311277399999998,TRUE,Different ST,Same source,Same study
GCA_050485625.1,GCA_050516665.1,0.6666666666666667,0.33333333333333326,0.011311277399999998,TRUE,Different ST,Same source,Same study
GCA_050485625.1,GCA_050507065.1,0.8888888888888888,0.11111111111111116,0.011311277399999998,TRUE,Different ST,Same source,Same study
GCA_050485625.1,GCF_053117575.1,0.6666666666666667,0.33333333333333326,0.011311277399999998,TRUE,Different ST,Different source,Different study
GCA_050485625.1,GCA_050506995.1,0.8888888888888888,0.11111111111111116,0.011311277399999998,TRUE,Different ST,Same source,Same study
GCA_050485625.1,GCF_053117655.1,0.7222222222222222,0.2777777777777778,0.011311277399999998,TRUE,Different ST,Different source,Different study
GCA_050485625.1,GCA_050506685.1,0.8333333333333334,0.16666666666666663,0.011311277399999998,TRUE,Different ST,Same source,Same study
GCA_050485625.1,GCA_050516675.1,0.8333333333333334,0.16666666666666663,0.0114012456,TRUE,Different ST,Same source,Same study
GCA_050485625.1,GCA_050485055.1,0.33333333333333337,0.6666666666666666,0.009949615399999999,TRUE,Different ST,Same source,Same study
GCA_050485625.1,GCA_050506675.1,0.8421052631578947,0.1578947368421053,0.009949615399999999,TRUE,Different ST,Same source,Same study
GCA_050485625.1,GCF_053117585.1,0.8095238095238095,0.19047619047619047,0.009949615399999999,TRUE,Different ST,Different source,Different study
GCA_050485625.1,GCA_050506865.1,0.6666666666666667,0.33333333333333326,0.009949615399999999,TRUE,Different ST,Same source,Same study
GCA_050485625.1,GCA_050506665.1,0.8421052631578947,0.1578947368421053,0.009949615399999999,TRUE,Different ST,Same source,Same study
GCA_050485625.1,GCA_050505635.1,0.8181818181818181,0.18181818181818188,0.010042218200000001,TRUE,Different ST,Same source,Same study
GCA_050485625.1,GCA_050505645.1,0.8181818181818181,0.18181818181818188,0.0100422128,TRUE,Different ST,Same source,Same study
GCA_050485625.1,GCA_050486715.1,0.8947368421052632,0.10526315789473684,0.010038698700000001,FALSE,ST comparison unavailable,Same source,Same study
GCA_050485625.1,GCA_050491675.1,0.65,0.35,0.0111202554,TRUE,Different ST,Same source,Same study
GCA_050485625.1,GCA_050491685.1,0.65,0.35,0.0111202554,TRUE,Different ST,Same source,Same study
GCA_050485625.1,GCF_053117675.1,0.7083333333333333,0.29166666666666674,0.0110267275,TRUE,Different ST,Different source,Different study
GCA_050485625.1,GCA_050472755.1,0.8095238095238095,0.19047619047619047,0.013086724099999999,TRUE,Different ST,Same source,Same study
GCA_050485625.1,GCA_050506875.1,0.8947368421052632,0.10526315789473684,0.015789782300000003,TRUE,Different ST,Same source,Same study
GCA_050506885.1,GCA_050474495.1,0.6153846153846154,0.3846153846153846,0.012358131199999999,TRUE,Different ST,Same source,Same study
GCA_050506885.1,GCA_050506905.1,0.15384615384615385,0.8461538461538461,0.012358131199999999,TRUE,Different ST,Same source,Same study
GCA_050506885.1,GCF_053117695.1,0.7857142857142857,0.2142857142857143,0.0116996158,TRUE,Different ST,Different source,Different study
GCA_050506885.1,GCA_050471105.1,0.9230769230769231,0.07692307692307687,0.0117360586,TRUE,Different ST,Same source,Same study
GCA_050506885.1,GCA_050481115.1,0.9230769230769231,0.07692307692307687,0.0117360586,TRUE,Different ST,Same source,Same study
GCA_050506885.1,GCA_050481685.1,0.9230769230769231,0.07692307692307687,0.0117360586,TRUE,Different ST,Same source,Same study
GCA_050506885.1,GCA_050481105.1,0.9230769230769231,0.07692307692307687,0.0117360586,TRUE,Different ST,Same source,Same study
GCA_050506885.1,GCA_050480515.1,0.9230769230769231,0.07692307692307687,0.011737504000000001,TRUE,Different ST,Same source,Same study
GCA_050506885.1,GCA_050486705.1,0.8888888888888888,0.11111111111111116,0.0116444767,TRUE,Different ST,Same source,Same study
GCA_050506885.1,GCA_050506725.1,0.9166666666666666,0.08333333333333337,0.0117409124,TRUE,Different ST,Same source,Same study
GCA_050506885.1,GCA_050506735.1,0.9166666666666666,0.08333333333333337,0.0117409124,TRUE,Different ST,Same source,Same study
GCA_050506885.1,GCF_053117665.1,0.875,0.125,0.011835525500000001,TRUE,Different ST,Different source,Different study
GCA_050506885.1,GCA_050506765.1,0.8461538461538461,0.15384615384615385,0.013115747399999999,TRUE,Different ST,Same source,Same study
GCA_050506885.1,GCA_050506825.1,0.9230769230769231,0.07692307692307687,0.013022037299999999,TRUE,Different ST,Same source,Same study
GCA_050506885.1,GCA_050516645.1,0.8461538461538461,0.15384615384615385,0.013800716599999999,TRUE,Different ST,Same source,Same study
GCA_050506885.1,GCA_050516655.1,0.8461538461538461,0.15384615384615385,0.013800716599999999,TRUE,Different ST,Same source,Same study
GCA_050506885.1,GCA_050475575.1,0.7692307692307692,0.23076923076923084,0.014340229399999998,TRUE,Different ST,Same source,Same study
GCA_050506885.1,GCF_053117685.1,0.8,0.19999999999999996,0.014340229399999998,TRUE,Different ST,Different source,Different study
GCA_050506885.1,GCF_053117705.1,0.8,0.19999999999999996,0.014340229399999998,TRUE,Different ST,Different source,Different study
GCA_050506885.1,GCA_050506695.1,0.8461538461538461,0.15384615384615385,0.014340229399999998,TRUE,Different ST,Same source,Same study
GCA_050506885.1,GCA_050506815.1,0.8,0.19999999999999996,0.014340229399999998,TRUE,Different ST,Same source,Same study
GCA_050506885.1,GCA_050516665.1,0.875,0.125,0.014340229399999998,TRUE,Different ST,Same source,Same study
GCA_050506885.1,GCA_050507065.1,0.9230769230769231,0.07692307692307687,0.014340229399999998,TRUE,Different ST,Same source,Same study
GCA_050506885.1,GCF_053117575.1,0.8,0.19999999999999996,0.014340229399999998,TRUE,Different ST,Different source,Different study
GCA_050506885.1,GCA_050506995.1,0.9230769230769231,0.07692307692307687,0.014340229399999998,TRUE,Different ST,Same source,Same study
GCA_050506885.1,GCF_053117655.1,0.8666666666666667,0.1333333333333333,0.014340229399999998,TRUE,Different ST,Different source,Different study
GCA_050506885.1,GCA_050506685.1,0.8461538461538461,0.15384615384615385,0.014340229399999998,TRUE,Different ST,Same source,Same study
GCA_050506885.1,GCA_050516675.1,0.8461538461538461,0.15384615384615385,0.0144301976,TRUE,Different ST,Same source,Same study
GCA_050506885.1,GCA_050485055.1,0.4,0.6,0.012978567399999998,TRUE,Different ST,Same source,Same study
GCA_050506885.1,GCA_050506675.1,0.8571428571428572,0.1428571428571428,0.012978567399999998,TRUE,Different ST,Same source,Same study
GCA_050506885.1,GCF_053117585.1,0.8125,0.1875,0.012978567399999998,TRUE,Different ST,Different source,Different study
GCA_050506885.1,GCA_050506865.1,0.8,0.19999999999999996,0.012978567399999998,TRUE,Different ST,Same source,Same study
GCA_050506885.1,GCA_050506665.1,0.8571428571428572,0.1428571428571428,0.012978567399999998,TRUE,Different ST,Same source,Same study
GCA_050506885.1,GCA_050505635.1,0.8888888888888888,0.11111111111111116,0.013071170200000001,TRUE,Different ST,Same source,Same study
GCA_050506885.1,GCA_050505645.1,0.8888888888888888,0.11111111111111116,0.0130711648,TRUE,Different ST,Same source,Same study
GCA_050506885.1,GCA_050486715.1,0.9285714285714286,0.0714285714285714,0.0130676507,FALSE,ST comparison unavailable,Same source,Same study
GCA_050506885.1,GCA_050491675.1,0.7647058823529411,0.23529411764705888,0.014149207399999999,TRUE,Different ST,Same source,Same study
GCA_050506885.1,GCA_050491685.1,0.7647058823529411,0.23529411764705888,0.014149207399999999,TRUE,Different ST,Same source,Same study
GCA_050506885.1,GCF_053117675.1,0.8636363636363636,0.13636363636363635,0.0140556795,TRUE,Different ST,Different source,Different study
GCA_050506885.1,GCA_050472755.1,0.8125,0.1875,0.016115676099999997,TRUE,Different ST,Same source,Same study
GCA_050506885.1,GCA_050506875.1,0.8461538461538461,0.15384615384615385,0.0188187343,TRUE,Different ST,Same source,Same study
GCA_050474495.1,GCA_050506905.1,0.5,0.5,2e-6,TRUE,Same ST,Same source,Same study
GCA_050474495.1,GCF_053117695.1,0.4285714285714286,0.5714285714285714,0.012453516799999998,TRUE,Different ST,Different source,Different study
GCA_050474495.1,GCA_050471105.1,0.6666666666666667,0.33333333333333326,0.0124899596,TRUE,Different ST,Same source,Same study
GCA_050474495.1,GCA_050481115.1,0.6666666666666667,0.33333333333333326,0.0124899596,TRUE,Different ST,Same source,Same study
GCA_050474495.1,GCA_050481685.1,0.6666666666666667,0.33333333333333326,0.0124899596,TRUE,Different ST,Same source,Same study
GCA_050474495.1,GCA_050481105.1,0.6666666666666667,0.33333333333333326,0.0124899596,TRUE,Different ST,Same source,Same study
GCA_050474495.1,GCA_050480515.1,0.6666666666666667,0.33333333333333326,0.012491405,TRUE,Different ST,Same source,Same study
GCA_050474495.1,GCA_050486705.1,0.7272727272727273,0.2727272727272727,0.0123983777,TRUE,Different ST,Same source,Same study
GCA_050474495.1,GCA_050506725.1,0.8333333333333334,0.16666666666666663,0.012494813399999999,TRUE,Different ST,Same source,Same study
GCA_050474495.1,GCA_050506735.1,0.8333333333333334,0.16666666666666663,0.012494813399999999,TRUE,Different ST,Same source,Same study
GCA_050474495.1,GCF_053117665.1,0.6666666666666667,0.33333333333333326,0.0125894265,TRUE,Different ST,Different source,Different study
GCA_050474495.1,GCA_050506765.1,0.5,0.5,0.0138696484,TRUE,Different ST,Same source,Same study
GCA_050474495.1,GCA_050506825.1,0.6666666666666667,0.33333333333333326,0.0137759383,TRUE,Different ST,Same source,Same study
GCA_050474495.1,GCA_050516645.1,0.7142857142857143,0.2857142857142857,0.0145546176,TRUE,Different ST,Same source,Same study
GCA_050474495.1,GCA_050516655.1,0.7142857142857143,0.2857142857142857,0.0145546176,TRUE,Different ST,Same source,Same study
GCA_050474495.1,GCA_050475575.1,0.33333333333333337,0.6666666666666666,0.015094130399999997,TRUE,Different ST,Same source,Same study
GCA_050474495.1,GCF_053117685.1,0.5,0.5,0.015094130399999997,TRUE,Different ST,Different source,Different study
GCA_050474495.1,GCF_053117705.1,0.5,0.5,0.015094130399999997,TRUE,Different ST,Different source,Different study
GCA_050474495.1,GCA_050506695.1,0.5,0.5,0.015094130399999997,TRUE,Different ST,Same source,Same study
GCA_050474495.1,GCA_050506815.1,0.5,0.5,0.015094130399999997,TRUE,Different ST,Same source,Same study
GCA_050474495.1,GCA_050516665.1,0.6666666666666667,0.33333333333333326,0.015094130399999997,TRUE,Different ST,Same source,Same study
GCA_050474495.1,GCA_050507065.1,0.6666666666666667,0.33333333333333326,0.015094130399999997,TRUE,Different ST,Same source,Same study
GCA_050474495.1,GCF_053117575.1,0.5,0.5,0.015094130399999997,TRUE,Different ST,Different source,Different study
GCA_050474495.1,GCA_050506995.1,0.6666666666666667,0.33333333333333326,0.015094130399999997,TRUE,Different ST,Same source,Same study
GCA_050474495.1,GCF_053117655.1,0.625,0.375,0.015094130399999997,TRUE,Different ST,Different source,Different study
GCA_050474495.1,GCA_050506685.1,0.5,0.5,0.015094130399999997,TRUE,Different ST,Same source,Same study
GCA_050474495.1,GCA_050516675.1,0.5,0.5,0.0151840986,TRUE,Different ST,Same source,Same study
GCA_050474495.1,GCA_050485055.1,0.8,0.19999999999999996,0.013732468399999998,TRUE,Different ST,Same source,Same study
GCA_050474495.1,GCA_050506675.1,0.5714285714285714,0.4285714285714286,0.013732468399999998,TRUE,Different ST,Same source,Same study
GCA_050474495.1,GCF_053117585.1,0.5555555555555556,0.4444444444444444,0.013732468399999998,TRUE,Different ST,Different source,Different study
GCA_050474495.1,GCA_050506865.1,0.5,0.5,0.013732468399999998,TRUE,Different ST,Same source,Same study
GCA_050474495.1,GCA_050506665.1,0.5714285714285714,0.4285714285714286,0.013732468399999998,TRUE,Different ST,Same source,Same study
GCA_050474495.1,GCA_050505635.1,0.7272727272727273,0.2727272727272727,0.0138250712,TRUE,Different ST,Same source,Same study
GCA_050474495.1,GCA_050505645.1,0.7272727272727273,0.2727272727272727,0.0138250658,TRUE,Different ST,Same source,Same study
GCA_050474495.1,GCA_050486715.1,0.7142857142857143,0.2857142857142857,0.0138215517,FALSE,ST comparison unavailable,Same source,Same study
GCA_050474495.1,GCA_050491675.1,0.5,0.5,0.014903108399999998,TRUE,Different ST,Same source,Same study
GCA_050474495.1,GCA_050491685.1,0.5,0.5,0.014903108399999998,TRUE,Different ST,Same source,Same study
GCA_050474495.1,GCF_053117675.1,0.7333333333333334,0.2666666666666666,0.014809580499999999,TRUE,Different ST,Different source,Different study
GCA_050474495.1,GCA_050472755.1,0.5555555555555556,0.4444444444444444,0.016869577099999998,TRUE,Different ST,Same source,Same study
GCA_050474495.1,GCA_050506875.1,0.7142857142857143,0.2857142857142857,0.019572635300000002,TRUE,Different ST,Same source,Same study
GCA_050506905.1,GCF_053117695.1,0.6923076923076923,0.3076923076923077,0.012453516799999998,TRUE,Different ST,Different source,Different study
GCA_050506905.1,GCA_050471105.1,0.8333333333333334,0.16666666666666663,0.0124899596,TRUE,Different ST,Same source,Same study
GCA_050506905.1,GCA_050481115.1,0.8333333333333334,0.16666666666666663,0.0124899596,TRUE,Different ST,Same source,Same study
GCA_050506905.1,GCA_050481685.1,0.8333333333333334,0.16666666666666663,0.0124899596,TRUE,Different ST,Same source,Same study
GCA_050506905.1,GCA_050481105.1,0.8333333333333334,0.16666666666666663,0.0124899596,TRUE,Different ST,Same source,Same study
GCA_050506905.1,GCA_050480515.1,0.8333333333333334,0.16666666666666663,0.012491405,TRUE,Different ST,Same source,Same study
GCA_050506905.1,GCA_050486705.1,0.8235294117647058,0.17647058823529416,0.0123983777,TRUE,Different ST,Same source,Same study
GCA_050506905.1,GCA_050506725.1,0.9166666666666666,0.08333333333333337,0.012494813399999999,TRUE,Different ST,Same source,Same study
GCA_050506905.1,GCA_050506735.1,0.9166666666666666,0.08333333333333337,0.012494813399999999,TRUE,Different ST,Same source,Same study
GCA_050506905.1,GCF_053117665.1,0.8,0.19999999999999996,0.0125894265,TRUE,Different ST,Different source,Different study
GCA_050506905.1,GCA_050506765.1,0.75,0.25,0.0138696484,TRUE,Different ST,Same source,Same study
GCA_050506905.1,GCA_050506825.1,0.8333333333333334,0.16666666666666663,0.0137759383,TRUE,Different ST,Same source,Same study
GCA_050506905.1,GCA_050516645.1,0.8461538461538461,0.15384615384615385,0.0145546176,TRUE,Different ST,Same source,Same study
GCA_050506905.1,GCA_050516655.1,0.8461538461538461,0.15384615384615385,0.0145546176,TRUE,Different ST,Same source,Same study
GCA_050506905.1,GCA_050475575.1,0.6666666666666667,0.33333333333333326,0.015094130399999997,TRUE,Different ST,Same source,Same study
GCA_050506905.1,GCF_053117685.1,0.7142857142857143,0.2857142857142857,0.015094130399999997,TRUE,Different ST,Different source,Different study
GCA_050506905.1,GCF_053117705.1,0.7142857142857143,0.2857142857142857,0.015094130399999997,TRUE,Different ST,Different source,Different study
GCA_050506905.1,GCA_050506695.1,0.75,0.25,0.015094130399999997,TRUE,Different ST,Same source,Same study
GCA_050506905.1,GCA_050506815.1,0.7142857142857143,0.2857142857142857,0.015094130399999997,TRUE,Different ST,Same source,Same study
GCA_050506905.1,GCA_050516665.1,0.8,0.19999999999999996,0.015094130399999997,TRUE,Different ST,Same source,Same study
GCA_050506905.1,GCA_050507065.1,0.8333333333333334,0.16666666666666663,0.015094130399999997,TRUE,Different ST,Same source,Same study
GCA_050506905.1,GCF_053117575.1,0.7142857142857143,0.2857142857142857,0.015094130399999997,TRUE,Different ST,Different source,Different study
GCA_050506905.1,GCA_050506995.1,0.8333333333333334,0.16666666666666663,0.015094130399999997,TRUE,Different ST,Same source,Same study
GCA_050506905.1,GCF_053117655.1,0.7857142857142857,0.2142857142857143,0.015094130399999997,TRUE,Different ST,Different source,Different study
GCA_050506905.1,GCA_050506685.1,0.75,0.25,0.015094130399999997,TRUE,Different ST,Same source,Same study
GCA_050506905.1,GCA_050516675.1,0.75,0.25,0.0151840986,TRUE,Different ST,Same source,Same study
GCA_050506905.1,GCA_050485055.1,0.4,0.6,0.013732468399999998,TRUE,Different ST,Same source,Same study
GCA_050506905.1,GCA_050506675.1,0.7692307692307692,0.23076923076923084,0.013732468399999998,TRUE,Different ST,Same source,Same study
GCA_050506905.1,GCF_053117585.1,0.7333333333333334,0.2666666666666666,0.013732468399999998,TRUE,Different ST,Different source,Different study
GCA_050506905.1,GCA_050506865.1,0.7142857142857143,0.2857142857142857,0.013732468399999998,TRUE,Different ST,Same source,Same study
GCA_050506905.1,GCA_050506665.1,0.7692307692307692,0.23076923076923084,0.013732468399999998,TRUE,Different ST,Same source,Same study
GCA_050506905.1,GCA_050505635.1,0.8235294117647058,0.17647058823529416,0.0138250712,TRUE,Different ST,Same source,Same study
GCA_050506905.1,GCA_050505645.1,0.8235294117647058,0.17647058823529416,0.0138250658,TRUE,Different ST,Same source,Same study
GCA_050506905.1,GCA_050486715.1,0.8461538461538461,0.15384615384615385,0.0138215517,FALSE,ST comparison unavailable,Same source,Same study
GCA_050506905.1,GCA_050491675.1,0.6875,0.3125,0.014903108399999998,TRUE,Different ST,Same source,Same study
GCA_050506905.1,GCA_050491685.1,0.6875,0.3125,0.014903108399999998,TRUE,Different ST,Same source,Same study
GCA_050506905.1,GCF_053117675.1,0.8095238095238095,0.19047619047619047,0.014809580499999999,TRUE,Different ST,Different source,Different study
GCA_050506905.1,GCA_050472755.1,0.7333333333333334,0.2666666666666666,0.016869577099999998,TRUE,Different ST,Same source,Same study
GCA_050506905.1,GCA_050506875.1,0.8461538461538461,0.15384615384615385,0.019572635300000002,TRUE,Different ST,Same source,Same study
GCF_053117695.1,GCA_050471105.1,0.6,0.4,0.0084128776,TRUE,Different ST,Different source,Different study
GCF_053117695.1,GCA_050481115.1,0.6,0.4,0.0084128776,TRUE,Different ST,Different source,Different study
GCF_053117695.1,GCA_050481685.1,0.6,0.4,0.0084128776,TRUE,Different ST,Different source,Different study
GCF_053117695.1,GCA_050481105.1,0.6,0.4,0.0084128776,TRUE,Different ST,Different source,Different study
GCF_053117695.1,GCA_050480515.1,0.6,0.4,0.008414323000000001,TRUE,Different ST,Different source,Different study
GCF_053117695.1,GCA_050486705.1,0.5555555555555556,0.4444444444444444,0.0083212957,TRUE,Different ST,Different source,Different study
GCF_053117695.1,GCA_050506725.1,0.8,0.19999999999999996,0.0084177314,TRUE,Different ST,Different source,Different study
GCF_053117695.1,GCA_050506735.1,0.8,0.19999999999999996,0.0084177314,TRUE,Different ST,Different source,Different study
GCF_053117695.1,GCF_053117665.1,0.625,0.375,0.008512344500000001,TRUE,Different ST,Same source,Same study
GCF_053117695.1,GCA_050506765.1,0.4,0.6,0.009792566400000001,TRUE,Different ST,Different source,Different study
GCF_053117695.1,GCA_050506825.1,0.6,0.4,0.009698856300000001,TRUE,Different ST,Different source,Different study
GCF_053117695.1,GCA_050516645.1,0.4,0.6,0.0104775356,TRUE,Different ST,Different source,Different study
GCF_053117695.1,GCA_050516655.1,0.4,0.6,0.0104775356,TRUE,Different ST,Different source,Different study
GCF_053117695.1,GCA_050475575.1,0.19999999999999996,0.8,0.011017048399999998,TRUE,Different ST,Different source,Different study
GCF_053117695.1,GCF_053117685.1,0.4285714285714286,0.5714285714285714,0.011017048399999998,TRUE,Different ST,Same source,Same study
GCF_053117695.1,GCF_053117705.1,0.4285714285714286,0.5714285714285714,0.011017048399999998,TRUE,Different ST,Same source,Same study
GCF_053117695.1,GCA_050506695.1,0.4,0.6,0.011017048399999998,TRUE,Different ST,Different source,Different study
GCF_053117695.1,GCA_050506815.1,0.4285714285714286,0.5714285714285714,0.011017048399999998,TRUE,Different ST,Different source,Different study
GCF_053117695.1,GCA_050516665.1,0.625,0.375,0.011017048399999998,TRUE,Different ST,Different source,Different study
GCF_053117695.1,GCA_050507065.1,0.6,0.4,0.011017048399999998,TRUE,Different ST,Different source,Different study
GCF_053117695.1,GCF_053117575.1,0.4285714285714286,0.5714285714285714,0.011017048399999998,TRUE,Different ST,Same source,Same study
GCF_053117695.1,GCA_050506995.1,0.6,0.4,0.011017048399999998,TRUE,Different ST,Different source,Different study
GCF_053117695.1,GCF_053117655.1,0.5714285714285714,0.4285714285714286,0.011017048399999998,TRUE,Different ST,Same source,Same study
GCF_053117695.1,GCA_050506685.1,0.4,0.6,0.011017048399999998,TRUE,Different ST,Different source,Different study
GCF_053117695.1,GCA_050516675.1,0.4,0.6,0.0111070166,TRUE,Different ST,Different source,Different study
GCF_053117695.1,GCA_050485055.1,0.7857142857142857,0.2142857142857143,0.009655386399999999,TRUE,Different ST,Different source,Different study
GCF_053117695.1,GCA_050506675.1,0.5,0.5,0.009655386399999999,TRUE,Different ST,Different source,Different study
GCF_053117695.1,GCF_053117585.1,0.2857142857142857,0.7142857142857143,0.009655386399999999,TRUE,Different ST,Same source,Same study
GCF_053117695.1,GCA_050506865.1,0.4285714285714286,0.5714285714285714,0.009655386399999999,TRUE,Different ST,Different source,Different study
GCF_053117695.1,GCA_050506665.1,0.5,0.5,0.009655386399999999,TRUE,Different ST,Different source,Different study
GCF_053117695.1,GCA_050505635.1,0.7,0.30000000000000004,0.009747989200000001,TRUE,Different ST,Different source,Different study
GCF_053117695.1,GCA_050505645.1,0.7,0.30000000000000004,0.0097479838,TRUE,Different ST,Different source,Different study
GCF_053117695.1,GCA_050486715.1,0.6666666666666667,0.33333333333333326,0.009744469700000001,FALSE,ST comparison unavailable,Different source,Different study
GCF_053117695.1,GCA_050491675.1,0.6,0.4,0.0108260264,TRUE,Different ST,Different source,Different study
GCF_053117695.1,GCA_050491685.1,0.6,0.4,0.0108260264,TRUE,Different ST,Different source,Different study
GCF_053117695.1,GCF_053117675.1,0.8,0.19999999999999996,0.0107324985,TRUE,Different ST,Same source,Same study
GCF_053117695.1,GCA_050472755.1,0.6666666666666667,0.33333333333333326,0.0127924951,TRUE,Different ST,Different source,Different study
GCF_053117695.1,GCA_050506875.1,0.6666666666666667,0.33333333333333326,0.015495553300000001,TRUE,Different ST,Different source,Different study
GCA_050471105.1,GCA_050481115.1,0,1,0,TRUE,Same ST,Same source,Same study
GCA_050471105.1,GCA_050481685.1,0,1,0,TRUE,Same ST,Same source,Same study
GCA_050471105.1,GCA_050481105.1,0,1,0,TRUE,Same ST,Same source,Same study
GCA_050471105.1,GCA_050480515.1,0,1,3.4454e-6,TRUE,Same ST,Same source,Same study
GCA_050471105.1,GCA_050486705.1,0.75,0.25,9.827049999999999e-5,TRUE,Same ST,Same source,Same study
GCA_050471105.1,GCA_050506725.1,0.5,0.5,1.947062e-4,TRUE,Same ST,Same source,Same study
GCA_050471105.1,GCA_050506735.1,0.5,0.5,1.947062e-4,TRUE,Same ST,Same source,Same study
GCA_050471105.1,GCF_053117665.1,0.6666666666666667,0.33333333333333326,2.893193e-4,TRUE,Same ST,Different source,Different study
GCA_050471105.1,GCA_050506765.1,0.33333333333333337,0.6666666666666666,0.0015745752000000002,TRUE,Same ST,Same source,Same study
GCA_050471105.1,GCA_050506825.1,0,1,0.0014808651,TRUE,Same ST,Same source,Same study
GCA_050471105.1,GCA_050516645.1,0.75,0.25,0.0022595444,TRUE,Different ST,Same source,Same study
GCA_050471105.1,GCA_050516655.1,0.75,0.25,0.0022595444,TRUE,Different ST,Same source,Same study
GCA_050471105.1,GCA_050475575.1,0.5,0.5,0.009889967599999999,TRUE,Different ST,Same source,Same study
GCA_050471105.1,GCF_053117685.1,0.6666666666666667,0.33333333333333326,0.009889967599999999,TRUE,Different ST,Different source,Different study
GCA_050471105.1,GCF_053117705.1,0.6666666666666667,0.33333333333333326,0.009889967599999999,TRUE,Different ST,Different source,Different study
GCA_050471105.1,GCA_050506695.1,0.33333333333333337,0.6666666666666666,0.009889967599999999,TRUE,Different ST,Same source,Same study
GCA_050471105.1,GCA_050506815.1,0.6666666666666667,0.33333333333333326,0.009889967599999999,TRUE,Different ST,Same source,Same study
GCA_050471105.1,GCA_050516665.1,0.6666666666666667,0.33333333333333326,0.009889967599999999,TRUE,Different ST,Same source,Same study
GCA_050471105.1,GCA_050507065.1,0,1,0.009889967599999999,TRUE,Different ST,Same source,Same study
GCA_050471105.1,GCF_053117575.1,0.6666666666666667,0.33333333333333326,0.009889967599999999,TRUE,Different ST,Different source,Different study
GCA_050471105.1,GCA_050506995.1,0,1,0.009889967599999999,TRUE,Different ST,Same source,Same study
GCA_050471105.1,GCF_053117655.1,0.6,0.4,0.009889967599999999,TRUE,Different ST,Different source,Different study
GCA_050471105.1,GCA_050506685.1,0.33333333333333337,0.6666666666666666,0.009889967599999999,TRUE,Different ST,Same source,Same study
GCA_050471105.1,GCA_050516675.1,0.33333333333333337,0.6666666666666666,0.0099799358,TRUE,Different ST,Same source,Same study
GCA_050471105.1,GCA_050485055.1,0.8333333333333334,0.16666666666666663,0.0085283056,TRUE,Different ST,Same source,Same study
GCA_050471105.1,GCA_050506675.1,0.5,0.5,0.0085283056,TRUE,Different ST,Same source,Same study
GCA_050471105.1,GCF_053117585.1,0.7142857142857143,0.2857142857142857,0.0085283056,TRUE,Different ST,Different source,Different study
GCA_050471105.1,GCA_050506865.1,0.6666666666666667,0.33333333333333326,0.0085283056,TRUE,Different ST,Same source,Same study
GCA_050471105.1,GCA_050506665.1,0.5,0.5,0.0085283056,TRUE,Different ST,Same source,Same study
GCA_050471105.1,GCA_050505635.1,0.75,0.25,0.008620908400000002,TRUE,Different ST,Same source,Same study
GCA_050471105.1,GCA_050505645.1,0.75,0.25,0.008620903000000001,TRUE,Different ST,Same source,Same study
GCA_050471105.1,GCA_050486715.1,0.33333333333333337,0.6666666666666666,0.008617388900000002,FALSE,ST comparison unavailable,Same source,Same study
GCA_050471105.1,GCA_050491675.1,0.7777777777777778,0.2222222222222222,0.0096989456,TRUE,Different ST,Same source,Same study
GCA_050471105.1,GCA_050491685.1,0.7777777777777778,0.2222222222222222,0.0096989456,TRUE,Different ST,Same source,Same study
GCA_050471105.1,GCF_053117675.1,0.8461538461538461,0.15384615384615385,0.0096054177,TRUE,Different ST,Different source,Different study
GCA_050471105.1,GCA_050472755.1,0.7142857142857143,0.2857142857142857,0.0116654143,TRUE,Different ST,Same source,Same study
GCA_050471105.1,GCA_050506875.1,0.75,0.25,0.014368472500000002,TRUE,Different ST,Same source,Same study
GCA_050481115.1,GCA_050481685.1,0,1,0,TRUE,Same ST,Same source,Same study
GCA_050481115.1,GCA_050481105.1,0,1,0,TRUE,Same ST,Same source,Same study
GCA_050481115.1,GCA_050480515.1,0,1,3.4454e-6,TRUE,Same ST,Same source,Same study
GCA_050481115.1,GCA_050486705.1,0.75,0.25,9.827049999999999e-5,TRUE,Same ST,Same source,Same study
GCA_050481115.1,GCA_050506725.1,0.5,0.5,1.947062e-4,TRUE,Same ST,Same source,Same study
GCA_050481115.1,GCA_050506735.1,0.5,0.5,1.947062e-4,TRUE,Same ST,Same source,Same study
GCA_050481115.1,GCF_053117665.1,0.6666666666666667,0.33333333333333326,2.893193e-4,TRUE,Same ST,Different source,Different study
GCA_050481115.1,GCA_050506765.1,0.33333333333333337,0.6666666666666666,0.0015745752000000002,TRUE,Same ST,Same source,Same study
GCA_050481115.1,GCA_050506825.1,0,1,0.0014808651,TRUE,Same ST,Same source,Same study
GCA_050481115.1,GCA_050516645.1,0.75,0.25,0.0022595444,TRUE,Different ST,Same source,Same study
GCA_050481115.1,GCA_050516655.1,0.75,0.25,0.0022595444,TRUE,Different ST,Same source,Same study
GCA_050481115.1,GCA_050475575.1,0.5,0.5,0.009889967599999999,TRUE,Different ST,Same source,Same study
GCA_050481115.1,GCF_053117685.1,0.6666666666666667,0.33333333333333326,0.009889967599999999,TRUE,Different ST,Different source,Different study
GCA_050481115.1,GCF_053117705.1,0.6666666666666667,0.33333333333333326,0.009889967599999999,TRUE,Different ST,Different source,Different study
GCA_050481115.1,GCA_050506695.1,0.33333333333333337,0.6666666666666666,0.009889967599999999,TRUE,Different ST,Same source,Same study
GCA_050481115.1,GCA_050506815.1,0.6666666666666667,0.33333333333333326,0.009889967599999999,TRUE,Different ST,Same source,Same study
GCA_050481115.1,GCA_050516665.1,0.6666666666666667,0.33333333333333326,0.009889967599999999,TRUE,Different ST,Same source,Same study
GCA_050481115.1,GCA_050507065.1,0,1,0.009889967599999999,TRUE,Different ST,Same source,Same study
GCA_050481115.1,GCF_053117575.1,0.6666666666666667,0.33333333333333326,0.009889967599999999,TRUE,Different ST,Different source,Different study
GCA_050481115.1,GCA_050506995.1,0,1,0.009889967599999999,TRUE,Different ST,Same source,Same study
GCA_050481115.1,GCF_053117655.1,0.6,0.4,0.009889967599999999,TRUE,Different ST,Different source,Different study
GCA_050481115.1,GCA_050506685.1,0.33333333333333337,0.6666666666666666,0.009889967599999999,TRUE,Different ST,Same source,Same study
GCA_050481115.1,GCA_050516675.1,0.33333333333333337,0.6666666666666666,0.0099799358,TRUE,Different ST,Same source,Same study
GCA_050481115.1,GCA_050485055.1,0.8333333333333334,0.16666666666666663,0.0085283056,TRUE,Different ST,Same source,Same study
GCA_050481115.1,GCA_050506675.1,0.5,0.5,0.0085283056,TRUE,Different ST,Same source,Same study
GCA_050481115.1,GCF_053117585.1,0.7142857142857143,0.2857142857142857,0.0085283056,TRUE,Different ST,Different source,Different study
GCA_050481115.1,GCA_050506865.1,0.6666666666666667,0.33333333333333326,0.0085283056,TRUE,Different ST,Same source,Same study
GCA_050481115.1,GCA_050506665.1,0.5,0.5,0.0085283056,TRUE,Different ST,Same source,Same study
GCA_050481115.1,GCA_050505635.1,0.75,0.25,0.008620908400000002,TRUE,Different ST,Same source,Same study
GCA_050481115.1,GCA_050505645.1,0.75,0.25,0.008620903000000001,TRUE,Different ST,Same source,Same study
GCA_050481115.1,GCA_050486715.1,0.33333333333333337,0.6666666666666666,0.008617388900000002,FALSE,ST comparison unavailable,Same source,Same study
GCA_050481115.1,GCA_050491675.1,0.7777777777777778,0.2222222222222222,0.0096989456,TRUE,Different ST,Same source,Same study
GCA_050481115.1,GCA_050491685.1,0.7777777777777778,0.2222222222222222,0.0096989456,TRUE,Different ST,Same source,Same study
GCA_050481115.1,GCF_053117675.1,0.8461538461538461,0.15384615384615385,0.0096054177,TRUE,Different ST,Different source,Different study
GCA_050481115.1,GCA_050472755.1,0.7142857142857143,0.2857142857142857,0.0116654143,TRUE,Different ST,Same source,Same study
GCA_050481115.1,GCA_050506875.1,0.75,0.25,0.014368472500000002,TRUE,Different ST,Same source,Same study
GCA_050481685.1,GCA_050481105.1,0,1,0,TRUE,Same ST,Same source,Same study
GCA_050481685.1,GCA_050480515.1,0,1,3.4454e-6,TRUE,Same ST,Same source,Same study
GCA_050481685.1,GCA_050486705.1,0.75,0.25,9.827049999999999e-5,TRUE,Same ST,Same source,Same study
GCA_050481685.1,GCA_050506725.1,0.5,0.5,1.947062e-4,TRUE,Same ST,Same source,Same study
GCA_050481685.1,GCA_050506735.1,0.5,0.5,1.947062e-4,TRUE,Same ST,Same source,Same study
GCA_050481685.1,GCF_053117665.1,0.6666666666666667,0.33333333333333326,2.893193e-4,TRUE,Same ST,Different source,Different study
GCA_050481685.1,GCA_050506765.1,0.33333333333333337,0.6666666666666666,0.0015745752000000002,TRUE,Same ST,Same source,Same study
GCA_050481685.1,GCA_050506825.1,0,1,0.0014808651,TRUE,Same ST,Same source,Same study
GCA_050481685.1,GCA_050516645.1,0.75,0.25,0.0022595444,TRUE,Different ST,Same source,Same study
GCA_050481685.1,GCA_050516655.1,0.75,0.25,0.0022595444,TRUE,Different ST,Same source,Same study
GCA_050481685.1,GCA_050475575.1,0.5,0.5,0.009889967599999999,TRUE,Different ST,Same source,Same study
GCA_050481685.1,GCF_053117685.1,0.6666666666666667,0.33333333333333326,0.009889967599999999,TRUE,Different ST,Different source,Different study
GCA_050481685.1,GCF_053117705.1,0.6666666666666667,0.33333333333333326,0.009889967599999999,TRUE,Different ST,Different source,Different study
GCA_050481685.1,GCA_050506695.1,0.33333333333333337,0.6666666666666666,0.009889967599999999,TRUE,Different ST,Same source,Same study
GCA_050481685.1,GCA_050506815.1,0.6666666666666667,0.33333333333333326,0.009889967599999999,TRUE,Different ST,Same source,Same study
GCA_050481685.1,GCA_050516665.1,0.6666666666666667,0.33333333333333326,0.009889967599999999,TRUE,Different ST,Same source,Same study
GCA_050481685.1,GCA_050507065.1,0,1,0.009889967599999999,TRUE,Different ST,Same source,Same study
GCA_050481685.1,GCF_053117575.1,0.6666666666666667,0.33333333333333326,0.009889967599999999,TRUE,Different ST,Different source,Different study
GCA_050481685.1,GCA_050506995.1,0,1,0.009889967599999999,TRUE,Different ST,Same source,Same study
GCA_050481685.1,GCF_053117655.1,0.6,0.4,0.009889967599999999,TRUE,Different ST,Different source,Different study
GCA_050481685.1,GCA_050506685.1,0.33333333333333337,0.6666666666666666,0.009889967599999999,TRUE,Different ST,Same source,Same study
GCA_050481685.1,GCA_050516675.1,0.33333333333333337,0.6666666666666666,0.0099799358,TRUE,Different ST,Same source,Same study
GCA_050481685.1,GCA_050485055.1,0.8333333333333334,0.16666666666666663,0.0085283056,TRUE,Different ST,Same source,Same study
GCA_050481685.1,GCA_050506675.1,0.5,0.5,0.0085283056,TRUE,Different ST,Same source,Same study
GCA_050481685.1,GCF_053117585.1,0.7142857142857143,0.2857142857142857,0.0085283056,TRUE,Different ST,Different source,Different study
GCA_050481685.1,GCA_050506865.1,0.6666666666666667,0.33333333333333326,0.0085283056,TRUE,Different ST,Same source,Same study
GCA_050481685.1,GCA_050506665.1,0.5,0.5,0.0085283056,TRUE,Different ST,Same source,Same study
GCA_050481685.1,GCA_050505635.1,0.75,0.25,0.008620908400000002,TRUE,Different ST,Same source,Same study
GCA_050481685.1,GCA_050505645.1,0.75,0.25,0.008620903000000001,TRUE,Different ST,Same source,Same study
GCA_050481685.1,GCA_050486715.1,0.33333333333333337,0.6666666666666666,0.008617388900000002,FALSE,ST comparison unavailable,Same source,Same study
GCA_050481685.1,GCA_050491675.1,0.7777777777777778,0.2222222222222222,0.0096989456,TRUE,Different ST,Same source,Same study
GCA_050481685.1,GCA_050491685.1,0.7777777777777778,0.2222222222222222,0.0096989456,TRUE,Different ST,Same source,Same study
GCA_050481685.1,GCF_053117675.1,0.8461538461538461,0.15384615384615385,0.0096054177,TRUE,Different ST,Different source,Different study
GCA_050481685.1,GCA_050472755.1,0.7142857142857143,0.2857142857142857,0.0116654143,TRUE,Different ST,Same source,Same study
GCA_050481685.1,GCA_050506875.1,0.75,0.25,0.014368472500000002,TRUE,Different ST,Same source,Same study
GCA_050481105.1,GCA_050480515.1,0,1,3.4454e-6,TRUE,Same ST,Same source,Same study
GCA_050481105.1,GCA_050486705.1,0.75,0.25,9.827049999999999e-5,TRUE,Same ST,Same source,Same study
GCA_050481105.1,GCA_050506725.1,0.5,0.5,1.947062e-4,TRUE,Same ST,Same source,Same study
GCA_050481105.1,GCA_050506735.1,0.5,0.5,1.947062e-4,TRUE,Same ST,Same source,Same study
GCA_050481105.1,GCF_053117665.1,0.6666666666666667,0.33333333333333326,2.893193e-4,TRUE,Same ST,Different source,Different study
GCA_050481105.1,GCA_050506765.1,0.33333333333333337,0.6666666666666666,0.0015745752000000002,TRUE,Same ST,Same source,Same study
GCA_050481105.1,GCA_050506825.1,0,1,0.0014808651,TRUE,Same ST,Same source,Same study
GCA_050481105.1,GCA_050516645.1,0.75,0.25,0.0022595444,TRUE,Different ST,Same source,Same study
GCA_050481105.1,GCA_050516655.1,0.75,0.25,0.0022595444,TRUE,Different ST,Same source,Same study
GCA_050481105.1,GCA_050475575.1,0.5,0.5,0.009889967599999999,TRUE,Different ST,Same source,Same study
GCA_050481105.1,GCF_053117685.1,0.6666666666666667,0.33333333333333326,0.009889967599999999,TRUE,Different ST,Different source,Different study
GCA_050481105.1,GCF_053117705.1,0.6666666666666667,0.33333333333333326,0.009889967599999999,TRUE,Different ST,Different source,Different study
GCA_050481105.1,GCA_050506695.1,0.33333333333333337,0.6666666666666666,0.009889967599999999,TRUE,Different ST,Same source,Same study
GCA_050481105.1,GCA_050506815.1,0.6666666666666667,0.33333333333333326,0.009889967599999999,TRUE,Different ST,Same source,Same study
GCA_050481105.1,GCA_050516665.1,0.6666666666666667,0.33333333333333326,0.009889967599999999,TRUE,Different ST,Same source,Same study
GCA_050481105.1,GCA_050507065.1,0,1,0.009889967599999999,TRUE,Different ST,Same source,Same study
GCA_050481105.1,GCF_053117575.1,0.6666666666666667,0.33333333333333326,0.009889967599999999,TRUE,Different ST,Different source,Different study
GCA_050481105.1,GCA_050506995.1,0,1,0.009889967599999999,TRUE,Different ST,Same source,Same study
GCA_050481105.1,GCF_053117655.1,0.6,0.4,0.009889967599999999,TRUE,Different ST,Different source,Different study
GCA_050481105.1,GCA_050506685.1,0.33333333333333337,0.6666666666666666,0.009889967599999999,TRUE,Different ST,Same source,Same study
GCA_050481105.1,GCA_050516675.1,0.33333333333333337,0.6666666666666666,0.0099799358,TRUE,Different ST,Same source,Same study
GCA_050481105.1,GCA_050485055.1,0.8333333333333334,0.16666666666666663,0.0085283056,TRUE,Different ST,Same source,Same study
GCA_050481105.1,GCA_050506675.1,0.5,0.5,0.0085283056,TRUE,Different ST,Same source,Same study
GCA_050481105.1,GCF_053117585.1,0.7142857142857143,0.2857142857142857,0.0085283056,TRUE,Different ST,Different source,Different study
GCA_050481105.1,GCA_050506865.1,0.6666666666666667,0.33333333333333326,0.0085283056,TRUE,Different ST,Same source,Same study
GCA_050481105.1,GCA_050506665.1,0.5,0.5,0.0085283056,TRUE,Different ST,Same source,Same study
GCA_050481105.1,GCA_050505635.1,0.75,0.25,0.008620908400000002,TRUE,Different ST,Same source,Same study
GCA_050481105.1,GCA_050505645.1,0.75,0.25,0.008620903000000001,TRUE,Different ST,Same source,Same study
GCA_050481105.1,GCA_050486715.1,0.33333333333333337,0.6666666666666666,0.008617388900000002,FALSE,ST comparison unavailable,Same source,Same study
GCA_050481105.1,GCA_050491675.1,0.7777777777777778,0.2222222222222222,0.0096989456,TRUE,Different ST,Same source,Same study
GCA_050481105.1,GCA_050491685.1,0.7777777777777778,0.2222222222222222,0.0096989456,TRUE,Different ST,Same source,Same study
GCA_050481105.1,GCF_053117675.1,0.8461538461538461,0.15384615384615385,0.0096054177,TRUE,Different ST,Different source,Different study
GCA_050481105.1,GCA_050472755.1,0.7142857142857143,0.2857142857142857,0.0116654143,TRUE,Different ST,Same source,Same study
GCA_050481105.1,GCA_050506875.1,0.75,0.25,0.014368472500000002,TRUE,Different ST,Same source,Same study
GCA_050480515.1,GCA_050486705.1,0.75,0.25,9.971589999999998e-5,TRUE,Same ST,Same source,Same study
GCA_050480515.1,GCA_050506725.1,0.5,0.5,1.9615159999999997e-4,TRUE,Same ST,Same source,Same study
GCA_050480515.1,GCA_050506735.1,0.5,0.5,1.9615159999999997e-4,TRUE,Same ST,Same source,Same study
GCA_050480515.1,GCF_053117665.1,0.6666666666666667,0.33333333333333326,2.9076469999999996e-4,TRUE,Same ST,Different source,Different study
GCA_050480515.1,GCA_050506765.1,0.33333333333333337,0.6666666666666666,0.0015760206000000002,TRUE,Same ST,Same source,Same study
GCA_050480515.1,GCA_050506825.1,0,1,0.0014823105,TRUE,Same ST,Same source,Same study
GCA_050480515.1,GCA_050516645.1,0.75,0.25,0.0022609898,TRUE,Different ST,Same source,Same study
GCA_050480515.1,GCA_050516655.1,0.75,0.25,0.0022609898,TRUE,Different ST,Same source,Same study
GCA_050480515.1,GCA_050475575.1,0.5,0.5,0.009891412999999998,TRUE,Different ST,Same source,Same study
GCA_050480515.1,GCF_053117685.1,0.6666666666666667,0.33333333333333326,0.009891412999999998,TRUE,Different ST,Different source,Different study
GCA_050480515.1,GCF_053117705.1,0.6666666666666667,0.33333333333333326,0.009891412999999998,TRUE,Different ST,Different source,Different study
GCA_050480515.1,GCA_050506695.1,0.33333333333333337,0.6666666666666666,0.009891412999999998,TRUE,Different ST,Same source,Same study
GCA_050480515.1,GCA_050506815.1,0.6666666666666667,0.33333333333333326,0.009891412999999998,TRUE,Different ST,Same source,Same study
GCA_050480515.1,GCA_050516665.1,0.6666666666666667,0.33333333333333326,0.009891412999999998,TRUE,Different ST,Same source,Same study
GCA_050480515.1,GCA_050507065.1,0,1,0.009891412999999998,TRUE,Different ST,Same source,Same study
GCA_050480515.1,GCF_053117575.1,0.6666666666666667,0.33333333333333326,0.009891412999999998,TRUE,Different ST,Different source,Different study
GCA_050480515.1,GCA_050506995.1,0,1,0.009891412999999998,TRUE,Different ST,Same source,Same study
GCA_050480515.1,GCF_053117655.1,0.6,0.4,0.009891412999999998,TRUE,Different ST,Different source,Different study
GCA_050480515.1,GCA_050506685.1,0.33333333333333337,0.6666666666666666,0.009891412999999998,TRUE,Different ST,Same source,Same study
GCA_050480515.1,GCA_050516675.1,0.33333333333333337,0.6666666666666666,0.0099813812,TRUE,Different ST,Same source,Same study
GCA_050480515.1,GCA_050485055.1,0.8333333333333334,0.16666666666666663,0.008529750999999999,TRUE,Different ST,Same source,Same study
GCA_050480515.1,GCA_050506675.1,0.5,0.5,0.008529750999999999,TRUE,Different ST,Same source,Same study
GCA_050480515.1,GCF_053117585.1,0.7142857142857143,0.2857142857142857,0.008529750999999999,TRUE,Different ST,Different source,Different study
GCA_050480515.1,GCA_050506865.1,0.6666666666666667,0.33333333333333326,0.008529750999999999,TRUE,Different ST,Same source,Same study
GCA_050480515.1,GCA_050506665.1,0.5,0.5,0.008529750999999999,TRUE,Different ST,Same source,Same study
GCA_050480515.1,GCA_050505635.1,0.75,0.25,0.008622353800000001,TRUE,Different ST,Same source,Same study
GCA_050480515.1,GCA_050505645.1,0.75,0.25,0.0086223484,TRUE,Different ST,Same source,Same study
GCA_050480515.1,GCA_050486715.1,0.33333333333333337,0.6666666666666666,0.008618834300000001,FALSE,ST comparison unavailable,Same source,Same study
GCA_050480515.1,GCA_050491675.1,0.7777777777777778,0.2222222222222222,0.009700391,TRUE,Different ST,Same source,Same study
GCA_050480515.1,GCA_050491685.1,0.7777777777777778,0.2222222222222222,0.009700391,TRUE,Different ST,Same source,Same study
GCA_050480515.1,GCF_053117675.1,0.8461538461538461,0.15384615384615385,0.0096068631,TRUE,Different ST,Different source,Different study
GCA_050480515.1,GCA_050472755.1,0.7142857142857143,0.2857142857142857,0.0116668597,TRUE,Different ST,Same source,Same study
GCA_050480515.1,GCA_050506875.1,0.75,0.25,0.014369917900000003,TRUE,Different ST,Same source,Same study
GCA_050486705.1,GCA_050506725.1,0.875,0.125,9.84357e-5,TRUE,Same ST,Same source,Same study
GCA_050486705.1,GCA_050506735.1,0.875,0.125,9.84357e-5,TRUE,Same ST,Same source,Same study
GCA_050486705.1,GCF_053117665.1,0.25,0.75,1.930488e-4,TRUE,Same ST,Different source,Different study
GCA_050486705.1,GCA_050506765.1,0.625,0.375,0.0014829933,TRUE,Same ST,Same source,Same study
GCA_050486705.1,GCA_050506825.1,0.75,0.25,0.0013892832,TRUE,Same ST,Same source,Same study
GCA_050486705.1,GCA_050516645.1,0.625,0.375,0.0021679625,TRUE,Different ST,Same source,Same study
GCA_050486705.1,GCA_050516655.1,0.625,0.375,0.0021679625,TRUE,Different ST,Same source,Same study
GCA_050486705.1,GCA_050475575.1,0.6666666666666667,0.33333333333333326,0.009798385699999999,TRUE,Different ST,Same source,Same study
GCA_050486705.1,GCF_053117685.1,0.4444444444444444,0.5555555555555556,0.009798385699999999,TRUE,Different ST,Different source,Different study
GCA_050486705.1,GCF_053117705.1,0.4444444444444444,0.5555555555555556,0.009798385699999999,TRUE,Different ST,Different source,Different study
GCA_050486705.1,GCA_050506695.1,0.625,0.375,0.009798385699999999,TRUE,Different ST,Same source,Same study
GCA_050486705.1,GCA_050506815.1,0.4444444444444444,0.5555555555555556,0.009798385699999999,TRUE,Different ST,Same source,Same study
GCA_050486705.1,GCA_050516665.1,0.25,0.75,0.009798385699999999,TRUE,Different ST,Same source,Same study
GCA_050486705.1,GCA_050507065.1,0.75,0.25,0.009798385699999999,TRUE,Different ST,Same source,Same study
GCA_050486705.1,GCF_053117575.1,0.4444444444444444,0.5555555555555556,0.009798385699999999,TRUE,Different ST,Different source,Different study
GCA_050486705.1,GCA_050506995.1,0.75,0.25,0.009798385699999999,TRUE,Different ST,Same source,Same study
GCA_050486705.1,GCF_053117655.1,0.375,0.625,0.009798385699999999,TRUE,Different ST,Different source,Different study
GCA_050486705.1,GCA_050506685.1,0.625,0.375,0.009798385699999999,TRUE,Different ST,Same source,Same study
GCA_050486705.1,GCA_050516675.1,0.625,0.375,0.0098883539,TRUE,Different ST,Same source,Same study
GCA_050486705.1,GCA_050485055.1,0.8888888888888888,0.11111111111111116,0.008436723699999999,TRUE,Different ST,Same source,Same study
GCA_050486705.1,GCA_050506675.1,0.6666666666666667,0.33333333333333326,0.008436723699999999,TRUE,Different ST,Same source,Same study
GCA_050486705.1,GCF_053117585.1,0.6363636363636364,0.36363636363636365,0.008436723699999999,TRUE,Different ST,Different source,Different study
GCA_050486705.1,GCA_050506865.1,0.4444444444444444,0.5555555555555556,0.008436723699999999,TRUE,Different ST,Same source,Same study
GCA_050486705.1,GCA_050506665.1,0.6666666666666667,0.33333333333333326,0.008436723699999999,TRUE,Different ST,Same source,Same study
GCA_050486705.1,GCA_050505635.1,0.6666666666666667,0.33333333333333326,0.008529326500000002,TRUE,Different ST,Same source,Same study
GCA_050486705.1,GCA_050505645.1,0.6666666666666667,0.33333333333333326,0.0085293211,TRUE,Different ST,Same source,Same study
GCA_050486705.1,GCA_050486715.1,0.7777777777777778,0.2222222222222222,0.008525807000000002,FALSE,ST comparison unavailable,Same source,Same study
GCA_050486705.1,GCA_050491675.1,0.4545454545454546,0.5454545454545454,0.0096073637,TRUE,Different ST,Same source,Same study
GCA_050486705.1,GCA_050491685.1,0.4545454545454546,0.5454545454545454,0.0096073637,TRUE,Different ST,Same source,Same study
GCA_050486705.1,GCF_053117675.1,0.5,0.5,0.0095138358,TRUE,Different ST,Different source,Different study
GCA_050486705.1,GCA_050472755.1,0.6363636363636364,0.36363636363636365,0.0115738324,TRUE,Different ST,Same source,Same study
GCA_050486705.1,GCA_050506875.1,0.7777777777777778,0.2222222222222222,0.014276890600000001,TRUE,Different ST,Same source,Same study
GCA_050506725.1,GCA_050506735.1,0,1,2e-6,TRUE,Same ST,Same source,Same study
GCA_050506725.1,GCF_053117665.1,0.8333333333333334,0.16666666666666663,2.847309e-4,TRUE,Same ST,Different source,Different study
GCA_050506725.1,GCA_050506765.1,0.6666666666666667,0.33333333333333326,0.001579429,TRUE,Same ST,Same source,Same study
GCA_050506725.1,GCA_050506825.1,0.5,0.5,0.0014857189,TRUE,Same ST,Same source,Same study
GCA_050506725.1,GCA_050516645.1,0.6666666666666667,0.33333333333333326,0.0022643982,TRUE,Different ST,Same source,Same study
GCA_050506725.1,GCA_050516655.1,0.6666666666666667,0.33333333333333326,0.0022643982,TRUE,Different ST,Same source,Same study
GCA_050506725.1,GCA_050475575.1,0.75,0.25,0.009894821399999998,TRUE,Different ST,Same source,Same study
GCA_050506725.1,GCF_053117685.1,0.8333333333333334,0.16666666666666663,0.009894821399999998,TRUE,Different ST,Different source,Different study
GCA_050506725.1,GCF_053117705.1,0.8333333333333334,0.16666666666666663,0.009894821399999998,TRUE,Different ST,Different source,Different study
GCA_050506725.1,GCA_050506695.1,0.6666666666666667,0.33333333333333326,0.009894821399999998,TRUE,Different ST,Same source,Same study
GCA_050506725.1,GCA_050506815.1,0.8333333333333334,0.16666666666666663,0.009894821399999998,TRUE,Different ST,Same source,Same study
GCA_050506725.1,GCA_050516665.1,0.8333333333333334,0.16666666666666663,0.009894821399999998,TRUE,Different ST,Same source,Same study
GCA_050506725.1,GCA_050507065.1,0.5,0.5,0.009894821399999998,TRUE,Different ST,Same source,Same study
GCA_050506725.1,GCF_053117575.1,0.8333333333333334,0.16666666666666663,0.009894821399999998,TRUE,Different ST,Different source,Different study
GCA_050506725.1,GCA_050506995.1,0.5,0.5,0.009894821399999998,TRUE,Different ST,Same source,Same study
GCA_050506725.1,GCF_053117655.1,0.8,0.19999999999999996,0.009894821399999998,TRUE,Different ST,Different source,Different study
GCA_050506725.1,GCA_050506685.1,0.6666666666666667,0.33333333333333326,0.009894821399999998,TRUE,Different ST,Same source,Same study
GCA_050506725.1,GCA_050516675.1,0.6666666666666667,0.33333333333333326,0.0099847896,TRUE,Different ST,Same source,Same study
GCA_050506725.1,GCA_050485055.1,0.9166666666666666,0.08333333333333337,0.008533159399999999,TRUE,Different ST,Same source,Same study
GCA_050506725.1,GCA_050506675.1,0.75,0.25,0.008533159399999999,TRUE,Different ST,Same source,Same study
GCA_050506725.1,GCF_053117585.1,0.8571428571428572,0.1428571428571428,0.008533159399999999,TRUE,Different ST,Different source,Different study
GCA_050506725.1,GCA_050506865.1,0.8333333333333334,0.16666666666666663,0.008533159399999999,TRUE,Different ST,Same source,Same study
GCA_050506725.1,GCA_050506665.1,0.75,0.25,0.008533159399999999,TRUE,Different ST,Same source,Same study
GCA_050506725.1,GCA_050505635.1,0.875,0.125,0.008625762200000001,TRUE,Different ST,Same source,Same study
GCA_050506725.1,GCA_050505645.1,0.875,0.125,0.0086257568,TRUE,Different ST,Same source,Same study
GCA_050506725.1,GCA_050486715.1,0.6666666666666667,0.33333333333333326,0.008622242700000001,FALSE,ST comparison unavailable,Same source,Same study
GCA_050506725.1,GCA_050491675.1,0.8888888888888888,0.11111111111111116,0.0097037994,TRUE,Different ST,Same source,Same study
GCA_050506725.1,GCA_050491685.1,0.8888888888888888,0.11111111111111116,0.0097037994,TRUE,Different ST,Same source,Same study
GCA_050506725.1,GCF_053117675.1,0.9230769230769231,0.07692307692307687,0.0096102715,TRUE,Different ST,Different source,Different study
GCA_050506725.1,GCA_050472755.1,0.8571428571428572,0.1428571428571428,0.011670268099999999,TRUE,Different ST,Same source,Same study
GCA_050506725.1,GCA_050506875.1,0.6666666666666667,0.33333333333333326,0.014373326300000001,TRUE,Different ST,Same source,Same study
GCA_050506735.1,GCF_053117665.1,0.8333333333333334,0.16666666666666663,2.847309e-4,TRUE,Same ST,Different source,Different study
GCA_050506735.1,GCA_050506765.1,0.6666666666666667,0.33333333333333326,0.001579429,TRUE,Same ST,Same source,Same study
GCA_050506735.1,GCA_050506825.1,0.5,0.5,0.0014857189,TRUE,Same ST,Same source,Same study
GCA_050506735.1,GCA_050516645.1,0.6666666666666667,0.33333333333333326,0.0022643982,TRUE,Different ST,Same source,Same study
GCA_050506735.1,GCA_050516655.1,0.6666666666666667,0.33333333333333326,0.0022643982,TRUE,Different ST,Same source,Same study
GCA_050506735.1,GCA_050475575.1,0.75,0.25,0.009894821399999998,TRUE,Different ST,Same source,Same study
GCA_050506735.1,GCF_053117685.1,0.8333333333333334,0.16666666666666663,0.009894821399999998,TRUE,Different ST,Different source,Different study
GCA_050506735.1,GCF_053117705.1,0.8333333333333334,0.16666666666666663,0.009894821399999998,TRUE,Different ST,Different source,Different study
GCA_050506735.1,GCA_050506695.1,0.6666666666666667,0.33333333333333326,0.009894821399999998,TRUE,Different ST,Same source,Same study
GCA_050506735.1,GCA_050506815.1,0.8333333333333334,0.16666666666666663,0.009894821399999998,TRUE,Different ST,Same source,Same study
GCA_050506735.1,GCA_050516665.1,0.8333333333333334,0.16666666666666663,0.009894821399999998,TRUE,Different ST,Same source,Same study
GCA_050506735.1,GCA_050507065.1,0.5,0.5,0.009894821399999998,TRUE,Different ST,Same source,Same study
GCA_050506735.1,GCF_053117575.1,0.8333333333333334,0.16666666666666663,0.009894821399999998,TRUE,Different ST,Different source,Different study
GCA_050506735.1,GCA_050506995.1,0.5,0.5,0.009894821399999998,TRUE,Different ST,Same source,Same study
GCA_050506735.1,GCF_053117655.1,0.8,0.19999999999999996,0.009894821399999998,TRUE,Different ST,Different source,Different study
GCA_050506735.1,GCA_050506685.1,0.6666666666666667,0.33333333333333326,0.009894821399999998,TRUE,Different ST,Same source,Same study
GCA_050506735.1,GCA_050516675.1,0.6666666666666667,0.33333333333333326,0.0099847896,TRUE,Different ST,Same source,Same study
GCA_050506735.1,GCA_050485055.1,0.9166666666666666,0.08333333333333337,0.008533159399999999,TRUE,Different ST,Same source,Same study
GCA_050506735.1,GCA_050506675.1,0.75,0.25,0.008533159399999999,TRUE,Different ST,Same source,Same study
GCA_050506735.1,GCF_053117585.1,0.8571428571428572,0.1428571428571428,0.008533159399999999,TRUE,Different ST,Different source,Different study
GCA_050506735.1,GCA_050506865.1,0.8333333333333334,0.16666666666666663,0.008533159399999999,TRUE,Different ST,Same source,Same study
GCA_050506735.1,GCA_050506665.1,0.75,0.25,0.008533159399999999,TRUE,Different ST,Same source,Same study
GCA_050506735.1,GCA_050505635.1,0.875,0.125,0.008625762200000001,TRUE,Different ST,Same source,Same study
GCA_050506735.1,GCA_050505645.1,0.875,0.125,0.0086257568,TRUE,Different ST,Same source,Same study
GCA_050506735.1,GCA_050486715.1,0.6666666666666667,0.33333333333333326,0.008622242700000001,FALSE,ST comparison unavailable,Same source,Same study
GCA_050506735.1,GCA_050491675.1,0.8888888888888888,0.11111111111111116,0.0097037994,TRUE,Different ST,Same source,Same study
GCA_050506735.1,GCA_050491685.1,0.8888888888888888,0.11111111111111116,0.0097037994,TRUE,Different ST,Same source,Same study
GCA_050506735.1,GCF_053117675.1,0.9230769230769231,0.07692307692307687,0.0096102715,TRUE,Different ST,Different source,Different study
GCA_050506735.1,GCA_050472755.1,0.8571428571428572,0.1428571428571428,0.011670268099999999,TRUE,Different ST,Same source,Same study
GCA_050506735.1,GCA_050506875.1,0.6666666666666667,0.33333333333333326,0.014373326300000001,TRUE,Different ST,Same source,Same study
GCF_053117665.1,GCA_050506765.1,0.5,0.5,0.0016740421000000002,TRUE,Same ST,Different source,Different study
GCF_053117665.1,GCA_050506825.1,0.6666666666666667,0.33333333333333326,0.001580332,TRUE,Same ST,Different source,Different study
GCF_053117665.1,GCA_050516645.1,0.7142857142857143,0.2857142857142857,0.0023590113,TRUE,Different ST,Different source,Different study
GCF_053117665.1,GCA_050516655.1,0.7142857142857143,0.2857142857142857,0.0023590113,TRUE,Different ST,Different source,Different study
GCF_053117665.1,GCA_050475575.1,0.5714285714285714,0.4285714285714286,0.009989434499999998,TRUE,Different ST,Different source,Different study
GCF_053117665.1,GCF_053117685.1,0.2857142857142857,0.7142857142857143,0.009989434499999998,TRUE,Different ST,Same source,Same study
GCF_053117665.1,GCF_053117705.1,0.2857142857142857,0.7142857142857143,0.009989434499999998,TRUE,Different ST,Same source,Same study
GCF_053117665.1,GCA_050506695.1,0.5,0.5,0.009989434499999998,TRUE,Different ST,Different source,Different study
GCF_053117665.1,GCA_050506815.1,0.2857142857142857,0.7142857142857143,0.009989434499999998,TRUE,Different ST,Different source,Different study
GCF_053117665.1,GCA_050516665.1,0,1,0.009989434499999998,TRUE,Different ST,Different source,Different study
GCF_053117665.1,GCA_050507065.1,0.6666666666666667,0.33333333333333326,0.009989434499999998,TRUE,Different ST,Different source,Different study
GCF_053117665.1,GCF_053117575.1,0.2857142857142857,0.7142857142857143,0.009989434499999998,TRUE,Different ST,Same source,Same study
GCF_053117665.1,GCA_050506995.1,0.6666666666666667,0.33333333333333326,0.009989434499999998,TRUE,Different ST,Different source,Different study
GCF_053117665.1,GCF_053117655.1,0.16666666666666663,0.8333333333333334,0.009989434499999998,TRUE,Different ST,Same source,Same study
GCF_053117665.1,GCA_050506685.1,0.5,0.5,0.009989434499999998,TRUE,Different ST,Different source,Different study
GCF_053117665.1,GCA_050516675.1,0.5,0.5,0.0100794027,TRUE,Different ST,Different source,Different study
GCF_053117665.1,GCA_050485055.1,0.875,0.125,0.008627772499999999,TRUE,Different ST,Different source,Different study
GCF_053117665.1,GCA_050506675.1,0.5714285714285714,0.4285714285714286,0.008627772499999999,TRUE,Different ST,Different source,Different study
GCF_053117665.1,GCF_053117585.1,0.7,0.30000000000000004,0.008627772499999999,TRUE,Different ST,Same source,Same study
GCF_053117665.1,GCA_050506865.1,0.2857142857142857,0.7142857142857143,0.008627772499999999,TRUE,Different ST,Different source,Different study
GCF_053117665.1,GCA_050506665.1,0.5714285714285714,0.4285714285714286,0.008627772499999999,TRUE,Different ST,Different source,Different study
GCF_053117665.1,GCA_050505635.1,0.6,0.4,0.008720375300000001,TRUE,Different ST,Different source,Different study
GCF_053117665.1,GCA_050505645.1,0.6,0.4,0.0087203699,TRUE,Different ST,Different source,Different study
GCF_053117665.1,GCA_050486715.1,0.7142857142857143,0.2857142857142857,0.008716855800000001,FALSE,ST comparison unavailable,Different source,Different study
GCF_053117665.1,GCA_050491675.1,0.5,0.5,0.0097984125,TRUE,Different ST,Different source,Different study
GCF_053117665.1,GCA_050491685.1,0.5,0.5,0.0097984125,TRUE,Different ST,Different source,Different study
GCF_053117665.1,GCF_053117675.1,0.5384615384615384,0.46153846153846156,0.0097048846,TRUE,Different ST,Same source,Same study
GCF_053117665.1,GCA_050472755.1,0.7,0.30000000000000004,0.0117648812,TRUE,Different ST,Different source,Different study
GCF_053117665.1,GCA_050506875.1,0.7142857142857143,0.2857142857142857,0.014467939400000003,TRUE,Different ST,Different source,Different study
GCA_050506765.1,GCA_050506825.1,0.33333333333333337,0.6666666666666666,9.57101e-5,TRUE,Same ST,Same source,Same study
GCA_050506765.1,GCA_050516645.1,0.5,0.5,8.800606e-4,TRUE,Different ST,Same source,Same study
GCA_050506765.1,GCA_050516655.1,0.5,0.5,8.800606e-4,TRUE,Different ST,Same source,Same study
GCA_050506765.1,GCA_050475575.1,0.25,0.75,0.011269656399999998,TRUE,Different ST,Same source,Same study
GCA_050506765.1,GCF_053117685.1,0.5,0.5,0.011269656399999998,TRUE,Different ST,Different source,Different study
GCA_050506765.1,GCF_053117705.1,0.5,0.5,0.011269656399999998,TRUE,Different ST,Different source,Different study
GCA_050506765.1,GCA_050506695.1,0,1,0.011269656399999998,TRUE,Different ST,Same source,Same study
GCA_050506765.1,GCA_050506815.1,0.5,0.5,0.011269656399999998,TRUE,Different ST,Same source,Same study
GCA_050506765.1,GCA_050516665.1,0.5,0.5,0.011269656399999998,TRUE,Different ST,Same source,Same study
GCA_050506765.1,GCA_050507065.1,0.33333333333333337,0.6666666666666666,0.011269656399999998,TRUE,Different ST,Same source,Same study
GCA_050506765.1,GCF_053117575.1,0.5,0.5,0.011269656399999998,TRUE,Different ST,Different source,Different study
GCA_050506765.1,GCA_050506995.1,0.33333333333333337,0.6666666666666666,0.011269656399999998,TRUE,Different ST,Same source,Same study
GCA_050506765.1,GCF_053117655.1,0.4,0.6,0.011269656399999998,TRUE,Different ST,Different source,Different study
GCA_050506765.1,GCA_050506685.1,0,1,0.011269656399999998,TRUE,Different ST,Same source,Same study
GCA_050506765.1,GCA_050516675.1,0,1,0.0113596246,TRUE,Different ST,Same source,Same study
GCA_050506765.1,GCA_050485055.1,0.8461538461538461,0.15384615384615385,0.009907994399999998,TRUE,Different ST,Same source,Same study
GCA_050506765.1,GCA_050506675.1,0.25,0.75,0.009907994399999998,TRUE,Different ST,Same source,Same study
GCA_050506765.1,GCF_053117585.1,0.5714285714285714,0.4285714285714286,0.009907994399999998,TRUE,Different ST,Different source,Different study
GCA_050506765.1,GCA_050506865.1,0.5,0.5,0.009907994399999998,TRUE,Different ST,Same source,Same study
GCA_050506765.1,GCA_050506665.1,0.25,0.75,0.009907994399999998,TRUE,Different ST,Same source,Same study
GCA_050506765.1,GCA_050505635.1,0.625,0.375,0.010000597200000001,TRUE,Different ST,Same source,Same study
GCA_050506765.1,GCA_050505645.1,0.625,0.375,0.0100005918,TRUE,Different ST,Same source,Same study
GCA_050506765.1,GCA_050486715.1,0.5,0.5,0.0099970777,FALSE,ST comparison unavailable,Same source,Same study
GCA_050506765.1,GCA_050491675.1,0.6666666666666667,0.33333333333333326,0.011078634399999999,TRUE,Different ST,Same source,Same study
GCA_050506765.1,GCA_050491685.1,0.6666666666666667,0.33333333333333326,0.011078634399999999,TRUE,Different ST,Same source,Same study
GCA_050506765.1,GCF_053117675.1,0.7692307692307692,0.23076923076923084,0.0109851065,TRUE,Different ST,Different source,Different study
GCA_050506765.1,GCA_050472755.1,0.5714285714285714,0.4285714285714286,0.0130451031,TRUE,Different ST,Same source,Same study
GCA_050506765.1,GCA_050506875.1,0.5,0.5,0.0157481613,TRUE,Different ST,Same source,Same study
GCA_050506825.1,GCA_050516645.1,0.75,0.25,7.863505e-4,TRUE,Different ST,Same source,Same study
GCA_050506825.1,GCA_050516655.1,0.75,0.25,7.863505e-4,TRUE,Different ST,Same source,Same study
GCA_050506825.1,GCA_050475575.1,0.5,0.5,0.011175946299999998,TRUE,Different ST,Same source,Same study
GCA_050506825.1,GCF_053117685.1,0.6666666666666667,0.33333333333333326,0.011175946299999998,TRUE,Different ST,Different source,Different study
GCA_050506825.1,GCF_053117705.1,0.6666666666666667,0.33333333333333326,0.011175946299999998,TRUE,Different ST,Different source,Different study
GCA_050506825.1,GCA_050506695.1,0.33333333333333337,0.6666666666666666,0.011175946299999998,TRUE,Different ST,Same source,Same study
GCA_050506825.1,GCA_050506815.1,0.6666666666666667,0.33333333333333326,0.011175946299999998,TRUE,Different ST,Same source,Same study
GCA_050506825.1,GCA_050516665.1,0.6666666666666667,0.33333333333333326,0.011175946299999998,TRUE,Different ST,Same source,Same study
GCA_050506825.1,GCA_050507065.1,0,1,0.011175946299999998,TRUE,Different ST,Same source,Same study
GCA_050506825.1,GCF_053117575.1,0.6666666666666667,0.33333333333333326,0.011175946299999998,TRUE,Different ST,Different source,Different study
GCA_050506825.1,GCA_050506995.1,0,1,0.011175946299999998,TRUE,Different ST,Same source,Same study
GCA_050506825.1,GCF_053117655.1,0.6,0.4,0.011175946299999998,TRUE,Different ST,Different source,Different study
GCA_050506825.1,GCA_050506685.1,0.33333333333333337,0.6666666666666666,0.011175946299999998,TRUE,Different ST,Same source,Same study
GCA_050506825.1,GCA_050516675.1,0.33333333333333337,0.6666666666666666,0.0112659145,TRUE,Different ST,Same source,Same study
GCA_050506825.1,GCA_050485055.1,0.8333333333333334,0.16666666666666663,0.009814284299999998,TRUE,Different ST,Same source,Same study
GCA_050506825.1,GCA_050506675.1,0.5,0.5,0.009814284299999998,TRUE,Different ST,Same source,Same study
GCA_050506825.1,GCF_053117585.1,0.7142857142857143,0.2857142857142857,0.009814284299999998,TRUE,Different ST,Different source,Different study
GCA_050506825.1,GCA_050506865.1,0.6666666666666667,0.33333333333333326,0.009814284299999998,TRUE,Different ST,Same source,Same study
GCA_050506825.1,GCA_050506665.1,0.5,0.5,0.009814284299999998,TRUE,Different ST,Same source,Same study
GCA_050506825.1,GCA_050505635.1,0.75,0.25,0.009906887100000001,TRUE,Different ST,Same source,Same study
GCA_050506825.1,GCA_050505645.1,0.75,0.25,0.0099068817,TRUE,Different ST,Same source,Same study
GCA_050506825.1,GCA_050486715.1,0.33333333333333337,0.6666666666666666,0.0099033676,FALSE,ST comparison unavailable,Same source,Same study
GCA_050506825.1,GCA_050491675.1,0.7777777777777778,0.2222222222222222,0.010984924299999999,TRUE,Different ST,Same source,Same study
GCA_050506825.1,GCA_050491685.1,0.7777777777777778,0.2222222222222222,0.010984924299999999,TRUE,Different ST,Same source,Same study
GCA_050506825.1,GCF_053117675.1,0.8461538461538461,0.15384615384615385,0.0108913964,TRUE,Different ST,Different source,Different study
GCA_050506825.1,GCA_050472755.1,0.7142857142857143,0.2857142857142857,0.012951392999999999,TRUE,Different ST,Same source,Same study
GCA_050506825.1,GCA_050506875.1,0.75,0.25,0.015654451200000002,TRUE,Different ST,Same source,Same study
GCA_050516645.1,GCA_050516655.1,0,1,2e-6,TRUE,Same ST,Same source,Same study
GCA_050516645.1,GCA_050475575.1,0.6,0.4,0.0119546256,TRUE,Different ST,Same source,Same study
GCA_050516645.1,GCF_053117685.1,0.7142857142857143,0.2857142857142857,0.0119546256,TRUE,Different ST,Different source,Different study
GCA_050516645.1,GCF_053117705.1,0.7142857142857143,0.2857142857142857,0.0119546256,TRUE,Different ST,Different source,Different study
GCA_050516645.1,GCA_050506695.1,0.5,0.5,0.0119546256,TRUE,Different ST,Same source,Same study
GCA_050516645.1,GCA_050506815.1,0.7142857142857143,0.2857142857142857,0.0119546256,TRUE,Different ST,Same source,Same study
GCA_050516645.1,GCA_050516665.1,0.7142857142857143,0.2857142857142857,0.0119546256,TRUE,Different ST,Same source,Same study
GCA_050516645.1,GCA_050507065.1,0.75,0.25,0.0119546256,TRUE,Different ST,Same source,Same study
GCA_050516645.1,GCF_053117575.1,0.7142857142857143,0.2857142857142857,0.0119546256,TRUE,Different ST,Different source,Different study
GCA_050516645.1,GCA_050506995.1,0.75,0.25,0.0119546256,TRUE,Different ST,Same source,Same study
GCA_050516645.1,GCF_053117655.1,0.6666666666666667,0.33333333333333326,0.0119546256,TRUE,Different ST,Different source,Different study
GCA_050516645.1,GCA_050506685.1,0.5,0.5,0.0119546256,TRUE,Different ST,Same source,Same study
GCA_050516645.1,GCA_050516675.1,0.5,0.5,0.012044593800000001,TRUE,Different ST,Same source,Same study
GCA_050516645.1,GCA_050485055.1,0.9285714285714286,0.0714285714285714,0.0105929636,TRUE,Different ST,Same source,Same study
GCA_050516645.1,GCA_050506675.1,0.6,0.4,0.0105929636,TRUE,Different ST,Same source,Same study
GCA_050516645.1,GCF_053117585.1,0.5714285714285714,0.4285714285714286,0.0105929636,TRUE,Different ST,Different source,Different study
GCA_050516645.1,GCA_050506865.1,0.7142857142857143,0.2857142857142857,0.0105929636,TRUE,Different ST,Same source,Same study
GCA_050516645.1,GCA_050506665.1,0.6,0.4,0.0105929636,TRUE,Different ST,Same source,Same study
GCA_050516645.1,GCA_050505635.1,0.7777777777777778,0.2222222222222222,0.010685566400000002,TRUE,Different ST,Same source,Same study
GCA_050516645.1,GCA_050505645.1,0.7777777777777778,0.2222222222222222,0.010685561000000001,TRUE,Different ST,Same source,Same study
GCA_050516645.1,GCA_050486715.1,0.8,0.19999999999999996,0.010682046900000002,FALSE,ST comparison unavailable,Same source,Same study
GCA_050516645.1,GCA_050491675.1,0.8,0.19999999999999996,0.0117636036,TRUE,Different ST,Same source,Same study
GCA_050516645.1,GCA_050491685.1,0.8,0.19999999999999996,0.0117636036,TRUE,Different ST,Same source,Same study
GCA_050516645.1,GCF_053117675.1,0.8571428571428572,0.1428571428571428,0.011670075700000001,TRUE,Different ST,Different source,Different study
GCA_050516645.1,GCA_050472755.1,0.75,0.25,0.0137300723,TRUE,Different ST,Same source,Same study
GCA_050516645.1,GCA_050506875.1,0.5,0.5,0.0164331305,TRUE,Different ST,Same source,Same study
GCA_050516655.1,GCA_050475575.1,0.6,0.4,0.0119546256,TRUE,Different ST,Same source,Same study
GCA_050516655.1,GCF_053117685.1,0.7142857142857143,0.2857142857142857,0.0119546256,TRUE,Different ST,Different source,Different study
GCA_050516655.1,GCF_053117705.1,0.7142857142857143,0.2857142857142857,0.0119546256,TRUE,Different ST,Different source,Different study
GCA_050516655.1,GCA_050506695.1,0.5,0.5,0.0119546256,TRUE,Different ST,Same source,Same study
GCA_050516655.1,GCA_050506815.1,0.7142857142857143,0.2857142857142857,0.0119546256,TRUE,Different ST,Same source,Same study
GCA_050516655.1,GCA_050516665.1,0.7142857142857143,0.2857142857142857,0.0119546256,TRUE,Different ST,Same source,Same study
GCA_050516655.1,GCA_050507065.1,0.75,0.25,0.0119546256,TRUE,Different ST,Same source,Same study
GCA_050516655.1,GCF_053117575.1,0.7142857142857143,0.2857142857142857,0.0119546256,TRUE,Different ST,Different source,Different study
GCA_050516655.1,GCA_050506995.1,0.75,0.25,0.0119546256,TRUE,Different ST,Same source,Same study
GCA_050516655.1,GCF_053117655.1,0.6666666666666667,0.33333333333333326,0.0119546256,TRUE,Different ST,Different source,Different study
GCA_050516655.1,GCA_050506685.1,0.5,0.5,0.0119546256,TRUE,Different ST,Same source,Same study
GCA_050516655.1,GCA_050516675.1,0.5,0.5,0.012044593800000001,TRUE,Different ST,Same source,Same study
GCA_050516655.1,GCA_050485055.1,0.9285714285714286,0.0714285714285714,0.0105929636,TRUE,Different ST,Same source,Same study
GCA_050516655.1,GCA_050506675.1,0.6,0.4,0.0105929636,TRUE,Different ST,Same source,Same study
GCA_050516655.1,GCF_053117585.1,0.5714285714285714,0.4285714285714286,0.0105929636,TRUE,Different ST,Different source,Different study
GCA_050516655.1,GCA_050506865.1,0.7142857142857143,0.2857142857142857,0.0105929636,TRUE,Different ST,Same source,Same study
GCA_050516655.1,GCA_050506665.1,0.6,0.4,0.0105929636,TRUE,Different ST,Same source,Same study
GCA_050516655.1,GCA_050505635.1,0.7777777777777778,0.2222222222222222,0.010685566400000002,TRUE,Different ST,Same source,Same study
GCA_050516655.1,GCA_050505645.1,0.7777777777777778,0.2222222222222222,0.010685561000000001,TRUE,Different ST,Same source,Same study
GCA_050516655.1,GCA_050486715.1,0.8,0.19999999999999996,0.010682046900000002,FALSE,ST comparison unavailable,Same source,Same study
GCA_050516655.1,GCA_050491675.1,0.8,0.19999999999999996,0.0117636036,TRUE,Different ST,Same source,Same study
GCA_050516655.1,GCA_050491685.1,0.8,0.19999999999999996,0.0117636036,TRUE,Different ST,Same source,Same study
GCA_050516655.1,GCF_053117675.1,0.8571428571428572,0.1428571428571428,0.011670075700000001,TRUE,Different ST,Different source,Different study
GCA_050516655.1,GCA_050472755.1,0.75,0.25,0.0137300723,TRUE,Different ST,Same source,Same study
GCA_050516655.1,GCA_050506875.1,0.5,0.5,0.0164331305,TRUE,Different ST,Same source,Same study
GCA_050475575.1,GCF_053117685.1,0.33333333333333337,0.6666666666666666,0,TRUE,Same ST,Different source,Different study
GCA_050475575.1,GCF_053117705.1,0.33333333333333337,0.6666666666666666,0,TRUE,Same ST,Different source,Different study
GCA_050475575.1,GCA_050506695.1,0.25,0.75,0,TRUE,Same ST,Same source,Same study
GCA_050475575.1,GCA_050506815.1,0.33333333333333337,0.6666666666666666,0,TRUE,Same ST,Same source,Same study
GCA_050475575.1,GCA_050516665.1,0.5714285714285714,0.4285714285714286,0,TRUE,Same ST,Same source,Same study
GCA_050475575.1,GCA_050507065.1,0.5,0.5,0,TRUE,Same ST,Same source,Same study
GCA_050475575.1,GCF_053117575.1,0.33333333333333337,0.6666666666666666,0,TRUE,Same ST,Different source,Different study
GCA_050475575.1,GCA_050506995.1,0.5,0.5,0,TRUE,Same ST,Same source,Same study
GCA_050475575.1,GCF_053117655.1,0.5,0.5,0,TRUE,Same ST,Different source,Different study
GCA_050475575.1,GCA_050506685.1,0.25,0.75,2e-6,TRUE,Same ST,Same source,Same study
GCA_050475575.1,GCA_050516675.1,0.25,0.75,9.6369e-5,TRUE,Same ST,Same source,Same study
GCA_050475575.1,GCA_050485055.1,0.7692307692307692,0.23076923076923084,0.0015696773999999997,TRUE,Different ST,Same source,Same study
GCA_050475575.1,GCA_050506675.1,0.4,0.6,0.0015696773999999997,TRUE,Different ST,Same source,Same study
GCA_050475575.1,GCF_053117585.1,0.4285714285714286,0.5714285714285714,0.0015696773999999997,TRUE,Different ST,Different source,Different study
GCA_050475575.1,GCA_050506865.1,0.33333333333333337,0.6666666666666666,0.0015696773999999997,TRUE,Different ST,Same source,Same study
GCA_050475575.1,GCA_050506665.1,0.4,0.6,0.0015696773999999997,TRUE,Different ST,Same source,Same study
GCA_050475575.1,GCA_050505635.1,0.6666666666666667,0.33333333333333326,0.0016622802,TRUE,Different ST,Same source,Same study
GCA_050475575.1,GCA_050505645.1,0.6666666666666667,0.33333333333333326,0.0016622747999999999,TRUE,Different ST,Same source,Same study
GCA_050475575.1,GCA_050486715.1,0.6,0.4,0.0016587607,FALSE,ST comparison unavailable,Same source,Same study
GCA_050475575.1,GCA_050491675.1,0.5555555555555556,0.4444444444444444,0.005431587200000001,TRUE,Different ST,Same source,Same study
GCA_050475575.1,GCA_050491685.1,0.5555555555555556,0.4444444444444444,0.005431587200000001,TRUE,Different ST,Same source,Same study
GCA_050475575.1,GCF_053117675.1,0.7857142857142857,0.2142857142857143,0.005338059300000001,TRUE,Different ST,Different source,Different study
GCA_050475575.1,GCA_050472755.1,0.625,0.375,0.0141262961,TRUE,Different ST,Same source,Same study
GCA_050475575.1,GCA_050506875.1,0.6,0.4,0.0168293543,TRUE,Different ST,Same source,Same study
GCF_053117685.1,GCF_053117705.1,0,1,0,TRUE,Same ST,Same source,Same study
GCF_053117685.1,GCA_050506695.1,0.5,0.5,0,TRUE,Same ST,Different source,Different study
GCF_053117685.1,GCA_050506815.1,0,1,0,TRUE,Same ST,Different source,Different study
GCF_053117685.1,GCA_050516665.1,0.2857142857142857,0.7142857142857143,0,TRUE,Same ST,Different source,Different study
GCF_053117685.1,GCA_050507065.1,0.6666666666666667,0.33333333333333326,0,TRUE,Same ST,Different source,Different study
GCF_053117685.1,GCF_053117575.1,0,1,0,TRUE,Same ST,Same source,Same study
GCF_053117685.1,GCA_050506995.1,0.6666666666666667,0.33333333333333326,0,TRUE,Same ST,Different source,Different study
GCF_053117685.1,GCF_053117655.1,0.4285714285714286,0.5714285714285714,0,TRUE,Same ST,Same source,Same study
GCF_053117685.1,GCA_050506685.1,0.5,0.5,2e-6,TRUE,Same ST,Different source,Different study
GCF_053117685.1,GCA_050516675.1,0.5,0.5,9.6369e-5,TRUE,Same ST,Different source,Different study
GCF_053117685.1,GCA_050485055.1,0.8,0.19999999999999996,0.0015696773999999997,TRUE,Different ST,Different source,Different study
GCF_053117685.1,GCA_050506675.1,0.5714285714285714,0.4285714285714286,0.0015696773999999997,TRUE,Different ST,Different source,Different study
GCF_053117685.1,GCF_053117585.1,0.5555555555555556,0.4444444444444444,0.0015696773999999997,TRUE,Different ST,Same source,Same study
GCF_053117685.1,GCA_050506865.1,0,1,0.0015696773999999997,TRUE,Different ST,Different source,Different study
GCF_053117685.1,GCA_050506665.1,0.5714285714285714,0.4285714285714286,0.0015696773999999997,TRUE,Different ST,Different source,Different study
GCF_053117685.1,GCA_050505635.1,0.7272727272727273,0.2727272727272727,0.0016622802,TRUE,Different ST,Different source,Different study
GCF_053117685.1,GCA_050505645.1,0.7272727272727273,0.2727272727272727,0.0016622747999999999,TRUE,Different ST,Different source,Different study
GCF_053117685.1,GCA_050486715.1,0.7142857142857143,0.2857142857142857,0.0016587607,FALSE,ST comparison unavailable,Different source,Different study
GCF_053117685.1,GCA_050491675.1,0.33333333333333337,0.6666666666666666,0.005431587200000001,TRUE,Different ST,Different source,Different study
GCF_053117685.1,GCA_050491685.1,0.33333333333333337,0.6666666666666666,0.005431587200000001,TRUE,Different ST,Different source,Different study
GCF_053117685.1,GCF_053117675.1,0.6428571428571428,0.3571428571428572,0.005338059300000001,TRUE,Different ST,Same source,Same study
GCF_053117685.1,GCA_050472755.1,0.7,0.30000000000000004,0.0141262961,TRUE,Different ST,Different source,Different study
GCF_053117685.1,GCA_050506875.1,0.7142857142857143,0.2857142857142857,0.0168293543,TRUE,Different ST,Different source,Different study
GCF_053117705.1,GCA_050506695.1,0.5,0.5,0,TRUE,Same ST,Different source,Different study
GCF_053117705.1,GCA_050506815.1,0,1,0,TRUE,Same ST,Different source,Different study
GCF_053117705.1,GCA_050516665.1,0.2857142857142857,0.7142857142857143,0,TRUE,Same ST,Different source,Different study
GCF_053117705.1,GCA_050507065.1,0.6666666666666667,0.33333333333333326,0,TRUE,Same ST,Different source,Different study
GCF_053117705.1,GCF_053117575.1,0,1,0,TRUE,Same ST,Same source,Same study
GCF_053117705.1,GCA_050506995.1,0.6666666666666667,0.33333333333333326,0,TRUE,Same ST,Different source,Different study
GCF_053117705.1,GCF_053117655.1,0.4285714285714286,0.5714285714285714,0,TRUE,Same ST,Same source,Same study
GCF_053117705.1,GCA_050506685.1,0.5,0.5,2e-6,TRUE,Same ST,Different source,Different study
GCF_053117705.1,GCA_050516675.1,0.5,0.5,9.6369e-5,TRUE,Same ST,Different source,Different study
GCF_053117705.1,GCA_050485055.1,0.8,0.19999999999999996,0.0015696773999999997,TRUE,Different ST,Different source,Different study
GCF_053117705.1,GCA_050506675.1,0.5714285714285714,0.4285714285714286,0.0015696773999999997,TRUE,Different ST,Different source,Different study
GCF_053117705.1,GCF_053117585.1,0.5555555555555556,0.4444444444444444,0.0015696773999999997,TRUE,Different ST,Same source,Same study
GCF_053117705.1,GCA_050506865.1,0,1,0.0015696773999999997,TRUE,Different ST,Different source,Different study
GCF_053117705.1,GCA_050506665.1,0.5714285714285714,0.4285714285714286,0.0015696773999999997,TRUE,Different ST,Different source,Different study
GCF_053117705.1,GCA_050505635.1,0.7272727272727273,0.2727272727272727,0.0016622802,TRUE,Different ST,Different source,Different study
GCF_053117705.1,GCA_050505645.1,0.7272727272727273,0.2727272727272727,0.0016622747999999999,TRUE,Different ST,Different source,Different study
GCF_053117705.1,GCA_050486715.1,0.7142857142857143,0.2857142857142857,0.0016587607,FALSE,ST comparison unavailable,Different source,Different study
GCF_053117705.1,GCA_050491675.1,0.33333333333333337,0.6666666666666666,0.005431587200000001,TRUE,Different ST,Different source,Different study
GCF_053117705.1,GCA_050491685.1,0.33333333333333337,0.6666666666666666,0.005431587200000001,TRUE,Different ST,Different source,Different study
GCF_053117705.1,GCF_053117675.1,0.6428571428571428,0.3571428571428572,0.005338059300000001,TRUE,Different ST,Same source,Same study
GCF_053117705.1,GCA_050472755.1,0.7,0.30000000000000004,0.0141262961,TRUE,Different ST,Different source,Different study
GCF_053117705.1,GCA_050506875.1,0.7142857142857143,0.2857142857142857,0.0168293543,TRUE,Different ST,Different source,Different study
GCA_050506695.1,GCA_050506815.1,0.5,0.5,0,TRUE,Same ST,Same source,Same study
GCA_050506695.1,GCA_050516665.1,0.5,0.5,0,TRUE,Same ST,Same source,Same study
GCA_050506695.1,GCA_050507065.1,0.33333333333333337,0.6666666666666666,0,TRUE,Same ST,Same source,Same study
GCA_050506695.1,GCF_053117575.1,0.5,0.5,0,TRUE,Same ST,Different source,Different study
GCA_050506695.1,GCA_050506995.1,0.33333333333333337,0.6666666666666666,0,TRUE,Same ST,Same source,Same study
GCA_050506695.1,GCF_053117655.1,0.4,0.6,0,TRUE,Same ST,Different source,Different study
GCA_050506695.1,GCA_050506685.1,0,1,2e-6,TRUE,Same ST,Same source,Same study
GCA_050506695.1,GCA_050516675.1,0,1,9.6369e-5,TRUE,Same ST,Same source,Same study
GCA_050506695.1,GCA_050485055.1,0.8461538461538461,0.15384615384615385,0.0015696773999999997,TRUE,Different ST,Same source,Same study
GCA_050506695.1,GCA_050506675.1,0.25,0.75,0.0015696773999999997,TRUE,Different ST,Same source,Same study
GCA_050506695.1,GCF_053117585.1,0.5714285714285714,0.4285714285714286,0.0015696773999999997,TRUE,Different ST,Different source,Different study
GCA_050506695.1,GCA_050506865.1,0.5,0.5,0.0015696773999999997,TRUE,Different ST,Same source,Same study
GCA_050506695.1,GCA_050506665.1,0.25,0.75,0.0015696773999999997,TRUE,Different ST,Same source,Same study
GCA_050506695.1,GCA_050505635.1,0.625,0.375,0.0016622802,TRUE,Different ST,Same source,Same study
GCA_050506695.1,GCA_050505645.1,0.625,0.375,0.0016622747999999999,TRUE,Different ST,Same source,Same study
GCA_050506695.1,GCA_050486715.1,0.5,0.5,0.0016587607,FALSE,ST comparison unavailable,Same source,Same study
GCA_050506695.1,GCA_050491675.1,0.6666666666666667,0.33333333333333326,0.005431587200000001,TRUE,Different ST,Same source,Same study
GCA_050506695.1,GCA_050491685.1,0.6666666666666667,0.33333333333333326,0.005431587200000001,TRUE,Different ST,Same source,Same study
GCA_050506695.1,GCF_053117675.1,0.7692307692307692,0.23076923076923084,0.005338059300000001,TRUE,Different ST,Different source,Different study
GCA_050506695.1,GCA_050472755.1,0.5714285714285714,0.4285714285714286,0.0141262961,TRUE,Different ST,Same source,Same study
GCA_050506695.1,GCA_050506875.1,0.5,0.5,0.0168293543,TRUE,Different ST,Same source,Same study
GCA_050506815.1,GCA_050516665.1,0.2857142857142857,0.7142857142857143,0,TRUE,Same ST,Same source,Same study
GCA_050506815.1,GCA_050507065.1,0.6666666666666667,0.33333333333333326,0,TRUE,Same ST,Same source,Same study
GCA_050506815.1,GCF_053117575.1,0,1,0,TRUE,Same ST,Different source,Different study
GCA_050506815.1,GCA_050506995.1,0.6666666666666667,0.33333333333333326,0,TRUE,Same ST,Same source,Same study
GCA_050506815.1,GCF_053117655.1,0.4285714285714286,0.5714285714285714,0,TRUE,Same ST,Different source,Different study
GCA_050506815.1,GCA_050506685.1,0.5,0.5,2e-6,TRUE,Same ST,Same source,Same study
GCA_050506815.1,GCA_050516675.1,0.5,0.5,9.6369e-5,TRUE,Same ST,Same source,Same study
GCA_050506815.1,GCA_050485055.1,0.8,0.19999999999999996,0.0015696773999999997,TRUE,Different ST,Same source,Same study
GCA_050506815.1,GCA_050506675.1,0.5714285714285714,0.4285714285714286,0.0015696773999999997,TRUE,Different ST,Same source,Same study
GCA_050506815.1,GCF_053117585.1,0.5555555555555556,0.4444444444444444,0.0015696773999999997,TRUE,Different ST,Different source,Different study
GCA_050506815.1,GCA_050506865.1,0,1,0.0015696773999999997,TRUE,Different ST,Same source,Same study
GCA_050506815.1,GCA_050506665.1,0.5714285714285714,0.4285714285714286,0.0015696773999999997,TRUE,Different ST,Same source,Same study
GCA_050506815.1,GCA_050505635.1,0.7272727272727273,0.2727272727272727,0.0016622802,TRUE,Different ST,Same source,Same study
GCA_050506815.1,GCA_050505645.1,0.7272727272727273,0.2727272727272727,0.0016622747999999999,TRUE,Different ST,Same source,Same study
GCA_050506815.1,GCA_050486715.1,0.7142857142857143,0.2857142857142857,0.0016587607,FALSE,ST comparison unavailable,Same source,Same study
GCA_050506815.1,GCA_050491675.1,0.33333333333333337,0.6666666666666666,0.005431587200000001,TRUE,Different ST,Same source,Same study
GCA_050506815.1,GCA_050491685.1,0.33333333333333337,0.6666666666666666,0.005431587200000001,TRUE,Different ST,Same source,Same study
GCA_050506815.1,GCF_053117675.1,0.6428571428571428,0.3571428571428572,0.005338059300000001,TRUE,Different ST,Different source,Different study
GCA_050506815.1,GCA_050472755.1,0.7,0.30000000000000004,0.0141262961,TRUE,Different ST,Same source,Same study
GCA_050506815.1,GCA_050506875.1,0.7142857142857143,0.2857142857142857,0.0168293543,TRUE,Different ST,Same source,Same study
GCA_050516665.1,GCA_050507065.1,0.6666666666666667,0.33333333333333326,0,TRUE,Same ST,Same source,Same study
GCA_050516665.1,GCF_053117575.1,0.2857142857142857,0.7142857142857143,0,TRUE,Same ST,Different source,Different study
GCA_050516665.1,GCA_050506995.1,0.6666666666666667,0.33333333333333326,0,TRUE,Same ST,Same source,Same study
GCA_050516665.1,GCF_053117655.1,0.16666666666666663,0.8333333333333334,0,TRUE,Same ST,Different source,Different study
GCA_050516665.1,GCA_050506685.1,0.5,0.5,2e-6,TRUE,Same ST,Same source,Same study
GCA_050516665.1,GCA_050516675.1,0.5,0.5,9.6369e-5,TRUE,Same ST,Same source,Same study
GCA_050516665.1,GCA_050485055.1,0.875,0.125,0.0015696773999999997,TRUE,Different ST,Same source,Same study
GCA_050516665.1,GCA_050506675.1,0.5714285714285714,0.4285714285714286,0.0015696773999999997,TRUE,Different ST,Same source,Same study
GCA_050516665.1,GCF_053117585.1,0.7,0.30000000000000004,0.0015696773999999997,TRUE,Different ST,Different source,Different study
GCA_050516665.1,GCA_050506865.1,0.2857142857142857,0.7142857142857143,0.0015696773999999997,TRUE,Different ST,Same source,Same study
GCA_050516665.1,GCA_050506665.1,0.5714285714285714,0.4285714285714286,0.0015696773999999997,TRUE,Different ST,Same source,Same study
GCA_050516665.1,GCA_050505635.1,0.6,0.4,0.0016622802,TRUE,Different ST,Same source,Same study
GCA_050516665.1,GCA_050505645.1,0.6,0.4,0.0016622747999999999,TRUE,Different ST,Same source,Same study
GCA_050516665.1,GCA_050486715.1,0.7142857142857143,0.2857142857142857,0.0016587607,FALSE,ST comparison unavailable,Same source,Same study
GCA_050516665.1,GCA_050491675.1,0.5,0.5,0.005431587200000001,TRUE,Different ST,Same source,Same study
GCA_050516665.1,GCA_050491685.1,0.5,0.5,0.005431587200000001,TRUE,Different ST,Same source,Same study
GCA_050516665.1,GCF_053117675.1,0.5384615384615384,0.46153846153846156,0.005338059300000001,TRUE,Different ST,Different source,Different study
GCA_050516665.1,GCA_050472755.1,0.7,0.30000000000000004,0.0141262961,TRUE,Different ST,Same source,Same study
GCA_050516665.1,GCA_050506875.1,0.7142857142857143,0.2857142857142857,0.0168293543,TRUE,Different ST,Same source,Same study
GCA_050507065.1,GCF_053117575.1,0.6666666666666667,0.33333333333333326,0,TRUE,Same ST,Different source,Different study
GCA_050507065.1,GCA_050506995.1,0,1,0,TRUE,Same ST,Same source,Same study
GCA_050507065.1,GCF_053117655.1,0.6,0.4,0,TRUE,Same ST,Different source,Different study
GCA_050507065.1,GCA_050506685.1,0.33333333333333337,0.6666666666666666,2e-6,TRUE,Same ST,Same source,Same study
GCA_050507065.1,GCA_050516675.1,0.33333333333333337,0.6666666666666666,9.6369e-5,TRUE,Same ST,Same source,Same study
GCA_050507065.1,GCA_050485055.1,0.8333333333333334,0.16666666666666663,0.0015696773999999997,TRUE,Different ST,Same source,Same study
GCA_050507065.1,GCA_050506675.1,0.5,0.5,0.0015696773999999997,TRUE,Different ST,Same source,Same study
GCA_050507065.1,GCF_053117585.1,0.7142857142857143,0.2857142857142857,0.0015696773999999997,TRUE,Different ST,Different source,Different study
GCA_050507065.1,GCA_050506865.1,0.6666666666666667,0.33333333333333326,0.0015696773999999997,TRUE,Different ST,Same source,Same study
GCA_050507065.1,GCA_050506665.1,0.5,0.5,0.0015696773999999997,TRUE,Different ST,Same source,Same study
GCA_050507065.1,GCA_050505635.1,0.75,0.25,0.0016622802,TRUE,Different ST,Same source,Same study
GCA_050507065.1,GCA_050505645.1,0.75,0.25,0.0016622747999999999,TRUE,Different ST,Same source,Same study
GCA_050507065.1,GCA_050486715.1,0.33333333333333337,0.6666666666666666,0.0016587607,FALSE,ST comparison unavailable,Same source,Same study
GCA_050507065.1,GCA_050491675.1,0.7777777777777778,0.2222222222222222,0.005431587200000001,TRUE,Different ST,Same source,Same study
GCA_050507065.1,GCA_050491685.1,0.7777777777777778,0.2222222222222222,0.005431587200000001,TRUE,Different ST,Same source,Same study
GCA_050507065.1,GCF_053117675.1,0.8461538461538461,0.15384615384615385,0.005338059300000001,TRUE,Different ST,Different source,Different study
GCA_050507065.1,GCA_050472755.1,0.7142857142857143,0.2857142857142857,0.0141262961,TRUE,Different ST,Same source,Same study
GCA_050507065.1,GCA_050506875.1,0.75,0.25,0.0168293543,TRUE,Different ST,Same source,Same study
GCF_053117575.1,GCA_050506995.1,0.6666666666666667,0.33333333333333326,0,TRUE,Same ST,Different source,Different study
GCF_053117575.1,GCF_053117655.1,0.4285714285714286,0.5714285714285714,0,TRUE,Same ST,Same source,Same study
GCF_053117575.1,GCA_050506685.1,0.5,0.5,2e-6,TRUE,Same ST,Different source,Different study
GCF_053117575.1,GCA_050516675.1,0.5,0.5,9.6369e-5,TRUE,Same ST,Different source,Different study
GCF_053117575.1,GCA_050485055.1,0.8,0.19999999999999996,0.0015696773999999997,TRUE,Different ST,Different source,Different study
GCF_053117575.1,GCA_050506675.1,0.5714285714285714,0.4285714285714286,0.0015696773999999997,TRUE,Different ST,Different source,Different study
GCF_053117575.1,GCF_053117585.1,0.5555555555555556,0.4444444444444444,0.0015696773999999997,TRUE,Different ST,Same source,Same study
GCF_053117575.1,GCA_050506865.1,0,1,0.0015696773999999997,TRUE,Different ST,Different source,Different study
GCF_053117575.1,GCA_050506665.1,0.5714285714285714,0.4285714285714286,0.0015696773999999997,TRUE,Different ST,Different source,Different study
GCF_053117575.1,GCA_050505635.1,0.7272727272727273,0.2727272727272727,0.0016622802,TRUE,Different ST,Different source,Different study
GCF_053117575.1,GCA_050505645.1,0.7272727272727273,0.2727272727272727,0.0016622747999999999,TRUE,Different ST,Different source,Different study
GCF_053117575.1,GCA_050486715.1,0.7142857142857143,0.2857142857142857,0.0016587607,FALSE,ST comparison unavailable,Different source,Different study
GCF_053117575.1,GCA_050491675.1,0.33333333333333337,0.6666666666666666,0.005431587200000001,TRUE,Different ST,Different source,Different study
GCF_053117575.1,GCA_050491685.1,0.33333333333333337,0.6666666666666666,0.005431587200000001,TRUE,Different ST,Different source,Different study
GCF_053117575.1,GCF_053117675.1,0.6428571428571428,0.3571428571428572,0.005338059300000001,TRUE,Different ST,Same source,Same study
GCF_053117575.1,GCA_050472755.1,0.7,0.30000000000000004,0.0141262961,TRUE,Different ST,Different source,Different study
GCF_053117575.1,GCA_050506875.1,0.7142857142857143,0.2857142857142857,0.0168293543,TRUE,Different ST,Different source,Different study
GCA_050506995.1,GCF_053117655.1,0.6,0.4,0,TRUE,Same ST,Different source,Different study
GCA_050506995.1,GCA_050506685.1,0.33333333333333337,0.6666666666666666,2e-6,TRUE,Same ST,Same source,Same study
GCA_050506995.1,GCA_050516675.1,0.33333333333333337,0.6666666666666666,9.6369e-5,TRUE,Same ST,Same source,Same study
GCA_050506995.1,GCA_050485055.1,0.8333333333333334,0.16666666666666663,0.0015696773999999997,TRUE,Different ST,Same source,Same study
GCA_050506995.1,GCA_050506675.1,0.5,0.5,0.0015696773999999997,TRUE,Different ST,Same source,Same study
GCA_050506995.1,GCF_053117585.1,0.7142857142857143,0.2857142857142857,0.0015696773999999997,TRUE,Different ST,Different source,Different study
GCA_050506995.1,GCA_050506865.1,0.6666666666666667,0.33333333333333326,0.0015696773999999997,TRUE,Different ST,Same source,Same study
GCA_050506995.1,GCA_050506665.1,0.5,0.5,0.0015696773999999997,TRUE,Different ST,Same source,Same study
GCA_050506995.1,GCA_050505635.1,0.75,0.25,0.0016622802,TRUE,Different ST,Same source,Same study
GCA_050506995.1,GCA_050505645.1,0.75,0.25,0.0016622747999999999,TRUE,Different ST,Same source,Same study
GCA_050506995.1,GCA_050486715.1,0.33333333333333337,0.6666666666666666,0.0016587607,FALSE,ST comparison unavailable,Same source,Same study
GCA_050506995.1,GCA_050491675.1,0.7777777777777778,0.2222222222222222,0.005431587200000001,TRUE,Different ST,Same source,Same study
GCA_050506995.1,GCA_050491685.1,0.7777777777777778,0.2222222222222222,0.005431587200000001,TRUE,Different ST,Same source,Same study
GCA_050506995.1,GCF_053117675.1,0.8461538461538461,0.15384615384615385,0.005338059300000001,TRUE,Different ST,Different source,Different study
GCA_050506995.1,GCA_050472755.1,0.7142857142857143,0.2857142857142857,0.0141262961,TRUE,Different ST,Same source,Same study
GCA_050506995.1,GCA_050506875.1,0.75,0.25,0.0168293543,TRUE,Different ST,Same source,Same study
GCF_053117655.1,GCA_050506685.1,0.4,0.6,2e-6,TRUE,Same ST,Different source,Different study
GCF_053117655.1,GCA_050516675.1,0.4,0.6,9.6369e-5,TRUE,Same ST,Different source,Different study
GCF_053117655.1,GCA_050485055.1,0.8666666666666667,0.1333333333333333,0.0015696773999999997,TRUE,Different ST,Different source,Different study
GCF_053117655.1,GCA_050506675.1,0.5,0.5,0.0015696773999999997,TRUE,Different ST,Different source,Different study
GCF_053117655.1,GCF_053117585.1,0.6666666666666667,0.33333333333333326,0.0015696773999999997,TRUE,Different ST,Same source,Same study
GCF_053117655.1,GCA_050506865.1,0.4285714285714286,0.5714285714285714,0.0015696773999999997,TRUE,Different ST,Different source,Different study
GCF_053117655.1,GCA_050506665.1,0.5,0.5,0.0015696773999999997,TRUE,Different ST,Different source,Different study
GCF_053117655.1,GCA_050505635.1,0.5555555555555556,0.4444444444444444,0.0016622802,TRUE,Different ST,Different source,Different study
GCF_053117655.1,GCA_050505645.1,0.5555555555555556,0.4444444444444444,0.0016622747999999999,TRUE,Different ST,Different source,Different study
GCF_053117655.1,GCA_050486715.1,0.6666666666666667,0.33333333333333326,0.0016587607,FALSE,ST comparison unavailable,Different source,Different study
GCF_053117655.1,GCA_050491675.1,0.6,0.4,0.005431587200000001,TRUE,Different ST,Different source,Different study
GCF_053117655.1,GCA_050491685.1,0.6,0.4,0.005431587200000001,TRUE,Different ST,Different source,Different study
GCF_053117655.1,GCF_053117675.1,0.6153846153846154,0.3846153846153846,0.005338059300000001,TRUE,Different ST,Same source,Same study
GCF_053117655.1,GCA_050472755.1,0.6666666666666667,0.33333333333333326,0.0141262961,TRUE,Different ST,Different source,Different study
GCF_053117655.1,GCA_050506875.1,0.6666666666666667,0.33333333333333326,0.0168293543,TRUE,Different ST,Different source,Different study
GCA_050506685.1,GCA_050516675.1,0,1,9.6369e-5,TRUE,Same ST,Same source,Same study
GCA_050506685.1,GCA_050485055.1,0.8461538461538461,0.15384615384615385,0.0015696773999999997,TRUE,Different ST,Same source,Same study
GCA_050506685.1,GCA_050506675.1,0.25,0.75,0.0015696773999999997,TRUE,Different ST,Same source,Same study
GCA_050506685.1,GCF_053117585.1,0.5714285714285714,0.4285714285714286,0.0015696773999999997,TRUE,Different ST,Different source,Different study
GCA_050506685.1,GCA_050506865.1,0.5,0.5,0.0015696773999999997,TRUE,Different ST,Same source,Same study
GCA_050506685.1,GCA_050506665.1,0.25,0.75,0.0015696773999999997,TRUE,Different ST,Same source,Same study
GCA_050506685.1,GCA_050505635.1,0.625,0.375,0.0016622802,TRUE,Different ST,Same source,Same study
GCA_050506685.1,GCA_050505645.1,0.625,0.375,0.0016622747999999999,TRUE,Different ST,Same source,Same study
GCA_050506685.1,GCA_050486715.1,0.5,0.5,0.0016587607,FALSE,ST comparison unavailable,Same source,Same study
GCA_050506685.1,GCA_050491675.1,0.6666666666666667,0.33333333333333326,0.005431587200000001,TRUE,Different ST,Same source,Same study
GCA_050506685.1,GCA_050491685.1,0.6666666666666667,0.33333333333333326,0.005431587200000001,TRUE,Different ST,Same source,Same study
GCA_050506685.1,GCF_053117675.1,0.7692307692307692,0.23076923076923084,0.005338059300000001,TRUE,Different ST,Different source,Different study
GCA_050506685.1,GCA_050472755.1,0.5714285714285714,0.4285714285714286,0.0141262961,TRUE,Different ST,Same source,Same study
GCA_050506685.1,GCA_050506875.1,0.5,0.5,0.0168293543,TRUE,Different ST,Same source,Same study
GCA_050516675.1,GCA_050485055.1,0.8461538461538461,0.15384615384615385,0.0016596455999999997,TRUE,Different ST,Same source,Same study
GCA_050516675.1,GCA_050506675.1,0.25,0.75,0.0016596455999999997,TRUE,Different ST,Same source,Same study
GCA_050516675.1,GCF_053117585.1,0.5714285714285714,0.4285714285714286,0.0016596455999999997,TRUE,Different ST,Different source,Different study
GCA_050516675.1,GCA_050506865.1,0.5,0.5,0.0016596455999999997,TRUE,Different ST,Same source,Same study
GCA_050516675.1,GCA_050506665.1,0.25,0.75,0.0016596455999999997,TRUE,Different ST,Same source,Same study
GCA_050516675.1,GCA_050505635.1,0.625,0.375,0.0017522484,TRUE,Different ST,Same source,Same study
GCA_050516675.1,GCA_050505645.1,0.625,0.375,0.001752243,TRUE,Different ST,Same source,Same study
GCA_050516675.1,GCA_050486715.1,0.5,0.5,0.0017487289,FALSE,ST comparison unavailable,Same source,Same study
GCA_050516675.1,GCA_050491675.1,0.6666666666666667,0.33333333333333326,0.0055215554,TRUE,Different ST,Same source,Same study
GCA_050516675.1,GCA_050491685.1,0.6666666666666667,0.33333333333333326,0.0055215554,TRUE,Different ST,Same source,Same study
GCA_050516675.1,GCF_053117675.1,0.7692307692307692,0.23076923076923084,0.0054280275,TRUE,Different ST,Different source,Different study
GCA_050516675.1,GCA_050472755.1,0.5714285714285714,0.4285714285714286,0.0142162643,TRUE,Different ST,Same source,Same study
GCA_050516675.1,GCA_050506875.1,0.5,0.5,0.0169193225,TRUE,Different ST,Same source,Same study
GCA_050485055.1,GCA_050506675.1,0.8571428571428572,0.1428571428571428,0,TRUE,Same ST,Same source,Same study
GCA_050485055.1,GCF_053117585.1,0.8125,0.1875,0,TRUE,Same ST,Different source,Different study
GCA_050485055.1,GCA_050506865.1,0.8,0.19999999999999996,0,TRUE,Same ST,Same source,Same study
GCA_050485055.1,GCA_050506665.1,0.8571428571428572,0.1428571428571428,2e-6,TRUE,Same ST,Same source,Same study
GCA_050485055.1,GCA_050505635.1,0.8888888888888888,0.11111111111111116,9.660279999999998e-5,TRUE,Same ST,Same source,Same study
GCA_050485055.1,GCA_050505645.1,0.8888888888888888,0.11111111111111116,9.659739999999998e-5,TRUE,Same ST,Same source,Same study
GCA_050485055.1,GCA_050486715.1,0.8461538461538461,0.15384615384615385,9.50833e-5,FALSE,ST comparison unavailable,Same source,Same study
GCA_050485055.1,GCA_050491675.1,0.8333333333333334,0.16666666666666663,0.0040699252,TRUE,Different ST,Same source,Same study
GCA_050485055.1,GCA_050491685.1,0.8333333333333334,0.16666666666666663,0.0040699252,TRUE,Different ST,Same source,Same study
GCA_050485055.1,GCF_053117675.1,0.9130434782608696,0.08695652173913038,0.0039763973,TRUE,Different ST,Different source,Different study
GCA_050485055.1,GCA_050472755.1,0.8823529411764706,0.11764705882352944,0.0127646341,TRUE,Different ST,Same source,Same study
GCA_050485055.1,GCA_050506875.1,0.9285714285714286,0.0714285714285714,0.015467692299999999,TRUE,Different ST,Same source,Same study
GCA_050506675.1,GCF_053117585.1,0.4285714285714286,0.5714285714285714,0,TRUE,Same ST,Different source,Different study
GCA_050506675.1,GCA_050506865.1,0.5714285714285714,0.4285714285714286,0,TRUE,Same ST,Same source,Same study
GCA_050506675.1,GCA_050506665.1,0,1,2e-6,TRUE,Same ST,Same source,Same study
GCA_050506675.1,GCA_050505635.1,0.5,0.5,9.660279999999998e-5,TRUE,Same ST,Same source,Same study
GCA_050506675.1,GCA_050505645.1,0.5,0.5,9.659739999999998e-5,TRUE,Same ST,Same source,Same study
GCA_050506675.1,GCA_050486715.1,0.25,0.75,9.50833e-5,FALSE,ST comparison unavailable,Same source,Same study
GCA_050506675.1,GCA_050491675.1,0.5555555555555556,0.4444444444444444,0.0040699252,TRUE,Different ST,Same source,Same study
GCA_050506675.1,GCA_050491685.1,0.5555555555555556,0.4444444444444444,0.0040699252,TRUE,Different ST,Same source,Same study
GCA_050506675.1,GCF_053117675.1,0.6923076923076923,0.3076923076923077,0.0039763973,TRUE,Different ST,Different source,Different study
GCA_050506675.1,GCA_050472755.1,0.4285714285714286,0.5714285714285714,0.0127646341,TRUE,Different ST,Same source,Same study
GCA_050506675.1,GCA_050506875.1,0.25,0.75,0.015467692299999999,TRUE,Different ST,Same source,Same study
GCF_053117585.1,GCA_050506865.1,0.5555555555555556,0.4444444444444444,0,TRUE,Same ST,Different source,Different study
GCF_053117585.1,GCA_050506665.1,0.4285714285714286,0.5714285714285714,2e-6,TRUE,Same ST,Different source,Different study
GCF_053117585.1,GCA_050505635.1,0.6363636363636364,0.36363636363636365,9.660279999999998e-5,TRUE,Same ST,Different source,Different study
GCF_053117585.1,GCA_050505645.1,0.6363636363636364,0.36363636363636365,9.659739999999998e-5,TRUE,Same ST,Different source,Different study
GCF_053117585.1,GCA_050486715.1,0.5714285714285714,0.4285714285714286,9.50833e-5,FALSE,ST comparison unavailable,Different source,Different study
GCF_053117585.1,GCA_050491675.1,0.5454545454545454,0.4545454545454546,0.0040699252,TRUE,Different ST,Different source,Different study
GCF_053117585.1,GCA_050491685.1,0.5454545454545454,0.4545454545454546,0.0040699252,TRUE,Different ST,Different source,Different study
GCF_053117585.1,GCF_053117675.1,0.75,0.25,0.0039763973,TRUE,Different ST,Same source,Same study
GCF_053117585.1,GCA_050472755.1,0.6,0.4,0.0127646341,TRUE,Different ST,Different source,Different study
GCF_053117585.1,GCA_050506875.1,0.5714285714285714,0.4285714285714286,0.015467692299999999,TRUE,Different ST,Different source,Different study
GCA_050506865.1,GCA_050506665.1,0.5714285714285714,0.4285714285714286,2e-6,TRUE,Same ST,Same source,Same study
GCA_050506865.1,GCA_050505635.1,0.7272727272727273,0.2727272727272727,9.660279999999998e-5,TRUE,Same ST,Same source,Same study
GCA_050506865.1,GCA_050505645.1,0.7272727272727273,0.2727272727272727,9.659739999999998e-5,TRUE,Same ST,Same source,Same study
GCA_050506865.1,GCA_050486715.1,0.7142857142857143,0.2857142857142857,9.50833e-5,FALSE,ST comparison unavailable,Same source,Same study
GCA_050506865.1,GCA_050491675.1,0.33333333333333337,0.6666666666666666,0.0040699252,TRUE,Different ST,Same source,Same study
GCA_050506865.1,GCA_050491685.1,0.33333333333333337,0.6666666666666666,0.0040699252,TRUE,Different ST,Same source,Same study
GCA_050506865.1,GCF_053117675.1,0.6428571428571428,0.3571428571428572,0.0039763973,TRUE,Different ST,Different source,Different study
GCA_050506865.1,GCA_050472755.1,0.7,0.30000000000000004,0.0127646341,TRUE,Different ST,Same source,Same study
GCA_050506865.1,GCA_050506875.1,0.7142857142857143,0.2857142857142857,0.015467692299999999,TRUE,Different ST,Same source,Same study
GCA_050506665.1,GCA_050505635.1,0.5,0.5,9.660279999999998e-5,TRUE,Same ST,Same source,Same study
GCA_050506665.1,GCA_050505645.1,0.5,0.5,9.659739999999998e-5,TRUE,Same ST,Same source,Same study
GCA_050506665.1,GCA_050486715.1,0.25,0.75,9.50833e-5,FALSE,ST comparison unavailable,Same source,Same study
GCA_050506665.1,GCA_050491675.1,0.5555555555555556,0.4444444444444444,0.0040699252,TRUE,Different ST,Same source,Same study
GCA_050506665.1,GCA_050491685.1,0.5555555555555556,0.4444444444444444,0.0040699252,TRUE,Different ST,Same source,Same study
GCA_050506665.1,GCF_053117675.1,0.6923076923076923,0.3076923076923077,0.0039763973,TRUE,Different ST,Different source,Different study
GCA_050506665.1,GCA_050472755.1,0.4285714285714286,0.5714285714285714,0.0127646341,TRUE,Different ST,Same source,Same study
GCA_050506665.1,GCA_050506875.1,0.25,0.75,0.015467692299999999,TRUE,Different ST,Same source,Same study
GCA_050505635.1,GCA_050505645.1,0,1,4.8784e-6,TRUE,Same ST,Same source,Same study
GCA_050505635.1,GCA_050486715.1,0.625,0.375,1.8768609999999999e-4,FALSE,ST comparison unavailable,Same source,Same study
GCA_050505635.1,GCA_050491675.1,0.6923076923076923,0.3076923076923077,0.004162528,TRUE,Different ST,Same source,Same study
GCA_050505635.1,GCA_050491685.1,0.6923076923076923,0.3076923076923077,0.004162528,TRUE,Different ST,Same source,Same study
GCA_050505635.1,GCF_053117675.1,0.3846153846153846,0.6153846153846154,0.0040690001,TRUE,Different ST,Different source,Different study
GCA_050505635.1,GCA_050472755.1,0.6363636363636364,0.36363636363636365,0.0128572369,TRUE,Different ST,Same source,Same study
GCA_050505635.1,GCA_050506875.1,0.625,0.375,0.015560295100000001,TRUE,Different ST,Same source,Same study
GCA_050505645.1,GCA_050486715.1,0.625,0.375,1.876807e-4,FALSE,ST comparison unavailable,Same source,Same study
GCA_050505645.1,GCA_050491675.1,0.6923076923076923,0.3076923076923077,0.0041625226,TRUE,Different ST,Same source,Same study
GCA_050505645.1,GCA_050491685.1,0.6923076923076923,0.3076923076923077,0.0041625226,TRUE,Different ST,Same source,Same study
GCA_050505645.1,GCF_053117675.1,0.3846153846153846,0.6153846153846154,0.0040689947,TRUE,Different ST,Different source,Different study
GCA_050505645.1,GCA_050472755.1,0.6363636363636364,0.36363636363636365,0.0128572315,TRUE,Different ST,Same source,Same study
GCA_050505645.1,GCA_050506875.1,0.625,0.375,0.0155602897,TRUE,Different ST,Same source,Same study
GCA_050486715.1,GCA_050491675.1,0.6666666666666667,0.33333333333333326,0.0041590085,FALSE,ST comparison unavailable,Same source,Same study
GCA_050486715.1,GCA_050491685.1,0.6666666666666667,0.33333333333333326,0.0041590085,FALSE,ST comparison unavailable,Same source,Same study
GCA_050486715.1,GCF_053117675.1,0.7692307692307692,0.23076923076923084,0.0040654806,FALSE,ST comparison unavailable,Different source,Different study
GCA_050486715.1,GCA_050472755.1,0.5714285714285714,0.4285714285714286,0.012853717399999999,FALSE,ST comparison unavailable,Same source,Same study
GCA_050486715.1,GCA_050506875.1,0.5,0.5,0.015556775600000001,FALSE,ST comparison unavailable,Same source,Same study
GCA_050491675.1,GCA_050491685.1,0,1,2e-6,TRUE,Same ST,Same source,Same study
GCA_050491675.1,GCF_053117675.1,0.4285714285714286,0.5714285714285714,9.552789999999999e-5,TRUE,Same ST,Different source,Different study
GCA_050491675.1,GCA_050472755.1,0.4,0.6,0.0139352741,TRUE,Different ST,Same source,Same study
GCA_050491675.1,GCA_050506875.1,0.6666666666666667,0.33333333333333326,0.0166383323,TRUE,Different ST,Same source,Same study
GCA_050491685.1,GCF_053117675.1,0.4285714285714286,0.5714285714285714,9.552789999999999e-5,TRUE,Same ST,Different source,Different study
GCA_050491685.1,GCA_050472755.1,0.4,0.6,0.0139352741,TRUE,Different ST,Same source,Same study
GCA_050491685.1,GCA_050506875.1,0.6666666666666667,0.33333333333333326,0.0166383323,TRUE,Different ST,Same source,Same study
GCF_053117675.1,GCA_050472755.1,0.46153846153846156,0.5384615384615384,0.013841746200000001,TRUE,Different ST,Different source,Different study
GCF_053117675.1,GCA_050506875.1,0.7692307692307692,0.23076923076923084,0.016544804399999998,TRUE,Different ST,Different source,Different study
GCA_050472755.1,GCA_050506875.1,0.5714285714285714,0.4285714285714286,0.0162990046,TRUE,Different ST,Same source,Same study
