Genome,Source,Locus,Assignment_status,Accepted_allele,Dataset_profile_token,Exact_alleles_detected,Exact_location_count,Best_reference_allele,Best_identity_percent,Best_allele_coverage_percent,Best_contig,Best_start,Best_stop,Best_strand,Status_reason,FNA_path
GCA_029011255.1,Reproductive,gdh,Exact_known_allele,15,15,15,1,15,100,100,CP118048.1,741210,741739,-,One unambiguous exact full-length official allele,/mnt/c/Users/bless/Downloads/e_faecalis_disseration_project/local_archive/large_outputs/Efaecalis_14_AMRFinder/02_genomes_fna/GCA_029011255.1.fna
GCA_029011255.1,Reproductive,gyd,Exact_known_allele,2,2,2,1,2,100,100,CP118048.1,1641606,1642000,-,One unambiguous exact full-length official allele,/mnt/c/Users/bless/Downloads/e_faecalis_disseration_project/local_archive/large_outputs/Efaecalis_14_AMRFinder/02_genomes_fna/GCA_029011255.1.fna
GCA_029011255.1,Reproductive,pstS,Exact_known_allele,37,37,37,1,37,100,100,CP118048.1,1420076,1420658,-,One unambiguous exact full-length official allele,/mnt/c/Users/bless/Downloads/e_faecalis_disseration_project/local_archive/large_outputs/Efaecalis_14_AMRFinder/02_genomes_fna/GCA_029011255.1.fna
GCA_029011255.1,Reproductive,gki,Exact_known_allele,1,1,1,1,1,100,100,CP118048.1,2198899,2199336,-,One unambiguous exact full-length official allele,/mnt/c/Users/bless/Downloads/e_faecalis_disseration_project/local_archive/large_outputs/Efaecalis_14_AMRFinder/02_genomes_fna/GCA_029011255.1.fna
GCA_029011255.1,Reproductive,aroE,Exact_known_allele,17,17,17,1,17,100,100,CP118048.1,1286341,1286799,+,One unambiguous exact full-length official allele,/mnt/c/Users/bless/Downloads/e_faecalis_disseration_project/local_archive/large_outputs/Efaecalis_14_AMRFinder/02_genomes_fna/GCA_029011255.1.fna
GCA_029011255.1,Reproductive,xpt,Exact_known_allele,15,15,15,1,15,100,100,CP118048.1,1828912,1829367,-,One unambiguous exact full-length official allele,/mnt/c/Users/bless/Downloads/e_faecalis_disseration_project/local_archive/large_outputs/Efaecalis_14_AMRFinder/02_genomes_fna/GCA_029011255.1.fna
GCA_029011255.1,Reproductive,yqiL,Exact_known_allele,11,11,11,1,11,100,100,CP118048.1,1153791,1154226,+,One unambiguous exact full-length official allele,/mnt/c/Users/bless/Downloads/e_faecalis_disseration_project/local_archive/large_outputs/Efaecalis_14_AMRFinder/02_genomes_fna/GCA_029011255.1.fna
GCA_029011395.1,Reproductive,gdh,Exact_known_allele,13,13,13,1,13,100,100,CP118057.1,2183214,2183743,+,One unambiguous exact full-length official allele,/mnt/c/Users/bless/Downloads/e_faecalis_disseration_project/local_archive/large_outputs/Efaecalis_14_AMRFinder/02_genomes_fna/GCA_029011395.1.fna
GCA_029011395.1,Reproductive,gyd,Exact_known_allele,6,6,6,1,6,100,100,CP118057.1,1266945,1267339,+,One unambiguous exact full-length official allele,/mnt/c/Users/bless/Downloads/e_faecalis_disseration_project/local_archive/large_outputs/Efaecalis_14_AMRFinder/02_genomes_fna/GCA_029011395.1.fna
GCA_029011395.1,Reproductive,pstS,Exact_known_allele,5,5,5,1,5,100,100,CP118057.1,1542480,1543062,+,One unambiguous exact full-length official allele,/mnt/c/Users/bless/Downloads/e_faecalis_disseration_project/local_archive/large_outputs/Efaecalis_14_AMRFinder/02_genomes_fna/GCA_029011395.1.fna
GCA_029011395.1,Reproductive,gki,Exact_known_allele,14,14,14,1,14,100,100,CP118057.1,662118,662555,+,One unambiguous exact full-length official allele,/mnt/c/Users/bless/Downloads/e_faecalis_disseration_project/local_archive/large_outputs/Efaecalis_14_AMRFinder/02_genomes_fna/GCA_029011395.1.fna
GCA_029011395.1,Reproductive,aroE,Exact_known_allele,10,10,10,1,10,100,100,CP118057.1,1678115,1678573,-,One unambiguous exact full-length official allele,/mnt/c/Users/bless/Downloads/e_faecalis_disseration_project/local_archive/large_outputs/Efaecalis_14_AMRFinder/02_genomes_fna/GCA_029011395.1.fna
GCA_029011395.1,Reproductive,xpt,Exact_known_allele,9,9,9,1,9,100,100,CP118057.1,1036970,1037425,+,One unambiguous exact full-length official allele,/mnt/c/Users/bless/Downloads/e_faecalis_disseration_project/local_archive/large_outputs/Efaecalis_14_AMRFinder/02_genomes_fna/GCA_029011395.1.fna
GCA_029011395.1,Reproductive,yqiL,Exact_known_allele,5,5,5,1,5,100,100,CP118057.1,1811381,1811816,-,One unambiguous exact full-length official allele,/mnt/c/Users/bless/Downloads/e_faecalis_disseration_project/local_archive/large_outputs/Efaecalis_14_AMRFinder/02_genomes_fna/GCA_029011395.1.fna
GCA_029011535.1,Reproductive,gdh,Exact_known_allele,1,1,1,1,1,100,100,CP118072.1,2114434,2114963,+,One unambiguous exact full-length official allele,/mnt/c/Users/bless/Downloads/e_faecalis_disseration_project/local_archive/large_outputs/Efaecalis_14_AMRFinder/02_genomes_fna/GCA_029011535.1.fna
GCA_029011535.1,Reproductive,gyd,Exact_known_allele,2,2,2,1,2,100,100,CP118072.1,1232625,1233019,+,One unambiguous exact full-length official allele,/mnt/c/Users/bless/Downloads/e_faecalis_disseration_project/local_archive/large_outputs/Efaecalis_14_AMRFinder/02_genomes_fna/GCA_029011535.1.fna
GCA_029011535.1,Reproductive,pstS,Exact_known_allele,12,12,12,1,12,100,100,CP118072.1,1423943,1424525,+,One unambiguous exact full-length official allele,/mnt/c/Users/bless/Downloads/e_faecalis_disseration_project/local_archive/large_outputs/Efaecalis_14_AMRFinder/02_genomes_fna/GCA_029011535.1.fna
GCA_029011535.1,Reproductive,gki,Exact_known_allele,8,8,8,1,8,100,100,CP118072.1,664198,664635,+,One unambiguous exact full-length official allele,/mnt/c/Users/bless/Downloads/e_faecalis_disseration_project/local_archive/large_outputs/Efaecalis_14_AMRFinder/02_genomes_fna/GCA_029011535.1.fna
GCA_029011535.1,Reproductive,aroE,Exact_known_allele,1,1,1,1,1,100,100,CP118072.1,1565631,1566089,-,One unambiguous exact full-length official allele,/mnt/c/Users/bless/Downloads/e_faecalis_disseration_project/local_archive/large_outputs/Efaecalis_14_AMRFinder/02_genomes_fna/GCA_029011535.1.fna
GCA_029011535.1,Reproductive,xpt,Exact_known_allele,6,6,6,1,6,100,100,CP118072.1,1023356,1023811,+,One unambiguous exact full-length official allele,/mnt/c/Users/bless/Downloads/e_faecalis_disseration_project/local_archive/large_outputs/Efaecalis_14_AMRFinder/02_genomes_fna/GCA_029011535.1.fna
GCA_029011535.1,Reproductive,yqiL,Exact_known_allele,1,1,1,1,1,100,100,CP118072.1,1700214,1700649,-,One unambiguous exact full-length official allele,/mnt/c/Users/bless/Downloads/e_faecalis_disseration_project/local_archive/large_outputs/Efaecalis_14_AMRFinder/02_genomes_fna/GCA_029011535.1.fna
GCA_029011745.1,Reproductive,gdh,Exact_known_allele,13,13,13,1,13,100,100,CP118085.1,2129631,2130160,+,One unambiguous exact full-length official allele,/mnt/c/Users/bless/Downloads/e_faecalis_disseration_project/local_archive/large_outputs/Efaecalis_14_AMRFinder/02_genomes_fna/GCA_029011745.1.fna
GCA_029011745.1,Reproductive,gyd,Exact_known_allele,6,6,6,1,6,100,100,CP118085.1,1152274,1152668,+,One unambiguous exact full-length official allele,/mnt/c/Users/bless/Downloads/e_faecalis_disseration_project/local_archive/large_outputs/Efaecalis_14_AMRFinder/02_genomes_fna/GCA_029011745.1.fna
GCA_029011745.1,Reproductive,pstS,Exact_known_allele,5,5,5,1,5,100,100,CP118085.1,1489176,1489758,+,One unambiguous exact full-length official allele,/mnt/c/Users/bless/Downloads/e_faecalis_disseration_project/local_archive/large_outputs/Efaecalis_14_AMRFinder/02_genomes_fna/GCA_029011745.1.fna
GCA_029011745.1,Reproductive,gki,Exact_known_allele,14,14,14,1,14,100,100,CP118085.1,2445163,2445600,-,One unambiguous exact full-length official allele,/mnt/c/Users/bless/Downloads/e_faecalis_disseration_project/local_archive/large_outputs/Efaecalis_14_AMRFinder/02_genomes_fna/GCA_029011745.1.fna
GCA_029011745.1,Reproductive,aroE,Exact_known_allele,10,10,10,1,10,100,100,CP118085.1,1624604,1625062,-,One unambiguous exact full-length official allele,/mnt/c/Users/bless/Downloads/e_faecalis_disseration_project/local_archive/large_outputs/Efaecalis_14_AMRFinder/02_genomes_fna/GCA_029011745.1.fna
GCA_029011745.1,Reproductive,xpt,Exact_known_allele,9,9,9,1,9,100,100,CP118085.1,917833,918288,+,One unambiguous exact full-length official allele,/mnt/c/Users/bless/Downloads/e_faecalis_disseration_project/local_archive/large_outputs/Efaecalis_14_AMRFinder/02_genomes_fna/GCA_029011745.1.fna
GCA_029011745.1,Reproductive,yqiL,Exact_known_allele,5,5,5,1,5,100,100,CP118085.1,1757845,1758280,-,One unambiguous exact full-length official allele,/mnt/c/Users/bless/Downloads/e_faecalis_disseration_project/local_archive/large_outputs/Efaecalis_14_AMRFinder/02_genomes_fna/GCA_029011745.1.fna
GCA_050469755.1,Bacteraemia,gdh,Exact_known_allele,12,12,12,1,12,100,100,CP175101.1,2984515,2985044,-,One unambiguous exact full-length official allele,/mnt/c/Users/bless/Downloads/e_faecalis_disseration_project/local_archive/large_outputs/Efaecalis_58_AMRFinder/02_genomes_fna/GCA_050469755.1.fna
GCA_050469755.1,Bacteraemia,gyd,Exact_known_allele,7,7,7,1,7,100,100,CP175101.1,843165,843559,-,One unambiguous exact full-length official allele,/mnt/c/Users/bless/Downloads/e_faecalis_disseration_project/local_archive/large_outputs/Efaecalis_58_AMRFinder/02_genomes_fna/GCA_050469755.1.fna
GCA_050469755.1,Bacteraemia,pstS,Exact_known_allele,3,3,3,1,3,100,100,CP175101.1,586972,587554,-,One unambiguous exact full-length official allele,/mnt/c/Users/bless/Downloads/e_faecalis_disseration_project/local_archive/large_outputs/Efaecalis_58_AMRFinder/02_genomes_fna/GCA_050469755.1.fna
GCA_050469755.1,Bacteraemia,gki,Exact_known_allele,7,7,7,1,7,100,100,CP175101.1,1517925,1518362,-,One unambiguous exact full-length official allele,/mnt/c/Users/bless/Downloads/e_faecalis_disseration_project/local_archive/large_outputs/Efaecalis_58_AMRFinder/02_genomes_fna/GCA_050469755.1.fna
GCA_050469755.1,Bacteraemia,aroE,Exact_known_allele,6,6,6,1,6,100,100,CP175101.1,449474,449932,+,One unambiguous exact full-length official allele,/mnt/c/Users/bless/Downloads/e_faecalis_disseration_project/local_archive/large_outputs/Efaecalis_58_AMRFinder/02_genomes_fna/GCA_050469755.1.fna
GCA_050469755.1,Bacteraemia,xpt,Exact_known_allele,1,1,1,1,1,100,100,CP175101.1,1133062,1133517,-,One unambiguous exact full-length official allele,/mnt/c/Users/bless/Downloads/e_faecalis_disseration_project/local_archive/large_outputs/Efaecalis_58_AMRFinder/02_genomes_fna/GCA_050469755.1.fna
GCA_050469755.1,Bacteraemia,yqiL,Exact_known_allele,5,5,5,1,5,100,100,CP175101.1,322963,323398,+,One unambiguous exact full-length official allele,/mnt/c/Users/bless/Downloads/e_faecalis_disseration_project/local_archive/large_outputs/Efaecalis_58_AMRFinder/02_genomes_fna/GCA_050469755.1.fna
GCA_050471105.1,Bacteraemia,gdh,Exact_known_allele,3,3,3,1,3,100,100,CP175093.1,2890843,2891372,-,One unambiguous exact full-length official allele,/mnt/c/Users/bless/Downloads/e_faecalis_disseration_project/local_archive/large_outputs/Efaecalis_58_AMRFinder/02_genomes_fna/GCA_050471105.1.fna
GCA_050471105.1,Bacteraemia,gyd,Exact_known_allele,6,6,6,1,6,100,100,CP175093.1,766414,766808,-,One unambiguous exact full-length official allele,/mnt/c/Users/bless/Downloads/e_faecalis_disseration_project/local_archive/large_outputs/Efaecalis_58_AMRFinder/02_genomes_fna/GCA_050471105.1.fna
GCA_050471105.1,Bacteraemia,pstS,Exact_known_allele,23,23,23,1,23,100,100,CP175093.1,603557,604139,-,One unambiguous exact full-length official allele,/mnt/c/Users/bless/Downloads/e_faecalis_disseration_project/local_archive/large_outputs/Efaecalis_58_AMRFinder/02_genomes_fna/GCA_050471105.1.fna
GCA_050471105.1,Bacteraemia,gki,Exact_known_allele,12,12,12,1,12,100,100,CP175093.1,1379914,1380351,-,One unambiguous exact full-length official allele,/mnt/c/Users/bless/Downloads/e_faecalis_disseration_project/local_archive/large_outputs/Efaecalis_58_AMRFinder/02_genomes_fna/GCA_050471105.1.fna
GCA_050471105.1,Bacteraemia,aroE,Exact_known_allele,9,9,9,1,9,100,100,CP175093.1,466380,466838,+,One unambiguous exact full-length official allele,/mnt/c/Users/bless/Downloads/e_faecalis_disseration_project/local_archive/large_outputs/Efaecalis_58_AMRFinder/02_genomes_fna/GCA_050471105.1.fna
GCA_050471105.1,Bacteraemia,xpt,Exact_known_allele,10,10,10,1,10,100,100,CP175093.1,1004127,1004582,-,One unambiguous exact full-length official allele,/mnt/c/Users/bless/Downloads/e_faecalis_disseration_project/local_archive/large_outputs/Efaecalis_58_AMRFinder/02_genomes_fna/GCA_050471105.1.fna
GCA_050471105.1,Bacteraemia,yqiL,Exact_known_allele,7,7,7,1,7,100,100,CP175093.1,333134,333569,+,One unambiguous exact full-length official allele,/mnt/c/Users/bless/Downloads/e_faecalis_disseration_project/local_archive/large_outputs/Efaecalis_58_AMRFinder/02_genomes_fna/GCA_050471105.1.fna
GCA_050472745.1,Bacteraemia,gdh,Exact_known_allele,12,12,12,1,12,100,100,CP175062.1,1249763,1250292,-,One unambiguous exact full-length official allele,/mnt/c/Users/bless/Downloads/e_faecalis_disseration_project/local_archive/large_outputs/Efaecalis_58_AMRFinder/02_genomes_fna/GCA_050472745.1.fna
GCA_050472745.1,Bacteraemia,gyd,Exact_known_allele,7,7,7,1,7,100,100,CP175062.1,2196751,2197145,-,One unambiguous exact full-length official allele,/mnt/c/Users/bless/Downloads/e_faecalis_disseration_project/local_archive/large_outputs/Efaecalis_58_AMRFinder/02_genomes_fna/GCA_050472745.1.fna
GCA_050472745.1,Bacteraemia,pstS,Exact_known_allele,3,3,3,1,3,100,100,CP175062.1,1939873,1940455,-,One unambiguous exact full-length official allele,/mnt/c/Users/bless/Downloads/e_faecalis_disseration_project/local_archive/large_outputs/Efaecalis_58_AMRFinder/02_genomes_fna/GCA_050472745.1.fna
GCA_050472745.1,Bacteraemia,gki,Exact_known_allele,7,7,7,1,7,100,100,CP175062.1,2871273,2871710,-,One unambiguous exact full-length official allele,/mnt/c/Users/bless/Downloads/e_faecalis_disseration_project/local_archive/large_outputs/Efaecalis_58_AMRFinder/02_genomes_fna/GCA_050472745.1.fna
GCA_050472745.1,Bacteraemia,aroE,Exact_known_allele,6,6,6,1,6,100,100,CP175062.1,1802375,1802833,+,One unambiguous exact full-length official allele,/mnt/c/Users/bless/Downloads/e_faecalis_disseration_project/local_archive/large_outputs/Efaecalis_58_AMRFinder/02_genomes_fna/GCA_050472745.1.fna
GCA_050472745.1,Bacteraemia,xpt,Exact_known_allele,1,1,1,1,1,100,100,CP175062.1,2486649,2487104,-,One unambiguous exact full-length official allele,/mnt/c/Users/bless/Downloads/e_faecalis_disseration_project/local_archive/large_outputs/Efaecalis_58_AMRFinder/02_genomes_fna/GCA_050472745.1.fna
GCA_050472745.1,Bacteraemia,yqiL,Exact_known_allele,5,5,5,1,5,100,100,CP175062.1,1625289,1625724,+,One unambiguous exact full-length official allele,/mnt/c/Users/bless/Downloads/e_faecalis_disseration_project/local_archive/large_outputs/Efaecalis_58_AMRFinder/02_genomes_fna/GCA_050472745.1.fna
GCA_050472755.1,Bacteraemia,gdh,Exact_known_allele,18,18,18,1,18,100,100,CP175060.1,772732,773261,-,One unambiguous exact full-length official allele,/mnt/c/Users/bless/Downloads/e_faecalis_disseration_project/local_archive/large_outputs/Efaecalis_58_AMRFinder/02_genomes_fna/GCA_050472755.1.fna
GCA_050472755.1,Bacteraemia,gyd,Exact_known_allele,1,1,1,1,1,100,100,CP175060.1,1632132,1632526,-,One unambiguous exact full-length official allele,/mnt/c/Users/bless/Downloads/e_faecalis_disseration_project/local_archive/large_outputs/Efaecalis_58_AMRFinder/02_genomes_fna/GCA_050472755.1.fna
GCA_050472755.1,Bacteraemia,pstS,Exact_known_allele,24,24,24,1,24,100,100,CP175060.1,1422456,1423038,-,One unambiguous exact full-length official allele,/mnt/c/Users/bless/Downloads/e_faecalis_disseration_project/local_archive/large_outputs/Efaecalis_58_AMRFinder/02_genomes_fna/GCA_050472755.1.fna
GCA_050472755.1,Bacteraemia,gki,Exact_known_allele,24,24,24,1,24,100,100,CP175060.1,2262179,2262616,-,One unambiguous exact full-length official allele,/mnt/c/Users/bless/Downloads/e_faecalis_disseration_project/local_archive/large_outputs/Efaecalis_58_AMRFinder/02_genomes_fna/GCA_050472755.1.fna
GCA_050472755.1,Bacteraemia,aroE,Exact_known_allele,20,20,20,1,20,100,100,CP175060.1,1286932,1287390,+,One unambiguous exact full-length official allele,/mnt/c/Users/bless/Downloads/e_faecalis_disseration_project/local_archive/large_outputs/Efaecalis_58_AMRFinder/02_genomes_fna/GCA_050472755.1.fna
GCA_050472755.1,Bacteraemia,xpt,Exact_known_allele,17,17,17,1,17,100,100,CP175060.1,1856150,1856605,-,One unambiguous exact full-length official allele,/mnt/c/Users/bless/Downloads/e_faecalis_disseration_project/local_archive/large_outputs/Efaecalis_58_AMRFinder/02_genomes_fna/GCA_050472755.1.fna
GCA_050472755.1,Bacteraemia,yqiL,Exact_known_allele,15,15,15,1,15,100,100,CP175060.1,1162158,1162593,+,One unambiguous exact full-length official allele,/mnt/c/Users/bless/Downloads/e_faecalis_disseration_project/local_archive/large_outputs/Efaecalis_58_AMRFinder/02_genomes_fna/GCA_050472755.1.fna
GCA_050473345.1,Bacteraemia,gdh,Exact_known_allele,1,1,1,1,1,100,100,CP175058.1,2188996,2189525,+,One unambiguous exact full-length official allele,/mnt/c/Users/bless/Downloads/e_faecalis_disseration_project/local_archive/large_outputs/Efaecalis_58_AMRFinder/02_genomes_fna/GCA_050473345.1.fna
GCA_050473345.1,Bacteraemia,gyd,Exact_known_allele,7,7,7,1,7,100,100,CP175058.1,1275365,1275759,+,One unambiguous exact full-length official allele,/mnt/c/Users/bless/Downloads/e_faecalis_disseration_project/local_archive/large_outputs/Efaecalis_58_AMRFinder/02_genomes_fna/GCA_050473345.1.fna
GCA_050473345.1,Bacteraemia,pstS,Exact_known_allele,9,9,9,1,9,100,100,CP175058.1,1494893,1495475,+,One unambiguous exact full-length official allele,/mnt/c/Users/bless/Downloads/e_faecalis_disseration_project/local_archive/large_outputs/Efaecalis_58_AMRFinder/02_genomes_fna/GCA_050473345.1.fna
GCA_050473345.1,Bacteraemia,gki,Exact_known_allele,1,1,1,1,1,100,100,CP175058.1,645273,645710,+,One unambiguous exact full-length official allele,/mnt/c/Users/bless/Downloads/e_faecalis_disseration_project/local_archive/large_outputs/Efaecalis_58_AMRFinder/02_genomes_fna/GCA_050473345.1.fna
GCA_050473345.1,Bacteraemia,aroE,Exact_known_allele,1,1,1,1,1,100,100,CP175058.1,1635450,1635908,-,One unambiguous exact full-length official allele,/mnt/c/Users/bless/Downloads/e_faecalis_disseration_project/local_archive/large_outputs/Efaecalis_58_AMRFinder/02_genomes_fna/GCA_050473345.1.fna
GCA_050473345.1,Bacteraemia,xpt,Exact_known_allele,10,10,10,1,10,100,100,CP175058.1,1027261,1027716,+,One unambiguous exact full-length official allele,/mnt/c/Users/bless/Downloads/e_faecalis_disseration_project/local_archive/large_outputs/Efaecalis_58_AMRFinder/02_genomes_fna/GCA_050473345.1.fna
GCA_050473345.1,Bacteraemia,yqiL,Exact_known_allele,1,1,1,1,1,100,100,CP175058.1,1770061,1770496,-,One unambiguous exact full-length official allele,/mnt/c/Users/bless/Downloads/e_faecalis_disseration_project/local_archive/large_outputs/Efaecalis_58_AMRFinder/02_genomes_fna/GCA_050473345.1.fna
GCA_050473355.1,Bacteraemia,gdh,Exact_known_allele,1,1,1,1,1,100,100,CP175057.1,815824,816353,-,One unambiguous exact full-length official allele,/mnt/c/Users/bless/Downloads/e_faecalis_disseration_project/local_archive/large_outputs/Efaecalis_58_AMRFinder/02_genomes_fna/GCA_050473355.1.fna
GCA_050473355.1,Bacteraemia,gyd,Exact_known_allele,7,7,7,1,7,100,100,CP175057.1,1651387,1651781,-,One unambiguous exact full-length official allele,/mnt/c/Users/bless/Downloads/e_faecalis_disseration_project/local_archive/large_outputs/Efaecalis_58_AMRFinder/02_genomes_fna/GCA_050473355.1.fna
GCA_050473355.1,Bacteraemia,pstS,Exact_known_allele,9,9,9,1,9,100,100,CP175057.1,1471569,1472151,-,One unambiguous exact full-length official allele,/mnt/c/Users/bless/Downloads/e_faecalis_disseration_project/local_archive/large_outputs/Efaecalis_58_AMRFinder/02_genomes_fna/GCA_050473355.1.fna
GCA_050473355.1,Bacteraemia,gki,Exact_known_allele,1,1,1,1,1,100,100,CP175057.1,2336020,2336457,-,One unambiguous exact full-length official allele,/mnt/c/Users/bless/Downloads/e_faecalis_disseration_project/local_archive/large_outputs/Efaecalis_58_AMRFinder/02_genomes_fna/GCA_050473355.1.fna
GCA_050473355.1,Bacteraemia,aroE,Exact_known_allele,1,1,1,1,1,100,100,CP175057.1,1331134,1331592,+,One unambiguous exact full-length official allele,/mnt/c/Users/bless/Downloads/e_faecalis_disseration_project/local_archive/large_outputs/Efaecalis_58_AMRFinder/02_genomes_fna/GCA_050473355.1.fna
GCA_050473355.1,Bacteraemia,xpt,Exact_known_allele,1,1,1,1,1,100,100,CP175057.1,1892735,1893190,-,One unambiguous exact full-length official allele,/mnt/c/Users/bless/Downloads/e_faecalis_disseration_project/local_archive/large_outputs/Efaecalis_58_AMRFinder/02_genomes_fna/GCA_050473355.1.fna
GCA_050473355.1,Bacteraemia,yqiL,Exact_known_allele,1,1,1,1,1,100,100,CP175057.1,1196548,1196983,+,One unambiguous exact full-length official allele,/mnt/c/Users/bless/Downloads/e_faecalis_disseration_project/local_archive/large_outputs/Efaecalis_58_AMRFinder/02_genomes_fna/GCA_050473355.1.fna
GCA_050473905.1,Bacteraemia,gdh,Exact_known_allele,12,12,12,1,12,100,100,CP175056.1,1968517,1969046,+,One unambiguous exact full-length official allele,/mnt/c/Users/bless/Downloads/e_faecalis_disseration_project/local_archive/large_outputs/Efaecalis_58_AMRFinder/02_genomes_fna/GCA_050473905.1.fna
GCA_050473905.1,Bacteraemia,gyd,Exact_known_allele,7,7,7,1,7,100,100,CP175056.1,1032121,1032515,+,One unambiguous exact full-length official allele,/mnt/c/Users/bless/Downloads/e_faecalis_disseration_project/local_archive/large_outputs/Efaecalis_58_AMRFinder/02_genomes_fna/GCA_050473905.1.fna
GCA_050473905.1,Bacteraemia,pstS,Exact_known_allele,3,3,3,1,3,100,100,CP175056.1,1276774,1277356,+,One unambiguous exact full-length official allele,/mnt/c/Users/bless/Downloads/e_faecalis_disseration_project/local_archive/large_outputs/Efaecalis_58_AMRFinder/02_genomes_fna/GCA_050473905.1.fna
GCA_050473905.1,Bacteraemia,gki,Exact_known_allele,7,7,7,1,7,100,100,CP175056.1,2560118,2560555,-,One unambiguous exact full-length official allele,/mnt/c/Users/bless/Downloads/e_faecalis_disseration_project/local_archive/large_outputs/Efaecalis_58_AMRFinder/02_genomes_fna/GCA_050473905.1.fna
GCA_050473905.1,Bacteraemia,aroE,Exact_known_allele,6,6,6,1,6,100,100,CP175056.1,1414396,1414854,-,One unambiguous exact full-length official allele,/mnt/c/Users/bless/Downloads/e_faecalis_disseration_project/local_archive/large_outputs/Efaecalis_58_AMRFinder/02_genomes_fna/GCA_050473905.1.fna
GCA_050473905.1,Bacteraemia,xpt,Exact_known_allele,1,1,1,1,1,100,100,CP175056.1,743491,743946,+,One unambiguous exact full-length official allele,/mnt/c/Users/bless/Downloads/e_faecalis_disseration_project/local_archive/large_outputs/Efaecalis_58_AMRFinder/02_genomes_fna/GCA_050473905.1.fna
GCA_050473905.1,Bacteraemia,yqiL,Exact_known_allele,5,5,5,1,5,100,100,CP175056.1,1591500,1591935,-,One unambiguous exact full-length official allele,/mnt/c/Users/bless/Downloads/e_faecalis_disseration_project/local_archive/large_outputs/Efaecalis_58_AMRFinder/02_genomes_fna/GCA_050473905.1.fna
GCA_050474485.1,Bacteraemia,gdh,Exact_known_allele,8,8,8,1,8,100,100,CP175046.1,849088,849617,-,One unambiguous exact full-length official allele,/mnt/c/Users/bless/Downloads/e_faecalis_disseration_project/local_archive/large_outputs/Efaecalis_58_AMRFinder/02_genomes_fna/GCA_050474485.1.fna
GCA_050474485.1,Bacteraemia,gyd,Exact_known_allele,7,7,7,1,7,100,100,CP175046.1,1708272,1708666,-,One unambiguous exact full-length official allele,/mnt/c/Users/bless/Downloads/e_faecalis_disseration_project/local_archive/large_outputs/Efaecalis_58_AMRFinder/02_genomes_fna/GCA_050474485.1.fna
GCA_050474485.1,Bacteraemia,pstS,Exact_known_allele,9,9,9,1,9,100,100,CP175046.1,1496055,1496637,-,One unambiguous exact full-length official allele,/mnt/c/Users/bless/Downloads/e_faecalis_disseration_project/local_archive/large_outputs/Efaecalis_58_AMRFinder/02_genomes_fna/GCA_050474485.1.fna
GCA_050474485.1,Bacteraemia,gki,Exact_known_allele,5,5,5,1,5,100,100,CP175046.1,2322384,2322821,-,One unambiguous exact full-length official allele,/mnt/c/Users/bless/Downloads/e_faecalis_disseration_project/local_archive/large_outputs/Efaecalis_58_AMRFinder/02_genomes_fna/GCA_050474485.1.fna
GCA_050474485.1,Bacteraemia,aroE,Exact_known_allele,4,4,4,1,4,100,100,CP175046.1,1358747,1359205,+,One unambiguous exact full-length official allele,/mnt/c/Users/bless/Downloads/e_faecalis_disseration_project/local_archive/large_outputs/Efaecalis_58_AMRFinder/02_genomes_fna/GCA_050474485.1.fna
GCA_050474485.1,Bacteraemia,xpt,Exact_known_allele,4,4,4,1,4,100,100,CP175046.1,1953795,1954250,-,One unambiguous exact full-length official allele,/mnt/c/Users/bless/Downloads/e_faecalis_disseration_project/local_archive/large_outputs/Efaecalis_58_AMRFinder/02_genomes_fna/GCA_050474485.1.fna
GCA_050474485.1,Bacteraemia,yqiL,Exact_known_allele,1,1,1,1,1,100,100,CP175046.1,1225898,1226333,+,One unambiguous exact full-length official allele,/mnt/c/Users/bless/Downloads/e_faecalis_disseration_project/local_archive/large_outputs/Efaecalis_58_AMRFinder/02_genomes_fna/GCA_050474485.1.fna
GCA_050474495.1,Bacteraemia,gdh,Exact_known_allele,12,12,12,1,12,100,100,CP175045.1,1708944,1709473,+,One unambiguous exact full-length official allele,/mnt/c/Users/bless/Downloads/e_faecalis_disseration_project/local_archive/large_outputs/Efaecalis_58_AMRFinder/02_genomes_fna/GCA_050474495.1.fna
GCA_050474495.1,Bacteraemia,gyd,Exact_known_allele,7,7,7,1,7,100,100,CP175045.1,766715,767109,+,One unambiguous exact full-length official allele,/mnt/c/Users/bless/Downloads/e_faecalis_disseration_project/local_archive/large_outputs/Efaecalis_58_AMRFinder/02_genomes_fna/GCA_050474495.1.fna
GCA_050474495.1,Bacteraemia,pstS,Exact_known_allele,3,3,3,1,3,100,100,CP175045.1,1015981,1016563,+,One unambiguous exact full-length official allele,/mnt/c/Users/bless/Downloads/e_faecalis_disseration_project/local_archive/large_outputs/Efaecalis_58_AMRFinder/02_genomes_fna/GCA_050474495.1.fna
GCA_050474495.1,Bacteraemia,gki,Exact_known_allele,32,32,32,1,32,100,100,CP175045.1,38046,38483,+,One unambiguous exact full-length official allele,/mnt/c/Users/bless/Downloads/e_faecalis_disseration_project/local_archive/large_outputs/Efaecalis_58_AMRFinder/02_genomes_fna/GCA_050474495.1.fna
GCA_050474495.1,Bacteraemia,aroE,Exact_known_allele,32,32,32,1,32,100,100,CP175045.1,1155293,1155751,-,One unambiguous exact full-length official allele,/mnt/c/Users/bless/Downloads/e_faecalis_disseration_project/local_archive/large_outputs/Efaecalis_58_AMRFinder/02_genomes_fna/GCA_050474495.1.fna
GCA_050474495.1,Bacteraemia,xpt,Exact_known_allele,26,26,26,1,26,100,100,CP175045.1,495745,496200,+,One unambiguous exact full-length official allele,/mnt/c/Users/bless/Downloads/e_faecalis_disseration_project/local_archive/large_outputs/Efaecalis_58_AMRFinder/02_genomes_fna/GCA_050474495.1.fna
GCA_050474495.1,Bacteraemia,yqiL,Exact_known_allele,31,31,31,1,31,100,100,CP175045.1,1334729,1335164,-,One unambiguous exact full-length official allele,/mnt/c/Users/bless/Downloads/e_faecalis_disseration_project/local_archive/large_outputs/Efaecalis_58_AMRFinder/02_genomes_fna/GCA_050474495.1.fna
GCA_050475565.1,Bacteraemia,gdh,Exact_known_allele,4,4,4,1,4,100,100,CP175030.1,2086427,2086956,+,One unambiguous exact full-length official allele,/mnt/c/Users/bless/Downloads/e_faecalis_disseration_project/local_archive/large_outputs/Efaecalis_58_AMRFinder/02_genomes_fna/GCA_050475565.1.fna
GCA_050475565.1,Bacteraemia,gyd,Exact_known_allele,4,4,4,1,4,100,100,CP175030.1,1213049,1213443,+,One unambiguous exact full-length official allele,/mnt/c/Users/bless/Downloads/e_faecalis_disseration_project/local_archive/large_outputs/Efaecalis_58_AMRFinder/02_genomes_fna/GCA_050475565.1.fna
GCA_050475565.1,Bacteraemia,pstS,Exact_known_allele,8,8,8,1,8,100,100,CP175030.1,1438927,1439509,+,One unambiguous exact full-length official allele,/mnt/c/Users/bless/Downloads/e_faecalis_disseration_project/local_archive/large_outputs/Efaecalis_58_AMRFinder/02_genomes_fna/GCA_050475565.1.fna
GCA_050475565.1,Bacteraemia,gki,Exact_known_allele,3,3,3,1,3,100,100,CP175030.1,600799,601236,+,One unambiguous exact full-length official allele,/mnt/c/Users/bless/Downloads/e_faecalis_disseration_project/local_archive/large_outputs/Efaecalis_58_AMRFinder/02_genomes_fna/GCA_050475565.1.fna
GCA_050475565.1,Bacteraemia,aroE,Exact_known_allele,8,8,8,1,8,100,100,CP175030.1,1581376,1581834,-,One unambiguous exact full-length official allele,/mnt/c/Users/bless/Downloads/e_faecalis_disseration_project/local_archive/large_outputs/Efaecalis_58_AMRFinder/02_genomes_fna/GCA_050475565.1.fna
GCA_050475565.1,Bacteraemia,xpt,Exact_known_allele,1,1,1,1,1,100,100,CP175030.1,981570,982025,+,One unambiguous exact full-length official allele,/mnt/c/Users/bless/Downloads/e_faecalis_disseration_project/local_archive/large_outputs/Efaecalis_58_AMRFinder/02_genomes_fna/GCA_050475565.1.fna
GCA_050475565.1,Bacteraemia,yqiL,Exact_known_allele,3,3,3,1,3,100,100,CP175030.1,1715082,1715517,-,One unambiguous exact full-length official allele,/mnt/c/Users/bless/Downloads/e_faecalis_disseration_project/local_archive/large_outputs/Efaecalis_58_AMRFinder/02_genomes_fna/GCA_050475565.1.fna
GCA_050475575.1,Bacteraemia,gdh,Exact_known_allele,5,5,5,1,5,100,100,CP175027.1,928569,929098,-,One unambiguous exact full-length official allele,/mnt/c/Users/bless/Downloads/e_faecalis_disseration_project/local_archive/large_outputs/Efaecalis_58_AMRFinder/02_genomes_fna/GCA_050475575.1.fna
GCA_050475575.1,Bacteraemia,gyd,Exact_known_allele,1,1,1,1,1,100,100,CP175027.1,1853922,1854316,-,One unambiguous exact full-length official allele,/mnt/c/Users/bless/Downloads/e_faecalis_disseration_project/local_archive/large_outputs/Efaecalis_58_AMRFinder/02_genomes_fna/GCA_050475575.1.fna
GCA_050475575.1,Bacteraemia,pstS,Exact_known_allele,1,1,1,1,1,100,100,CP175027.1,1628194,1628776,-,One unambiguous exact full-length official allele,/mnt/c/Users/bless/Downloads/e_faecalis_disseration_project/local_archive/large_outputs/Efaecalis_58_AMRFinder/02_genomes_fna/GCA_050475575.1.fna
GCA_050475575.1,Bacteraemia,gki,Exact_known_allele,3,3,3,1,3,100,100,CP175027.1,2522659,2523096,-,One unambiguous exact full-length official allele,/mnt/c/Users/bless/Downloads/e_faecalis_disseration_project/local_archive/large_outputs/Efaecalis_58_AMRFinder/02_genomes_fna/GCA_050475575.1.fna
GCA_050475575.1,Bacteraemia,aroE,Exact_known_allele,7,7,7,1,7,100,100,CP175027.1,1475958,1476416,+,One unambiguous exact full-length official allele,/mnt/c/Users/bless/Downloads/e_faecalis_disseration_project/local_archive/large_outputs/Efaecalis_58_AMRFinder/02_genomes_fna/GCA_050475575.1.fna
GCA_050475575.1,Bacteraemia,xpt,Exact_known_allele,1,1,1,1,1,100,100,CP175027.1,2135132,2135587,-,One unambiguous exact full-length official allele,/mnt/c/Users/bless/Downloads/e_faecalis_disseration_project/local_archive/large_outputs/Efaecalis_58_AMRFinder/02_genomes_fna/GCA_050475575.1.fna
GCA_050475575.1,Bacteraemia,yqiL,Exact_known_allele,6,6,6,1,6,100,100,CP175027.1,1343125,1343560,+,One unambiguous exact full-length official allele,/mnt/c/Users/bless/Downloads/e_faecalis_disseration_project/local_archive/large_outputs/Efaecalis_58_AMRFinder/02_genomes_fna/GCA_050475575.1.fna
GCA_050476085.1,Bacteraemia,gdh,Exact_known_allele,1,1,1,1,1,100,100,CP175020.1,936063,936592,-,One unambiguous exact full-length official allele,/mnt/c/Users/bless/Downloads/e_faecalis_disseration_project/local_archive/large_outputs/Efaecalis_58_AMRFinder/02_genomes_fna/GCA_050476085.1.fna
GCA_050476085.1,Bacteraemia,gyd,Exact_known_allele,7,7,7,1,7,100,100,CP175020.1,1888356,1888750,-,One unambiguous exact full-length official allele,/mnt/c/Users/bless/Downloads/e_faecalis_disseration_project/local_archive/large_outputs/Efaecalis_58_AMRFinder/02_genomes_fna/GCA_050476085.1.fna
GCA_050476085.1,Bacteraemia,pstS,Exact_known_allele,9,9,9,1,9,100,100,CP175020.1,1596862,1597444,-,One unambiguous exact full-length official allele,/mnt/c/Users/bless/Downloads/e_faecalis_disseration_project/local_archive/large_outputs/Efaecalis_58_AMRFinder/02_genomes_fna/GCA_050476085.1.fna
GCA_050476085.1,Bacteraemia,gki,Exact_known_allele,1,1,1,1,1,100,100,CP175020.1,2507101,2507538,-,One unambiguous exact full-length official allele,/mnt/c/Users/bless/Downloads/e_faecalis_disseration_project/local_archive/large_outputs/Efaecalis_58_AMRFinder/02_genomes_fna/GCA_050476085.1.fna
GCA_050476085.1,Bacteraemia,aroE,Exact_known_allele,1,1,1,1,1,100,100,CP175020.1,1454898,1455356,+,One unambiguous exact full-length official allele,/mnt/c/Users/bless/Downloads/e_faecalis_disseration_project/local_archive/large_outputs/Efaecalis_58_AMRFinder/02_genomes_fna/GCA_050476085.1.fna
GCA_050476085.1,Bacteraemia,xpt,Exact_known_allele,1,1,1,1,1,100,100,CP175020.1,2126125,2126580,-,One unambiguous exact full-length official allele,/mnt/c/Users/bless/Downloads/e_faecalis_disseration_project/local_archive/large_outputs/Efaecalis_58_AMRFinder/02_genomes_fna/GCA_050476085.1.fna
GCA_050476085.1,Bacteraemia,yqiL,Exact_known_allele,1,1,1,1,1,100,100,CP175020.1,1320310,1320745,+,One unambiguous exact full-length official allele,/mnt/c/Users/bless/Downloads/e_faecalis_disseration_project/local_archive/large_outputs/Efaecalis_58_AMRFinder/02_genomes_fna/GCA_050476085.1.fna
GCA_050480515.1,Bacteraemia,gdh,Exact_known_allele,3,3,3,1,3,100,100,CP174930.1,2895425,2895954,-,One unambiguous exact full-length official allele,/mnt/c/Users/bless/Downloads/e_faecalis_disseration_project/local_archive/large_outputs/Efaecalis_58_AMRFinder/02_genomes_fna/GCA_050480515.1.fna
GCA_050480515.1,Bacteraemia,gyd,Exact_known_allele,6,6,6,1,6,100,100,CP174930.1,803078,803472,-,One unambiguous exact full-length official allele,/mnt/c/Users/bless/Downloads/e_faecalis_disseration_project/local_archive/large_outputs/Efaecalis_58_AMRFinder/02_genomes_fna/GCA_050480515.1.fna
GCA_050480515.1,Bacteraemia,pstS,Exact_known_allele,23,23,23,1,23,100,100,CP174930.1,603538,604120,-,One unambiguous exact full-length official allele,/mnt/c/Users/bless/Downloads/e_faecalis_disseration_project/local_archive/large_outputs/Efaecalis_58_AMRFinder/02_genomes_fna/GCA_050480515.1.fna
GCA_050480515.1,Bacteraemia,gki,Exact_known_allele,12,12,12,1,12,100,100,CP174930.1,1415509,1415946,-,One unambiguous exact full-length official allele,/mnt/c/Users/bless/Downloads/e_faecalis_disseration_project/local_archive/large_outputs/Efaecalis_58_AMRFinder/02_genomes_fna/GCA_050480515.1.fna
GCA_050480515.1,Bacteraemia,aroE,Exact_known_allele,9,9,9,1,9,100,100,CP174930.1,466360,466818,+,One unambiguous exact full-length official allele,/mnt/c/Users/bless/Downloads/e_faecalis_disseration_project/local_archive/large_outputs/Efaecalis_58_AMRFinder/02_genomes_fna/GCA_050480515.1.fna
GCA_050480515.1,Bacteraemia,xpt,Exact_known_allele,10,10,10,1,10,100,100,CP174930.1,1039723,1040178,-,One unambiguous exact full-length official allele,/mnt/c/Users/bless/Downloads/e_faecalis_disseration_project/local_archive/large_outputs/Efaecalis_58_AMRFinder/02_genomes_fna/GCA_050480515.1.fna
GCA_050480515.1,Bacteraemia,yqiL,Exact_known_allele,7,7,7,1,7,100,100,CP174930.1,333132,333567,+,One unambiguous exact full-length official allele,/mnt/c/Users/bless/Downloads/e_faecalis_disseration_project/local_archive/large_outputs/Efaecalis_58_AMRFinder/02_genomes_fna/GCA_050480515.1.fna
GCA_050481105.1,Bacteraemia,gdh,Exact_known_allele,3,3,3,1,3,100,100,CP174928.1,1999466,1999995,+,One unambiguous exact full-length official allele,/mnt/c/Users/bless/Downloads/e_faecalis_disseration_project/local_archive/large_outputs/Efaecalis_58_AMRFinder/02_genomes_fna/GCA_050481105.1.fna
GCA_050481105.1,Bacteraemia,gyd,Exact_known_allele,6,6,6,1,6,100,100,CP174928.1,1144639,1145033,+,One unambiguous exact full-length official allele,/mnt/c/Users/bless/Downloads/e_faecalis_disseration_project/local_archive/large_outputs/Efaecalis_58_AMRFinder/02_genomes_fna/GCA_050481105.1.fna
GCA_050481105.1,Bacteraemia,pstS,Exact_known_allele,23,23,23,1,23,100,100,CP174928.1,1343991,1344573,+,One unambiguous exact full-length official allele,/mnt/c/Users/bless/Downloads/e_faecalis_disseration_project/local_archive/large_outputs/Efaecalis_58_AMRFinder/02_genomes_fna/GCA_050481105.1.fna
GCA_050481105.1,Bacteraemia,gki,Exact_known_allele,12,12,12,1,12,100,100,CP174928.1,532165,532602,+,One unambiguous exact full-length official allele,/mnt/c/Users/bless/Downloads/e_faecalis_disseration_project/local_archive/large_outputs/Efaecalis_58_AMRFinder/02_genomes_fna/GCA_050481105.1.fna
GCA_050481105.1,Bacteraemia,aroE,Exact_known_allele,9,9,9,1,9,100,100,CP174928.1,1481293,1481751,-,One unambiguous exact full-length official allele,/mnt/c/Users/bless/Downloads/e_faecalis_disseration_project/local_archive/large_outputs/Efaecalis_58_AMRFinder/02_genomes_fna/GCA_050481105.1.fna
GCA_050481105.1,Bacteraemia,xpt,Exact_known_allele,10,10,10,1,10,100,100,CP174928.1,907933,908388,+,One unambiguous exact full-length official allele,/mnt/c/Users/bless/Downloads/e_faecalis_disseration_project/local_archive/large_outputs/Efaecalis_58_AMRFinder/02_genomes_fna/GCA_050481105.1.fna
GCA_050481105.1,Bacteraemia,yqiL,Exact_known_allele,7,7,7,1,7,100,100,CP174928.1,1614544,1614979,-,One unambiguous exact full-length official allele,/mnt/c/Users/bless/Downloads/e_faecalis_disseration_project/local_archive/large_outputs/Efaecalis_58_AMRFinder/02_genomes_fna/GCA_050481105.1.fna
GCA_050481115.1,Bacteraemia,gdh,Exact_known_allele,3,3,3,1,3,100,100,CP174925.1,895147,895676,-,One unambiguous exact full-length official allele,/mnt/c/Users/bless/Downloads/e_faecalis_disseration_project/local_archive/large_outputs/Efaecalis_58_AMRFinder/02_genomes_fna/GCA_050481115.1.fna
GCA_050481115.1,Bacteraemia,gyd,Exact_known_allele,6,6,6,1,6,100,100,CP174925.1,1750109,1750503,-,One unambiguous exact full-length official allele,/mnt/c/Users/bless/Downloads/e_faecalis_disseration_project/local_archive/large_outputs/Efaecalis_58_AMRFinder/02_genomes_fna/GCA_050481115.1.fna
GCA_050481115.1,Bacteraemia,pstS,Exact_known_allele,23,23,23,1,23,100,100,CP174925.1,1550569,1551151,-,One unambiguous exact full-length official allele,/mnt/c/Users/bless/Downloads/e_faecalis_disseration_project/local_archive/large_outputs/Efaecalis_58_AMRFinder/02_genomes_fna/GCA_050481115.1.fna
GCA_050481115.1,Bacteraemia,gki,Exact_known_allele,12,12,12,1,12,100,100,CP174925.1,2362537,2362974,-,One unambiguous exact full-length official allele,/mnt/c/Users/bless/Downloads/e_faecalis_disseration_project/local_archive/large_outputs/Efaecalis_58_AMRFinder/02_genomes_fna/GCA_050481115.1.fna
GCA_050481115.1,Bacteraemia,aroE,Exact_known_allele,9,9,9,1,9,100,100,CP174925.1,1413392,1413850,+,One unambiguous exact full-length official allele,/mnt/c/Users/bless/Downloads/e_faecalis_disseration_project/local_archive/large_outputs/Efaecalis_58_AMRFinder/02_genomes_fna/GCA_050481115.1.fna
GCA_050481115.1,Bacteraemia,xpt,Exact_known_allele,10,10,10,1,10,100,100,CP174925.1,1986750,1987205,-,One unambiguous exact full-length official allele,/mnt/c/Users/bless/Downloads/e_faecalis_disseration_project/local_archive/large_outputs/Efaecalis_58_AMRFinder/02_genomes_fna/GCA_050481115.1.fna
GCA_050481115.1,Bacteraemia,yqiL,Exact_known_allele,7,7,7,1,7,100,100,CP174925.1,1280147,1280582,+,One unambiguous exact full-length official allele,/mnt/c/Users/bless/Downloads/e_faecalis_disseration_project/local_archive/large_outputs/Efaecalis_58_AMRFinder/02_genomes_fna/GCA_050481115.1.fna
GCA_050481685.1,Bacteraemia,gdh,Exact_known_allele,3,3,3,1,3,100,100,CP174922.1,895147,895676,-,One unambiguous exact full-length official allele,/mnt/c/Users/bless/Downloads/e_faecalis_disseration_project/local_archive/large_outputs/Efaecalis_58_AMRFinder/02_genomes_fna/GCA_050481685.1.fna
GCA_050481685.1,Bacteraemia,gyd,Exact_known_allele,6,6,6,1,6,100,100,CP174922.1,1750112,1750506,-,One unambiguous exact full-length official allele,/mnt/c/Users/bless/Downloads/e_faecalis_disseration_project/local_archive/large_outputs/Efaecalis_58_AMRFinder/02_genomes_fna/GCA_050481685.1.fna
GCA_050481685.1,Bacteraemia,pstS,Exact_known_allele,23,23,23,1,23,100,100,CP174922.1,1550572,1551154,-,One unambiguous exact full-length official allele,/mnt/c/Users/bless/Downloads/e_faecalis_disseration_project/local_archive/large_outputs/Efaecalis_58_AMRFinder/02_genomes_fna/GCA_050481685.1.fna
GCA_050481685.1,Bacteraemia,gki,Exact_known_allele,12,12,12,1,12,100,100,CP174922.1,2362540,2362977,-,One unambiguous exact full-length official allele,/mnt/c/Users/bless/Downloads/e_faecalis_disseration_project/local_archive/large_outputs/Efaecalis_58_AMRFinder/02_genomes_fna/GCA_050481685.1.fna
GCA_050481685.1,Bacteraemia,aroE,Exact_known_allele,9,9,9,1,9,100,100,CP174922.1,1413395,1413853,+,One unambiguous exact full-length official allele,/mnt/c/Users/bless/Downloads/e_faecalis_disseration_project/local_archive/large_outputs/Efaecalis_58_AMRFinder/02_genomes_fna/GCA_050481685.1.fna
GCA_050481685.1,Bacteraemia,xpt,Exact_known_allele,10,10,10,1,10,100,100,CP174922.1,1986753,1987208,-,One unambiguous exact full-length official allele,/mnt/c/Users/bless/Downloads/e_faecalis_disseration_project/local_archive/large_outputs/Efaecalis_58_AMRFinder/02_genomes_fna/GCA_050481685.1.fna
GCA_050481685.1,Bacteraemia,yqiL,Exact_known_allele,7,7,7,1,7,100,100,CP174922.1,1280150,1280585,+,One unambiguous exact full-length official allele,/mnt/c/Users/bless/Downloads/e_faecalis_disseration_project/local_archive/large_outputs/Efaecalis_58_AMRFinder/02_genomes_fna/GCA_050481685.1.fna
GCA_050481695.1,Bacteraemia,gdh,Exact_known_allele,12,12,12,1,12,100,100,CP174921.1,1714164,1714693,+,One unambiguous exact full-length official allele,/mnt/c/Users/bless/Downloads/e_faecalis_disseration_project/local_archive/large_outputs/Efaecalis_58_AMRFinder/02_genomes_fna/GCA_050481695.1.fna
GCA_050481695.1,Bacteraemia,gyd,Exact_known_allele,7,7,7,1,7,100,100,CP174921.1,762762,763156,+,One unambiguous exact full-length official allele,/mnt/c/Users/bless/Downloads/e_faecalis_disseration_project/local_archive/large_outputs/Efaecalis_58_AMRFinder/02_genomes_fna/GCA_050481695.1.fna
GCA_050481695.1,Bacteraemia,pstS,Exact_known_allele,3,3,3,1,3,100,100,CP174921.1,1021219,1021801,+,One unambiguous exact full-length official allele,/mnt/c/Users/bless/Downloads/e_faecalis_disseration_project/local_archive/large_outputs/Efaecalis_58_AMRFinder/02_genomes_fna/GCA_050481695.1.fna
GCA_050481695.1,Bacteraemia,gki,Exact_known_allele,7,7,7,1,7,100,100,CP174921.1,31154,31591,+,One unambiguous exact full-length official allele,/mnt/c/Users/bless/Downloads/e_faecalis_disseration_project/local_archive/large_outputs/Efaecalis_58_AMRFinder/02_genomes_fna/GCA_050481695.1.fna
GCA_050481695.1,Bacteraemia,aroE,Exact_known_allele,6,6,6,1,6,100,100,CP174921.1,1158840,1159298,-,One unambiguous exact full-length official allele,/mnt/c/Users/bless/Downloads/e_faecalis_disseration_project/local_archive/large_outputs/Efaecalis_58_AMRFinder/02_genomes_fna/GCA_050481695.1.fna
GCA_050481695.1,Bacteraemia,xpt,Exact_known_allele,1,1,1,1,1,100,100,CP174921.1,472644,473099,+,One unambiguous exact full-length official allele,/mnt/c/Users/bless/Downloads/e_faecalis_disseration_project/local_archive/large_outputs/Efaecalis_58_AMRFinder/02_genomes_fna/GCA_050481695.1.fna
GCA_050481695.1,Bacteraemia,yqiL,Exact_known_allele,5,5,5,1,5,100,100,CP174921.1,1335944,1336379,-,One unambiguous exact full-length official allele,/mnt/c/Users/bless/Downloads/e_faecalis_disseration_project/local_archive/large_outputs/Efaecalis_58_AMRFinder/02_genomes_fna/GCA_050481695.1.fna
GCA_050482265.1,Bacteraemia,gdh,Exact_known_allele,12,12,12,1,12,100,100,CP174914.1,771889,772418,-,One unambiguous exact full-length official allele,/mnt/c/Users/bless/Downloads/e_faecalis_disseration_project/local_archive/large_outputs/Efaecalis_58_AMRFinder/02_genomes_fna/GCA_050482265.1.fna
GCA_050482265.1,Bacteraemia,gyd,Exact_known_allele,7,7,7,1,7,100,100,CP174914.1,1723428,1723822,-,One unambiguous exact full-length official allele,/mnt/c/Users/bless/Downloads/e_faecalis_disseration_project/local_archive/large_outputs/Efaecalis_58_AMRFinder/02_genomes_fna/GCA_050482265.1.fna
GCA_050482265.1,Bacteraemia,pstS,Exact_known_allele,3,3,3,1,3,100,100,CP174914.1,1464783,1465365,-,One unambiguous exact full-length official allele,/mnt/c/Users/bless/Downloads/e_faecalis_disseration_project/local_archive/large_outputs/Efaecalis_58_AMRFinder/02_genomes_fna/GCA_050482265.1.fna
GCA_050482265.1,Bacteraemia,gki,Exact_known_allele,7,7,7,1,7,100,100,CP174914.1,2454998,2455435,-,One unambiguous exact full-length official allele,/mnt/c/Users/bless/Downloads/e_faecalis_disseration_project/local_archive/large_outputs/Efaecalis_58_AMRFinder/02_genomes_fna/GCA_050482265.1.fna
GCA_050482265.1,Bacteraemia,aroE,Exact_known_allele,6,6,6,1,6,100,100,CP174914.1,1327286,1327744,+,One unambiguous exact full-length official allele,/mnt/c/Users/bless/Downloads/e_faecalis_disseration_project/local_archive/large_outputs/Efaecalis_58_AMRFinder/02_genomes_fna/GCA_050482265.1.fna
GCA_050482265.1,Bacteraemia,xpt,Exact_known_allele,1,1,1,1,1,100,100,CP174914.1,2013489,2013944,-,One unambiguous exact full-length official allele,/mnt/c/Users/bless/Downloads/e_faecalis_disseration_project/local_archive/large_outputs/Efaecalis_58_AMRFinder/02_genomes_fna/GCA_050482265.1.fna
GCA_050482265.1,Bacteraemia,yqiL,Exact_known_allele,5,5,5,1,5,100,100,CP174914.1,1150204,1150639,+,One unambiguous exact full-length official allele,/mnt/c/Users/bless/Downloads/e_faecalis_disseration_project/local_archive/large_outputs/Efaecalis_58_AMRFinder/02_genomes_fna/GCA_050482265.1.fna
GCA_050485045.1,Bacteraemia,gdh,Exact_known_allele,12,12,12,1,12,100,100,CP174869.1,1796905,1797434,+,One unambiguous exact full-length official allele,/mnt/c/Users/bless/Downloads/e_faecalis_disseration_project/local_archive/large_outputs/Efaecalis_58_AMRFinder/02_genomes_fna/GCA_050485045.1.fna
GCA_050485045.1,Bacteraemia,gyd,Exact_known_allele,7,7,7,1,7,100,100,CP174869.1,803086,803480,+,One unambiguous exact full-length official allele,/mnt/c/Users/bless/Downloads/e_faecalis_disseration_project/local_archive/large_outputs/Efaecalis_58_AMRFinder/02_genomes_fna/GCA_050485045.1.fna
GCA_050485045.1,Bacteraemia,pstS,Exact_known_allele,3,3,3,1,3,100,100,CP174869.1,1062875,1063457,+,One unambiguous exact full-length official allele,/mnt/c/Users/bless/Downloads/e_faecalis_disseration_project/local_archive/large_outputs/Efaecalis_58_AMRFinder/02_genomes_fna/GCA_050485045.1.fna
GCA_050485045.1,Bacteraemia,gki,Exact_known_allele,7,7,7,1,7,100,100,CP174869.1,72853,73290,+,One unambiguous exact full-length official allele,/mnt/c/Users/bless/Downloads/e_faecalis_disseration_project/local_archive/large_outputs/Efaecalis_58_AMRFinder/02_genomes_fna/GCA_050485045.1.fna
GCA_050485045.1,Bacteraemia,aroE,Exact_known_allele,6,6,6,1,6,100,100,CP174869.1,1200496,1200954,-,One unambiguous exact full-length official allele,/mnt/c/Users/bless/Downloads/e_faecalis_disseration_project/local_archive/large_outputs/Efaecalis_58_AMRFinder/02_genomes_fna/GCA_050485045.1.fna
GCA_050485045.1,Bacteraemia,xpt,Exact_known_allele,1,1,1,1,1,100,100,CP174869.1,514343,514798,+,One unambiguous exact full-length official allele,/mnt/c/Users/bless/Downloads/e_faecalis_disseration_project/local_archive/large_outputs/Efaecalis_58_AMRFinder/02_genomes_fna/GCA_050485045.1.fna
GCA_050485045.1,Bacteraemia,yqiL,Exact_known_allele,5,5,5,1,5,100,100,CP174869.1,1377601,1378036,-,One unambiguous exact full-length official allele,/mnt/c/Users/bless/Downloads/e_faecalis_disseration_project/local_archive/large_outputs/Efaecalis_58_AMRFinder/02_genomes_fna/GCA_050485045.1.fna
GCA_050485055.1,Bacteraemia,gdh,Exact_known_allele,5,5,5,1,5,100,100,CP174864.1,986849,987378,-,One unambiguous exact full-length official allele,/mnt/c/Users/bless/Downloads/e_faecalis_disseration_project/local_archive/large_outputs/Efaecalis_58_AMRFinder/02_genomes_fna/GCA_050485055.1.fna
GCA_050485055.1,Bacteraemia,gyd,Exact_known_allele,1,1,1,1,1,100,100,CP174864.1,1976267,1976661,-,One unambiguous exact full-length official allele,/mnt/c/Users/bless/Downloads/e_faecalis_disseration_project/local_archive/large_outputs/Efaecalis_58_AMRFinder/02_genomes_fna/GCA_050485055.1.fna
GCA_050485055.1,Bacteraemia,pstS,Exact_known_allele,1,1,1,1,1,100,100,CP174864.1,1719140,1719722,-,One unambiguous exact full-length official allele,/mnt/c/Users/bless/Downloads/e_faecalis_disseration_project/local_archive/large_outputs/Efaecalis_58_AMRFinder/02_genomes_fna/GCA_050485055.1.fna
GCA_050485055.1,Bacteraemia,gki,Exact_known_allele,3,3,3,1,3,100,100,CP174864.1,2701165,2701602,-,One unambiguous exact full-length official allele,/mnt/c/Users/bless/Downloads/e_faecalis_disseration_project/local_archive/large_outputs/Efaecalis_58_AMRFinder/02_genomes_fna/GCA_050485055.1.fna
GCA_050485055.1,Bacteraemia,aroE,Exact_known_allele,7,7,7,1,7,100,100,CP174864.1,1581623,1582081,+,One unambiguous exact full-length official allele,/mnt/c/Users/bless/Downloads/e_faecalis_disseration_project/local_archive/large_outputs/Efaecalis_58_AMRFinder/02_genomes_fna/GCA_050485055.1.fna
GCA_050485055.1,Bacteraemia,xpt,Exact_known_allele,7,7,7,1,7,100,100,CP174864.1,2263027,2263482,-,One unambiguous exact full-length official allele,/mnt/c/Users/bless/Downloads/e_faecalis_disseration_project/local_archive/large_outputs/Efaecalis_58_AMRFinder/02_genomes_fna/GCA_050485055.1.fna
GCA_050485055.1,Bacteraemia,yqiL,Exact_known_allele,6,6,6,1,6,100,100,CP174864.1,1405257,1405692,+,One unambiguous exact full-length official allele,/mnt/c/Users/bless/Downloads/e_faecalis_disseration_project/local_archive/large_outputs/Efaecalis_58_AMRFinder/02_genomes_fna/GCA_050485055.1.fna
GCA_050485625.1,Bacteraemia,gdh,Exact_known_allele,12,12,12,1,12,100,100,CP174859.1,1739231,1739760,+,One unambiguous exact full-length official allele,/mnt/c/Users/bless/Downloads/e_faecalis_disseration_project/local_archive/large_outputs/Efaecalis_58_AMRFinder/02_genomes_fna/GCA_050485625.1.fna
GCA_050485625.1,Bacteraemia,gyd,Exact_known_allele,7,7,7,1,7,100,100,CP174859.1,787867,788261,+,One unambiguous exact full-length official allele,/mnt/c/Users/bless/Downloads/e_faecalis_disseration_project/local_archive/large_outputs/Efaecalis_58_AMRFinder/02_genomes_fna/GCA_050485625.1.fna
GCA_050485625.1,Bacteraemia,pstS,Exact_known_allele,3,3,3,1,3,100,100,CP174859.1,1046324,1046906,+,One unambiguous exact full-length official allele,/mnt/c/Users/bless/Downloads/e_faecalis_disseration_project/local_archive/large_outputs/Efaecalis_58_AMRFinder/02_genomes_fna/GCA_050485625.1.fna
GCA_050485625.1,Bacteraemia,gki,Exact_known_allele,7,7,7,1,7,100,100,CP174859.1,15667,16104,+,One unambiguous exact full-length official allele,/mnt/c/Users/bless/Downloads/e_faecalis_disseration_project/local_archive/large_outputs/Efaecalis_58_AMRFinder/02_genomes_fna/GCA_050485625.1.fna
GCA_050485625.1,Bacteraemia,aroE,Exact_known_allele,6,6,6,1,6,100,100,CP174859.1,1183945,1184403,-,One unambiguous exact full-length official allele,/mnt/c/Users/bless/Downloads/e_faecalis_disseration_project/local_archive/large_outputs/Efaecalis_58_AMRFinder/02_genomes_fna/GCA_050485625.1.fna
GCA_050485625.1,Bacteraemia,xpt,Exact_known_allele,1,1,1,1,1,100,100,CP174859.1,457157,457612,+,One unambiguous exact full-length official allele,/mnt/c/Users/bless/Downloads/e_faecalis_disseration_project/local_archive/large_outputs/Efaecalis_58_AMRFinder/02_genomes_fna/GCA_050485625.1.fna
GCA_050485625.1,Bacteraemia,yqiL,Exact_known_allele,5,5,5,1,5,100,100,CP174859.1,1361049,1361484,-,One unambiguous exact full-length official allele,/mnt/c/Users/bless/Downloads/e_faecalis_disseration_project/local_archive/large_outputs/Efaecalis_58_AMRFinder/02_genomes_fna/GCA_050485625.1.fna
GCA_050485635.1,Bacteraemia,gdh,Exact_known_allele,8,8,8,1,8,100,100,CP174856.1,1002964,1003493,-,One unambiguous exact full-length official allele,/mnt/c/Users/bless/Downloads/e_faecalis_disseration_project/local_archive/large_outputs/Efaecalis_58_AMRFinder/02_genomes_fna/GCA_050485635.1.fna
GCA_050485635.1,Bacteraemia,gyd,Exact_known_allele,7,7,7,1,7,100,100,CP174856.1,1953134,1953528,-,One unambiguous exact full-length official allele,/mnt/c/Users/bless/Downloads/e_faecalis_disseration_project/local_archive/large_outputs/Efaecalis_58_AMRFinder/02_genomes_fna/GCA_050485635.1.fna
GCA_050485635.1,Bacteraemia,pstS,Exact_known_allele,3,3,3,1,3,100,100,CP174856.1,1694918,1695500,-,One unambiguous exact full-length official allele,/mnt/c/Users/bless/Downloads/e_faecalis_disseration_project/local_archive/large_outputs/Efaecalis_58_AMRFinder/02_genomes_fna/GCA_050485635.1.fna
GCA_050485635.1,Bacteraemia,gki,Exact_known_allele,5,5,5,1,5,100,100,CP174856.1,2721332,2721769,-,One unambiguous exact full-length official allele,/mnt/c/Users/bless/Downloads/e_faecalis_disseration_project/local_archive/large_outputs/Efaecalis_58_AMRFinder/02_genomes_fna/GCA_050485635.1.fna
GCA_050485635.1,Bacteraemia,aroE,Exact_known_allele,4,4,4,1,4,100,100,CP174856.1,1557413,1557871,+,One unambiguous exact full-length official allele,/mnt/c/Users/bless/Downloads/e_faecalis_disseration_project/local_archive/large_outputs/Efaecalis_58_AMRFinder/02_genomes_fna/GCA_050485635.1.fna
GCA_050485635.1,Bacteraemia,xpt,Exact_known_allele,4,4,4,1,4,100,100,CP174856.1,2281169,2281624,-,One unambiguous exact full-length official allele,/mnt/c/Users/bless/Downloads/e_faecalis_disseration_project/local_archive/large_outputs/Efaecalis_58_AMRFinder/02_genomes_fna/GCA_050485635.1.fna
GCA_050485635.1,Bacteraemia,yqiL,Exact_known_allele,1,1,1,1,1,100,100,CP174856.1,1381215,1381650,+,One unambiguous exact full-length official allele,/mnt/c/Users/bless/Downloads/e_faecalis_disseration_project/local_archive/large_outputs/Efaecalis_58_AMRFinder/02_genomes_fna/GCA_050485635.1.fna
GCA_050486705.1,Bacteraemia,gdh,Exact_known_allele,3,3,3,1,3,100,100,CP174842.1,59959,60488,+,One unambiguous exact full-length official allele,/mnt/c/Users/bless/Downloads/e_faecalis_disseration_project/local_archive/large_outputs/Efaecalis_58_AMRFinder/02_genomes_fna/GCA_050486705.1.fna
GCA_050486705.1,Bacteraemia,gyd,Exact_known_allele,6,6,6,1,6,100,100,CP174842.1,2139551,2139945,+,One unambiguous exact full-length official allele,/mnt/c/Users/bless/Downloads/e_faecalis_disseration_project/local_archive/large_outputs/Efaecalis_58_AMRFinder/02_genomes_fna/GCA_050486705.1.fna
GCA_050486705.1,Bacteraemia,pstS,Exact_known_allele,23,23,23,1,23,100,100,CP174842.1,2339785,2340367,+,One unambiguous exact full-length official allele,/mnt/c/Users/bless/Downloads/e_faecalis_disseration_project/local_archive/large_outputs/Efaecalis_58_AMRFinder/02_genomes_fna/GCA_050486705.1.fna
GCA_050486705.1,Bacteraemia,gki,Exact_known_allele,12,12,12,1,12,100,100,CP174842.1,1525458,1525895,+,One unambiguous exact full-length official allele,/mnt/c/Users/bless/Downloads/e_faecalis_disseration_project/local_archive/large_outputs/Efaecalis_58_AMRFinder/02_genomes_fna/GCA_050486705.1.fna
GCA_050486705.1,Bacteraemia,aroE,Exact_known_allele,9,9,9,1,9,100,100,CP174842.1,2477087,2477545,-,One unambiguous exact full-length official allele,/mnt/c/Users/bless/Downloads/e_faecalis_disseration_project/local_archive/large_outputs/Efaecalis_58_AMRFinder/02_genomes_fna/GCA_050486705.1.fna
GCA_050486705.1,Bacteraemia,xpt,Exact_known_allele,10,10,10,1,10,100,100,CP174842.1,1901224,1901679,+,One unambiguous exact full-length official allele,/mnt/c/Users/bless/Downloads/e_faecalis_disseration_project/local_archive/large_outputs/Efaecalis_58_AMRFinder/02_genomes_fna/GCA_050486705.1.fna
GCA_050486705.1,Bacteraemia,yqiL,Exact_known_allele,7,7,7,1,7,100,100,CP174842.1,2610385,2610820,-,One unambiguous exact full-length official allele,/mnt/c/Users/bless/Downloads/e_faecalis_disseration_project/local_archive/large_outputs/Efaecalis_58_AMRFinder/02_genomes_fna/GCA_050486705.1.fna
GCA_050486715.1,Bacteraemia,gdh,Exact_known_allele,5,5,5,1,5,100,100,CP174839.1,872767,873296,-,One unambiguous exact full-length official allele,/mnt/c/Users/bless/Downloads/e_faecalis_disseration_project/local_archive/large_outputs/Efaecalis_58_AMRFinder/02_genomes_fna/GCA_050486715.1.fna
GCA_050486715.1,Bacteraemia,gyd,Exact_known_allele,1,1,1,1,1,100,100,CP174839.1,1693130,1693524,-,One unambiguous exact full-length official allele,/mnt/c/Users/bless/Downloads/e_faecalis_disseration_project/local_archive/large_outputs/Efaecalis_58_AMRFinder/02_genomes_fna/GCA_050486715.1.fna
GCA_050486715.1,Bacteraemia,pstS,Exact_known_allele,1,1,1,1,1,100,100,CP174839.1,1510928,1511510,-,One unambiguous exact full-length official allele,/mnt/c/Users/bless/Downloads/e_faecalis_disseration_project/local_archive/large_outputs/Efaecalis_58_AMRFinder/02_genomes_fna/GCA_050486715.1.fna
GCA_050486715.1,Bacteraemia,gki,Exact_known_allele,3,3,3,1,3,100,100,CP174839.1,2316194,2316631,-,One unambiguous exact full-length official allele,/mnt/c/Users/bless/Downloads/e_faecalis_disseration_project/local_archive/large_outputs/Efaecalis_58_AMRFinder/02_genomes_fna/GCA_050486715.1.fna
GCA_050486715.1,Bacteraemia,aroE,Exact_known_allele,7,7,7,1,7,100,100,CP174839.1,1382014,1382472,+,One unambiguous exact full-length official allele,/mnt/c/Users/bless/Downloads/e_faecalis_disseration_project/local_archive/large_outputs/Efaecalis_58_AMRFinder/02_genomes_fna/GCA_050486715.1.fna
GCA_050486715.1,Bacteraemia,xpt,Exact_known_allele,7,7,7,1,7,100,100,CP174839.1,1937071,1937526,-,One unambiguous exact full-length official allele,/mnt/c/Users/bless/Downloads/e_faecalis_disseration_project/local_archive/large_outputs/Efaecalis_58_AMRFinder/02_genomes_fna/GCA_050486715.1.fna
GCA_050486715.1,Bacteraemia,yqiL,Novel_allele_candidate,,NOVEL_1099e30c0981,,0,6,99.771,100,CP174839.1,1249181,1249616,+,One complete high-similarity locus sequence has no exact official allele,/mnt/c/Users/bless/Downloads/e_faecalis_disseration_project/local_archive/large_outputs/Efaecalis_58_AMRFinder/02_genomes_fna/GCA_050486715.1.fna
GCA_050491675.1,Bacteraemia,gdh,Exact_known_allele,1,1,1,1,1,100,100,CP175116.1,834428,834957,-,One unambiguous exact full-length official allele,/mnt/c/Users/bless/Downloads/e_faecalis_disseration_project/local_archive/large_outputs/Efaecalis_58_AMRFinder/02_genomes_fna/GCA_050491675.1.fna
GCA_050491675.1,Bacteraemia,gyd,Exact_known_allele,1,1,1,1,1,100,100,CP175116.1,1678226,1678620,-,One unambiguous exact full-length official allele,/mnt/c/Users/bless/Downloads/e_faecalis_disseration_project/local_archive/large_outputs/Efaecalis_58_AMRFinder/02_genomes_fna/GCA_050491675.1.fna
GCA_050491675.1,Bacteraemia,pstS,Exact_known_allele,22,22,22,1,22,100,100,CP175116.1,1501896,1502478,-,One unambiguous exact full-length official allele,/mnt/c/Users/bless/Downloads/e_faecalis_disseration_project/local_archive/large_outputs/Efaecalis_58_AMRFinder/02_genomes_fna/GCA_050491675.1.fna
GCA_050491675.1,Bacteraemia,gki,Exact_known_allele,22,22,22,1,22,100,100,CP175116.1,2299356,2299793,-,One unambiguous exact full-length official allele,/mnt/c/Users/bless/Downloads/e_faecalis_disseration_project/local_archive/large_outputs/Efaecalis_58_AMRFinder/02_genomes_fna/GCA_050491675.1.fna
GCA_050491675.1,Bacteraemia,aroE,Exact_known_allele,7,7,7,1,7,100,100,CP175116.1,1343765,1344223,+,One unambiguous exact full-length official allele,/mnt/c/Users/bless/Downloads/e_faecalis_disseration_project/local_archive/large_outputs/Efaecalis_58_AMRFinder/02_genomes_fna/GCA_050491675.1.fna
GCA_050491675.1,Bacteraemia,xpt,Exact_known_allele,17,17,17,1,17,100,100,CP175116.1,1917882,1918337,-,One unambiguous exact full-length official allele,/mnt/c/Users/bless/Downloads/e_faecalis_disseration_project/local_archive/large_outputs/Efaecalis_58_AMRFinder/02_genomes_fna/GCA_050491675.1.fna
GCA_050491675.1,Bacteraemia,yqiL,Exact_known_allele,6,6,6,1,6,100,100,CP175116.1,1210974,1211409,+,One unambiguous exact full-length official allele,/mnt/c/Users/bless/Downloads/e_faecalis_disseration_project/local_archive/large_outputs/Efaecalis_58_AMRFinder/02_genomes_fna/GCA_050491675.1.fna
GCA_050491685.1,Bacteraemia,gdh,Exact_known_allele,1,1,1,1,1,100,100,CP175113.1,834428,834957,-,One unambiguous exact full-length official allele,/mnt/c/Users/bless/Downloads/e_faecalis_disseration_project/local_archive/large_outputs/Efaecalis_58_AMRFinder/02_genomes_fna/GCA_050491685.1.fna
GCA_050491685.1,Bacteraemia,gyd,Exact_known_allele,1,1,1,1,1,100,100,CP175113.1,1678226,1678620,-,One unambiguous exact full-length official allele,/mnt/c/Users/bless/Downloads/e_faecalis_disseration_project/local_archive/large_outputs/Efaecalis_58_AMRFinder/02_genomes_fna/GCA_050491685.1.fna
GCA_050491685.1,Bacteraemia,pstS,Exact_known_allele,22,22,22,1,22,100,100,CP175113.1,1501896,1502478,-,One unambiguous exact full-length official allele,/mnt/c/Users/bless/Downloads/e_faecalis_disseration_project/local_archive/large_outputs/Efaecalis_58_AMRFinder/02_genomes_fna/GCA_050491685.1.fna
GCA_050491685.1,Bacteraemia,gki,Exact_known_allele,22,22,22,1,22,100,100,CP175113.1,2299356,2299793,-,One unambiguous exact full-length official allele,/mnt/c/Users/bless/Downloads/e_faecalis_disseration_project/local_archive/large_outputs/Efaecalis_58_AMRFinder/02_genomes_fna/GCA_050491685.1.fna
GCA_050491685.1,Bacteraemia,aroE,Exact_known_allele,7,7,7,1,7,100,100,CP175113.1,1343765,1344223,+,One unambiguous exact full-length official allele,/mnt/c/Users/bless/Downloads/e_faecalis_disseration_project/local_archive/large_outputs/Efaecalis_58_AMRFinder/02_genomes_fna/GCA_050491685.1.fna
GCA_050491685.1,Bacteraemia,xpt,Exact_known_allele,17,17,17,1,17,100,100,CP175113.1,1917882,1918337,-,One unambiguous exact full-length official allele,/mnt/c/Users/bless/Downloads/e_faecalis_disseration_project/local_archive/large_outputs/Efaecalis_58_AMRFinder/02_genomes_fna/GCA_050491685.1.fna
GCA_050491685.1,Bacteraemia,yqiL,Exact_known_allele,6,6,6,1,6,100,100,CP175113.1,1210974,1211409,+,One unambiguous exact full-length official allele,/mnt/c/Users/bless/Downloads/e_faecalis_disseration_project/local_archive/large_outputs/Efaecalis_58_AMRFinder/02_genomes_fna/GCA_050491685.1.fna
GCA_050492125.1,Bacteraemia,gdh,Exact_known_allele,12,12,12,1,12,100,100,CP175110.1,848091,848620,-,One unambiguous exact full-length official allele,/mnt/c/Users/bless/Downloads/e_faecalis_disseration_project/local_archive/large_outputs/Efaecalis_58_AMRFinder/02_genomes_fna/GCA_050492125.1.fna
GCA_050492125.1,Bacteraemia,gyd,Exact_known_allele,7,7,7,1,7,100,100,CP175110.1,1797754,1798148,-,One unambiguous exact full-length official allele,/mnt/c/Users/bless/Downloads/e_faecalis_disseration_project/local_archive/large_outputs/Efaecalis_58_AMRFinder/02_genomes_fna/GCA_050492125.1.fna
GCA_050492125.1,Bacteraemia,pstS,Exact_known_allele,3,3,3,1,3,100,100,CP175110.1,1539051,1539633,-,One unambiguous exact full-length official allele,/mnt/c/Users/bless/Downloads/e_faecalis_disseration_project/local_archive/large_outputs/Efaecalis_58_AMRFinder/02_genomes_fna/GCA_050492125.1.fna
GCA_050492125.1,Bacteraemia,gki,Exact_known_allele,7,7,7,1,7,100,100,CP175110.1,2428668,2429105,-,One unambiguous exact full-length official allele,/mnt/c/Users/bless/Downloads/e_faecalis_disseration_project/local_archive/large_outputs/Efaecalis_58_AMRFinder/02_genomes_fna/GCA_050492125.1.fna
GCA_050492125.1,Bacteraemia,aroE,Exact_known_allele,6,6,6,1,6,100,100,CP175110.1,1401564,1402022,+,One unambiguous exact full-length official allele,/mnt/c/Users/bless/Downloads/e_faecalis_disseration_project/local_archive/large_outputs/Efaecalis_58_AMRFinder/02_genomes_fna/GCA_050492125.1.fna
GCA_050492125.1,Bacteraemia,xpt,Exact_known_allele,1,1,1,1,1,100,100,CP175110.1,2043740,2044195,-,One unambiguous exact full-length official allele,/mnt/c/Users/bless/Downloads/e_faecalis_disseration_project/local_archive/large_outputs/Efaecalis_58_AMRFinder/02_genomes_fna/GCA_050492125.1.fna
GCA_050492125.1,Bacteraemia,yqiL,Exact_known_allele,5,5,5,1,5,100,100,CP175110.1,1224482,1224917,+,One unambiguous exact full-length official allele,/mnt/c/Users/bless/Downloads/e_faecalis_disseration_project/local_archive/large_outputs/Efaecalis_58_AMRFinder/02_genomes_fna/GCA_050492125.1.fna
GCA_050492135.1,Bacteraemia,gdh,Exact_known_allele,12,12,12,1,12,100,100,CP175106.1,848091,848620,-,One unambiguous exact full-length official allele,/mnt/c/Users/bless/Downloads/e_faecalis_disseration_project/local_archive/large_outputs/Efaecalis_58_AMRFinder/02_genomes_fna/GCA_050492135.1.fna
GCA_050492135.1,Bacteraemia,gyd,Exact_known_allele,7,7,7,1,7,100,100,CP175106.1,1832356,1832750,-,One unambiguous exact full-length official allele,/mnt/c/Users/bless/Downloads/e_faecalis_disseration_project/local_archive/large_outputs/Efaecalis_58_AMRFinder/02_genomes_fna/GCA_050492135.1.fna
GCA_050492135.1,Bacteraemia,pstS,Exact_known_allele,3,3,3,1,3,100,100,CP175106.1,1573653,1574235,-,One unambiguous exact full-length official allele,/mnt/c/Users/bless/Downloads/e_faecalis_disseration_project/local_archive/large_outputs/Efaecalis_58_AMRFinder/02_genomes_fna/GCA_050492135.1.fna
GCA_050492135.1,Bacteraemia,gki,Exact_known_allele,7,7,7,1,7,100,100,CP175106.1,2463270,2463707,-,One unambiguous exact full-length official allele,/mnt/c/Users/bless/Downloads/e_faecalis_disseration_project/local_archive/large_outputs/Efaecalis_58_AMRFinder/02_genomes_fna/GCA_050492135.1.fna
GCA_050492135.1,Bacteraemia,aroE,Exact_known_allele,6,6,6,1,6,100,100,CP175106.1,1436166,1436624,+,One unambiguous exact full-length official allele,/mnt/c/Users/bless/Downloads/e_faecalis_disseration_project/local_archive/large_outputs/Efaecalis_58_AMRFinder/02_genomes_fna/GCA_050492135.1.fna
GCA_050492135.1,Bacteraemia,xpt,Exact_known_allele,1,1,1,1,1,100,100,CP175106.1,2078342,2078797,-,One unambiguous exact full-length official allele,/mnt/c/Users/bless/Downloads/e_faecalis_disseration_project/local_archive/large_outputs/Efaecalis_58_AMRFinder/02_genomes_fna/GCA_050492135.1.fna
GCA_050492135.1,Bacteraemia,yqiL,Exact_known_allele,5,5,5,1,5,100,100,CP175106.1,1259084,1259519,+,One unambiguous exact full-length official allele,/mnt/c/Users/bless/Downloads/e_faecalis_disseration_project/local_archive/large_outputs/Efaecalis_58_AMRFinder/02_genomes_fna/GCA_050492135.1.fna
GCA_050505635.1,Bacteraemia,gdh,Exact_known_allele,5,5,5,1,5,100,100,CP175162.1,1516036,1516565,+,One unambiguous exact full-length official allele,/mnt/c/Users/bless/Downloads/e_faecalis_disseration_project/local_archive/large_outputs/Efaecalis_58_AMRFinder/02_genomes_fna/GCA_050505635.1.fna
GCA_050505635.1,Bacteraemia,gyd,Exact_known_allele,1,1,1,1,1,100,100,CP175162.1,665512,665906,+,One unambiguous exact full-length official allele,/mnt/c/Users/bless/Downloads/e_faecalis_disseration_project/local_archive/large_outputs/Efaecalis_58_AMRFinder/02_genomes_fna/GCA_050505635.1.fna
GCA_050505635.1,Bacteraemia,pstS,Exact_known_allele,1,1,1,1,1,100,100,CP175162.1,847830,848412,+,One unambiguous exact full-length official allele,/mnt/c/Users/bless/Downloads/e_faecalis_disseration_project/local_archive/large_outputs/Efaecalis_58_AMRFinder/02_genomes_fna/GCA_050505635.1.fna
GCA_050505635.1,Bacteraemia,gki,Exact_known_allele,3,3,3,1,3,100,100,CP175162.1,45706,46143,+,One unambiguous exact full-length official allele,/mnt/c/Users/bless/Downloads/e_faecalis_disseration_project/local_archive/large_outputs/Efaecalis_58_AMRFinder/02_genomes_fna/GCA_050505635.1.fna
GCA_050505635.1,Bacteraemia,aroE,Exact_known_allele,7,7,7,1,7,100,100,CP175162.1,1006848,1007306,-,One unambiguous exact full-length official allele,/mnt/c/Users/bless/Downloads/e_faecalis_disseration_project/local_archive/large_outputs/Efaecalis_58_AMRFinder/02_genomes_fna/GCA_050505635.1.fna
GCA_050505635.1,Bacteraemia,xpt,Exact_known_allele,7,7,7,1,7,100,100,CP175162.1,424811,425266,+,One unambiguous exact full-length official allele,/mnt/c/Users/bless/Downloads/e_faecalis_disseration_project/local_archive/large_outputs/Efaecalis_58_AMRFinder/02_genomes_fna/GCA_050505635.1.fna
GCA_050505635.1,Bacteraemia,yqiL,Exact_known_allele,6,6,6,1,6,100,100,CP175162.1,1139704,1140139,-,One unambiguous exact full-length official allele,/mnt/c/Users/bless/Downloads/e_faecalis_disseration_project/local_archive/large_outputs/Efaecalis_58_AMRFinder/02_genomes_fna/GCA_050505635.1.fna
GCA_050505645.1,Bacteraemia,gdh,Exact_known_allele,5,5,5,1,5,100,100,CP175163.1,2821338,2821867,-,One unambiguous exact full-length official allele,/mnt/c/Users/bless/Downloads/e_faecalis_disseration_project/local_archive/large_outputs/Efaecalis_58_AMRFinder/02_genomes_fna/GCA_050505645.1.fna
GCA_050505645.1,Bacteraemia,gyd,Exact_known_allele,1,1,1,1,1,100,100,CP175163.1,798471,798865,-,One unambiguous exact full-length official allele,/mnt/c/Users/bless/Downloads/e_faecalis_disseration_project/local_archive/large_outputs/Efaecalis_58_AMRFinder/02_genomes_fna/GCA_050505645.1.fna
GCA_050505645.1,Bacteraemia,pstS,Exact_known_allele,1,1,1,1,1,100,100,CP175163.1,615965,616547,-,One unambiguous exact full-length official allele,/mnt/c/Users/bless/Downloads/e_faecalis_disseration_project/local_archive/large_outputs/Efaecalis_58_AMRFinder/02_genomes_fna/GCA_050505645.1.fna
GCA_050505645.1,Bacteraemia,gki,Exact_known_allele,3,3,3,1,3,100,100,CP175163.1,1418234,1418671,-,One unambiguous exact full-length official allele,/mnt/c/Users/bless/Downloads/e_faecalis_disseration_project/local_archive/large_outputs/Efaecalis_58_AMRFinder/02_genomes_fna/GCA_050505645.1.fna
GCA_050505645.1,Bacteraemia,aroE,Exact_known_allele,7,7,7,1,7,100,100,CP175163.1,457071,457529,+,One unambiguous exact full-length official allele,/mnt/c/Users/bless/Downloads/e_faecalis_disseration_project/local_archive/large_outputs/Efaecalis_58_AMRFinder/02_genomes_fna/GCA_050505645.1.fna
GCA_050505645.1,Bacteraemia,xpt,Exact_known_allele,7,7,7,1,7,100,100,CP175163.1,1039111,1039566,-,One unambiguous exact full-length official allele,/mnt/c/Users/bless/Downloads/e_faecalis_disseration_project/local_archive/large_outputs/Efaecalis_58_AMRFinder/02_genomes_fna/GCA_050505645.1.fna
GCA_050505645.1,Bacteraemia,yqiL,Exact_known_allele,6,6,6,1,6,100,100,CP175163.1,324238,324673,+,One unambiguous exact full-length official allele,/mnt/c/Users/bless/Downloads/e_faecalis_disseration_project/local_archive/large_outputs/Efaecalis_58_AMRFinder/02_genomes_fna/GCA_050505645.1.fna
GCA_050506665.1,Bacteraemia,gdh,Exact_known_allele,5,5,5,1,5,100,100,CP175301.1,913472,914001,-,One unambiguous exact full-length official allele,/mnt/c/Users/bless/Downloads/e_faecalis_disseration_project/local_archive/large_outputs/Efaecalis_58_AMRFinder/02_genomes_fna/GCA_050506665.1.fna
GCA_050506665.1,Bacteraemia,gyd,Exact_known_allele,1,1,1,1,1,100,100,CP175301.1,1752177,1752571,-,One unambiguous exact full-length official allele,/mnt/c/Users/bless/Downloads/e_faecalis_disseration_project/local_archive/large_outputs/Efaecalis_58_AMRFinder/02_genomes_fna/GCA_050506665.1.fna
GCA_050506665.1,Bacteraemia,pstS,Exact_known_allele,1,1,1,1,1,100,100,CP175301.1,1569663,1570245,-,One unambiguous exact full-length official allele,/mnt/c/Users/bless/Downloads/e_faecalis_disseration_project/local_archive/large_outputs/Efaecalis_58_AMRFinder/02_genomes_fna/GCA_050506665.1.fna
GCA_050506665.1,Bacteraemia,gki,Exact_known_allele,3,3,3,1,3,100,100,CP175301.1,2417065,2417502,-,One unambiguous exact full-length official allele,/mnt/c/Users/bless/Downloads/e_faecalis_disseration_project/local_archive/large_outputs/Efaecalis_58_AMRFinder/02_genomes_fna/GCA_050506665.1.fna
GCA_050506665.1,Bacteraemia,aroE,Exact_known_allele,7,7,7,1,7,100,100,CP175301.1,1422715,1423173,+,One unambiguous exact full-length official allele,/mnt/c/Users/bless/Downloads/e_faecalis_disseration_project/local_archive/large_outputs/Efaecalis_58_AMRFinder/02_genomes_fna/GCA_050506665.1.fna
GCA_050506665.1,Bacteraemia,xpt,Exact_known_allele,7,7,7,1,7,100,100,CP175301.1,2037943,2038398,-,One unambiguous exact full-length official allele,/mnt/c/Users/bless/Downloads/e_faecalis_disseration_project/local_archive/large_outputs/Efaecalis_58_AMRFinder/02_genomes_fna/GCA_050506665.1.fna
GCA_050506665.1,Bacteraemia,yqiL,Exact_known_allele,6,6,6,1,6,100,100,CP175301.1,1289897,1290332,+,One unambiguous exact full-length official allele,/mnt/c/Users/bless/Downloads/e_faecalis_disseration_project/local_archive/large_outputs/Efaecalis_58_AMRFinder/02_genomes_fna/GCA_050506665.1.fna
GCA_050506675.1,Bacteraemia,gdh,Exact_known_allele,5,5,5,1,5,100,100,CP175300.1,913472,914001,-,One unambiguous exact full-length official allele,/mnt/c/Users/bless/Downloads/e_faecalis_disseration_project/local_archive/large_outputs/Efaecalis_58_AMRFinder/02_genomes_fna/GCA_050506675.1.fna
GCA_050506675.1,Bacteraemia,gyd,Exact_known_allele,1,1,1,1,1,100,100,CP175300.1,1752177,1752571,-,One unambiguous exact full-length official allele,/mnt/c/Users/bless/Downloads/e_faecalis_disseration_project/local_archive/large_outputs/Efaecalis_58_AMRFinder/02_genomes_fna/GCA_050506675.1.fna
GCA_050506675.1,Bacteraemia,pstS,Exact_known_allele,1,1,1,1,1,100,100,CP175300.1,1569663,1570245,-,One unambiguous exact full-length official allele,/mnt/c/Users/bless/Downloads/e_faecalis_disseration_project/local_archive/large_outputs/Efaecalis_58_AMRFinder/02_genomes_fna/GCA_050506675.1.fna
GCA_050506675.1,Bacteraemia,gki,Exact_known_allele,3,3,3,1,3,100,100,CP175300.1,2417065,2417502,-,One unambiguous exact full-length official allele,/mnt/c/Users/bless/Downloads/e_faecalis_disseration_project/local_archive/large_outputs/Efaecalis_58_AMRFinder/02_genomes_fna/GCA_050506675.1.fna
GCA_050506675.1,Bacteraemia,aroE,Exact_known_allele,7,7,7,1,7,100,100,CP175300.1,1422715,1423173,+,One unambiguous exact full-length official allele,/mnt/c/Users/bless/Downloads/e_faecalis_disseration_project/local_archive/large_outputs/Efaecalis_58_AMRFinder/02_genomes_fna/GCA_050506675.1.fna
GCA_050506675.1,Bacteraemia,xpt,Exact_known_allele,7,7,7,1,7,100,100,CP175300.1,2037943,2038398,-,One unambiguous exact full-length official allele,/mnt/c/Users/bless/Downloads/e_faecalis_disseration_project/local_archive/large_outputs/Efaecalis_58_AMRFinder/02_genomes_fna/GCA_050506675.1.fna
GCA_050506675.1,Bacteraemia,yqiL,Exact_known_allele,6,6,6,1,6,100,100,CP175300.1,1289897,1290332,+,One unambiguous exact full-length official allele,/mnt/c/Users/bless/Downloads/e_faecalis_disseration_project/local_archive/large_outputs/Efaecalis_58_AMRFinder/02_genomes_fna/GCA_050506675.1.fna
GCA_050506685.1,Bacteraemia,gdh,Exact_known_allele,5,5,5,1,5,100,100,CP175298.1,943717,944246,-,One unambiguous exact full-length official allele,/mnt/c/Users/bless/Downloads/e_faecalis_disseration_project/local_archive/large_outputs/Efaecalis_58_AMRFinder/02_genomes_fna/GCA_050506685.1.fna
GCA_050506685.1,Bacteraemia,gyd,Exact_known_allele,1,1,1,1,1,100,100,CP175298.1,1938009,1938403,-,One unambiguous exact full-length official allele,/mnt/c/Users/bless/Downloads/e_faecalis_disseration_project/local_archive/large_outputs/Efaecalis_58_AMRFinder/02_genomes_fna/GCA_050506685.1.fna
GCA_050506685.1,Bacteraemia,pstS,Exact_known_allele,1,1,1,1,1,100,100,CP175298.1,1366600,1367182,+,One unambiguous exact full-length official allele,/mnt/c/Users/bless/Downloads/e_faecalis_disseration_project/local_archive/large_outputs/Efaecalis_58_AMRFinder/02_genomes_fna/GCA_050506685.1.fna
GCA_050506685.1,Bacteraemia,gki,Exact_known_allele,3,3,3,1,3,100,100,CP175298.1,2562903,2563340,-,One unambiguous exact full-length official allele,/mnt/c/Users/bless/Downloads/e_faecalis_disseration_project/local_archive/large_outputs/Efaecalis_58_AMRFinder/02_genomes_fna/GCA_050506685.1.fna
GCA_050506685.1,Bacteraemia,aroE,Exact_known_allele,7,7,7,1,7,100,100,CP175298.1,1610854,1611312,-,One unambiguous exact full-length official allele,/mnt/c/Users/bless/Downloads/e_faecalis_disseration_project/local_archive/large_outputs/Efaecalis_58_AMRFinder/02_genomes_fna/GCA_050506685.1.fna
GCA_050506685.1,Bacteraemia,xpt,Exact_known_allele,1,1,1,1,1,100,100,CP175298.1,2175338,2175793,-,One unambiguous exact full-length official allele,/mnt/c/Users/bless/Downloads/e_faecalis_disseration_project/local_archive/large_outputs/Efaecalis_58_AMRFinder/02_genomes_fna/GCA_050506685.1.fna
GCA_050506685.1,Bacteraemia,yqiL,Exact_known_allele,6,6,6,1,6,100,100,CP175298.1,1445748,1446183,+,One unambiguous exact full-length official allele,/mnt/c/Users/bless/Downloads/e_faecalis_disseration_project/local_archive/large_outputs/Efaecalis_58_AMRFinder/02_genomes_fna/GCA_050506685.1.fna
GCA_050506695.1,Bacteraemia,gdh,Exact_known_allele,5,5,5,1,5,100,100,CP175296.1,943717,944246,-,One unambiguous exact full-length official allele,/mnt/c/Users/bless/Downloads/e_faecalis_disseration_project/local_archive/large_outputs/Efaecalis_58_AMRFinder/02_genomes_fna/GCA_050506695.1.fna
GCA_050506695.1,Bacteraemia,gyd,Exact_known_allele,1,1,1,1,1,100,100,CP175296.1,1938007,1938401,-,One unambiguous exact full-length official allele,/mnt/c/Users/bless/Downloads/e_faecalis_disseration_project/local_archive/large_outputs/Efaecalis_58_AMRFinder/02_genomes_fna/GCA_050506695.1.fna
GCA_050506695.1,Bacteraemia,pstS,Exact_known_allele,1,1,1,1,1,100,100,CP175296.1,1366598,1367180,+,One unambiguous exact full-length official allele,/mnt/c/Users/bless/Downloads/e_faecalis_disseration_project/local_archive/large_outputs/Efaecalis_58_AMRFinder/02_genomes_fna/GCA_050506695.1.fna
GCA_050506695.1,Bacteraemia,gki,Exact_known_allele,3,3,3,1,3,100,100,CP175296.1,2562901,2563338,-,One unambiguous exact full-length official allele,/mnt/c/Users/bless/Downloads/e_faecalis_disseration_project/local_archive/large_outputs/Efaecalis_58_AMRFinder/02_genomes_fna/GCA_050506695.1.fna
GCA_050506695.1,Bacteraemia,aroE,Exact_known_allele,7,7,7,1,7,100,100,CP175296.1,1610852,1611310,-,One unambiguous exact full-length official allele,/mnt/c/Users/bless/Downloads/e_faecalis_disseration_project/local_archive/large_outputs/Efaecalis_58_AMRFinder/02_genomes_fna/GCA_050506695.1.fna
GCA_050506695.1,Bacteraemia,xpt,Exact_known_allele,1,1,1,1,1,100,100,CP175296.1,2175336,2175791,-,One unambiguous exact full-length official allele,/mnt/c/Users/bless/Downloads/e_faecalis_disseration_project/local_archive/large_outputs/Efaecalis_58_AMRFinder/02_genomes_fna/GCA_050506695.1.fna
GCA_050506695.1,Bacteraemia,yqiL,Exact_known_allele,6,6,6,1,6,100,100,CP175296.1,1445746,1446181,+,One unambiguous exact full-length official allele,/mnt/c/Users/bless/Downloads/e_faecalis_disseration_project/local_archive/large_outputs/Efaecalis_58_AMRFinder/02_genomes_fna/GCA_050506695.1.fna
GCA_050506725.1,Bacteraemia,gdh,Exact_known_allele,3,3,3,1,3,100,100,CP175283.1,779633,780162,-,One unambiguous exact full-length official allele,/mnt/c/Users/bless/Downloads/e_faecalis_disseration_project/local_archive/large_outputs/Efaecalis_58_AMRFinder/02_genomes_fna/GCA_050506725.1.fna
GCA_050506725.1,Bacteraemia,gyd,Exact_known_allele,6,6,6,1,6,100,100,CP175283.1,1663063,1663457,-,One unambiguous exact full-length official allele,/mnt/c/Users/bless/Downloads/e_faecalis_disseration_project/local_archive/large_outputs/Efaecalis_58_AMRFinder/02_genomes_fna/GCA_050506725.1.fna
GCA_050506725.1,Bacteraemia,pstS,Exact_known_allele,23,23,23,1,23,100,100,CP175283.1,1435263,1435845,-,One unambiguous exact full-length official allele,/mnt/c/Users/bless/Downloads/e_faecalis_disseration_project/local_archive/large_outputs/Efaecalis_58_AMRFinder/02_genomes_fna/GCA_050506725.1.fna
GCA_050506725.1,Bacteraemia,gki,Exact_known_allele,12,12,12,1,12,100,100,CP175283.1,2224950,2225387,-,One unambiguous exact full-length official allele,/mnt/c/Users/bless/Downloads/e_faecalis_disseration_project/local_archive/large_outputs/Efaecalis_58_AMRFinder/02_genomes_fna/GCA_050506725.1.fna
GCA_050506725.1,Bacteraemia,aroE,Exact_known_allele,9,9,9,1,9,100,100,CP175283.1,1298094,1298552,+,One unambiguous exact full-length official allele,/mnt/c/Users/bless/Downloads/e_faecalis_disseration_project/local_archive/large_outputs/Efaecalis_58_AMRFinder/02_genomes_fna/GCA_050506725.1.fna
GCA_050506725.1,Bacteraemia,xpt,Exact_known_allele,10,10,10,1,10,100,100,CP175283.1,1857537,1857992,-,One unambiguous exact full-length official allele,/mnt/c/Users/bless/Downloads/e_faecalis_disseration_project/local_archive/large_outputs/Efaecalis_58_AMRFinder/02_genomes_fna/GCA_050506725.1.fna
GCA_050506725.1,Bacteraemia,yqiL,Exact_known_allele,7,7,7,1,7,100,100,CP175283.1,1164812,1165247,+,One unambiguous exact full-length official allele,/mnt/c/Users/bless/Downloads/e_faecalis_disseration_project/local_archive/large_outputs/Efaecalis_58_AMRFinder/02_genomes_fna/GCA_050506725.1.fna
GCA_050506735.1,Bacteraemia,gdh,Exact_known_allele,3,3,3,1,3,100,100,CP175280.1,779633,780162,-,One unambiguous exact full-length official allele,/mnt/c/Users/bless/Downloads/e_faecalis_disseration_project/local_archive/large_outputs/Efaecalis_58_AMRFinder/02_genomes_fna/GCA_050506735.1.fna
GCA_050506735.1,Bacteraemia,gyd,Exact_known_allele,6,6,6,1,6,100,100,CP175280.1,1663063,1663457,-,One unambiguous exact full-length official allele,/mnt/c/Users/bless/Downloads/e_faecalis_disseration_project/local_archive/large_outputs/Efaecalis_58_AMRFinder/02_genomes_fna/GCA_050506735.1.fna
GCA_050506735.1,Bacteraemia,pstS,Exact_known_allele,23,23,23,1,23,100,100,CP175280.1,1435263,1435845,-,One unambiguous exact full-length official allele,/mnt/c/Users/bless/Downloads/e_faecalis_disseration_project/local_archive/large_outputs/Efaecalis_58_AMRFinder/02_genomes_fna/GCA_050506735.1.fna
GCA_050506735.1,Bacteraemia,gki,Exact_known_allele,12,12,12,1,12,100,100,CP175280.1,2224950,2225387,-,One unambiguous exact full-length official allele,/mnt/c/Users/bless/Downloads/e_faecalis_disseration_project/local_archive/large_outputs/Efaecalis_58_AMRFinder/02_genomes_fna/GCA_050506735.1.fna
GCA_050506735.1,Bacteraemia,aroE,Exact_known_allele,9,9,9,1,9,100,100,CP175280.1,1298094,1298552,+,One unambiguous exact full-length official allele,/mnt/c/Users/bless/Downloads/e_faecalis_disseration_project/local_archive/large_outputs/Efaecalis_58_AMRFinder/02_genomes_fna/GCA_050506735.1.fna
GCA_050506735.1,Bacteraemia,xpt,Exact_known_allele,10,10,10,1,10,100,100,CP175280.1,1857537,1857992,-,One unambiguous exact full-length official allele,/mnt/c/Users/bless/Downloads/e_faecalis_disseration_project/local_archive/large_outputs/Efaecalis_58_AMRFinder/02_genomes_fna/GCA_050506735.1.fna
GCA_050506735.1,Bacteraemia,yqiL,Exact_known_allele,7,7,7,1,7,100,100,CP175280.1,1164812,1165247,+,One unambiguous exact full-length official allele,/mnt/c/Users/bless/Downloads/e_faecalis_disseration_project/local_archive/large_outputs/Efaecalis_58_AMRFinder/02_genomes_fna/GCA_050506735.1.fna
GCA_050506745.1,Bacteraemia,gdh,Exact_known_allele,12,12,12,1,12,100,100,CP175276.1,1655666,1656195,+,One unambiguous exact full-length official allele,/mnt/c/Users/bless/Downloads/e_faecalis_disseration_project/local_archive/large_outputs/Efaecalis_58_AMRFinder/02_genomes_fna/GCA_050506745.1.fna
GCA_050506745.1,Bacteraemia,gyd,Exact_known_allele,7,7,7,1,7,100,100,CP175276.1,704874,705268,+,One unambiguous exact full-length official allele,/mnt/c/Users/bless/Downloads/e_faecalis_disseration_project/local_archive/large_outputs/Efaecalis_58_AMRFinder/02_genomes_fna/GCA_050506745.1.fna
GCA_050506745.1,Bacteraemia,pstS,Exact_known_allele,3,3,3,1,3,100,100,CP175276.1,964652,965234,+,One unambiguous exact full-length official allele,/mnt/c/Users/bless/Downloads/e_faecalis_disseration_project/local_archive/large_outputs/Efaecalis_58_AMRFinder/02_genomes_fna/GCA_050506745.1.fna
GCA_050506745.1,Bacteraemia,gki,Exact_known_allele,7,7,7,1,7,100,100,CP175276.1,73904,74341,+,One unambiguous exact full-length official allele,/mnt/c/Users/bless/Downloads/e_faecalis_disseration_project/local_archive/large_outputs/Efaecalis_58_AMRFinder/02_genomes_fna/GCA_050506745.1.fna
GCA_050506745.1,Bacteraemia,aroE,Exact_known_allele,6,6,6,1,6,100,100,CP175276.1,1102263,1102721,-,One unambiguous exact full-length official allele,/mnt/c/Users/bless/Downloads/e_faecalis_disseration_project/local_archive/large_outputs/Efaecalis_58_AMRFinder/02_genomes_fna/GCA_050506745.1.fna
GCA_050506745.1,Bacteraemia,xpt,Exact_known_allele,1,1,1,1,1,100,100,CP175276.1,458814,459269,+,One unambiguous exact full-length official allele,/mnt/c/Users/bless/Downloads/e_faecalis_disseration_project/local_archive/large_outputs/Efaecalis_58_AMRFinder/02_genomes_fna/GCA_050506745.1.fna
GCA_050506745.1,Bacteraemia,yqiL,Exact_known_allele,5,5,5,1,5,100,100,CP175276.1,1279369,1279804,-,One unambiguous exact full-length official allele,/mnt/c/Users/bless/Downloads/e_faecalis_disseration_project/local_archive/large_outputs/Efaecalis_58_AMRFinder/02_genomes_fna/GCA_050506745.1.fna
GCA_050506755.1,Bacteraemia,gdh,Exact_known_allele,12,12,12,1,12,100,100,CP175273.1,702648,703177,-,One unambiguous exact full-length official allele,/mnt/c/Users/bless/Downloads/e_faecalis_disseration_project/local_archive/large_outputs/Efaecalis_58_AMRFinder/02_genomes_fna/GCA_050506755.1.fna
GCA_050506755.1,Bacteraemia,gyd,Exact_known_allele,7,7,7,1,7,100,100,CP175273.1,1652241,1652635,-,One unambiguous exact full-length official allele,/mnt/c/Users/bless/Downloads/e_faecalis_disseration_project/local_archive/large_outputs/Efaecalis_58_AMRFinder/02_genomes_fna/GCA_050506755.1.fna
GCA_050506755.1,Bacteraemia,pstS,Exact_known_allele,3,3,3,1,3,100,100,CP175273.1,1393608,1394190,-,One unambiguous exact full-length official allele,/mnt/c/Users/bless/Downloads/e_faecalis_disseration_project/local_archive/large_outputs/Efaecalis_58_AMRFinder/02_genomes_fna/GCA_050506755.1.fna
GCA_050506755.1,Bacteraemia,gki,Exact_known_allele,7,7,7,1,7,100,100,CP175273.1,2283166,2283603,-,One unambiguous exact full-length official allele,/mnt/c/Users/bless/Downloads/e_faecalis_disseration_project/local_archive/large_outputs/Efaecalis_58_AMRFinder/02_genomes_fna/GCA_050506755.1.fna
GCA_050506755.1,Bacteraemia,aroE,Exact_known_allele,6,6,6,1,6,100,100,CP175273.1,1256121,1256579,+,One unambiguous exact full-length official allele,/mnt/c/Users/bless/Downloads/e_faecalis_disseration_project/local_archive/large_outputs/Efaecalis_58_AMRFinder/02_genomes_fna/GCA_050506755.1.fna
GCA_050506755.1,Bacteraemia,xpt,Exact_known_allele,1,1,1,1,1,100,100,CP175273.1,1898239,1898694,-,One unambiguous exact full-length official allele,/mnt/c/Users/bless/Downloads/e_faecalis_disseration_project/local_archive/large_outputs/Efaecalis_58_AMRFinder/02_genomes_fna/GCA_050506755.1.fna
GCA_050506755.1,Bacteraemia,yqiL,Exact_known_allele,5,5,5,1,5,100,100,CP175273.1,1079039,1079474,+,One unambiguous exact full-length official allele,/mnt/c/Users/bless/Downloads/e_faecalis_disseration_project/local_archive/large_outputs/Efaecalis_58_AMRFinder/02_genomes_fna/GCA_050506755.1.fna
GCA_050506765.1,Bacteraemia,gdh,Exact_known_allele,3,3,3,1,3,100,100,CP175271.1,837236,837765,-,One unambiguous exact full-length official allele,/mnt/c/Users/bless/Downloads/e_faecalis_disseration_project/local_archive/large_outputs/Efaecalis_58_AMRFinder/02_genomes_fna/GCA_050506765.1.fna
GCA_050506765.1,Bacteraemia,gyd,Exact_known_allele,6,6,6,1,6,100,100,CP175271.1,1693098,1693492,-,One unambiguous exact full-length official allele,/mnt/c/Users/bless/Downloads/e_faecalis_disseration_project/local_archive/large_outputs/Efaecalis_58_AMRFinder/02_genomes_fna/GCA_050506765.1.fna
GCA_050506765.1,Bacteraemia,pstS,Exact_known_allele,23,23,23,1,23,100,100,CP175271.1,1492676,1493258,-,One unambiguous exact full-length official allele,/mnt/c/Users/bless/Downloads/e_faecalis_disseration_project/local_archive/large_outputs/Efaecalis_58_AMRFinder/02_genomes_fna/GCA_050506765.1.fna
GCA_050506765.1,Bacteraemia,gki,Exact_known_allele,12,12,12,1,12,100,100,CP175271.1,2321725,2322162,-,One unambiguous exact full-length official allele,/mnt/c/Users/bless/Downloads/e_faecalis_disseration_project/local_archive/large_outputs/Efaecalis_58_AMRFinder/02_genomes_fna/GCA_050506765.1.fna
GCA_050506765.1,Bacteraemia,aroE,Exact_known_allele,9,9,9,1,9,100,100,CP175271.1,1355497,1355955,+,One unambiguous exact full-length official allele,/mnt/c/Users/bless/Downloads/e_faecalis_disseration_project/local_archive/large_outputs/Efaecalis_58_AMRFinder/02_genomes_fna/GCA_050506765.1.fna
GCA_050506765.1,Bacteraemia,xpt,Exact_known_allele,10,10,10,1,10,100,100,CP175271.1,1931364,1931819,-,One unambiguous exact full-length official allele,/mnt/c/Users/bless/Downloads/e_faecalis_disseration_project/local_archive/large_outputs/Efaecalis_58_AMRFinder/02_genomes_fna/GCA_050506765.1.fna
GCA_050506765.1,Bacteraemia,yqiL,Exact_known_allele,7,7,7,1,7,100,100,CP175271.1,1222223,1222658,+,One unambiguous exact full-length official allele,/mnt/c/Users/bless/Downloads/e_faecalis_disseration_project/local_archive/large_outputs/Efaecalis_58_AMRFinder/02_genomes_fna/GCA_050506765.1.fna
GCA_050506775.1,Bacteraemia,gdh,Exact_known_allele,14,14,14,1,14,100,100,CP175268.1,795840,796369,-,One unambiguous exact full-length official allele,/mnt/c/Users/bless/Downloads/e_faecalis_disseration_project/local_archive/large_outputs/Efaecalis_58_AMRFinder/02_genomes_fna/GCA_050506775.1.fna
GCA_050506775.1,Bacteraemia,gyd,Exact_known_allele,1,1,1,1,1,100,100,CP175268.1,1705173,1705567,-,One unambiguous exact full-length official allele,/mnt/c/Users/bless/Downloads/e_faecalis_disseration_project/local_archive/large_outputs/Efaecalis_58_AMRFinder/02_genomes_fna/GCA_050506775.1.fna
GCA_050506775.1,Bacteraemia,pstS,Novel_allele_candidate,,NOVEL_a6ba33650b6d,,0,7,99.828,100,CP175268.1,1484995,1485577,-,One complete high-similarity locus sequence has no exact official allele,/mnt/c/Users/bless/Downloads/e_faecalis_disseration_project/local_archive/large_outputs/Efaecalis_58_AMRFinder/02_genomes_fna/GCA_050506775.1.fna
GCA_050506775.1,Bacteraemia,gki,Exact_known_allele,37,37,37,1,37,100,100,CP175268.1,2338680,2339117,-,One unambiguous exact full-length official allele,/mnt/c/Users/bless/Downloads/e_faecalis_disseration_project/local_archive/large_outputs/Efaecalis_58_AMRFinder/02_genomes_fna/GCA_050506775.1.fna
GCA_050506775.1,Bacteraemia,aroE,Exact_known_allele,6,6,6,1,6,100,100,CP175268.1,1347832,1348290,+,One unambiguous exact full-length official allele,/mnt/c/Users/bless/Downloads/e_faecalis_disseration_project/local_archive/large_outputs/Efaecalis_58_AMRFinder/02_genomes_fna/GCA_050506775.1.fna
GCA_050506775.1,Bacteraemia,xpt,Exact_known_allele,48,48,48,1,48,100,100,CP175268.1,1931338,1931793,-,One unambiguous exact full-length official allele,/mnt/c/Users/bless/Downloads/e_faecalis_disseration_project/local_archive/large_outputs/Efaecalis_58_AMRFinder/02_genomes_fna/GCA_050506775.1.fna
GCA_050506775.1,Bacteraemia,yqiL,Novel_allele_candidate,,NOVEL_03f789d462bc,,0,88,99.771,100,CP175268.1,1221895,1222330,+,One complete high-similarity locus sequence has no exact official allele,/mnt/c/Users/bless/Downloads/e_faecalis_disseration_project/local_archive/large_outputs/Efaecalis_58_AMRFinder/02_genomes_fna/GCA_050506775.1.fna
GCA_050506815.1,Bacteraemia,gdh,Exact_known_allele,5,5,5,1,5,100,100,CP175260.1,922614,923143,-,One unambiguous exact full-length official allele,/mnt/c/Users/bless/Downloads/e_faecalis_disseration_project/local_archive/large_outputs/Efaecalis_58_AMRFinder/02_genomes_fna/GCA_050506815.1.fna
GCA_050506815.1,Bacteraemia,gyd,Exact_known_allele,1,1,1,1,1,100,100,CP175260.1,1811415,1811809,-,One unambiguous exact full-length official allele,/mnt/c/Users/bless/Downloads/e_faecalis_disseration_project/local_archive/large_outputs/Efaecalis_58_AMRFinder/02_genomes_fna/GCA_050506815.1.fna
GCA_050506815.1,Bacteraemia,pstS,Exact_known_allele,1,1,1,1,1,100,100,CP175260.1,1585631,1586213,-,One unambiguous exact full-length official allele,/mnt/c/Users/bless/Downloads/e_faecalis_disseration_project/local_archive/large_outputs/Efaecalis_58_AMRFinder/02_genomes_fna/GCA_050506815.1.fna
GCA_050506815.1,Bacteraemia,gki,Exact_known_allele,3,3,3,1,3,100,100,CP175260.1,2436290,2436727,-,One unambiguous exact full-length official allele,/mnt/c/Users/bless/Downloads/e_faecalis_disseration_project/local_archive/large_outputs/Efaecalis_58_AMRFinder/02_genomes_fna/GCA_050506815.1.fna
GCA_050506815.1,Bacteraemia,aroE,Exact_known_allele,7,7,7,1,7,100,100,CP175260.1,1433663,1434121,+,One unambiguous exact full-length official allele,/mnt/c/Users/bless/Downloads/e_faecalis_disseration_project/local_archive/large_outputs/Efaecalis_58_AMRFinder/02_genomes_fna/GCA_050506815.1.fna
GCA_050506815.1,Bacteraemia,xpt,Exact_known_allele,1,1,1,1,1,100,100,CP175260.1,2048724,2049179,-,One unambiguous exact full-length official allele,/mnt/c/Users/bless/Downloads/e_faecalis_disseration_project/local_archive/large_outputs/Efaecalis_58_AMRFinder/02_genomes_fna/GCA_050506815.1.fna
GCA_050506815.1,Bacteraemia,yqiL,Exact_known_allele,6,6,6,1,6,100,100,CP175260.1,1300830,1301265,+,One unambiguous exact full-length official allele,/mnt/c/Users/bless/Downloads/e_faecalis_disseration_project/local_archive/large_outputs/Efaecalis_58_AMRFinder/02_genomes_fna/GCA_050506815.1.fna
GCA_050506825.1,Bacteraemia,gdh,Exact_known_allele,3,3,3,1,3,100,100,CP175258.1,906568,907097,-,One unambiguous exact full-length official allele,/mnt/c/Users/bless/Downloads/e_faecalis_disseration_project/local_archive/large_outputs/Efaecalis_58_AMRFinder/02_genomes_fna/GCA_050506825.1.fna
GCA_050506825.1,Bacteraemia,gyd,Exact_known_allele,6,6,6,1,6,100,100,CP175258.1,1802625,1803019,-,One unambiguous exact full-length official allele,/mnt/c/Users/bless/Downloads/e_faecalis_disseration_project/local_archive/large_outputs/Efaecalis_58_AMRFinder/02_genomes_fna/GCA_050506825.1.fna
GCA_050506825.1,Bacteraemia,pstS,Exact_known_allele,23,23,23,1,23,100,100,CP175258.1,1602204,1602786,-,One unambiguous exact full-length official allele,/mnt/c/Users/bless/Downloads/e_faecalis_disseration_project/local_archive/large_outputs/Efaecalis_58_AMRFinder/02_genomes_fna/GCA_050506825.1.fna
GCA_050506825.1,Bacteraemia,gki,Exact_known_allele,12,12,12,1,12,100,100,CP175258.1,2431238,2431675,-,One unambiguous exact full-length official allele,/mnt/c/Users/bless/Downloads/e_faecalis_disseration_project/local_archive/large_outputs/Efaecalis_58_AMRFinder/02_genomes_fna/GCA_050506825.1.fna
GCA_050506825.1,Bacteraemia,aroE,Exact_known_allele,9,9,9,1,9,100,100,CP175258.1,1465019,1465477,+,One unambiguous exact full-length official allele,/mnt/c/Users/bless/Downloads/e_faecalis_disseration_project/local_archive/large_outputs/Efaecalis_58_AMRFinder/02_genomes_fna/GCA_050506825.1.fna
GCA_050506825.1,Bacteraemia,xpt,Exact_known_allele,10,10,10,1,10,100,100,CP175258.1,2040890,2041345,-,One unambiguous exact full-length official allele,/mnt/c/Users/bless/Downloads/e_faecalis_disseration_project/local_archive/large_outputs/Efaecalis_58_AMRFinder/02_genomes_fna/GCA_050506825.1.fna
GCA_050506825.1,Bacteraemia,yqiL,Exact_known_allele,7,7,7,1,7,100,100,CP175258.1,1331747,1332182,+,One unambiguous exact full-length official allele,/mnt/c/Users/bless/Downloads/e_faecalis_disseration_project/local_archive/large_outputs/Efaecalis_58_AMRFinder/02_genomes_fna/GCA_050506825.1.fna
GCA_050506865.1,Bacteraemia,gdh,Exact_known_allele,5,5,5,1,5,100,100,CP175257.1,907328,907857,-,One unambiguous exact full-length official allele,/mnt/c/Users/bless/Downloads/e_faecalis_disseration_project/local_archive/large_outputs/Efaecalis_58_AMRFinder/02_genomes_fna/GCA_050506865.1.fna
GCA_050506865.1,Bacteraemia,gyd,Exact_known_allele,1,1,1,1,1,100,100,CP175257.1,1755909,1756303,-,One unambiguous exact full-length official allele,/mnt/c/Users/bless/Downloads/e_faecalis_disseration_project/local_archive/large_outputs/Efaecalis_58_AMRFinder/02_genomes_fna/GCA_050506865.1.fna
GCA_050506865.1,Bacteraemia,pstS,Exact_known_allele,1,1,1,1,1,100,100,CP175257.1,1573403,1573985,-,One unambiguous exact full-length official allele,/mnt/c/Users/bless/Downloads/e_faecalis_disseration_project/local_archive/large_outputs/Efaecalis_58_AMRFinder/02_genomes_fna/GCA_050506865.1.fna
GCA_050506865.1,Bacteraemia,gki,Exact_known_allele,3,3,3,1,3,100,100,CP175257.1,2378720,2379157,-,One unambiguous exact full-length official allele,/mnt/c/Users/bless/Downloads/e_faecalis_disseration_project/local_archive/large_outputs/Efaecalis_58_AMRFinder/02_genomes_fna/GCA_050506865.1.fna
GCA_050506865.1,Bacteraemia,aroE,Exact_known_allele,7,7,7,1,7,100,100,CP175257.1,1416549,1417007,+,One unambiguous exact full-length official allele,/mnt/c/Users/bless/Downloads/e_faecalis_disseration_project/local_archive/large_outputs/Efaecalis_58_AMRFinder/02_genomes_fna/GCA_050506865.1.fna
GCA_050506865.1,Bacteraemia,xpt,Exact_known_allele,7,7,7,1,7,100,100,CP175257.1,1999783,2000238,-,One unambiguous exact full-length official allele,/mnt/c/Users/bless/Downloads/e_faecalis_disseration_project/local_archive/large_outputs/Efaecalis_58_AMRFinder/02_genomes_fna/GCA_050506865.1.fna
GCA_050506865.1,Bacteraemia,yqiL,Exact_known_allele,6,6,6,1,6,100,100,CP175257.1,1283755,1284190,+,One unambiguous exact full-length official allele,/mnt/c/Users/bless/Downloads/e_faecalis_disseration_project/local_archive/large_outputs/Efaecalis_58_AMRFinder/02_genomes_fna/GCA_050506865.1.fna
GCA_050506875.1,Bacteraemia,gdh,Exact_known_allele,15,15,15,1,15,100,100,CP175255.1,981064,981593,-,One unambiguous exact full-length official allele,/mnt/c/Users/bless/Downloads/e_faecalis_disseration_project/local_archive/large_outputs/Efaecalis_58_AMRFinder/02_genomes_fna/GCA_050506875.1.fna
GCA_050506875.1,Bacteraemia,gyd,Exact_known_allele,2,2,2,1,2,100,100,CP175255.1,1850109,1850503,-,One unambiguous exact full-length official allele,/mnt/c/Users/bless/Downloads/e_faecalis_disseration_project/local_archive/large_outputs/Efaecalis_58_AMRFinder/02_genomes_fna/GCA_050506875.1.fna
GCA_050506875.1,Bacteraemia,pstS,Exact_known_allele,3,3,3,1,3,100,100,CP175255.1,1632918,1633500,-,One unambiguous exact full-length official allele,/mnt/c/Users/bless/Downloads/e_faecalis_disseration_project/local_archive/large_outputs/Efaecalis_58_AMRFinder/02_genomes_fna/GCA_050506875.1.fna
GCA_050506875.1,Bacteraemia,gki,Exact_known_allele,2,2,2,1,2,100,100,CP175255.1,2504859,2505296,-,One unambiguous exact full-length official allele,/mnt/c/Users/bless/Downloads/e_faecalis_disseration_project/local_archive/large_outputs/Efaecalis_58_AMRFinder/02_genomes_fna/GCA_050506875.1.fna
GCA_050506875.1,Bacteraemia,aroE,Exact_known_allele,3,3,3,1,3,100,100,CP175255.1,1495562,1496020,+,One unambiguous exact full-length official allele,/mnt/c/Users/bless/Downloads/e_faecalis_disseration_project/local_archive/large_outputs/Efaecalis_58_AMRFinder/02_genomes_fna/GCA_050506875.1.fna
GCA_050506875.1,Bacteraemia,xpt,Exact_known_allele,1,1,1,1,1,100,100,CP175255.1,2086278,2086733,-,One unambiguous exact full-length official allele,/mnt/c/Users/bless/Downloads/e_faecalis_disseration_project/local_archive/large_outputs/Efaecalis_58_AMRFinder/02_genomes_fna/GCA_050506875.1.fna
GCA_050506875.1,Bacteraemia,yqiL,Exact_known_allele,11,11,11,1,11,100,100,CP175255.1,1365477,1365912,+,One unambiguous exact full-length official allele,/mnt/c/Users/bless/Downloads/e_faecalis_disseration_project/local_archive/large_outputs/Efaecalis_58_AMRFinder/02_genomes_fna/GCA_050506875.1.fna
GCA_050506885.1,Bacteraemia,gdh,Exact_known_allele,9,9,9,1,9,100,100,CP175254.1,879707,880236,-,One unambiguous exact full-length official allele,/mnt/c/Users/bless/Downloads/e_faecalis_disseration_project/local_archive/large_outputs/Efaecalis_58_AMRFinder/02_genomes_fna/GCA_050506885.1.fna
GCA_050506885.1,Bacteraemia,gyd,Exact_known_allele,7,7,7,1,7,100,100,CP175254.1,1825143,1825537,-,One unambiguous exact full-length official allele,/mnt/c/Users/bless/Downloads/e_faecalis_disseration_project/local_archive/large_outputs/Efaecalis_58_AMRFinder/02_genomes_fna/GCA_050506885.1.fna
GCA_050506885.1,Bacteraemia,pstS,Exact_known_allele,3,3,3,1,3,100,100,CP175254.1,1579816,1580398,-,One unambiguous exact full-length official allele,/mnt/c/Users/bless/Downloads/e_faecalis_disseration_project/local_archive/large_outputs/Efaecalis_58_AMRFinder/02_genomes_fna/GCA_050506885.1.fna
GCA_050506885.1,Bacteraemia,gki,Exact_known_allele,2,2,2,1,2,100,100,CP175254.1,2519285,2519722,-,One unambiguous exact full-length official allele,/mnt/c/Users/bless/Downloads/e_faecalis_disseration_project/local_archive/large_outputs/Efaecalis_58_AMRFinder/02_genomes_fna/GCA_050506885.1.fna
GCA_050506885.1,Bacteraemia,aroE,Exact_known_allele,6,6,6,1,6,100,100,CP175254.1,1440765,1441223,+,One unambiguous exact full-length official allele,/mnt/c/Users/bless/Downloads/e_faecalis_disseration_project/local_archive/large_outputs/Efaecalis_58_AMRFinder/02_genomes_fna/GCA_050506885.1.fna
GCA_050506885.1,Bacteraemia,xpt,Exact_known_allele,1,1,1,1,1,100,100,CP175254.1,2109901,2110356,-,One unambiguous exact full-length official allele,/mnt/c/Users/bless/Downloads/e_faecalis_disseration_project/local_archive/large_outputs/Efaecalis_58_AMRFinder/02_genomes_fna/GCA_050506885.1.fna
GCA_050506885.1,Bacteraemia,yqiL,Exact_known_allele,5,5,5,1,5,100,100,CP175254.1,1264448,1264883,+,One unambiguous exact full-length official allele,/mnt/c/Users/bless/Downloads/e_faecalis_disseration_project/local_archive/large_outputs/Efaecalis_58_AMRFinder/02_genomes_fna/GCA_050506885.1.fna
GCA_050506905.1,Bacteraemia,gdh,Exact_known_allele,12,12,12,1,12,100,100,CP175239.1,874141,874670,-,One unambiguous exact full-length official allele,/mnt/c/Users/bless/Downloads/e_faecalis_disseration_project/local_archive/large_outputs/Efaecalis_58_AMRFinder/02_genomes_fna/GCA_050506905.1.fna
GCA_050506905.1,Bacteraemia,gyd,Exact_known_allele,7,7,7,1,7,100,100,CP175239.1,1818902,1819296,-,One unambiguous exact full-length official allele,/mnt/c/Users/bless/Downloads/e_faecalis_disseration_project/local_archive/large_outputs/Efaecalis_58_AMRFinder/02_genomes_fna/GCA_050506905.1.fna
GCA_050506905.1,Bacteraemia,pstS,Exact_known_allele,3,3,3,1,3,100,100,CP175239.1,1569447,1570029,-,One unambiguous exact full-length official allele,/mnt/c/Users/bless/Downloads/e_faecalis_disseration_project/local_archive/large_outputs/Efaecalis_58_AMRFinder/02_genomes_fna/GCA_050506905.1.fna
GCA_050506905.1,Bacteraemia,gki,Exact_known_allele,32,32,32,1,32,100,100,CP175239.1,2552237,2552674,-,One unambiguous exact full-length official allele,/mnt/c/Users/bless/Downloads/e_faecalis_disseration_project/local_archive/large_outputs/Efaecalis_58_AMRFinder/02_genomes_fna/GCA_050506905.1.fna
GCA_050506905.1,Bacteraemia,aroE,Exact_known_allele,32,32,32,1,32,100,100,CP175239.1,1430259,1430717,+,One unambiguous exact full-length official allele,/mnt/c/Users/bless/Downloads/e_faecalis_disseration_project/local_archive/large_outputs/Efaecalis_58_AMRFinder/02_genomes_fna/GCA_050506905.1.fna
GCA_050506905.1,Bacteraemia,xpt,Exact_known_allele,26,26,26,1,26,100,100,CP175239.1,2088782,2089237,-,One unambiguous exact full-length official allele,/mnt/c/Users/bless/Downloads/e_faecalis_disseration_project/local_archive/large_outputs/Efaecalis_58_AMRFinder/02_genomes_fna/GCA_050506905.1.fna
GCA_050506905.1,Bacteraemia,yqiL,Exact_known_allele,31,31,31,1,31,100,100,CP175239.1,1249747,1250182,+,One unambiguous exact full-length official allele,/mnt/c/Users/bless/Downloads/e_faecalis_disseration_project/local_archive/large_outputs/Efaecalis_58_AMRFinder/02_genomes_fna/GCA_050506905.1.fna
GCA_050506915.1,Bacteraemia,gdh,Exact_known_allele,1,1,1,1,1,100,100,CP175237.1,830282,830811,-,One unambiguous exact full-length official allele,/mnt/c/Users/bless/Downloads/e_faecalis_disseration_project/local_archive/large_outputs/Efaecalis_58_AMRFinder/02_genomes_fna/GCA_050506915.1.fna
GCA_050506915.1,Bacteraemia,gyd,Exact_known_allele,2,2,2,1,2,100,100,CP175237.1,1714675,1715069,-,One unambiguous exact full-length official allele,/mnt/c/Users/bless/Downloads/e_faecalis_disseration_project/local_archive/large_outputs/Efaecalis_58_AMRFinder/02_genomes_fna/GCA_050506915.1.fna
GCA_050506915.1,Bacteraemia,pstS,Exact_known_allele,12,12,12,1,12,100,100,CP175237.1,1523152,1523734,-,One unambiguous exact full-length official allele,/mnt/c/Users/bless/Downloads/e_faecalis_disseration_project/local_archive/large_outputs/Efaecalis_58_AMRFinder/02_genomes_fna/GCA_050506915.1.fna
GCA_050506915.1,Bacteraemia,gki,Exact_known_allele,8,8,8,1,8,100,100,CP175237.1,2285095,2285532,-,One unambiguous exact full-length official allele,/mnt/c/Users/bless/Downloads/e_faecalis_disseration_project/local_archive/large_outputs/Efaecalis_58_AMRFinder/02_genomes_fna/GCA_050506915.1.fna
GCA_050506915.1,Bacteraemia,aroE,Exact_known_allele,1,1,1,1,1,100,100,CP175237.1,1381543,1382001,+,One unambiguous exact full-length official allele,/mnt/c/Users/bless/Downloads/e_faecalis_disseration_project/local_archive/large_outputs/Efaecalis_58_AMRFinder/02_genomes_fna/GCA_050506915.1.fna
GCA_050506915.1,Bacteraemia,xpt,Exact_known_allele,6,6,6,1,6,100,100,CP175237.1,1928516,1928971,-,One unambiguous exact full-length official allele,/mnt/c/Users/bless/Downloads/e_faecalis_disseration_project/local_archive/large_outputs/Efaecalis_58_AMRFinder/02_genomes_fna/GCA_050506915.1.fna
GCA_050506915.1,Bacteraemia,yqiL,Exact_known_allele,1,1,1,1,1,100,100,CP175237.1,1246960,1247395,+,One unambiguous exact full-length official allele,/mnt/c/Users/bless/Downloads/e_faecalis_disseration_project/local_archive/large_outputs/Efaecalis_58_AMRFinder/02_genomes_fna/GCA_050506915.1.fna
GCA_050506925.1,Bacteraemia,gdh,Exact_known_allele,1,1,1,1,1,100,100,CP175233.1,2044530,2045059,+,One unambiguous exact full-length official allele,/mnt/c/Users/bless/Downloads/e_faecalis_disseration_project/local_archive/large_outputs/Efaecalis_58_AMRFinder/02_genomes_fna/GCA_050506925.1.fna
GCA_050506925.1,Bacteraemia,gyd,Exact_known_allele,2,2,2,1,2,100,100,CP175233.1,1160057,1160451,+,One unambiguous exact full-length official allele,/mnt/c/Users/bless/Downloads/e_faecalis_disseration_project/local_archive/large_outputs/Efaecalis_58_AMRFinder/02_genomes_fna/GCA_050506925.1.fna
GCA_050506925.1,Bacteraemia,pstS,Exact_known_allele,12,12,12,1,12,100,100,CP175233.1,1351392,1351974,+,One unambiguous exact full-length official allele,/mnt/c/Users/bless/Downloads/e_faecalis_disseration_project/local_archive/large_outputs/Efaecalis_58_AMRFinder/02_genomes_fna/GCA_050506925.1.fna
GCA_050506925.1,Bacteraemia,gki,Exact_known_allele,8,8,8,1,8,100,100,CP175233.1,589594,590031,+,One unambiguous exact full-length official allele,/mnt/c/Users/bless/Downloads/e_faecalis_disseration_project/local_archive/large_outputs/Efaecalis_58_AMRFinder/02_genomes_fna/GCA_050506925.1.fna
GCA_050506925.1,Bacteraemia,aroE,Exact_known_allele,1,1,1,1,1,100,100,CP175233.1,1493125,1493583,-,One unambiguous exact full-length official allele,/mnt/c/Users/bless/Downloads/e_faecalis_disseration_project/local_archive/large_outputs/Efaecalis_58_AMRFinder/02_genomes_fna/GCA_050506925.1.fna
GCA_050506925.1,Bacteraemia,xpt,Exact_known_allele,6,6,6,1,6,100,100,CP175233.1,946155,946610,+,One unambiguous exact full-length official allele,/mnt/c/Users/bless/Downloads/e_faecalis_disseration_project/local_archive/large_outputs/Efaecalis_58_AMRFinder/02_genomes_fna/GCA_050506925.1.fna
GCA_050506925.1,Bacteraemia,yqiL,Exact_known_allele,1,1,1,1,1,100,100,CP175233.1,1627731,1628166,-,One unambiguous exact full-length official allele,/mnt/c/Users/bless/Downloads/e_faecalis_disseration_project/local_archive/large_outputs/Efaecalis_58_AMRFinder/02_genomes_fna/GCA_050506925.1.fna
GCA_050506935.1,Bacteraemia,gdh,Exact_known_allele,1,1,1,1,1,100,100,CP175230.1,1984430,1984959,+,One unambiguous exact full-length official allele,/mnt/c/Users/bless/Downloads/e_faecalis_disseration_project/local_archive/large_outputs/Efaecalis_58_AMRFinder/02_genomes_fna/GCA_050506935.1.fna
GCA_050506935.1,Bacteraemia,gyd,Exact_known_allele,2,2,2,1,2,100,100,CP175230.1,1099955,1100349,+,One unambiguous exact full-length official allele,/mnt/c/Users/bless/Downloads/e_faecalis_disseration_project/local_archive/large_outputs/Efaecalis_58_AMRFinder/02_genomes_fna/GCA_050506935.1.fna
GCA_050506935.1,Bacteraemia,pstS,Exact_known_allele,12,12,12,1,12,100,100,CP175230.1,1291290,1291872,+,One unambiguous exact full-length official allele,/mnt/c/Users/bless/Downloads/e_faecalis_disseration_project/local_archive/large_outputs/Efaecalis_58_AMRFinder/02_genomes_fna/GCA_050506935.1.fna
GCA_050506935.1,Bacteraemia,gki,Exact_known_allele,8,8,8,1,8,100,100,CP175230.1,529492,529929,+,One unambiguous exact full-length official allele,/mnt/c/Users/bless/Downloads/e_faecalis_disseration_project/local_archive/large_outputs/Efaecalis_58_AMRFinder/02_genomes_fna/GCA_050506935.1.fna
GCA_050506935.1,Bacteraemia,aroE,Exact_known_allele,1,1,1,1,1,100,100,CP175230.1,1433023,1433481,-,One unambiguous exact full-length official allele,/mnt/c/Users/bless/Downloads/e_faecalis_disseration_project/local_archive/large_outputs/Efaecalis_58_AMRFinder/02_genomes_fna/GCA_050506935.1.fna
GCA_050506935.1,Bacteraemia,xpt,Exact_known_allele,6,6,6,1,6,100,100,CP175230.1,886053,886508,+,One unambiguous exact full-length official allele,/mnt/c/Users/bless/Downloads/e_faecalis_disseration_project/local_archive/large_outputs/Efaecalis_58_AMRFinder/02_genomes_fna/GCA_050506935.1.fna
GCA_050506935.1,Bacteraemia,yqiL,Exact_known_allele,1,1,1,1,1,100,100,CP175230.1,1567631,1568066,-,One unambiguous exact full-length official allele,/mnt/c/Users/bless/Downloads/e_faecalis_disseration_project/local_archive/large_outputs/Efaecalis_58_AMRFinder/02_genomes_fna/GCA_050506935.1.fna
GCA_050506985.1,Bacteraemia,gdh,Exact_known_allele,1,1,1,1,1,100,100,CP175228.1,1984428,1984957,+,One unambiguous exact full-length official allele,/mnt/c/Users/bless/Downloads/e_faecalis_disseration_project/local_archive/large_outputs/Efaecalis_58_AMRFinder/02_genomes_fna/GCA_050506985.1.fna
GCA_050506985.1,Bacteraemia,gyd,Exact_known_allele,2,2,2,1,2,100,100,CP175228.1,1099955,1100349,+,One unambiguous exact full-length official allele,/mnt/c/Users/bless/Downloads/e_faecalis_disseration_project/local_archive/large_outputs/Efaecalis_58_AMRFinder/02_genomes_fna/GCA_050506985.1.fna
GCA_050506985.1,Bacteraemia,pstS,Exact_known_allele,12,12,12,1,12,100,100,CP175228.1,1291290,1291872,+,One unambiguous exact full-length official allele,/mnt/c/Users/bless/Downloads/e_faecalis_disseration_project/local_archive/large_outputs/Efaecalis_58_AMRFinder/02_genomes_fna/GCA_050506985.1.fna
GCA_050506985.1,Bacteraemia,gki,Exact_known_allele,8,8,8,1,8,100,100,CP175228.1,529492,529929,+,One unambiguous exact full-length official allele,/mnt/c/Users/bless/Downloads/e_faecalis_disseration_project/local_archive/large_outputs/Efaecalis_58_AMRFinder/02_genomes_fna/GCA_050506985.1.fna
GCA_050506985.1,Bacteraemia,aroE,Exact_known_allele,1,1,1,1,1,100,100,CP175228.1,1433023,1433481,-,One unambiguous exact full-length official allele,/mnt/c/Users/bless/Downloads/e_faecalis_disseration_project/local_archive/large_outputs/Efaecalis_58_AMRFinder/02_genomes_fna/GCA_050506985.1.fna
GCA_050506985.1,Bacteraemia,xpt,Exact_known_allele,6,6,6,1,6,100,100,CP175228.1,886053,886508,+,One unambiguous exact full-length official allele,/mnt/c/Users/bless/Downloads/e_faecalis_disseration_project/local_archive/large_outputs/Efaecalis_58_AMRFinder/02_genomes_fna/GCA_050506985.1.fna
GCA_050506985.1,Bacteraemia,yqiL,Exact_known_allele,1,1,1,1,1,100,100,CP175228.1,1567629,1568064,-,One unambiguous exact full-length official allele,/mnt/c/Users/bless/Downloads/e_faecalis_disseration_project/local_archive/large_outputs/Efaecalis_58_AMRFinder/02_genomes_fna/GCA_050506985.1.fna
GCA_050506995.1,Bacteraemia,gdh,Exact_known_allele,5,5,5,1,5,100,100,CP175225.1,683220,683749,-,One unambiguous exact full-length official allele,/mnt/c/Users/bless/Downloads/e_faecalis_disseration_project/local_archive/large_outputs/Efaecalis_58_AMRFinder/02_genomes_fna/GCA_050506995.1.fna
GCA_050506995.1,Bacteraemia,gyd,Exact_known_allele,1,1,1,1,1,100,100,CP175225.1,1558898,1559292,-,One unambiguous exact full-length official allele,/mnt/c/Users/bless/Downloads/e_faecalis_disseration_project/local_archive/large_outputs/Efaecalis_58_AMRFinder/02_genomes_fna/GCA_050506995.1.fna
GCA_050506995.1,Bacteraemia,pstS,Exact_known_allele,1,1,1,1,1,100,100,CP175225.1,1333109,1333691,-,One unambiguous exact full-length official allele,/mnt/c/Users/bless/Downloads/e_faecalis_disseration_project/local_archive/large_outputs/Efaecalis_58_AMRFinder/02_genomes_fna/GCA_050506995.1.fna
GCA_050506995.1,Bacteraemia,gki,Exact_known_allele,3,3,3,1,3,100,100,CP175225.1,2183794,2184231,-,One unambiguous exact full-length official allele,/mnt/c/Users/bless/Downloads/e_faecalis_disseration_project/local_archive/large_outputs/Efaecalis_58_AMRFinder/02_genomes_fna/GCA_050506995.1.fna
GCA_050506995.1,Bacteraemia,aroE,Exact_known_allele,7,7,7,1,7,100,100,CP175225.1,1195682,1196140,+,One unambiguous exact full-length official allele,/mnt/c/Users/bless/Downloads/e_faecalis_disseration_project/local_archive/large_outputs/Efaecalis_58_AMRFinder/02_genomes_fna/GCA_050506995.1.fna
GCA_050506995.1,Bacteraemia,xpt,Exact_known_allele,1,1,1,1,1,100,100,CP175225.1,1796228,1796683,-,One unambiguous exact full-length official allele,/mnt/c/Users/bless/Downloads/e_faecalis_disseration_project/local_archive/large_outputs/Efaecalis_58_AMRFinder/02_genomes_fna/GCA_050506995.1.fna
GCA_050506995.1,Bacteraemia,yqiL,Exact_known_allele,6,6,6,1,6,100,100,CP175225.1,1062849,1063284,+,One unambiguous exact full-length official allele,/mnt/c/Users/bless/Downloads/e_faecalis_disseration_project/local_archive/large_outputs/Efaecalis_58_AMRFinder/02_genomes_fna/GCA_050506995.1.fna
GCA_050507065.1,Bacteraemia,gdh,Exact_known_allele,5,5,5,1,5,100,100,CP175224.1,2846497,2847026,-,One unambiguous exact full-length official allele,/mnt/c/Users/bless/Downloads/e_faecalis_disseration_project/local_archive/large_outputs/Efaecalis_58_AMRFinder/02_genomes_fna/GCA_050507065.1.fna
GCA_050507065.1,Bacteraemia,gyd,Exact_known_allele,1,1,1,1,1,100,100,CP175224.1,823487,823881,-,One unambiguous exact full-length official allele,/mnt/c/Users/bless/Downloads/e_faecalis_disseration_project/local_archive/large_outputs/Efaecalis_58_AMRFinder/02_genomes_fna/GCA_050507065.1.fna
GCA_050507065.1,Bacteraemia,pstS,Exact_known_allele,1,1,1,1,1,100,100,CP175224.1,597701,598283,-,One unambiguous exact full-length official allele,/mnt/c/Users/bless/Downloads/e_faecalis_disseration_project/local_archive/large_outputs/Efaecalis_58_AMRFinder/02_genomes_fna/GCA_050507065.1.fna
GCA_050507065.1,Bacteraemia,gki,Exact_known_allele,3,3,3,1,3,100,100,CP175224.1,1448383,1448820,-,One unambiguous exact full-length official allele,/mnt/c/Users/bless/Downloads/e_faecalis_disseration_project/local_archive/large_outputs/Efaecalis_58_AMRFinder/02_genomes_fna/GCA_050507065.1.fna
GCA_050507065.1,Bacteraemia,aroE,Exact_known_allele,7,7,7,1,7,100,100,CP175224.1,460274,460732,+,One unambiguous exact full-length official allele,/mnt/c/Users/bless/Downloads/e_faecalis_disseration_project/local_archive/large_outputs/Efaecalis_58_AMRFinder/02_genomes_fna/GCA_050507065.1.fna
GCA_050507065.1,Bacteraemia,xpt,Exact_known_allele,1,1,1,1,1,100,100,CP175224.1,1060817,1061272,-,One unambiguous exact full-length official allele,/mnt/c/Users/bless/Downloads/e_faecalis_disseration_project/local_archive/large_outputs/Efaecalis_58_AMRFinder/02_genomes_fna/GCA_050507065.1.fna
GCA_050507065.1,Bacteraemia,yqiL,Exact_known_allele,6,6,6,1,6,100,100,CP175224.1,327441,327876,+,One unambiguous exact full-length official allele,/mnt/c/Users/bless/Downloads/e_faecalis_disseration_project/local_archive/large_outputs/Efaecalis_58_AMRFinder/02_genomes_fna/GCA_050507065.1.fna
GCA_050507075.1,Bacteraemia,gdh,Exact_known_allele,12,12,12,1,12,100,100,CP175221.1,933329,933858,-,One unambiguous exact full-length official allele,/mnt/c/Users/bless/Downloads/e_faecalis_disseration_project/local_archive/large_outputs/Efaecalis_58_AMRFinder/02_genomes_fna/GCA_050507075.1.fna
GCA_050507075.1,Bacteraemia,gyd,Exact_known_allele,7,7,7,1,7,100,100,CP175221.1,1921740,1922134,-,One unambiguous exact full-length official allele,/mnt/c/Users/bless/Downloads/e_faecalis_disseration_project/local_archive/large_outputs/Efaecalis_58_AMRFinder/02_genomes_fna/GCA_050507075.1.fna
GCA_050507075.1,Bacteraemia,pstS,Exact_known_allele,3,3,3,1,3,100,100,CP175221.1,1624830,1625412,-,One unambiguous exact full-length official allele,/mnt/c/Users/bless/Downloads/e_faecalis_disseration_project/local_archive/large_outputs/Efaecalis_58_AMRFinder/02_genomes_fna/GCA_050507075.1.fna
GCA_050507075.1,Bacteraemia,gki,Exact_known_allele,7,7,7,1,7,100,100,CP175221.1,2595267,2595704,-,One unambiguous exact full-length official allele,/mnt/c/Users/bless/Downloads/e_faecalis_disseration_project/local_archive/large_outputs/Efaecalis_58_AMRFinder/02_genomes_fna/GCA_050507075.1.fna
GCA_050507075.1,Bacteraemia,aroE,Exact_known_allele,6,6,6,1,6,100,100,CP175221.1,1487332,1487790,+,One unambiguous exact full-length official allele,/mnt/c/Users/bless/Downloads/e_faecalis_disseration_project/local_archive/large_outputs/Efaecalis_58_AMRFinder/02_genomes_fna/GCA_050507075.1.fna
GCA_050507075.1,Bacteraemia,xpt,Exact_known_allele,1,1,1,1,1,100,100,CP175221.1,2210306,2210761,-,One unambiguous exact full-length official allele,/mnt/c/Users/bless/Downloads/e_faecalis_disseration_project/local_archive/large_outputs/Efaecalis_58_AMRFinder/02_genomes_fna/GCA_050507075.1.fna
GCA_050507075.1,Bacteraemia,yqiL,Exact_known_allele,5,5,5,1,5,100,100,CP175221.1,1310251,1310686,+,One unambiguous exact full-length official allele,/mnt/c/Users/bless/Downloads/e_faecalis_disseration_project/local_archive/large_outputs/Efaecalis_58_AMRFinder/02_genomes_fna/GCA_050507075.1.fna
GCA_050507105.1,Bacteraemia,gdh,Exact_known_allele,12,12,12,1,12,100,100,CP175219.1,1001920,1002449,-,One unambiguous exact full-length official allele,/mnt/c/Users/bless/Downloads/e_faecalis_disseration_project/local_archive/large_outputs/Efaecalis_58_AMRFinder/02_genomes_fna/GCA_050507105.1.fna
GCA_050507105.1,Bacteraemia,gyd,Exact_known_allele,7,7,7,1,7,100,100,CP175219.1,1990332,1990726,-,One unambiguous exact full-length official allele,/mnt/c/Users/bless/Downloads/e_faecalis_disseration_project/local_archive/large_outputs/Efaecalis_58_AMRFinder/02_genomes_fna/GCA_050507105.1.fna
GCA_050507105.1,Bacteraemia,pstS,Exact_known_allele,3,3,3,1,3,100,100,CP175219.1,1693422,1694004,-,One unambiguous exact full-length official allele,/mnt/c/Users/bless/Downloads/e_faecalis_disseration_project/local_archive/large_outputs/Efaecalis_58_AMRFinder/02_genomes_fna/GCA_050507105.1.fna
GCA_050507105.1,Bacteraemia,gki,Exact_known_allele,7,7,7,1,7,100,100,CP175219.1,2663862,2664299,-,One unambiguous exact full-length official allele,/mnt/c/Users/bless/Downloads/e_faecalis_disseration_project/local_archive/large_outputs/Efaecalis_58_AMRFinder/02_genomes_fna/GCA_050507105.1.fna
GCA_050507105.1,Bacteraemia,aroE,Exact_known_allele,6,6,6,1,6,100,100,CP175219.1,1555924,1556382,+,One unambiguous exact full-length official allele,/mnt/c/Users/bless/Downloads/e_faecalis_disseration_project/local_archive/large_outputs/Efaecalis_58_AMRFinder/02_genomes_fna/GCA_050507105.1.fna
GCA_050507105.1,Bacteraemia,xpt,Exact_known_allele,1,1,1,1,1,100,100,CP175219.1,2278900,2279355,-,One unambiguous exact full-length official allele,/mnt/c/Users/bless/Downloads/e_faecalis_disseration_project/local_archive/large_outputs/Efaecalis_58_AMRFinder/02_genomes_fna/GCA_050507105.1.fna
GCA_050507105.1,Bacteraemia,yqiL,Exact_known_allele,5,5,5,1,5,100,100,CP175219.1,1378842,1379277,+,One unambiguous exact full-length official allele,/mnt/c/Users/bless/Downloads/e_faecalis_disseration_project/local_archive/large_outputs/Efaecalis_58_AMRFinder/02_genomes_fna/GCA_050507105.1.fna
GCA_050516645.1,Bacteraemia,gdh,Exact_known_allele,27,27,27,1,27,100,100,CP175406.1,625243,625772,-,One unambiguous exact full-length official allele,/mnt/c/Users/bless/Downloads/e_faecalis_disseration_project/local_archive/large_outputs/Efaecalis_58_AMRFinder/02_genomes_fna/GCA_050516645.1.fna
GCA_050516645.1,Bacteraemia,gyd,Exact_known_allele,6,6,6,1,6,100,100,CP175406.1,1490038,1490432,-,One unambiguous exact full-length official allele,/mnt/c/Users/bless/Downloads/e_faecalis_disseration_project/local_archive/large_outputs/Efaecalis_58_AMRFinder/02_genomes_fna/GCA_050516645.1.fna
GCA_050516645.1,Bacteraemia,pstS,Exact_known_allele,23,23,23,1,23,100,100,CP175406.1,1290500,1291082,-,One unambiguous exact full-length official allele,/mnt/c/Users/bless/Downloads/e_faecalis_disseration_project/local_archive/large_outputs/Efaecalis_58_AMRFinder/02_genomes_fna/GCA_050516645.1.fna
GCA_050516645.1,Bacteraemia,gki,Exact_known_allele,12,12,12,1,12,100,100,CP175406.1,2188399,2188836,-,One unambiguous exact full-length official allele,/mnt/c/Users/bless/Downloads/e_faecalis_disseration_project/local_archive/large_outputs/Efaecalis_58_AMRFinder/02_genomes_fna/GCA_050516645.1.fna
GCA_050516645.1,Bacteraemia,aroE,Exact_known_allele,9,9,9,1,9,100,100,CP175406.1,1153322,1153780,+,One unambiguous exact full-length official allele,/mnt/c/Users/bless/Downloads/e_faecalis_disseration_project/local_archive/large_outputs/Efaecalis_58_AMRFinder/02_genomes_fna/GCA_050516645.1.fna
GCA_050516645.1,Bacteraemia,xpt,Exact_known_allele,10,10,10,1,10,100,100,CP175406.1,1730718,1731173,-,One unambiguous exact full-length official allele,/mnt/c/Users/bless/Downloads/e_faecalis_disseration_project/local_archive/large_outputs/Efaecalis_58_AMRFinder/02_genomes_fna/GCA_050516645.1.fna
GCA_050516645.1,Bacteraemia,yqiL,Exact_known_allele,7,7,7,1,7,100,100,CP175406.1,1018982,1019417,+,One unambiguous exact full-length official allele,/mnt/c/Users/bless/Downloads/e_faecalis_disseration_project/local_archive/large_outputs/Efaecalis_58_AMRFinder/02_genomes_fna/GCA_050516645.1.fna
GCA_050516655.1,Bacteraemia,gdh,Exact_known_allele,27,27,27,1,27,100,100,CP175400.1,896694,897223,+,One unambiguous exact full-length official allele,/mnt/c/Users/bless/Downloads/e_faecalis_disseration_project/local_archive/large_outputs/Efaecalis_58_AMRFinder/02_genomes_fna/GCA_050516655.1.fna
GCA_050516655.1,Bacteraemia,gyd,Exact_known_allele,6,6,6,1,6,100,100,CP175400.1,32034,32428,+,One unambiguous exact full-length official allele,/mnt/c/Users/bless/Downloads/e_faecalis_disseration_project/local_archive/large_outputs/Efaecalis_58_AMRFinder/02_genomes_fna/GCA_050516655.1.fna
GCA_050516655.1,Bacteraemia,pstS,Exact_known_allele,23,23,23,1,23,100,100,CP175400.1,231384,231966,+,One unambiguous exact full-length official allele,/mnt/c/Users/bless/Downloads/e_faecalis_disseration_project/local_archive/large_outputs/Efaecalis_58_AMRFinder/02_genomes_fna/GCA_050516655.1.fna
GCA_050516655.1,Bacteraemia,gki,Exact_known_allele,12,12,12,1,12,100,100,CP175400.1,2302723,2303160,+,One unambiguous exact full-length official allele,/mnt/c/Users/bless/Downloads/e_faecalis_disseration_project/local_archive/large_outputs/Efaecalis_58_AMRFinder/02_genomes_fna/GCA_050516655.1.fna
GCA_050516655.1,Bacteraemia,aroE,Exact_known_allele,9,9,9,1,9,100,100,CP175400.1,368686,369144,-,One unambiguous exact full-length official allele,/mnt/c/Users/bless/Downloads/e_faecalis_disseration_project/local_archive/large_outputs/Efaecalis_58_AMRFinder/02_genomes_fna/GCA_050516655.1.fna
GCA_050516655.1,Bacteraemia,xpt,Exact_known_allele,10,10,10,1,10,100,100,CP175400.1,2760387,2760842,+,One unambiguous exact full-length official allele,/mnt/c/Users/bless/Downloads/e_faecalis_disseration_project/local_archive/large_outputs/Efaecalis_58_AMRFinder/02_genomes_fna/GCA_050516655.1.fna
GCA_050516655.1,Bacteraemia,yqiL,Exact_known_allele,7,7,7,1,7,100,100,CP175400.1,503049,503484,-,One unambiguous exact full-length official allele,/mnt/c/Users/bless/Downloads/e_faecalis_disseration_project/local_archive/large_outputs/Efaecalis_58_AMRFinder/02_genomes_fna/GCA_050516655.1.fna
GCA_050516665.1,Bacteraemia,gdh,Exact_known_allele,5,5,5,1,5,100,100,CP175397.1,925206,925735,-,One unambiguous exact full-length official allele,/mnt/c/Users/bless/Downloads/e_faecalis_disseration_project/local_archive/large_outputs/Efaecalis_58_AMRFinder/02_genomes_fna/GCA_050516665.1.fna
GCA_050516665.1,Bacteraemia,gyd,Exact_known_allele,1,1,1,1,1,100,100,CP175397.1,1809227,1809621,-,One unambiguous exact full-length official allele,/mnt/c/Users/bless/Downloads/e_faecalis_disseration_project/local_archive/large_outputs/Efaecalis_58_AMRFinder/02_genomes_fna/GCA_050516665.1.fna
GCA_050516665.1,Bacteraemia,pstS,Exact_known_allele,1,1,1,1,1,100,100,CP175397.1,1583436,1584018,-,One unambiguous exact full-length official allele,/mnt/c/Users/bless/Downloads/e_faecalis_disseration_project/local_archive/large_outputs/Efaecalis_58_AMRFinder/02_genomes_fna/GCA_050516665.1.fna
GCA_050516665.1,Bacteraemia,gki,Exact_known_allele,3,3,3,1,3,100,100,CP175397.1,2433989,2434426,-,One unambiguous exact full-length official allele,/mnt/c/Users/bless/Downloads/e_faecalis_disseration_project/local_archive/large_outputs/Efaecalis_58_AMRFinder/02_genomes_fna/GCA_050516665.1.fna
GCA_050516665.1,Bacteraemia,aroE,Exact_known_allele,7,7,7,1,7,100,100,CP175397.1,1437667,1438125,+,One unambiguous exact full-length official allele,/mnt/c/Users/bless/Downloads/e_faecalis_disseration_project/local_archive/large_outputs/Efaecalis_58_AMRFinder/02_genomes_fna/GCA_050516665.1.fna
GCA_050516665.1,Bacteraemia,xpt,Exact_known_allele,1,1,1,1,1,100,100,CP175397.1,2046556,2047011,-,One unambiguous exact full-length official allele,/mnt/c/Users/bless/Downloads/e_faecalis_disseration_project/local_archive/large_outputs/Efaecalis_58_AMRFinder/02_genomes_fna/GCA_050516665.1.fna
GCA_050516665.1,Bacteraemia,yqiL,Exact_known_allele,6,6,6,1,6,100,100,CP175397.1,1304835,1305270,+,One unambiguous exact full-length official allele,/mnt/c/Users/bless/Downloads/e_faecalis_disseration_project/local_archive/large_outputs/Efaecalis_58_AMRFinder/02_genomes_fna/GCA_050516665.1.fna
GCA_050516675.1,Bacteraemia,gdh,Exact_known_allele,5,5,5,1,5,100,100,CP175395.1,924078,924607,-,One unambiguous exact full-length official allele,/mnt/c/Users/bless/Downloads/e_faecalis_disseration_project/local_archive/large_outputs/Efaecalis_58_AMRFinder/02_genomes_fna/GCA_050516675.1.fna
GCA_050516675.1,Bacteraemia,gyd,Exact_known_allele,1,1,1,1,1,100,100,CP175395.1,1806506,1806900,-,One unambiguous exact full-length official allele,/mnt/c/Users/bless/Downloads/e_faecalis_disseration_project/local_archive/large_outputs/Efaecalis_58_AMRFinder/02_genomes_fna/GCA_050516675.1.fna
GCA_050516675.1,Bacteraemia,pstS,Exact_known_allele,1,1,1,1,1,100,100,CP175395.1,1580720,1581302,-,One unambiguous exact full-length official allele,/mnt/c/Users/bless/Downloads/e_faecalis_disseration_project/local_archive/large_outputs/Efaecalis_58_AMRFinder/02_genomes_fna/GCA_050516675.1.fna
GCA_050516675.1,Bacteraemia,gki,Exact_known_allele,3,3,3,1,3,100,100,CP175395.1,2466172,2466609,-,One unambiguous exact full-length official allele,/mnt/c/Users/bless/Downloads/e_faecalis_disseration_project/local_archive/large_outputs/Efaecalis_58_AMRFinder/02_genomes_fna/GCA_050516675.1.fna
GCA_050516675.1,Bacteraemia,aroE,Exact_known_allele,7,7,7,1,7,100,100,CP175395.1,1435024,1435482,+,One unambiguous exact full-length official allele,/mnt/c/Users/bless/Downloads/e_faecalis_disseration_project/local_archive/large_outputs/Efaecalis_58_AMRFinder/02_genomes_fna/GCA_050516675.1.fna
GCA_050516675.1,Bacteraemia,xpt,Exact_known_allele,1,1,1,1,1,100,100,CP175395.1,2043829,2044284,-,One unambiguous exact full-length official allele,/mnt/c/Users/bless/Downloads/e_faecalis_disseration_project/local_archive/large_outputs/Efaecalis_58_AMRFinder/02_genomes_fna/GCA_050516675.1.fna
GCA_050516675.1,Bacteraemia,yqiL,Exact_known_allele,6,6,6,1,6,100,100,CP175395.1,1302191,1302626,+,One unambiguous exact full-length official allele,/mnt/c/Users/bless/Downloads/e_faecalis_disseration_project/local_archive/large_outputs/Efaecalis_58_AMRFinder/02_genomes_fna/GCA_050516675.1.fna
GCF_049262565.1,Reproductive,gdh,Exact_known_allele,7,7,7,1,7,100,100,NZ_CP185997.1,890816,891345,-,One unambiguous exact full-length official allele,/mnt/c/Users/bless/Downloads/e_faecalis_disseration_project/local_archive/large_outputs/Efaecalis_14_AMRFinder/02_genomes_fna/GCF_049262565.1.fna
GCF_049262565.1,Reproductive,gyd,Exact_known_allele,1,1,1,1,1,100,100,NZ_CP185997.1,1776376,1776770,-,One unambiguous exact full-length official allele,/mnt/c/Users/bless/Downloads/e_faecalis_disseration_project/local_archive/large_outputs/Efaecalis_14_AMRFinder/02_genomes_fna/GCF_049262565.1.fna
GCF_049262565.1,Reproductive,pstS,Exact_known_allele,11,11,11,1,11,100,100,NZ_CP185997.1,1548564,1549146,-,One unambiguous exact full-length official allele,/mnt/c/Users/bless/Downloads/e_faecalis_disseration_project/local_archive/large_outputs/Efaecalis_14_AMRFinder/02_genomes_fna/GCF_049262565.1.fna
GCF_049262565.1,Reproductive,gki,Exact_known_allele,1,1,1,1,1,100,100,NZ_CP185997.1,2395492,2395929,-,One unambiguous exact full-length official allele,/mnt/c/Users/bless/Downloads/e_faecalis_disseration_project/local_archive/large_outputs/Efaecalis_14_AMRFinder/02_genomes_fna/GCF_049262565.1.fna
GCF_049262565.1,Reproductive,aroE,Exact_known_allele,10,10,10,1,10,100,100,NZ_CP185997.1,1407413,1407871,+,One unambiguous exact full-length official allele,/mnt/c/Users/bless/Downloads/e_faecalis_disseration_project/local_archive/large_outputs/Efaecalis_14_AMRFinder/02_genomes_fna/GCF_049262565.1.fna
GCF_049262565.1,Reproductive,xpt,Exact_known_allele,2,2,2,1,2,100,100,NZ_CP185997.1,1995827,1996282,-,One unambiguous exact full-length official allele,/mnt/c/Users/bless/Downloads/e_faecalis_disseration_project/local_archive/large_outputs/Efaecalis_14_AMRFinder/02_genomes_fna/GCF_049262565.1.fna
GCF_049262565.1,Reproductive,yqiL,Exact_known_allele,1,1,1,1,1,100,100,NZ_CP185997.1,1271761,1272196,+,One unambiguous exact full-length official allele,/mnt/c/Users/bless/Downloads/e_faecalis_disseration_project/local_archive/large_outputs/Efaecalis_14_AMRFinder/02_genomes_fna/GCF_049262565.1.fna
GCF_053117575.1,Reproductive,gdh,Exact_known_allele,5,5,5,1,5,100,100,NZ_CP181216.1,924127,924656,-,One unambiguous exact full-length official allele,/mnt/c/Users/bless/Downloads/e_faecalis_disseration_project/local_archive/large_outputs/Efaecalis_14_AMRFinder/02_genomes_fna/GCF_053117575.1.fna
GCF_053117575.1,Reproductive,gyd,Exact_known_allele,1,1,1,1,1,100,100,NZ_CP181216.1,1817301,1817695,-,One unambiguous exact full-length official allele,/mnt/c/Users/bless/Downloads/e_faecalis_disseration_project/local_archive/large_outputs/Efaecalis_14_AMRFinder/02_genomes_fna/GCF_053117575.1.fna
GCF_053117575.1,Reproductive,pstS,Exact_known_allele,1,1,1,1,1,100,100,NZ_CP181216.1,1591563,1592145,-,One unambiguous exact full-length official allele,/mnt/c/Users/bless/Downloads/e_faecalis_disseration_project/local_archive/large_outputs/Efaecalis_14_AMRFinder/02_genomes_fna/GCF_053117575.1.fna
GCF_053117575.1,Reproductive,gki,Exact_known_allele,3,3,3,1,3,100,100,NZ_CP181216.1,2485723,2486160,-,One unambiguous exact full-length official allele,/mnt/c/Users/bless/Downloads/e_faecalis_disseration_project/local_archive/large_outputs/Efaecalis_14_AMRFinder/02_genomes_fna/GCF_053117575.1.fna
GCF_053117575.1,Reproductive,aroE,Exact_known_allele,7,7,7,1,7,100,100,NZ_CP181216.1,1435070,1435528,+,One unambiguous exact full-length official allele,/mnt/c/Users/bless/Downloads/e_faecalis_disseration_project/local_archive/large_outputs/Efaecalis_14_AMRFinder/02_genomes_fna/GCF_053117575.1.fna
GCF_053117575.1,Reproductive,xpt,Exact_known_allele,1,1,1,1,1,100,100,NZ_CP181216.1,2098157,2098612,-,One unambiguous exact full-length official allele,/mnt/c/Users/bless/Downloads/e_faecalis_disseration_project/local_archive/large_outputs/Efaecalis_14_AMRFinder/02_genomes_fna/GCF_053117575.1.fna
GCF_053117575.1,Reproductive,yqiL,Exact_known_allele,6,6,6,1,6,100,100,NZ_CP181216.1,1302237,1302672,+,One unambiguous exact full-length official allele,/mnt/c/Users/bless/Downloads/e_faecalis_disseration_project/local_archive/large_outputs/Efaecalis_14_AMRFinder/02_genomes_fna/GCF_053117575.1.fna
GCF_053117585.1,Reproductive,gdh,Exact_known_allele,5,5,5,1,5,100,100,NZ_CP181214.1,951590,952119,-,One unambiguous exact full-length official allele,/mnt/c/Users/bless/Downloads/e_faecalis_disseration_project/local_archive/large_outputs/Efaecalis_14_AMRFinder/02_genomes_fna/GCF_053117585.1.fna
GCF_053117585.1,Reproductive,gyd,Exact_known_allele,1,1,1,1,1,100,100,NZ_CP181214.1,1795945,1796339,-,One unambiguous exact full-length official allele,/mnt/c/Users/bless/Downloads/e_faecalis_disseration_project/local_archive/large_outputs/Efaecalis_14_AMRFinder/02_genomes_fna/GCF_053117585.1.fna
GCF_053117585.1,Reproductive,pstS,Exact_known_allele,1,1,1,1,1,100,100,NZ_CP181214.1,1613439,1614021,-,One unambiguous exact full-length official allele,/mnt/c/Users/bless/Downloads/e_faecalis_disseration_project/local_archive/large_outputs/Efaecalis_14_AMRFinder/02_genomes_fna/GCF_053117585.1.fna
GCF_053117585.1,Reproductive,gki,Exact_known_allele,3,3,3,1,3,100,100,NZ_CP181214.1,2419008,2419445,-,One unambiguous exact full-length official allele,/mnt/c/Users/bless/Downloads/e_faecalis_disseration_project/local_archive/large_outputs/Efaecalis_14_AMRFinder/02_genomes_fna/GCF_053117585.1.fna
GCF_053117585.1,Reproductive,aroE,Exact_known_allele,7,7,7,1,7,100,100,NZ_CP181214.1,1460849,1461307,+,One unambiguous exact full-length official allele,/mnt/c/Users/bless/Downloads/e_faecalis_disseration_project/local_archive/large_outputs/Efaecalis_14_AMRFinder/02_genomes_fna/GCF_053117585.1.fna
GCF_053117585.1,Reproductive,xpt,Exact_known_allele,7,7,7,1,7,100,100,NZ_CP181214.1,2039887,2040342,-,One unambiguous exact full-length official allele,/mnt/c/Users/bless/Downloads/e_faecalis_disseration_project/local_archive/large_outputs/Efaecalis_14_AMRFinder/02_genomes_fna/GCF_053117585.1.fna
GCF_053117585.1,Reproductive,yqiL,Exact_known_allele,6,6,6,1,6,100,100,NZ_CP181214.1,1328016,1328451,+,One unambiguous exact full-length official allele,/mnt/c/Users/bless/Downloads/e_faecalis_disseration_project/local_archive/large_outputs/Efaecalis_14_AMRFinder/02_genomes_fna/GCF_053117585.1.fna
GCF_053117655.1,Reproductive,gdh,Exact_known_allele,5,5,5,1,5,100,100,NZ_CP181220.1,862347,862876,-,One unambiguous exact full-length official allele,/mnt/c/Users/bless/Downloads/e_faecalis_disseration_project/local_archive/large_outputs/Efaecalis_14_AMRFinder/02_genomes_fna/GCF_053117655.1.fna
GCF_053117655.1,Reproductive,gyd,Exact_known_allele,1,1,1,1,1,100,100,NZ_CP181220.1,1722792,1723186,-,One unambiguous exact full-length official allele,/mnt/c/Users/bless/Downloads/e_faecalis_disseration_project/local_archive/large_outputs/Efaecalis_14_AMRFinder/02_genomes_fna/GCF_053117655.1.fna
GCF_053117655.1,Reproductive,pstS,Exact_known_allele,1,1,1,1,1,100,100,NZ_CP181220.1,1539912,1540494,-,One unambiguous exact full-length official allele,/mnt/c/Users/bless/Downloads/e_faecalis_disseration_project/local_archive/large_outputs/Efaecalis_14_AMRFinder/02_genomes_fna/GCF_053117655.1.fna
GCF_053117655.1,Reproductive,gki,Exact_known_allele,3,3,3,1,3,100,100,NZ_CP181220.1,2319377,2319814,-,One unambiguous exact full-length official allele,/mnt/c/Users/bless/Downloads/e_faecalis_disseration_project/local_archive/large_outputs/Efaecalis_14_AMRFinder/02_genomes_fna/GCF_053117655.1.fna
GCF_053117655.1,Reproductive,aroE,Exact_known_allele,7,7,7,1,7,100,100,NZ_CP181220.1,1373268,1373726,+,One unambiguous exact full-length official allele,/mnt/c/Users/bless/Downloads/e_faecalis_disseration_project/local_archive/large_outputs/Efaecalis_14_AMRFinder/02_genomes_fna/GCF_053117655.1.fna
GCF_053117655.1,Reproductive,xpt,Exact_known_allele,1,1,1,1,1,100,100,NZ_CP181220.1,1953806,1954261,-,One unambiguous exact full-length official allele,/mnt/c/Users/bless/Downloads/e_faecalis_disseration_project/local_archive/large_outputs/Efaecalis_14_AMRFinder/02_genomes_fna/GCF_053117655.1.fna
GCF_053117655.1,Reproductive,yqiL,Exact_known_allele,6,6,6,1,6,100,100,NZ_CP181220.1,1240456,1240891,+,One unambiguous exact full-length official allele,/mnt/c/Users/bless/Downloads/e_faecalis_disseration_project/local_archive/large_outputs/Efaecalis_14_AMRFinder/02_genomes_fna/GCF_053117655.1.fna
GCF_053117665.1,Reproductive,gdh,Exact_known_allele,3,3,3,1,3,100,100,NZ_CP181222.1,2167649,2168178,+,One unambiguous exact full-length official allele,/mnt/c/Users/bless/Downloads/e_faecalis_disseration_project/local_archive/large_outputs/Efaecalis_14_AMRFinder/02_genomes_fna/GCF_053117665.1.fna
GCF_053117665.1,Reproductive,gyd,Exact_known_allele,6,6,6,1,6,100,100,NZ_CP181222.1,1247945,1248339,+,One unambiguous exact full-length official allele,/mnt/c/Users/bless/Downloads/e_faecalis_disseration_project/local_archive/large_outputs/Efaecalis_14_AMRFinder/02_genomes_fna/GCF_053117665.1.fna
GCF_053117665.1,Reproductive,pstS,Exact_known_allele,23,23,23,1,23,100,100,NZ_CP181222.1,1914226,1914808,-,One unambiguous exact full-length official allele,/mnt/c/Users/bless/Downloads/e_faecalis_disseration_project/local_archive/large_outputs/Efaecalis_14_AMRFinder/02_genomes_fna/GCF_053117665.1.fna
GCF_053117665.1,Reproductive,gki,Exact_known_allele,12,12,12,1,12,100,100,NZ_CP181222.1,591026,591463,+,One unambiguous exact full-length official allele,/mnt/c/Users/bless/Downloads/e_faecalis_disseration_project/local_archive/large_outputs/Efaecalis_14_AMRFinder/02_genomes_fna/GCF_053117665.1.fna
GCF_053117665.1,Reproductive,aroE,Exact_known_allele,9,9,9,1,9,100,100,NZ_CP181222.1,1777069,1777527,+,One unambiguous exact full-length official allele,/mnt/c/Users/bless/Downloads/e_faecalis_disseration_project/local_archive/large_outputs/Efaecalis_14_AMRFinder/02_genomes_fna/GCF_053117665.1.fna
GCF_053117665.1,Reproductive,xpt,Exact_known_allele,10,10,10,1,10,100,100,NZ_CP181222.1,968729,969184,+,One unambiguous exact full-length official allele,/mnt/c/Users/bless/Downloads/e_faecalis_disseration_project/local_archive/large_outputs/Efaecalis_14_AMRFinder/02_genomes_fna/GCF_053117665.1.fna
GCF_053117665.1,Reproductive,yqiL,Exact_known_allele,7,7,7,1,7,100,100,NZ_CP181222.1,1643793,1644228,+,One unambiguous exact full-length official allele,/mnt/c/Users/bless/Downloads/e_faecalis_disseration_project/local_archive/large_outputs/Efaecalis_14_AMRFinder/02_genomes_fna/GCF_053117665.1.fna
GCF_053117675.1,Reproductive,gdh,Exact_known_allele,1,1,1,1,1,100,100,NZ_CP181226.1,899377,899906,-,One unambiguous exact full-length official allele,/mnt/c/Users/bless/Downloads/e_faecalis_disseration_project/local_archive/large_outputs/Efaecalis_14_AMRFinder/02_genomes_fna/GCF_053117675.1.fna
GCF_053117675.1,Reproductive,gyd,Exact_known_allele,1,1,1,1,1,100,100,NZ_CP181226.1,1789941,1790335,-,One unambiguous exact full-length official allele,/mnt/c/Users/bless/Downloads/e_faecalis_disseration_project/local_archive/large_outputs/Efaecalis_14_AMRFinder/02_genomes_fna/GCF_053117675.1.fna
GCF_053117675.1,Reproductive,pstS,Exact_known_allele,22,22,22,1,22,100,100,NZ_CP181226.1,1616322,1616904,-,One unambiguous exact full-length official allele,/mnt/c/Users/bless/Downloads/e_faecalis_disseration_project/local_archive/large_outputs/Efaecalis_14_AMRFinder/02_genomes_fna/GCF_053117675.1.fna
GCF_053117675.1,Reproductive,gki,Exact_known_allele,22,22,22,1,22,100,100,NZ_CP181226.1,2368996,2369433,-,One unambiguous exact full-length official allele,/mnt/c/Users/bless/Downloads/e_faecalis_disseration_project/local_archive/large_outputs/Efaecalis_14_AMRFinder/02_genomes_fna/GCF_053117675.1.fna
GCF_053117675.1,Reproductive,aroE,Exact_known_allele,7,7,7,1,7,100,100,NZ_CP181226.1,1444244,1444702,+,One unambiguous exact full-length official allele,/mnt/c/Users/bless/Downloads/e_faecalis_disseration_project/local_archive/large_outputs/Efaecalis_14_AMRFinder/02_genomes_fna/GCF_053117675.1.fna
GCF_053117675.1,Reproductive,xpt,Exact_known_allele,17,17,17,1,17,100,100,NZ_CP181226.1,1987623,1988078,-,One unambiguous exact full-length official allele,/mnt/c/Users/bless/Downloads/e_faecalis_disseration_project/local_archive/large_outputs/Efaecalis_14_AMRFinder/02_genomes_fna/GCF_053117675.1.fna
GCF_053117675.1,Reproductive,yqiL,Exact_known_allele,6,6,6,1,6,100,100,NZ_CP181226.1,1311463,1311898,+,One unambiguous exact full-length official allele,/mnt/c/Users/bless/Downloads/e_faecalis_disseration_project/local_archive/large_outputs/Efaecalis_14_AMRFinder/02_genomes_fna/GCF_053117675.1.fna
GCF_053117685.1,Reproductive,gdh,Exact_known_allele,5,5,5,1,5,100,100,NZ_CP181229.1,2181952,2182481,+,One unambiguous exact full-length official allele,/mnt/c/Users/bless/Downloads/e_faecalis_disseration_project/local_archive/large_outputs/Efaecalis_14_AMRFinder/02_genomes_fna/GCF_053117685.1.fna
GCF_053117685.1,Reproductive,gyd,Exact_known_allele,1,1,1,1,1,100,100,NZ_CP181229.1,1285788,1286182,+,One unambiguous exact full-length official allele,/mnt/c/Users/bless/Downloads/e_faecalis_disseration_project/local_archive/large_outputs/Efaecalis_14_AMRFinder/02_genomes_fna/GCF_053117685.1.fna
GCF_053117685.1,Reproductive,pstS,Exact_known_allele,1,1,1,1,1,100,100,NZ_CP181229.1,1511385,1511967,+,One unambiguous exact full-length official allele,/mnt/c/Users/bless/Downloads/e_faecalis_disseration_project/local_archive/large_outputs/Efaecalis_14_AMRFinder/02_genomes_fna/GCF_053117685.1.fna
GCF_053117685.1,Reproductive,gki,Exact_known_allele,3,3,3,1,3,100,100,NZ_CP181229.1,659163,659600,+,One unambiguous exact full-length official allele,/mnt/c/Users/bless/Downloads/e_faecalis_disseration_project/local_archive/large_outputs/Efaecalis_14_AMRFinder/02_genomes_fna/GCF_053117685.1.fna
GCF_053117685.1,Reproductive,aroE,Exact_known_allele,7,7,7,1,7,100,100,NZ_CP181229.1,1672769,1673227,-,One unambiguous exact full-length official allele,/mnt/c/Users/bless/Downloads/e_faecalis_disseration_project/local_archive/large_outputs/Efaecalis_14_AMRFinder/02_genomes_fna/GCF_053117685.1.fna
GCF_053117685.1,Reproductive,xpt,Exact_known_allele,1,1,1,1,1,100,100,NZ_CP181229.1,1046710,1047165,+,One unambiguous exact full-length official allele,/mnt/c/Users/bless/Downloads/e_faecalis_disseration_project/local_archive/large_outputs/Efaecalis_14_AMRFinder/02_genomes_fna/GCF_053117685.1.fna
GCF_053117685.1,Reproductive,yqiL,Exact_known_allele,6,6,6,1,6,100,100,NZ_CP181229.1,1805625,1806060,-,One unambiguous exact full-length official allele,/mnt/c/Users/bless/Downloads/e_faecalis_disseration_project/local_archive/large_outputs/Efaecalis_14_AMRFinder/02_genomes_fna/GCF_053117685.1.fna
GCF_053117695.1,Reproductive,gdh,Exact_known_allele,4,4,4,1,4,100,100,NZ_CP181234.1,2181606,2182135,+,One unambiguous exact full-length official allele,/mnt/c/Users/bless/Downloads/e_faecalis_disseration_project/local_archive/large_outputs/Efaecalis_14_AMRFinder/02_genomes_fna/GCF_053117695.1.fna
GCF_053117695.1,Reproductive,gyd,Exact_known_allele,1,1,1,1,1,100,100,NZ_CP181234.1,1361428,1361822,+,One unambiguous exact full-length official allele,/mnt/c/Users/bless/Downloads/e_faecalis_disseration_project/local_archive/large_outputs/Efaecalis_14_AMRFinder/02_genomes_fna/GCF_053117695.1.fna
GCF_053117695.1,Reproductive,pstS,Exact_known_allele,48,48,48,1,48,100,100,NZ_CP181234.1,1541202,1541784,+,One unambiguous exact full-length official allele,/mnt/c/Users/bless/Downloads/e_faecalis_disseration_project/local_archive/large_outputs/Efaecalis_14_AMRFinder/02_genomes_fna/GCF_053117695.1.fna
GCF_053117695.1,Reproductive,gki,Exact_known_allele,21,21,21,1,21,100,100,NZ_CP181234.1,735621,736058,+,One unambiguous exact full-length official allele,/mnt/c/Users/bless/Downloads/e_faecalis_disseration_project/local_archive/large_outputs/Efaecalis_14_AMRFinder/02_genomes_fna/GCF_053117695.1.fna
GCF_053117695.1,Reproductive,aroE,Exact_known_allele,1,1,1,1,1,100,100,NZ_CP181234.1,1679567,1680025,-,One unambiguous exact full-length official allele,/mnt/c/Users/bless/Downloads/e_faecalis_disseration_project/local_archive/large_outputs/Efaecalis_14_AMRFinder/02_genomes_fna/GCF_053117695.1.fna
GCF_053117695.1,Reproductive,xpt,Exact_known_allele,2,2,2,1,2,100,100,NZ_CP181234.1,1138474,1138929,+,One unambiguous exact full-length official allele,/mnt/c/Users/bless/Downloads/e_faecalis_disseration_project/local_archive/large_outputs/Efaecalis_14_AMRFinder/02_genomes_fna/GCF_053117695.1.fna
GCF_053117695.1,Reproductive,yqiL,Exact_known_allele,4,4,4,1,4,100,100,NZ_CP181234.1,1812805,1813240,-,One unambiguous exact full-length official allele,/mnt/c/Users/bless/Downloads/e_faecalis_disseration_project/local_archive/large_outputs/Efaecalis_14_AMRFinder/02_genomes_fna/GCF_053117695.1.fna
GCF_053117705.1,Reproductive,gdh,Exact_known_allele,5,5,5,1,5,100,100,NZ_CP181238.1,923743,924272,-,One unambiguous exact full-length official allele,/mnt/c/Users/bless/Downloads/e_faecalis_disseration_project/local_archive/large_outputs/Efaecalis_14_AMRFinder/02_genomes_fna/GCF_053117705.1.fna
GCF_053117705.1,Reproductive,gyd,Exact_known_allele,1,1,1,1,1,100,100,NZ_CP181238.1,1830690,1831084,-,One unambiguous exact full-length official allele,/mnt/c/Users/bless/Downloads/e_faecalis_disseration_project/local_archive/large_outputs/Efaecalis_14_AMRFinder/02_genomes_fna/GCF_053117705.1.fna
GCF_053117705.1,Reproductive,pstS,Exact_known_allele,1,1,1,1,1,100,100,NZ_CP181238.1,1604906,1605488,-,One unambiguous exact full-length official allele,/mnt/c/Users/bless/Downloads/e_faecalis_disseration_project/local_archive/large_outputs/Efaecalis_14_AMRFinder/02_genomes_fna/GCF_053117705.1.fna
GCF_053117705.1,Reproductive,gki,Exact_known_allele,3,3,3,1,3,100,100,NZ_CP181238.1,2455587,2456024,-,One unambiguous exact full-length official allele,/mnt/c/Users/bless/Downloads/e_faecalis_disseration_project/local_archive/large_outputs/Efaecalis_14_AMRFinder/02_genomes_fna/GCF_053117705.1.fna
GCF_053117705.1,Reproductive,aroE,Exact_known_allele,7,7,7,1,7,100,100,NZ_CP181238.1,1433002,1433460,+,One unambiguous exact full-length official allele,/mnt/c/Users/bless/Downloads/e_faecalis_disseration_project/local_archive/large_outputs/Efaecalis_14_AMRFinder/02_genomes_fna/GCF_053117705.1.fna
GCF_053117705.1,Reproductive,xpt,Exact_known_allele,1,1,1,1,1,100,100,NZ_CP181238.1,2068020,2068475,-,One unambiguous exact full-length official allele,/mnt/c/Users/bless/Downloads/e_faecalis_disseration_project/local_archive/large_outputs/Efaecalis_14_AMRFinder/02_genomes_fna/GCF_053117705.1.fna
GCF_053117705.1,Reproductive,yqiL,Exact_known_allele,6,6,6,1,6,100,100,NZ_CP181238.1,1300169,1300604,+,One unambiguous exact full-length official allele,/mnt/c/Users/bless/Downloads/e_faecalis_disseration_project/local_archive/large_outputs/Efaecalis_14_AMRFinder/02_genomes_fna/GCF_053117705.1.fna
GCF_906464925.1,Reproductive,gdh,Exact_known_allele,1,1,1,1,1,100,100,NZ_OD940434.1,865468,865997,-,One unambiguous exact full-length official allele,/mnt/c/Users/bless/Downloads/e_faecalis_disseration_project/local_archive/large_outputs/Efaecalis_14_AMRFinder/02_genomes_fna/GCF_906464925.1.fna
GCF_906464925.1,Reproductive,gyd,Exact_known_allele,1,1,1,1,1,100,100,NZ_OD940434.1,1712494,1712888,-,One unambiguous exact full-length official allele,/mnt/c/Users/bless/Downloads/e_faecalis_disseration_project/local_archive/large_outputs/Efaecalis_14_AMRFinder/02_genomes_fna/GCF_906464925.1.fna
GCF_906464925.1,Reproductive,pstS,Exact_known_allele,92,92,92,1,92,100,100,NZ_OD940434.1,1520681,1521263,-,One unambiguous exact full-length official allele,/mnt/c/Users/bless/Downloads/e_faecalis_disseration_project/local_archive/large_outputs/Efaecalis_14_AMRFinder/02_genomes_fna/GCF_906464925.1.fna
GCF_906464925.1,Reproductive,gki,Exact_known_allele,3,3,3,1,3,100,100,NZ_OD940434.1,2329286,2329723,-,One unambiguous exact full-length official allele,/mnt/c/Users/bless/Downloads/e_faecalis_disseration_project/local_archive/large_outputs/Efaecalis_14_AMRFinder/02_genomes_fna/GCF_906464925.1.fna
GCF_906464925.1,Reproductive,aroE,Exact_known_allele,14,14,14,1,14,100,100,NZ_OD940434.1,1380251,1380709,+,One unambiguous exact full-length official allele,/mnt/c/Users/bless/Downloads/e_faecalis_disseration_project/local_archive/large_outputs/Efaecalis_14_AMRFinder/02_genomes_fna/GCF_906464925.1.fna
GCF_906464925.1,Reproductive,xpt,Exact_known_allele,17,17,17,1,17,100,100,NZ_OD940434.1,1950529,1950984,-,One unambiguous exact full-length official allele,/mnt/c/Users/bless/Downloads/e_faecalis_disseration_project/local_archive/large_outputs/Efaecalis_14_AMRFinder/02_genomes_fna/GCF_906464925.1.fna
GCF_906464925.1,Reproductive,yqiL,Exact_known_allele,1,1,1,1,1,100,100,NZ_OD940434.1,1244818,1245253,+,One unambiguous exact full-length official allele,/mnt/c/Users/bless/Downloads/e_faecalis_disseration_project/local_archive/large_outputs/Efaecalis_14_AMRFinder/02_genomes_fna/GCF_906464925.1.fna
