action	old_path	new_path	old_size_bytes	new_size_bytes	old_sha256	new_sha256	classification
added		results/figures/hlgr_sensitivity/hlgr_st_proxy_dotplot.png		230693		9c7b949b1321d37d7fd53761e91639dd70a9843a3380c0068cd08bc9b4b86bf1	canonical
added		scripts/00_setup/compare_repository_manifests.py		6099		b497410c2aaa6448865e70a0342fadcd3ca0c786c80811bf970e58a06a3a9a88	canonical
added		scripts/08_hlgr_sensitivity/plot_st_proxy_dotplot.py		3909		f6af37e149bc8348594590ef672ae7b02e8510a4a2aaa867c6b13ef2b76afc55	canonical
modified	.devcontainer/setup-core-environment.sh	.devcontainer/setup-core-environment.sh	1729	1689	9ed65cc128bf23341308a5cf5c6d7bdc2c0d4bdca5900c9baef159a82dfeff30	1d84b632c3d7633715a71cdb0b1493a084a53640044dcdfb5d90f952e01c93e8	canonical
modified	.dockerignore	.dockerignore	197	179	cc0e3c47418075f57d3c43c071ad0869d7252849fa3ab541245dc55f782e304d	a8d3edfb2e6415be88e495e4b8f820e4e8421c0b96dc1a2e0cde527f941a2207	canonical
modified	.gitignore	.gitignore	3175	1939	b3f951266e64a70b9b8c1dc4b96bc28c412f0b4d3c38fad61de042564e2af95f	ad7224a856ab991bc7fa33f140e894a307f9ab2e596a7bb54e174aa90f899216	canonical
modified	README.md	README.md	8286	8333	eee94c7ad1f1b05720b6cc09d86b72f258d3452088808d947ed1104d34167abc	09916eae18339922ed66f13e83e4c1ad9f0ca6b9c5e7a8c9bbdc09f7aff9ae0b	canonical
modified	results/figures/phylogeny_72_genomes_9_locus_observed_indels/pca/pca_pc1_pc2.pdf	results/figures/phylogeny_72_genomes_9_locus_observed_indels/pca/pca_pc1_pc2.pdf	6913	6905	9273e8b21398fcc9ed43830a952a757b26fa86832cfd2ffcb8f337ede2799865	fdcfe35b2c72d07537b8c7bc7831a4ad3fa54c71beaaa7a9d3b05a1932aca5d4	canonical
modified	results/figures/phylogeny_72_genomes_9_locus_observed_indels/pca/pca_pc1_pc2.png	results/figures/phylogeny_72_genomes_9_locus_observed_indels/pca/pca_pc1_pc2.png	133557	102233	6220a60528b562236f6887770fa0bcf965d9155e54617432bade3310d797cb3e	376798831bb89e2b090f39f968f2b7ffb73c475a35a3b3416359a3cb20fa6097	canonical
modified	results/figures/phylogeny_72_genomes_9_locus_observed_indels/pca/pca_pc1_pc3.pdf	results/figures/phylogeny_72_genomes_9_locus_observed_indels/pca/pca_pc1_pc3.pdf	6963	6957	20706c7818ed748a9febdaa09bc81a2af682749ae8d9870140924cd537ce7910	a622cedce944acc238cd8a0f725ea1a23624bc3b6462e3da33cc26a80dc6107a	canonical
modified	results/figures/phylogeny_72_genomes_9_locus_observed_indels/pca/pca_pc1_pc3.png	results/figures/phylogeny_72_genomes_9_locus_observed_indels/pca/pca_pc1_pc3.png	136023	103388	a488b8c9889b1ce922e168ebf1d5a1b6d0992b69954dd1dab23c6f7f71adee76	0381c1eb9550da38bade32e6013c61bed002d29fe2ecf9f90975cb6cad0a5e28	canonical
modified	scripts/00_setup/setup_project.R	scripts/00_setup/setup_project.R	920	890	20e02266cac520d92c9985203284b64b9429b3e77a95fd557394d0ad7ba04c24	2f51c50f7b6b70b765b5710bca0cec2f837104877703645ac179bcbb33cc002b	canonical
modified	scripts/06_phylogenomics/10_plot_alignment_pca.R	scripts/06_phylogenomics/10_plot_alignment_pca.R	4870	2956	c2311b4d5fafad6a88382f08825866c5297ec6d0b51d8f914f634c22b53da778	10a97590e75db04034184cc2c6447163af95aaed6d8c32806f04b80c0c7d2b2e	canonical
modified	scripts/07_core_genome/README_core_genome.md	scripts/07_core_genome/README_core_genome.md	3837	4005	891c7c60d98c207afc62d6e993191bca5c8713e4039689d07a7aa8509aa18ed4	295e29881b0c305295c597e240d7b50b061d9f90fcc365145e24ec0b4da060e1	canonical
modified	scripts/07_core_genome/run_core_genome_pipeline.sh	scripts/07_core_genome/run_core_genome_pipeline.sh	5600	5742	7b0e650213d1d6c3ff3b5a57887f7331fee7ac62a5ef9334892d3c495d683ab2	e5fedb8d20cb000a9551e5e56edfb69b36ad877e1b63441677496102e76b6d64	canonical
modified	scripts/07_core_genome/validate_pretransfer_environment.sh	scripts/07_core_genome/validate_pretransfer_environment.sh	4900	4784	700a137bf670ac51c699718b550d210ba48d71795d28f154b1db11e061e24adc	8117d0c190a02f77e5042c626b207fbd636cb009657d0fef2ccd6289d442178d	canonical
modified	scripts/07_virulence_adherence/README_virulence_adherence.md	scripts/07_virulence_adherence/README_virulence_adherence.md	4141	4379	25e8cd7bb8b061892b714ca4c9eab5aad9d05a112ff45dca91b00a0a185e428b	3e54e343b3916cfc4790e242b17a42cba95722d2cc51a247ef9ad4e3a59ad1ec	canonical
modified	scripts/07_virulence_adherence/run_virulence_adherence_pipeline.sh	scripts/07_virulence_adherence/run_virulence_adherence_pipeline.sh	4346	4488	e2f1f1c22f4721b25e077f692ffb6971b9635e48aa84599084b54a4523616ea6	8ed616e021e28f4ea7417bc2b11781d1a2b2a5762209a07addfb97e53929864f	canonical
modified	scripts/07_virulence_adherence/test_analysis_helpers.R	scripts/07_virulence_adherence/test_analysis_helpers.R	1215	1241	31450248da8eea64f1898c95a854af48d6dcb7cd85759b174160ff4b4d7baab7	7ea89b25079a12ec984a9b54889359597dd61149dfad250271fc9b3f962463f7	canonical
modified	scripts/08_hlgr_sensitivity/README.md	scripts/08_hlgr_sensitivity/README.md	1245	1364	22e3d33b3cb29a8f80bc2ef3f4a4f454609a44d7fa983b65e90293a43a784df5	cfc23cb1b76e473995b444fa766ab33751ca99e5a5c8d879ecffc390368446d7	canonical
modified	scripts/08_hlgr_sensitivity/hlgr_sensitivity.py	scripts/08_hlgr_sensitivity/hlgr_sensitivity.py	10328	10307	c9d41ebbcbdd5e67b64193d4929e3a7ac193d53103396283aaea2173e8b8e92e	00c660e833601ffa6e9ad46c4a18983856424023397f298cbf3985de63f2e68c	canonical
modified	scripts/08_hlgr_sensitivity/plot_st_proxy_grouped_bar.py	scripts/08_hlgr_sensitivity/plot_st_proxy_grouped_bar.py	3665	3711	541aaea4c5c5daa2a0c2a3f13e4480d55aeacec67dfa10831f5829a0a1d2641d	e6c79e5ade49b3ef2dbeadb11a21875476dbb9ad5a5864ab97865a056c7a54a3	canonical
modified	scripts/09_plasmid_context/plasmid_context.py	scripts/09_plasmid_context/plasmid_context.py	21446	21492	26e1cb90be2ffda74f95934e5cd9354d29119e5afd0b4a1e736e329e2f51c7a6	d1a595144a1bbfe1bbc662612a62cbd70e21ef1070f1a1ffa4906e56fe4399c4	canonical
moved_modified	scripts/00_setup/quick_dataset_overview.R	scripts/08_visualisation/quick_dataset_overview.R	19581	18590	feb7dff030bd7a42b9156464ad87d9b41448ddc696642f04afa2e4e9eb875a98	d84170a22d88e4f1bb6d45584568bd1df5d25baefe824e8c245c0ec940b2b3c0	canonical
removed	analysis/phylogenomics/9_locus/coordinates/all_gene_candidates.tsv		188010		e5e3c458b6750bff39e5b505661f5121077a31eb9f1509898805a84697af5dcc		obsolete
removed	analysis/phylogenomics/9_locus/coordinates/selected_gene_coordinates.tsv		439295		bd0ae87aa1dbb6fbcee38a9e9371267f17720d84e52083f1368d8f2c0a7ec7a3		obsolete
removed	analysis/phylogenomics/9_locus/extracted_sequences/by_gene/gdh_72_sequences.fasta		110988		bbf5580a51798fbe8cf7176fb5d456d7d11475f1a7eb9dec993ca36d6ec6c5e5		obsolete
removed	analysis/phylogenomics/9_locus/extracted_sequences/by_gene/gki_72_sequences.fasta		71280		574abb9be43832a06754e5999338970e63b89a8f1c25925ead06003409f5d23f		obsolete
removed	analysis/phylogenomics/9_locus/extracted_sequences/by_gene/groEL_72_sequences.fasta		118368		14eb1bbc19f1c9fc003fb59fec2f178b383a8895ac55c0aa3b07e1735cbfe1cc		obsolete
removed	analysis/phylogenomics/9_locus/extracted_sequences/by_gene/gyd_72_sequences.fasta		73440		a7e1fd0a635dd6d6bc03bb0e4edeb6a47913c14cd7bfa0890c8dc78647aa93a5		obsolete
removed	analysis/phylogenomics/9_locus/extracted_sequences/by_gene/pstS_72_sequences.fasta		65448		429b5c82ea96f3c84c02597d15a57b4071602dba114c923f90d711bd567aa3b5		obsolete
removed	analysis/phylogenomics/9_locus/extracted_sequences/by_gene/pyrC_72_sequences.fasta		93744		c5689b5d3eb6cf56e28e29f5fe560ccad9ee085c8b7008b71de2b3659620aaff		obsolete
removed	analysis/phylogenomics/9_locus/extracted_sequences/by_gene/recA_72_sequences.fasta		76575		2fa62089fdff62bc3c106186558f417b1416ebefa54898082905ba8f3ffa9ead		obsolete
removed	analysis/phylogenomics/9_locus/extracted_sequences/by_gene/xpt_72_sequences.fasta		43200		4592672b1b89ee42d4f73c2d2fe1cb0f8f2e2ec04c69c549ac131d50ccea1219		obsolete
removed	analysis/phylogenomics/9_locus/extracted_sequences/by_gene/yqiL_72_sequences.fasta		173793		1373a36f03f47c7295e96a91e88d1db703fbbab6130a9b5515a3881f22969958		obsolete
removed	analysis/phylogenomics/9_locus/extracted_sequences/by_sample/GCA_029011255.1/gdh.fasta		1542		6744f055cd21b2202743e39bba66e1b0086343dc4dcd6d15ca0129d5bc163b89		obsolete
removed	analysis/phylogenomics/9_locus/extracted_sequences/by_sample/GCA_029011255.1/gki.fasta		990		d5c956b99d132a51e99690cf2e854c8bfa5306591cd228c40cb1c785c1df72e4		obsolete
removed	analysis/phylogenomics/9_locus/extracted_sequences/by_sample/GCA_029011255.1/groEL.fasta		1644		d1de8ed7c01aededdce07b02b933fb82b912509e29bc493e1e55d3c9ec97c2a7		obsolete
removed	analysis/phylogenomics/9_locus/extracted_sequences/by_sample/GCA_029011255.1/gyd.fasta		1020		a3bdd24814e7f2d11b1ed808a887a549a616cbf633f7d0f42e4336512dfaaa61		obsolete
removed	analysis/phylogenomics/9_locus/extracted_sequences/by_sample/GCA_029011255.1/pstS.fasta		909		ac763440aa5da76974f4b9d0d9dca8679d1ab61c8a7a753723436a9d89da260f		obsolete
removed	analysis/phylogenomics/9_locus/extracted_sequences/by_sample/GCA_029011255.1/pyrC.fasta		1302		7a8a38d897936c8894b058ec799fb3d56aaf84e1646b9f90783ce3a85ed2d79a		obsolete
removed	analysis/phylogenomics/9_locus/extracted_sequences/by_sample/GCA_029011255.1/recA.fasta		1065		224c90661eecc5b7680c4c11e78cd2631f4693e90c7d0dbd1f61d1505d11e29b		obsolete
removed	analysis/phylogenomics/9_locus/extracted_sequences/by_sample/GCA_029011255.1/xpt.fasta		600		5f47011cda1cb6286e9c609b862b9a65474bcba7a360d8394c6c39f6ea66d350		obsolete
removed	analysis/phylogenomics/9_locus/extracted_sequences/by_sample/GCA_029011255.1/yqiL.fasta		2430		0d6dc9666e12eac5ec4ec1703b441b21c18a433744ba728b32419a0601d17be3		obsolete
removed	analysis/phylogenomics/9_locus/extracted_sequences/by_sample/GCA_029011395.1/gdh.fasta		1542		975c813b9f9f85469436cfe6f5dac230cb4fa39dcd380659eb220780b5e8cf7b		obsolete
removed	analysis/phylogenomics/9_locus/extracted_sequences/by_sample/GCA_029011395.1/gki.fasta		990		508228a8c1869dd02764551ec0841b352937ff320bdce36a3a107a3745ef83e1		obsolete
removed	analysis/phylogenomics/9_locus/extracted_sequences/by_sample/GCA_029011395.1/groEL.fasta		1644		df9374e46b527e1a4de456bc91cb2202ba818b8b208fea1e43a6433198b58e4e		obsolete
removed	analysis/phylogenomics/9_locus/extracted_sequences/by_sample/GCA_029011395.1/gyd.fasta		1020		4e79d2c7aab758d0e69b92a7e37bbee2fee10da0d23f5f91bc4c2507a8b5bb10		obsolete
removed	analysis/phylogenomics/9_locus/extracted_sequences/by_sample/GCA_029011395.1/pstS.fasta		909		7d04b6b6bb7a5457f7705bcff0b4bc97caa8f4d575c7e3eac645bcad69ff1ee8		obsolete
removed	analysis/phylogenomics/9_locus/extracted_sequences/by_sample/GCA_029011395.1/pyrC.fasta		1302		5785e72b7f1505e84dda2513fb99014faa3c6c7284a6fc0da10f6e7dade2b49c		obsolete
removed	analysis/phylogenomics/9_locus/extracted_sequences/by_sample/GCA_029011395.1/recA.fasta		960		9b35caabdd5f6d04864efa4770366964d43c777c8c6249512d102a1183a448b3		obsolete
removed	analysis/phylogenomics/9_locus/extracted_sequences/by_sample/GCA_029011395.1/xpt.fasta		600		840c7bfef432d64b8b900c76004949fc77d3185778f41baadec7938a194e0d29		obsolete
removed	analysis/phylogenomics/9_locus/extracted_sequences/by_sample/GCA_029011395.1/yqiL.fasta		1263		f79bf8464e45f60284961273fcf07433c1d2556ec1a65b18c21a0d389d17ec64		obsolete
removed	analysis/phylogenomics/9_locus/extracted_sequences/by_sample/GCA_029011535.1/gdh.fasta		1506		fda99dd3c764443510e7ba6ee3e0121bd346503139c1eff9873d4cf4c577dc95		obsolete
removed	analysis/phylogenomics/9_locus/extracted_sequences/by_sample/GCA_029011535.1/gki.fasta		990		fcfafffb9b73e2f884b1363a497b34eced24270b568fb3879c51010ec605fc93		obsolete
removed	analysis/phylogenomics/9_locus/extracted_sequences/by_sample/GCA_029011535.1/groEL.fasta		1644		15e543c1c81ed4b32c4b0e0622170fd86fec426fa45f896a30691211e3f98f1b		obsolete
removed	analysis/phylogenomics/9_locus/extracted_sequences/by_sample/GCA_029011535.1/gyd.fasta		1020		0cf43de85bb2841d40c21dd6918186c8679d76469aabba5fae039cad6e8fcdf0		obsolete
removed	analysis/phylogenomics/9_locus/extracted_sequences/by_sample/GCA_029011535.1/pstS.fasta		909		6ea2878f1e69c240088ab1dd1dabb855c58d78c156ef48d79cc2a0d6f7762e53		obsolete
removed	analysis/phylogenomics/9_locus/extracted_sequences/by_sample/GCA_029011535.1/pyrC.fasta		1302		45b6e0407f1cb779f6deed2469d17ad8a24018c9ac0fe7e4b1aa1e3869f6ef7d		obsolete
removed	analysis/phylogenomics/9_locus/extracted_sequences/by_sample/GCA_029011535.1/recA.fasta		1065		3917b0722d7c7159e0ba212e29e9e5166c5070ebdf589d172de2f2b019b0642a		obsolete
removed	analysis/phylogenomics/9_locus/extracted_sequences/by_sample/GCA_029011535.1/xpt.fasta		600		b15d8b385799af2955118e17ad6f1c5f7a35fb4241f9693356551fe819b67d00		obsolete
removed	analysis/phylogenomics/9_locus/extracted_sequences/by_sample/GCA_029011535.1/yqiL.fasta		2430		f8e3ce8cbe11c4bde5f564dd4d829a82ff1639f4f013bceb69415cd64371504e		obsolete
removed	analysis/phylogenomics/9_locus/extracted_sequences/by_sample/GCA_029011745.1/gdh.fasta		1542		9ba83d2710bc0f718e2d15d3d8dd3f4f0be0860beb7ea94f645b1236087112b0		obsolete
removed	analysis/phylogenomics/9_locus/extracted_sequences/by_sample/GCA_029011745.1/gki.fasta		990		d84df4f6f6d29e3c7cba858be3b37873d65e9de2fd60d587d98fe9b03b35e034		obsolete
removed	analysis/phylogenomics/9_locus/extracted_sequences/by_sample/GCA_029011745.1/groEL.fasta		1644		a6d26ddf62356d0f7f11ccf1ef7289eccfa2920eb6b3302a5891e08d0989539a		obsolete
removed	analysis/phylogenomics/9_locus/extracted_sequences/by_sample/GCA_029011745.1/gyd.fasta		1020		71ebfdcc3f2cf23957942a1daffb53fe81334662f57aedb1c6add7e4e6dcd3a2		obsolete
removed	analysis/phylogenomics/9_locus/extracted_sequences/by_sample/GCA_029011745.1/pstS.fasta		909		22dab5afc24c6cec3ee33baf83218d1ce4b45edb87e70f932af7b7f32fab6aaf		obsolete
removed	analysis/phylogenomics/9_locus/extracted_sequences/by_sample/GCA_029011745.1/pyrC.fasta		1302		680e4afd971aa3bf489d48248b4beef0b93791779d236a3808c372202173dc45		obsolete
removed	analysis/phylogenomics/9_locus/extracted_sequences/by_sample/GCA_029011745.1/recA.fasta		1065		16545b60ab12829ca4fcfd722687a9f46b00d28b4132232c0c4123d47e5f6915		obsolete
removed	analysis/phylogenomics/9_locus/extracted_sequences/by_sample/GCA_029011745.1/xpt.fasta		600		ab2b9dfd1c44b419ed04f1404054b8955674afac75c941caa3425f31292e8ce0		obsolete
removed	analysis/phylogenomics/9_locus/extracted_sequences/by_sample/GCA_029011745.1/yqiL.fasta		2430		240ea117ae6386a7199ab783a958c3cee238f48bf2e6cc22118d8c794b1f7777		obsolete
removed	analysis/phylogenomics/9_locus/extracted_sequences/by_sample/GCA_050469755.1/gdh.fasta		1542		9e5099974fdbd5c975f8768ec3e02c0da223ebad32792533c89eafabe9cf756c		obsolete
removed	analysis/phylogenomics/9_locus/extracted_sequences/by_sample/GCA_050469755.1/gki.fasta		990		ff6762db7c1db66a0310988a08836c3207bbda1afc29de189c4231aa43010db9		obsolete
removed	analysis/phylogenomics/9_locus/extracted_sequences/by_sample/GCA_050469755.1/groEL.fasta		1644		83950abd4b10ffb6612121707c4e6accf88e83a382ae4b38ad1b6c005d1695a3		obsolete
removed	analysis/phylogenomics/9_locus/extracted_sequences/by_sample/GCA_050469755.1/gyd.fasta		1020		edb4be45948b0bc07baee2cc6ffb777d60f71db933ae8a358e97820a1c46119e		obsolete
removed	analysis/phylogenomics/9_locus/extracted_sequences/by_sample/GCA_050469755.1/pstS.fasta		909		dccda1e721cc7020871e50da5365004679871a40945f1109f723607232338cde		obsolete
removed	analysis/phylogenomics/9_locus/extracted_sequences/by_sample/GCA_050469755.1/pyrC.fasta		1302		cd427a71dde065f80501eab1d9197422147676e87f6906fbd3956793f9aee010		obsolete
removed	analysis/phylogenomics/9_locus/extracted_sequences/by_sample/GCA_050469755.1/recA.fasta		1065		c09f86ea30f3177b554deabad151fa7e5217277ee768b9a5a5cdd60f18d9d712		obsolete
removed	analysis/phylogenomics/9_locus/extracted_sequences/by_sample/GCA_050469755.1/xpt.fasta		600		4d67e77e21dc292a6fa90544ee7141891547e194294d2f3b142e4cb4e13e8c7f		obsolete
removed	analysis/phylogenomics/9_locus/extracted_sequences/by_sample/GCA_050469755.1/yqiL.fasta		2430		5e4dc58198a9a0d5e6cafaa2f0774749ca01800643d9ebd504fb3bc7c395ec85		obsolete
removed	analysis/phylogenomics/9_locus/extracted_sequences/by_sample/GCA_050471105.1/gdh.fasta		1542		69e0db2ce73f15461235c17564381449163836c009bbc3ae78e8231d64833c51		obsolete
removed	analysis/phylogenomics/9_locus/extracted_sequences/by_sample/GCA_050471105.1/gki.fasta		990		fd9ac7cd291df604fd3844aa403b3a80e8798a479d0081c3cdd2906c512ea2fa		obsolete
removed	analysis/phylogenomics/9_locus/extracted_sequences/by_sample/GCA_050471105.1/groEL.fasta		1644		83c0554b207add37eab937195e9ce8ef96e99202878ebda8ac6f7a11b9a2f2eb		obsolete
removed	analysis/phylogenomics/9_locus/extracted_sequences/by_sample/GCA_050471105.1/gyd.fasta		1020		cdbd1361b4d04cc1790d2da96b35e3b4b22fe47f32abcb1e8094dc3de2b8889b		obsolete
removed	analysis/phylogenomics/9_locus/extracted_sequences/by_sample/GCA_050471105.1/pstS.fasta		909		56707f366cb78af540bf0330b2502140f903fca21cc51e59a1256ea8917bca0a		obsolete
removed	analysis/phylogenomics/9_locus/extracted_sequences/by_sample/GCA_050471105.1/pyrC.fasta		1302		ebf9d744ca812cfe744cab2fed859e682be0363b2cd2913ca15c09a538f4ed78		obsolete
removed	analysis/phylogenomics/9_locus/extracted_sequences/by_sample/GCA_050471105.1/recA.fasta		1065		86ef7f5598844c68ff25aae56ba9bd9845b73a5258f65e60e782535d4c99b7ef		obsolete
removed	analysis/phylogenomics/9_locus/extracted_sequences/by_sample/GCA_050471105.1/xpt.fasta		600		6dcd4521f6b4f77521085331ade65972c49a26e821f94b34dbd1f172677d24c1		obsolete
removed	analysis/phylogenomics/9_locus/extracted_sequences/by_sample/GCA_050471105.1/yqiL.fasta		2430		90bf3fc5a4d9d0aa54c0a1bfb7191319ec19f2ecd1c80991930e58c5854c4f0c		obsolete
removed	analysis/phylogenomics/9_locus/extracted_sequences/by_sample/GCA_050472745.1/gdh.fasta		1542		4a623a2535d834742ab2bb5dfc45234f6d893192443c079557c5877b49dafa2a		obsolete
removed	analysis/phylogenomics/9_locus/extracted_sequences/by_sample/GCA_050472745.1/gki.fasta		990		0aed6f7afb26854dba7ec01eced4f34687bb350b90cb5eb7e0cb84eee49cab11		obsolete
removed	analysis/phylogenomics/9_locus/extracted_sequences/by_sample/GCA_050472745.1/groEL.fasta		1644		22bf6cc79a05bdc1ae72657c48e2517daa60dea264a8245dee7002295b566dbb		obsolete
removed	analysis/phylogenomics/9_locus/extracted_sequences/by_sample/GCA_050472745.1/gyd.fasta		1020		808347a2b565ef1da60c3c719d489780ec88d859e7437bbb813ec4c7771b2a78		obsolete
removed	analysis/phylogenomics/9_locus/extracted_sequences/by_sample/GCA_050472745.1/pstS.fasta		909		5f0978e250cf6182965c6fe319f7a51de1e8abb6137cc560414971dce19cbf9e		obsolete
removed	analysis/phylogenomics/9_locus/extracted_sequences/by_sample/GCA_050472745.1/pyrC.fasta		1302		7ebf890dd09d0ea18b710d716fcaa8c48e52a7f19b17605d8bdb6c60bed2f1d8		obsolete
removed	analysis/phylogenomics/9_locus/extracted_sequences/by_sample/GCA_050472745.1/recA.fasta		1065		1c4e4abe70d41b5f5af23dbaec86a125645ddd0eb136ef5d6d2f8b17c820ebcd		obsolete
removed	analysis/phylogenomics/9_locus/extracted_sequences/by_sample/GCA_050472745.1/xpt.fasta		600		66d263d1153b5d2e723eeba60988875a09203fbb1f1d96943930f943bcf80d83		obsolete
removed	analysis/phylogenomics/9_locus/extracted_sequences/by_sample/GCA_050472745.1/yqiL.fasta		2430		81772698dd299ffbeffaad4c941c6b2b3704fc731e038affb1140a5bbeb13c5f		obsolete
removed	analysis/phylogenomics/9_locus/extracted_sequences/by_sample/GCA_050472755.1/gdh.fasta		1542		b5623932d57c6b3867c83eecc8a7228b2f12cb7618e91d61ba701b7b52e39430		obsolete
removed	analysis/phylogenomics/9_locus/extracted_sequences/by_sample/GCA_050472755.1/gki.fasta		990		d6768b804d81bed6f0261fdbfce79d49e98975ddafe94c4c572fa6c7bcf24875		obsolete
removed	analysis/phylogenomics/9_locus/extracted_sequences/by_sample/GCA_050472755.1/groEL.fasta		1644		ae8c796f112889db86297e47ff8d9c81709113a8352bb3b560f637a3f84f9288		obsolete
removed	analysis/phylogenomics/9_locus/extracted_sequences/by_sample/GCA_050472755.1/gyd.fasta		1020		37099dde13da8d5a7fbbbae46e71935ae4d069a4cddd3ffa540bb2f79c47dd65		obsolete
removed	analysis/phylogenomics/9_locus/extracted_sequences/by_sample/GCA_050472755.1/pstS.fasta		909		29c2c0560f6fe98133dcfb258e2e19ef14fcc8aa6309e5fc123daf6b5835824e		obsolete
removed	analysis/phylogenomics/9_locus/extracted_sequences/by_sample/GCA_050472755.1/pyrC.fasta		1302		f0e6a8c6729fc9e88d354e89d2cb70062563040469f3970bc265da0220e18856		obsolete
removed	analysis/phylogenomics/9_locus/extracted_sequences/by_sample/GCA_050472755.1/recA.fasta		1065		397e229175c2836b0b238c58e08bfdb734329d9594d59a19b67d588e6efb8025		obsolete
removed	analysis/phylogenomics/9_locus/extracted_sequences/by_sample/GCA_050472755.1/xpt.fasta		600		6eee0245db7e7165080b31282f4ed59d4031cc9d6f3ed7985e3a73dda565cf0d		obsolete
removed	analysis/phylogenomics/9_locus/extracted_sequences/by_sample/GCA_050472755.1/yqiL.fasta		2430		5b441b8c9b81f1717d1697f3162cd4d40ec8d561d3d9d78fc1c985756fccbbc1		obsolete
removed	analysis/phylogenomics/9_locus/extracted_sequences/by_sample/GCA_050473345.1/gdh.fasta		1542		4da95a066b88f408cedd812f0a9d0fc2c1012d3703de94d372b5142887cdfc88		obsolete
removed	analysis/phylogenomics/9_locus/extracted_sequences/by_sample/GCA_050473345.1/gki.fasta		990		e72d37c3b76f33271970b4ca6e1244b06a9d218c276230bb4e51b5489f0090c0		obsolete
removed	analysis/phylogenomics/9_locus/extracted_sequences/by_sample/GCA_050473345.1/groEL.fasta		1644		2341f66deec7df352277d50e15bde3d7869c0488f7826caeba565003257d41bd		obsolete
removed	analysis/phylogenomics/9_locus/extracted_sequences/by_sample/GCA_050473345.1/gyd.fasta		1020		8b242555ae9ba5e28460e0e42a1e105c858b379a1adaa78c4b20746ef4906aa1		obsolete
removed	analysis/phylogenomics/9_locus/extracted_sequences/by_sample/GCA_050473345.1/pstS.fasta		909		93209de7c46394a63a67bc58054ef50f78d887029414ec1c2b523c269649d223		obsolete
removed	analysis/phylogenomics/9_locus/extracted_sequences/by_sample/GCA_050473345.1/pyrC.fasta		1302		c19463915830c8b568f1ba2e362e9b5689ec14b74b2e9250cc94f501e9cf2fe4		obsolete
removed	analysis/phylogenomics/9_locus/extracted_sequences/by_sample/GCA_050473345.1/recA.fasta		1065		11ab4fa871f290bcd00cbc51d98c501173b161a341f7a997632d8f40f9ac1830		obsolete
removed	analysis/phylogenomics/9_locus/extracted_sequences/by_sample/GCA_050473345.1/xpt.fasta		600		7a5be3dada81c9a815fa571c9a80c5f0e228041627d51bf800b1859afbd17d99		obsolete
removed	analysis/phylogenomics/9_locus/extracted_sequences/by_sample/GCA_050473345.1/yqiL.fasta		2430		c4b8bb27237ceb16691e79fb878714ff804735c78dc55175d968564f8de5c339		obsolete
removed	analysis/phylogenomics/9_locus/extracted_sequences/by_sample/GCA_050473355.1/gdh.fasta		1542		cc12d0682942f624580565d8b1ec6b4718e6bd3f4cbbcc2f207561e1d78c0540		obsolete
removed	analysis/phylogenomics/9_locus/extracted_sequences/by_sample/GCA_050473355.1/gki.fasta		990		cf0d09d3f8ea23ef42f81d3ad34c5004eadcb0e9250c8bdcb74f3d6c00329f71		obsolete
removed	analysis/phylogenomics/9_locus/extracted_sequences/by_sample/GCA_050473355.1/groEL.fasta		1644		24cc31baf5b51c2112b9c9a3bfeb76527c62672b497c2d4824810fedecaed922		obsolete
removed	analysis/phylogenomics/9_locus/extracted_sequences/by_sample/GCA_050473355.1/gyd.fasta		1020		f9d9c260091f6cb2eba8d92631a360500d15f38d1eb489d301f68cca4cd7b202		obsolete
removed	analysis/phylogenomics/9_locus/extracted_sequences/by_sample/GCA_050473355.1/pstS.fasta		909		d9df1b5b9efbe5b8e4a9e8c7968386e29bbfd5c294bb45346d211756ec1fc7a2		obsolete
removed	analysis/phylogenomics/9_locus/extracted_sequences/by_sample/GCA_050473355.1/pyrC.fasta		1302		a1c7362bc155ebff2dcd75e3c19c1ad098f02e3ff1c4b12676116e367f1a0bb5		obsolete
removed	analysis/phylogenomics/9_locus/extracted_sequences/by_sample/GCA_050473355.1/recA.fasta		1065		0d01e8464f1ef0eb95aa25ab1bf4ad7811d0930a192cbec88fe434ef64bb610b		obsolete
removed	analysis/phylogenomics/9_locus/extracted_sequences/by_sample/GCA_050473355.1/xpt.fasta		600		7dceb2bcff3c4c886afbbe5044d5175c17706ee238014fc23f64778717b1faaa		obsolete
removed	analysis/phylogenomics/9_locus/extracted_sequences/by_sample/GCA_050473355.1/yqiL.fasta		2430		9ac6b2b6193b4d595486a1da2ad3f6906c0cf98de413aecb8df60c857881c08f		obsolete
removed	analysis/phylogenomics/9_locus/extracted_sequences/by_sample/GCA_050473905.1/gdh.fasta		1542		0da16d3064810c961b2203af7d6bd648843bdc0a17c486a1fcb1b9d4fa240ff8		obsolete
removed	analysis/phylogenomics/9_locus/extracted_sequences/by_sample/GCA_050473905.1/gki.fasta		990		553a57c4f0e8c016de40601711ce5988274cf1784a2da523a10c760b3aa3cfdc		obsolete
removed	analysis/phylogenomics/9_locus/extracted_sequences/by_sample/GCA_050473905.1/groEL.fasta		1644		4b91c93e90c2fcf505f5e4a2a38b9295ee0367da3b0508994b0b27df20c183da		obsolete
removed	analysis/phylogenomics/9_locus/extracted_sequences/by_sample/GCA_050473905.1/gyd.fasta		1020		0503c5ba19d0c2d66d2337fc5d5da9ac4569fc78f82c4edd4ab0a47917bcda52		obsolete
removed	analysis/phylogenomics/9_locus/extracted_sequences/by_sample/GCA_050473905.1/pstS.fasta		909		b9791248e9062538070fecd8bbbefb9e1ebe68eb29892c3954039a10e13fef4a		obsolete
removed	analysis/phylogenomics/9_locus/extracted_sequences/by_sample/GCA_050473905.1/pyrC.fasta		1302		5c49bb0f06d9c649baa478a18143a39126caf58056eb9c91e714a0363586188e		obsolete
removed	analysis/phylogenomics/9_locus/extracted_sequences/by_sample/GCA_050473905.1/recA.fasta		1065		595e85b6772ac62bdbdddb592082d7119a63472524e61b4f41d04c684b2cb909		obsolete
removed	analysis/phylogenomics/9_locus/extracted_sequences/by_sample/GCA_050473905.1/xpt.fasta		600		674c862c286691ec361c0a13c64521858785638d7163b19045985fdfc5e59129		obsolete
removed	analysis/phylogenomics/9_locus/extracted_sequences/by_sample/GCA_050473905.1/yqiL.fasta		2430		33a9fe3c438411f5aad0f82a647fb7234a604928afbc1bc5cef4611df2b8b1c9		obsolete
removed	analysis/phylogenomics/9_locus/extracted_sequences/by_sample/GCA_050474485.1/gdh.fasta		1542		2e67c661b151bfc474bde0ea2f8e53c22a135dcedba3391dfb7b54f6958df992		obsolete
removed	analysis/phylogenomics/9_locus/extracted_sequences/by_sample/GCA_050474485.1/gki.fasta		990		e97ad8561927bcf4c5f65e57ecc3c9c2b56789cfa4487d14ebddff7e812be947		obsolete
removed	analysis/phylogenomics/9_locus/extracted_sequences/by_sample/GCA_050474485.1/groEL.fasta		1644		036c624eea028155d8c96c87972f1ba685a3d4561fe8e5efde7db57f9e9f3c78		obsolete
removed	analysis/phylogenomics/9_locus/extracted_sequences/by_sample/GCA_050474485.1/gyd.fasta		1020		e2756496c2bc1779a155331e0b34f35e170d70014e30803a7f737c0c4dbfb824		obsolete
removed	analysis/phylogenomics/9_locus/extracted_sequences/by_sample/GCA_050474485.1/pstS.fasta		909		8ef0264bfdd10d7170f788247a20df1fb07fb33c0852f534e17f79f9215e95ca		obsolete
removed	analysis/phylogenomics/9_locus/extracted_sequences/by_sample/GCA_050474485.1/pyrC.fasta		1302		4798387753c41df85811b51e63858272640ab2fcb1907d8ccc0383ce93a25450		obsolete
removed	analysis/phylogenomics/9_locus/extracted_sequences/by_sample/GCA_050474485.1/recA.fasta		1065		36698f36effa9c6d4e8b9dc2eee70a7792cc49c2bf7cf6c40e1eada6c378b63f		obsolete
removed	analysis/phylogenomics/9_locus/extracted_sequences/by_sample/GCA_050474485.1/xpt.fasta		600		8079d102447efbadfb96e0674fb11cb3330a65618d1b1cddd4ee163c5c90afc1		obsolete
removed	analysis/phylogenomics/9_locus/extracted_sequences/by_sample/GCA_050474485.1/yqiL.fasta		2430		605fecfd77f07fc2f04c51939f77a11f5311049ff391cc92cbb36eaee201ed57		obsolete
removed	analysis/phylogenomics/9_locus/extracted_sequences/by_sample/GCA_050474495.1/gdh.fasta		1542		71c4a05d04fe7af4ac7d806e00076e93eaa38d3045ffd180a2acc50bf80241ee		obsolete
removed	analysis/phylogenomics/9_locus/extracted_sequences/by_sample/GCA_050474495.1/gki.fasta		990		b758cd6bb3f2b2762070f0e7ddfdc8ee6849cf717a59a23f6dd0f193fef63d9b		obsolete
removed	analysis/phylogenomics/9_locus/extracted_sequences/by_sample/GCA_050474495.1/groEL.fasta		1644		433e6b6cbadf3842e21fea5ec8e1e213aae03ad45916848b6348d4355bf80080		obsolete
removed	analysis/phylogenomics/9_locus/extracted_sequences/by_sample/GCA_050474495.1/gyd.fasta		1020		6d05b1b88922e6b0f58d68e5a74f6d57f84ca2e2fc158f92152b7691c1470fec		obsolete
removed	analysis/phylogenomics/9_locus/extracted_sequences/by_sample/GCA_050474495.1/pstS.fasta		909		98af2b2c18ed2ccde7805717c4913db04b3e3d55d689d30846b5db0615e4fe90		obsolete
removed	analysis/phylogenomics/9_locus/extracted_sequences/by_sample/GCA_050474495.1/pyrC.fasta		1302		e11436ffbe64e415e2953a16eff1effc5b4627982852118e2d773b960943ebac		obsolete
removed	analysis/phylogenomics/9_locus/extracted_sequences/by_sample/GCA_050474495.1/recA.fasta		1065		b9b50f1cd7407479c975dad65195def812b45fd6449b3d035f959f0c6e6d9ab4		obsolete
removed	analysis/phylogenomics/9_locus/extracted_sequences/by_sample/GCA_050474495.1/xpt.fasta		600		fb6882cc08733c37e30e12ceb64223d2d258557d1ca490e8a61a39f8493c0f24		obsolete
removed	analysis/phylogenomics/9_locus/extracted_sequences/by_sample/GCA_050474495.1/yqiL.fasta		2430		3fb5c5c1f21f0fedd94b9fb8b31669071687ee8d733924fd48380b99073557fa		obsolete
removed	analysis/phylogenomics/9_locus/extracted_sequences/by_sample/GCA_050475565.1/gdh.fasta		1542		f3fe954ac41c92cd8a7ff6a8877dcf5ebd8f52910a4aa1938bcbc4fbc05d29a3		obsolete
removed	analysis/phylogenomics/9_locus/extracted_sequences/by_sample/GCA_050475565.1/gki.fasta		990		534ceed058c9f94d2de9343b3929ae02e7eb052247673ceac75eacfade9f7d1c		obsolete
removed	analysis/phylogenomics/9_locus/extracted_sequences/by_sample/GCA_050475565.1/groEL.fasta		1644		34412762dfaa7b038e089657df5e758213955ac5b6d56a619ecb482d9fefdf79		obsolete
removed	analysis/phylogenomics/9_locus/extracted_sequences/by_sample/GCA_050475565.1/gyd.fasta		1020		8c48349bd129f9e022adbe2caa5cf4b8f5cdc95a5b27d71234904c5cad25bf87		obsolete
removed	analysis/phylogenomics/9_locus/extracted_sequences/by_sample/GCA_050475565.1/pstS.fasta		909		24069be04cc28a96df1d8515629def4e765c63ef77e7a9142805b1bac294b184		obsolete
removed	analysis/phylogenomics/9_locus/extracted_sequences/by_sample/GCA_050475565.1/pyrC.fasta		1302		4cf4d5a47e8a580aaed8459180bb9e0d1476761dc52d7ab02bf6b9aec7df2244		obsolete
removed	analysis/phylogenomics/9_locus/extracted_sequences/by_sample/GCA_050475565.1/recA.fasta		1065		7fbe37848a9ca2c01fb4d21dfd6605eae5e939c0ba6d84e1b7cf74f3cbfab0cd		obsolete
removed	analysis/phylogenomics/9_locus/extracted_sequences/by_sample/GCA_050475565.1/xpt.fasta		600		37fdf60a2481974fe023b266a564b21d0a54fe645c43924ccbcf6d0b7d4c659d		obsolete
removed	analysis/phylogenomics/9_locus/extracted_sequences/by_sample/GCA_050475565.1/yqiL.fasta		2430		8db3385403d8db5c1959b9ef89210eee61cc0343340a1ccde7eba2c679bf9d56		obsolete
removed	analysis/phylogenomics/9_locus/extracted_sequences/by_sample/GCA_050475575.1/gdh.fasta		1542		a8a8b8a40b08a35f9e55a7f59d129b124eaadf0137a77fd46bddb69ab5c7895a		obsolete
removed	analysis/phylogenomics/9_locus/extracted_sequences/by_sample/GCA_050475575.1/gki.fasta		990		0eaa79d959b83843a833c9196f8db80b15f359493ecbd97b191a90b1c142efc2		obsolete
removed	analysis/phylogenomics/9_locus/extracted_sequences/by_sample/GCA_050475575.1/groEL.fasta		1644		2811c286a8c8f4c9d8374021b0662ae5381087232184349dd10357fe98e298e8		obsolete
removed	analysis/phylogenomics/9_locus/extracted_sequences/by_sample/GCA_050475575.1/gyd.fasta		1020		61410b5acd9b5f779fa0d5fc593def7a5c84ec7fa0f3645b371c42f89644146e		obsolete
removed	analysis/phylogenomics/9_locus/extracted_sequences/by_sample/GCA_050475575.1/pstS.fasta		909		a07da35a99a9c9fe69b11eef684c25e18f43628472c02438e7f4de7e2d6e5c75		obsolete
removed	analysis/phylogenomics/9_locus/extracted_sequences/by_sample/GCA_050475575.1/pyrC.fasta		1302		c69f90c62188e6743ff109e6047a466647c2b99f85847513804dc287b8c38b6a		obsolete
removed	analysis/phylogenomics/9_locus/extracted_sequences/by_sample/GCA_050475575.1/recA.fasta		1065		63367133b5d7dc2c234ac1467c1400613294ba1f2256ffc758e32705cec2abed		obsolete
removed	analysis/phylogenomics/9_locus/extracted_sequences/by_sample/GCA_050475575.1/xpt.fasta		600		b01d67e2f24555bb4fc6435d05a0d26c251d3aff15ec1b421bcb7fc89cdb6d62		obsolete
removed	analysis/phylogenomics/9_locus/extracted_sequences/by_sample/GCA_050475575.1/yqiL.fasta		2430		e383bd61b0429145f0c1073b8ad22611c74d8ef3863006fdbe5fc47d03c65760		obsolete
removed	analysis/phylogenomics/9_locus/extracted_sequences/by_sample/GCA_050476085.1/gdh.fasta		1542		3f4f4faf29933509a16fdccee25634fd4375c3d03e40d063580247036e9273e3		obsolete
removed	analysis/phylogenomics/9_locus/extracted_sequences/by_sample/GCA_050476085.1/gki.fasta		990		8b08a7459c257ef9ac976c839bdbba4536532a0511be8f727b85640459bfee52		obsolete
removed	analysis/phylogenomics/9_locus/extracted_sequences/by_sample/GCA_050476085.1/groEL.fasta		1644		34c97bbae5489566b9abb7296438dce8b301c30b28ca40bc3ba6fb5200c0490b		obsolete
removed	analysis/phylogenomics/9_locus/extracted_sequences/by_sample/GCA_050476085.1/gyd.fasta		1020		477c1fae4cfc4e46eda45e4c5457ce8424faa859d829ea0edac4cdeece18f1a4		obsolete
removed	analysis/phylogenomics/9_locus/extracted_sequences/by_sample/GCA_050476085.1/pstS.fasta		909		6411b3f8edda397e53c603d3cdc7def943ec0dafbcfc4200fd3873001d80bbd2		obsolete
removed	analysis/phylogenomics/9_locus/extracted_sequences/by_sample/GCA_050476085.1/pyrC.fasta		1302		3abe1cfd338de66815bd0c74a85a65acde137e9a8bb953cc4c70d43686cedff5		obsolete
removed	analysis/phylogenomics/9_locus/extracted_sequences/by_sample/GCA_050476085.1/recA.fasta		1065		2f372a0330fefc9147dbccd5d0a4b0b9b5776b2ae02c28c05381a54449efeabb		obsolete
removed	analysis/phylogenomics/9_locus/extracted_sequences/by_sample/GCA_050476085.1/xpt.fasta		600		0492b45d32a3f4fbcc71bb62dd621ae3a689b732ba86720dae453a8b51631ee4		obsolete
removed	analysis/phylogenomics/9_locus/extracted_sequences/by_sample/GCA_050476085.1/yqiL.fasta		2430		5770f7aae61683e2000388050b1cceba75e03abb7edd01444bc8457305862db1		obsolete
removed	analysis/phylogenomics/9_locus/extracted_sequences/by_sample/GCA_050480515.1/gdh.fasta		1542		a2f9e24fd00b183f6caf500e5bf5569d95503b0ad40444a0eaba634150d3fcbd		obsolete
removed	analysis/phylogenomics/9_locus/extracted_sequences/by_sample/GCA_050480515.1/gki.fasta		990		8d686225456e1a39e0d90960349e365487b896703b5e522945da0499965327f1		obsolete
removed	analysis/phylogenomics/9_locus/extracted_sequences/by_sample/GCA_050480515.1/groEL.fasta		1644		cc5787249235f370fe192d1ee64d7b1f59341027b1f1c9fd7c76dee77ecbda78		obsolete
removed	analysis/phylogenomics/9_locus/extracted_sequences/by_sample/GCA_050480515.1/gyd.fasta		1020		92c7a5ea51dec0b1997a0df59eb43cc6c88a2b5b41e587e8ef005da4001fb2b8		obsolete
removed	analysis/phylogenomics/9_locus/extracted_sequences/by_sample/GCA_050480515.1/pstS.fasta		909		1562f4c020fc7aafacf443216c264a66cdcb24ee49d50eb60958326b487609ca		obsolete
removed	analysis/phylogenomics/9_locus/extracted_sequences/by_sample/GCA_050480515.1/pyrC.fasta		1302		ca50070dec51d64c2ab1d53cf22c9bfc5e1a5b62ab700c86d258aa708d2eaf4c		obsolete
removed	analysis/phylogenomics/9_locus/extracted_sequences/by_sample/GCA_050480515.1/recA.fasta		1065		8cbab665da29512ba5a6450e9bbbe4918c0f5d4a62668d41b985b725782abdb3		obsolete
removed	analysis/phylogenomics/9_locus/extracted_sequences/by_sample/GCA_050480515.1/xpt.fasta		600		9375a073a845e9a52f281b461431fc4885c18eac5bf40af6151db6a77fa87963		obsolete
removed	analysis/phylogenomics/9_locus/extracted_sequences/by_sample/GCA_050480515.1/yqiL.fasta		2430		e2c3cc5c172c2ea55b760f58eac51d6835a6a611b7306142d0a74c1ba8272c7e		obsolete
removed	analysis/phylogenomics/9_locus/extracted_sequences/by_sample/GCA_050481105.1/gdh.fasta		1542		3886ac4c06e93c538ccdb86b95ad2ecd6670669bc305f1d6aba36d0e08a565c2		obsolete
removed	analysis/phylogenomics/9_locus/extracted_sequences/by_sample/GCA_050481105.1/gki.fasta		990		eec02b20e241d32cbdde4c80f31753176686975cffd043499d61c65eb01c7f95		obsolete
removed	analysis/phylogenomics/9_locus/extracted_sequences/by_sample/GCA_050481105.1/groEL.fasta		1644		2c78075177fc05a655df4c463443859342fe0cdb1107e8028e0bc1ac73880a0a		obsolete
removed	analysis/phylogenomics/9_locus/extracted_sequences/by_sample/GCA_050481105.1/gyd.fasta		1020		54322f3a179c26da477db659bff19fcc8e00a051a43795afd04293a64d42d503		obsolete
removed	analysis/phylogenomics/9_locus/extracted_sequences/by_sample/GCA_050481105.1/pstS.fasta		909		a4c1043d48a607674ccc259c86ff1853df9d96888783b2aed01f07781b368779		obsolete
removed	analysis/phylogenomics/9_locus/extracted_sequences/by_sample/GCA_050481105.1/pyrC.fasta		1302		eff49a5fcd78b323edc6a6f56676e8baa0ebe6d81abd6baa3a26690431be3425		obsolete
removed	analysis/phylogenomics/9_locus/extracted_sequences/by_sample/GCA_050481105.1/recA.fasta		1065		e9156d6a28a765e15d85ba54c783bcccc13df5fbf9d8a0302dc5feada0d3dbd8		obsolete
removed	analysis/phylogenomics/9_locus/extracted_sequences/by_sample/GCA_050481105.1/xpt.fasta		600		880867443568c88b8c2259fc5b5b0ce56622a6edc8419dadfc48487bae0ea474		obsolete
removed	analysis/phylogenomics/9_locus/extracted_sequences/by_sample/GCA_050481105.1/yqiL.fasta		2430		4224b183a6a6a48f5dc1f47635f8ffc6b4e20e6694097642896a89f444211064		obsolete
removed	analysis/phylogenomics/9_locus/extracted_sequences/by_sample/GCA_050481115.1/gdh.fasta		1542		d8639db7ac91fc33144e3ab37c4497fe7ebc9194e0ba8ffecb67599e7bbda22a		obsolete
removed	analysis/phylogenomics/9_locus/extracted_sequences/by_sample/GCA_050481115.1/gki.fasta		990		097ad4096b9ae532c5245936b606d4fb4f28ecc101638636836f48146159cda0		obsolete
removed	analysis/phylogenomics/9_locus/extracted_sequences/by_sample/GCA_050481115.1/groEL.fasta		1644		7d4aa9d4299600fb8a51e8f63fe3f8ca7e1a7b47391368bdd94aeccd554e5a60		obsolete
removed	analysis/phylogenomics/9_locus/extracted_sequences/by_sample/GCA_050481115.1/gyd.fasta		1020		247b33a7d7b4fd7c9f863287a60564f7dcdbbbdfa220fafd68fae6c638fb836e		obsolete
removed	analysis/phylogenomics/9_locus/extracted_sequences/by_sample/GCA_050481115.1/pstS.fasta		909		ec626e59f8cc079c0f6ea29583f023e369aa749a3e7f93e2e6f6f11cb07808c7		obsolete
removed	analysis/phylogenomics/9_locus/extracted_sequences/by_sample/GCA_050481115.1/pyrC.fasta		1302		c146e813dcf4355a0586c397c3e4c8d72ee36a87a98e7f1c9e6f127d99fa4b78		obsolete
removed	analysis/phylogenomics/9_locus/extracted_sequences/by_sample/GCA_050481115.1/recA.fasta		1065		66f7768580b824c799e2193c244b4620f652df7abc413f1787a2743f8308a1fe		obsolete
removed	analysis/phylogenomics/9_locus/extracted_sequences/by_sample/GCA_050481115.1/xpt.fasta		600		29f2a3c70f9428c947b2c1eef241fb2499c936431fe64f10ffb043e31d9285d5		obsolete
removed	analysis/phylogenomics/9_locus/extracted_sequences/by_sample/GCA_050481115.1/yqiL.fasta		2430		370248b04ab12e21e81cd4454ae170f19a7b814f08ea141439bd34717f915ca1		obsolete
removed	analysis/phylogenomics/9_locus/extracted_sequences/by_sample/GCA_050481685.1/gdh.fasta		1542		994de1180e7064783fa4946894f08b7bd1ca1d295776f8aa73fe442cf5708560		obsolete
removed	analysis/phylogenomics/9_locus/extracted_sequences/by_sample/GCA_050481685.1/gki.fasta		990		8f578d1ac7b65a8259d3b9babd5e0eee01a0f8d83cea08d23ca03f4dd443d503		obsolete
removed	analysis/phylogenomics/9_locus/extracted_sequences/by_sample/GCA_050481685.1/groEL.fasta		1644		2a0de63ab698f11bdfb9531894a4d883561bb3918c2e91c262366b5cb2a196c8		obsolete
removed	analysis/phylogenomics/9_locus/extracted_sequences/by_sample/GCA_050481685.1/gyd.fasta		1020		d01e3dc2e6d5d93bb361e7cf4a77ada8aad7ac6864890eb15c17343acbd5edda		obsolete
removed	analysis/phylogenomics/9_locus/extracted_sequences/by_sample/GCA_050481685.1/pstS.fasta		909		ce3252d147d07a2334752046a07e3833c884359957d417a686552bc984565090		obsolete
removed	analysis/phylogenomics/9_locus/extracted_sequences/by_sample/GCA_050481685.1/pyrC.fasta		1302		1198d70c60457163380d4c56c7c851c59d80d7e3422cd8c06342b9e8388490cc		obsolete
removed	analysis/phylogenomics/9_locus/extracted_sequences/by_sample/GCA_050481685.1/recA.fasta		1065		7e93bb761f1e61b893f320f0ab0070857e4a58f157272f0ebb14ca69ce3312a8		obsolete
removed	analysis/phylogenomics/9_locus/extracted_sequences/by_sample/GCA_050481685.1/xpt.fasta		600		c8ddb0d89284ae725da28d3838d8743f5d226a8e57fcfd01ed93a3d0eeec74a1		obsolete
removed	analysis/phylogenomics/9_locus/extracted_sequences/by_sample/GCA_050481685.1/yqiL.fasta		2430		d8e89cd29ae677831c6582f60881713679968cd28d7a4333bf9d9bb5fe3c88e0		obsolete
removed	analysis/phylogenomics/9_locus/extracted_sequences/by_sample/GCA_050481695.1/gdh.fasta		1542		c9bf3732b1bf0df1a9358b51a32f3695c0524d731293899b84e2b91e0c2d3172		obsolete
removed	analysis/phylogenomics/9_locus/extracted_sequences/by_sample/GCA_050481695.1/gki.fasta		990		62be1b212f7c3185cd66bb6043e8aa02fb333478f3168c7d3ed01121b3c8deba		obsolete
removed	analysis/phylogenomics/9_locus/extracted_sequences/by_sample/GCA_050481695.1/groEL.fasta		1644		ea76dbc2fceec559d262ba343d5267fe650427c7524ac77abd07aad0bf27b68d		obsolete
removed	analysis/phylogenomics/9_locus/extracted_sequences/by_sample/GCA_050481695.1/gyd.fasta		1020		6cf511ff9f3ff5dc6af0fdc618c9a527b6f36c4193d18e4b30d611c418a826a7		obsolete
removed	analysis/phylogenomics/9_locus/extracted_sequences/by_sample/GCA_050481695.1/pstS.fasta		909		2da9224a7e2b8055a7f5fa1dd9632164471aa2211d3fb79e5ae8661be0cb3187		obsolete
removed	analysis/phylogenomics/9_locus/extracted_sequences/by_sample/GCA_050481695.1/pyrC.fasta		1302		58b9ff92d11bbd79f53ed88140ea8b1cd468522d311ab4bcb2d65fdce21468fc		obsolete
removed	analysis/phylogenomics/9_locus/extracted_sequences/by_sample/GCA_050481695.1/recA.fasta		1065		3196e945c734edf62ea55dac70ee11e011fa5c6300758a1d9bb65d048398b4bd		obsolete
removed	analysis/phylogenomics/9_locus/extracted_sequences/by_sample/GCA_050481695.1/xpt.fasta		600		3549b075781d82858264c09cdf4b766647541de38ed1211509c94028652f1824		obsolete
removed	analysis/phylogenomics/9_locus/extracted_sequences/by_sample/GCA_050481695.1/yqiL.fasta		2430		2446d66f9777bc71556dc9b3faafc94e27aaefdc17013f74c53584d5061698d6		obsolete
removed	analysis/phylogenomics/9_locus/extracted_sequences/by_sample/GCA_050482265.1/gdh.fasta		1542		a52b86e0809dfbc033db547454dd3c8b19b44b3807765d97cd0960c44052a721		obsolete
removed	analysis/phylogenomics/9_locus/extracted_sequences/by_sample/GCA_050482265.1/gki.fasta		990		689ee3834b21b6a4abeead0ebd1252aca10771a05cd73d4bb385ecd095c57b6c		obsolete
removed	analysis/phylogenomics/9_locus/extracted_sequences/by_sample/GCA_050482265.1/groEL.fasta		1644		a69bc40b83620d77826e5c5e9215030c159e9943a5164d725a044ca85da9584e		obsolete
removed	analysis/phylogenomics/9_locus/extracted_sequences/by_sample/GCA_050482265.1/gyd.fasta		1020		ac24127b226476d47a1cf13a4c9ef3d7502699d7d24c6382ea71629fd7efde1f		obsolete
removed	analysis/phylogenomics/9_locus/extracted_sequences/by_sample/GCA_050482265.1/pstS.fasta		909		71347df5ff1facf2482131f055c97eda79e712c731987c816985971d4b8d3358		obsolete
removed	analysis/phylogenomics/9_locus/extracted_sequences/by_sample/GCA_050482265.1/pyrC.fasta		1302		cd58fcb27d2c3c4816a0589b2d6d23e4d466d074787280c8729a4487937894fc		obsolete
removed	analysis/phylogenomics/9_locus/extracted_sequences/by_sample/GCA_050482265.1/recA.fasta		1065		2fc084f9e876c2c7543ef7c088ec09753eab326a77cafeccdca20eefe740de37		obsolete
removed	analysis/phylogenomics/9_locus/extracted_sequences/by_sample/GCA_050482265.1/xpt.fasta		600		f256e0ff09daf033668fa6a23757e12307da2b73874673e23c010e2d93211cc0		obsolete
removed	analysis/phylogenomics/9_locus/extracted_sequences/by_sample/GCA_050482265.1/yqiL.fasta		2430		88e8dfe77b069fecc736197d35bdb80f627c9590b135c058851a3479c9552379		obsolete
removed	analysis/phylogenomics/9_locus/extracted_sequences/by_sample/GCA_050485045.1/gdh.fasta		1542		23e66af2bd084987d7947645b4e8a59cffc02e544cb7a403e5c67cfe5151685e		obsolete
removed	analysis/phylogenomics/9_locus/extracted_sequences/by_sample/GCA_050485045.1/gki.fasta		990		7eda47a90c2f66f3d3cc232bbe4109f19dd197c1a253a00342b3f3f66ab74da0		obsolete
removed	analysis/phylogenomics/9_locus/extracted_sequences/by_sample/GCA_050485045.1/groEL.fasta		1644		926c55b577720787436f3b74d755bc987b20661f377c88b7af62b555d2dc2b9f		obsolete
removed	analysis/phylogenomics/9_locus/extracted_sequences/by_sample/GCA_050485045.1/gyd.fasta		1020		dd57886a4d4d97798cd8ddbb9e88a760ef6dc8e42c113c2cbdcc56c29cb12548		obsolete
removed	analysis/phylogenomics/9_locus/extracted_sequences/by_sample/GCA_050485045.1/pstS.fasta		909		f972c8e56bdb24b00f828023090025628dc5e701356c02401530be9fb1d4896d		obsolete
removed	analysis/phylogenomics/9_locus/extracted_sequences/by_sample/GCA_050485045.1/pyrC.fasta		1302		7bc2dccfb9e856cb4dd4f1731bb3b83483caff26f93abc24b282b27095ee6407		obsolete
removed	analysis/phylogenomics/9_locus/extracted_sequences/by_sample/GCA_050485045.1/recA.fasta		1065		4e91706f323b8e9d689445c1214b77653c132d23851b67137c10090a2346a032		obsolete
removed	analysis/phylogenomics/9_locus/extracted_sequences/by_sample/GCA_050485045.1/xpt.fasta		600		728eb444f2e78dd0bb4a7583d695592644fdbcd8d8d7f7b69e59e6a7a5974b94		obsolete
removed	analysis/phylogenomics/9_locus/extracted_sequences/by_sample/GCA_050485045.1/yqiL.fasta		2430		1d4b06f223b8c160f3ef056c039c54c9d1f3bb206767809cc023f6046a2008cd		obsolete
removed	analysis/phylogenomics/9_locus/extracted_sequences/by_sample/GCA_050485055.1/gdh.fasta		1542		a68a43dd463a5faed09fc9b5dfb3ac33e86f8893aee7048033d4bbfa9ed67f58		obsolete
removed	analysis/phylogenomics/9_locus/extracted_sequences/by_sample/GCA_050485055.1/gki.fasta		990		32dda5a7350feb9bb5e57f82ca7f172e0b16e7581f709dab4ec64c7543715fc0		obsolete
removed	analysis/phylogenomics/9_locus/extracted_sequences/by_sample/GCA_050485055.1/groEL.fasta		1644		797a1d1d3515517bd7ceacd285c8087a4b97b2f63f1001a159d29df7ebfcd4c8		obsolete
removed	analysis/phylogenomics/9_locus/extracted_sequences/by_sample/GCA_050485055.1/gyd.fasta		1020		9cc56f377b15b57e92cdbac27130892fe71b682853e3c40383c9ee073ac32392		obsolete
removed	analysis/phylogenomics/9_locus/extracted_sequences/by_sample/GCA_050485055.1/pstS.fasta		909		8c52abfb0fedd6885be1dfd8195ebc475019666010e2ef76f052ce922fb99902		obsolete
removed	analysis/phylogenomics/9_locus/extracted_sequences/by_sample/GCA_050485055.1/pyrC.fasta		1302		5b781e71721b9ccb6b88f3c99623008ae8a5ecc9e4048d78be344407488e8b49		obsolete
removed	analysis/phylogenomics/9_locus/extracted_sequences/by_sample/GCA_050485055.1/recA.fasta		1065		72833611488b038099044cb1eb44625bb8680546b2bdf2b922ab34976901abd4		obsolete
removed	analysis/phylogenomics/9_locus/extracted_sequences/by_sample/GCA_050485055.1/xpt.fasta		600		aa45dafcbbe045ac483cdbfdc58d6be8d865c16fbf326306194fb755f9300037		obsolete
removed	analysis/phylogenomics/9_locus/extracted_sequences/by_sample/GCA_050485055.1/yqiL.fasta		2430		832a8c267f364180a531e249818a90f090f7fa448c2ddf29eb2fefa92693412b		obsolete
removed	analysis/phylogenomics/9_locus/extracted_sequences/by_sample/GCA_050485625.1/gdh.fasta		1542		50d218d178b52e28a20b1fb133ce056ebe048cfc6d7dea6282ae1b750798f626		obsolete
removed	analysis/phylogenomics/9_locus/extracted_sequences/by_sample/GCA_050485625.1/gki.fasta		990		58eb68fbd5766b2083608994c7545aac2b4f8314582c8481972b0242cebe680d		obsolete
removed	analysis/phylogenomics/9_locus/extracted_sequences/by_sample/GCA_050485625.1/groEL.fasta		1644		952d316061caa9e59709e5c105db37431754ec7b1517f8de2d812a6499bbaa87		obsolete
removed	analysis/phylogenomics/9_locus/extracted_sequences/by_sample/GCA_050485625.1/gyd.fasta		1020		f828e9c167e4164b525e2ba19d9b6823dabed5d871f04ab234066684abe1e2da		obsolete
removed	analysis/phylogenomics/9_locus/extracted_sequences/by_sample/GCA_050485625.1/pstS.fasta		909		ca7a55c4d1f7281ad403af78a0be994cf91427e61594833ed9e89a930ca537ea		obsolete
removed	analysis/phylogenomics/9_locus/extracted_sequences/by_sample/GCA_050485625.1/pyrC.fasta		1302		4d92d9b2ef8c32569a26e529c9a700cdc53c607f060f9c135327f42a6f2288c8		obsolete
removed	analysis/phylogenomics/9_locus/extracted_sequences/by_sample/GCA_050485625.1/recA.fasta		1065		fd3db41b14052597484a3f397f30f465d71778bf2501922bf7f634e1466c3fb4		obsolete
removed	analysis/phylogenomics/9_locus/extracted_sequences/by_sample/GCA_050485625.1/xpt.fasta		600		54ff7481ae3e0c133083dd02d2008a88146c7e65fb46ae7c975c867b4eee4887		obsolete
removed	analysis/phylogenomics/9_locus/extracted_sequences/by_sample/GCA_050485625.1/yqiL.fasta		2430		facc59e0e75c099eb70e29a77f44d24c34034a73385186063bc2d147a2a4d8b4		obsolete
removed	analysis/phylogenomics/9_locus/extracted_sequences/by_sample/GCA_050485635.1/gdh.fasta		1542		954f2495076b4c3c42f77b270692f20c52116f40ae494670eb2dca632a376f28		obsolete
removed	analysis/phylogenomics/9_locus/extracted_sequences/by_sample/GCA_050485635.1/gki.fasta		990		49bf68bf812a4cb00819d5e8f1f3b8e65f9a8996e179d545c0fb6de84c150279		obsolete
removed	analysis/phylogenomics/9_locus/extracted_sequences/by_sample/GCA_050485635.1/groEL.fasta		1644		9569f088bcf043ed9267ab04a8294c4aa9195f70a281731af4c64e1778379db1		obsolete
removed	analysis/phylogenomics/9_locus/extracted_sequences/by_sample/GCA_050485635.1/gyd.fasta		1020		bdb8e993562584350992c2ca25bd5e9a591edc8d3f6af236ccb4aaa783ee1cca		obsolete
removed	analysis/phylogenomics/9_locus/extracted_sequences/by_sample/GCA_050485635.1/pstS.fasta		909		cefa79acb24cf66f77113462b31e73de1c16c30421f65b80a9cd81bc17eb2e7e		obsolete
removed	analysis/phylogenomics/9_locus/extracted_sequences/by_sample/GCA_050485635.1/pyrC.fasta		1302		035bf995ac5b1e4e64b28dbc8b9ad5c656eb98b16bbdb85d58307c74ac67f49f		obsolete
removed	analysis/phylogenomics/9_locus/extracted_sequences/by_sample/GCA_050485635.1/recA.fasta		1065		1e28f0f987e159a6afa537ef461e8b395dd57f81ec1d2589b7e0f70a4d4f31d4		obsolete
removed	analysis/phylogenomics/9_locus/extracted_sequences/by_sample/GCA_050485635.1/xpt.fasta		600		fb9c56f57040dd1facdd4ed4ed2357719da78a628c222f1e40e561bd46ec65bc		obsolete
removed	analysis/phylogenomics/9_locus/extracted_sequences/by_sample/GCA_050485635.1/yqiL.fasta		2430		ac5dbad974f2d0df75159a8ddc1118c22bd20985c9d1467e856121f23f226dfa		obsolete
removed	analysis/phylogenomics/9_locus/extracted_sequences/by_sample/GCA_050486705.1/gdh.fasta		1542		bb6c09de97ddf672f1a559586ffbfe1e0210d37025cbbf517e0cf9b3d254b352		obsolete
removed	analysis/phylogenomics/9_locus/extracted_sequences/by_sample/GCA_050486705.1/gki.fasta		990		30c63a4481adfe08904444af1d060cacb1ee603f693951f9aee5324ebdb7ed89		obsolete
removed	analysis/phylogenomics/9_locus/extracted_sequences/by_sample/GCA_050486705.1/groEL.fasta		1644		3bf99ad6ec6d1943201b6b550c2f93b6f0bac484c3ee5681689bdf89e96c6822		obsolete
removed	analysis/phylogenomics/9_locus/extracted_sequences/by_sample/GCA_050486705.1/gyd.fasta		1020		3f01ade67537477343ab0c5a7d0d696a2e5afb684c33a595de466b258e20b642		obsolete
removed	analysis/phylogenomics/9_locus/extracted_sequences/by_sample/GCA_050486705.1/pstS.fasta		909		bc82849b6aeaa17c1bcf5e2fd640b25447139311ffedf555a4852cf503bf6a27		obsolete
removed	analysis/phylogenomics/9_locus/extracted_sequences/by_sample/GCA_050486705.1/pyrC.fasta		1302		ab56f2b8e9c024bfd4f8a745ebac3fe95372dad9a641660399f761162102f70a		obsolete
removed	analysis/phylogenomics/9_locus/extracted_sequences/by_sample/GCA_050486705.1/recA.fasta		1065		53e51e3f1e9bb0abc99371050cec359ec0c9c2970fcecf7fffb23e6ea2a63ed2		obsolete
removed	analysis/phylogenomics/9_locus/extracted_sequences/by_sample/GCA_050486705.1/xpt.fasta		600		ad008b38434d9cc15c70fe2970fba965c5998a1ca92975f854cdf98c021d6c01		obsolete
removed	analysis/phylogenomics/9_locus/extracted_sequences/by_sample/GCA_050486705.1/yqiL.fasta		2430		9a6b909b94c9acacce36a0e288a0a89b4831e63d068d90d1d363dc34e3c8e934		obsolete
removed	analysis/phylogenomics/9_locus/extracted_sequences/by_sample/GCA_050486715.1/gdh.fasta		1542		62018fcac02418cb55259c2009023216642d83bf0576e698fe493a3b7d308439		obsolete
removed	analysis/phylogenomics/9_locus/extracted_sequences/by_sample/GCA_050486715.1/gki.fasta		990		96ad32bb3529d031e901f874f97c060a3415ab53bacd11fcea955ebe2208d49f		obsolete
removed	analysis/phylogenomics/9_locus/extracted_sequences/by_sample/GCA_050486715.1/groEL.fasta		1644		b5748bc55db54f4f74922e85900b3133707e4330c1a3bd1c3dca909ec6afce60		obsolete
removed	analysis/phylogenomics/9_locus/extracted_sequences/by_sample/GCA_050486715.1/gyd.fasta		1020		a6cffb6abbb3fca8bb164f9fa5c5d7c0c233ebf73b0534829972c5f1ebf46304		obsolete
removed	analysis/phylogenomics/9_locus/extracted_sequences/by_sample/GCA_050486715.1/pstS.fasta		909		dc0efba9df59003a4e8e57862e0b7342da033576dc3f45f5cf0dca49c7b671ed		obsolete
removed	analysis/phylogenomics/9_locus/extracted_sequences/by_sample/GCA_050486715.1/pyrC.fasta		1302		aca9824d74b63be7b5a25e36b4fefb685aa3986c32cc79ec416ad33fbb47c142		obsolete
removed	analysis/phylogenomics/9_locus/extracted_sequences/by_sample/GCA_050486715.1/recA.fasta		1065		f4c696328e9dc4650d4d16161ffc06e7e93298b07903957acf2bb9f319890c7d		obsolete
removed	analysis/phylogenomics/9_locus/extracted_sequences/by_sample/GCA_050486715.1/xpt.fasta		600		9876aec71653a0972e2cc0244005ad34b7f03274169534da9a5a7371d5808cce		obsolete
removed	analysis/phylogenomics/9_locus/extracted_sequences/by_sample/GCA_050486715.1/yqiL.fasta		2430		e5b44f6500f7b54d008c752abb26d15d92a07c1fb1b7ec99aa87bf792a7f4c34		obsolete
removed	analysis/phylogenomics/9_locus/extracted_sequences/by_sample/GCA_050491675.1/gdh.fasta		1542		8fba76e594eb5f7644df2cf22eb1ff38bfa829a619594d97ff70842733dc5234		obsolete
removed	analysis/phylogenomics/9_locus/extracted_sequences/by_sample/GCA_050491675.1/gki.fasta		990		ec4a0b573530f48b75c1cd57e1a0dfd911c26d209573ddad65de8a1956a164b8		obsolete
removed	analysis/phylogenomics/9_locus/extracted_sequences/by_sample/GCA_050491675.1/groEL.fasta		1644		00523e1720c990db55e22b1c7970e69d3b8e846c5a1a9732a593cff76efb428c		obsolete
removed	analysis/phylogenomics/9_locus/extracted_sequences/by_sample/GCA_050491675.1/gyd.fasta		1020		dba87370b51338ea7a4a805015323a6c84088d87e20da0b747f2862e477bbc79		obsolete
removed	analysis/phylogenomics/9_locus/extracted_sequences/by_sample/GCA_050491675.1/pstS.fasta		909		6e2032cf8a23a98156f5777b853e4feb55bce95048a75ed414975a3e0ea9e39f		obsolete
removed	analysis/phylogenomics/9_locus/extracted_sequences/by_sample/GCA_050491675.1/pyrC.fasta		1302		ceacffebcbd34975d2f7bf65db5bd4008a961c4bd6219ea08d8c41b660ecb589		obsolete
removed	analysis/phylogenomics/9_locus/extracted_sequences/by_sample/GCA_050491675.1/recA.fasta		1065		2b507132fd6c6703dc1eb047ec566bb3871a8684535af2c27cc72e32f567c49f		obsolete
removed	analysis/phylogenomics/9_locus/extracted_sequences/by_sample/GCA_050491675.1/xpt.fasta		600		80180c81a96d45ae966f056d7761b0d7ad9685ddb53fab9ce37dcfb83b1875c8		obsolete
removed	analysis/phylogenomics/9_locus/extracted_sequences/by_sample/GCA_050491675.1/yqiL.fasta		2430		84599c2e0d984f15f95b2cffe3d224bc97b1541eecaebeab95a34ac8fc1dcea8		obsolete
removed	analysis/phylogenomics/9_locus/extracted_sequences/by_sample/GCA_050491685.1/gdh.fasta		1542		0bb21cfdb605aa40463cad19a128ee8095416c6096ef0de6f85551b869f501f8		obsolete
removed	analysis/phylogenomics/9_locus/extracted_sequences/by_sample/GCA_050491685.1/gki.fasta		990		51d00e74e0ea241ebd2e5fdb3b8e5e96a2d5e30e849d4a03661f249494399ba1		obsolete
removed	analysis/phylogenomics/9_locus/extracted_sequences/by_sample/GCA_050491685.1/groEL.fasta		1644		d1b2455125de6b362d59371db9bfc31b2ef4895d7a8d23da97d630b0c36a1cba		obsolete
removed	analysis/phylogenomics/9_locus/extracted_sequences/by_sample/GCA_050491685.1/gyd.fasta		1020		e2d574913edf01aeff7dd792f8d45b171578848fbae25cdd62e79cb618444abf		obsolete
removed	analysis/phylogenomics/9_locus/extracted_sequences/by_sample/GCA_050491685.1/pstS.fasta		909		150cb70b04f9285307b7676b0564e17f9b5222e2ab77f17238791c04d7affb27		obsolete
removed	analysis/phylogenomics/9_locus/extracted_sequences/by_sample/GCA_050491685.1/pyrC.fasta		1302		ec3761f048ea798015713443f6757e9c90a595ec406837fa6d9cc36fdde1ec3e		obsolete
removed	analysis/phylogenomics/9_locus/extracted_sequences/by_sample/GCA_050491685.1/recA.fasta		1065		066c620afb701163f718544d4955739900ff86ffaa22a10c1bdf79b460ad5d30		obsolete
removed	analysis/phylogenomics/9_locus/extracted_sequences/by_sample/GCA_050491685.1/xpt.fasta		600		9a4ee44c9575aaec2aeaad0232335ed218cae472579b3cbf4264360b3c65e3cf		obsolete
removed	analysis/phylogenomics/9_locus/extracted_sequences/by_sample/GCA_050491685.1/yqiL.fasta		2430		cd0fbe66fdbfd506758fc5aaaab5e6d17cd8f5056a54b7511de81f42e639ed86		obsolete
removed	analysis/phylogenomics/9_locus/extracted_sequences/by_sample/GCA_050492125.1/gdh.fasta		1542		e8d1b3cb6df3d824ae2e4c358aa2514488cef60ea3e2f60fd6d506b2196402cf		obsolete
removed	analysis/phylogenomics/9_locus/extracted_sequences/by_sample/GCA_050492125.1/gki.fasta		990		cb20e69ecbf144d00e23c9ea0f44911be6edf89e1426c73af6ed0f143d069639		obsolete
removed	analysis/phylogenomics/9_locus/extracted_sequences/by_sample/GCA_050492125.1/groEL.fasta		1644		bfa270b4646fe26bca77a0177d2a634a78914dc2157a062d54a62748878153c2		obsolete
removed	analysis/phylogenomics/9_locus/extracted_sequences/by_sample/GCA_050492125.1/gyd.fasta		1020		d89a8b4e56c197c9c8a239fc595dad0a09535b7fde163e3ab7ecafb610b116d6		obsolete
removed	analysis/phylogenomics/9_locus/extracted_sequences/by_sample/GCA_050492125.1/pstS.fasta		909		08b420d4fcb081782f8f9a4db05c2186dfb16ba050359bfa694d26bf9a940bae		obsolete
removed	analysis/phylogenomics/9_locus/extracted_sequences/by_sample/GCA_050492125.1/pyrC.fasta		1302		f2115e4dc76598eb7e851f2903e09e5d07106d2b7a6f635d13143685fb81bbed		obsolete
removed	analysis/phylogenomics/9_locus/extracted_sequences/by_sample/GCA_050492125.1/recA.fasta		1065		7df8349c2c7b74e07bf46d9881a4b5113aa1ffd8b9b7a62afe78c22e78f161d5		obsolete
removed	analysis/phylogenomics/9_locus/extracted_sequences/by_sample/GCA_050492125.1/xpt.fasta		600		9377fda699b9d8e16be54717dbeb23e86957433ca028e883698bb6d28fcaff1d		obsolete
removed	analysis/phylogenomics/9_locus/extracted_sequences/by_sample/GCA_050492125.1/yqiL.fasta		2430		d0f8f2705e9eaf33e23c3626d2958e0029fe119988affa10174041cbbd8b6fde		obsolete
removed	analysis/phylogenomics/9_locus/extracted_sequences/by_sample/GCA_050492135.1/gdh.fasta		1542		a1eebb99db1e93743d4879d39fac08d6d89a3a81f68faa5feb5b2d4adda54627		obsolete
removed	analysis/phylogenomics/9_locus/extracted_sequences/by_sample/GCA_050492135.1/gki.fasta		990		623272781c7cf19c4b0e7fd33a04bd61777301645e60c565cfa50274af2e53db		obsolete
removed	analysis/phylogenomics/9_locus/extracted_sequences/by_sample/GCA_050492135.1/groEL.fasta		1644		9aea71ca7c99f294eb18f86faf7ece8f179dff3b23fa21e635de9d3f897188da		obsolete
removed	analysis/phylogenomics/9_locus/extracted_sequences/by_sample/GCA_050492135.1/gyd.fasta		1020		4d167fa0df8d185b4c513c8ae74fdb16f4b6e46341c8cf415cacc67f675bdfa3		obsolete
removed	analysis/phylogenomics/9_locus/extracted_sequences/by_sample/GCA_050492135.1/pstS.fasta		909		4e7d0aed5b495359a18429adaf3f8acbef8448d4e6a8f697d8139e20be0daa53		obsolete
removed	analysis/phylogenomics/9_locus/extracted_sequences/by_sample/GCA_050492135.1/pyrC.fasta		1302		10a937b0a51af304474c55b2a1b441a800e7c3aab7f068266d67667671d21c66		obsolete
removed	analysis/phylogenomics/9_locus/extracted_sequences/by_sample/GCA_050492135.1/recA.fasta		1065		d864d41ed2f22c1530a864bfcee11aa5d3b052f854be017783f287b7ab7193b5		obsolete
removed	analysis/phylogenomics/9_locus/extracted_sequences/by_sample/GCA_050492135.1/xpt.fasta		600		74ad93cb6f3c79f267e1e2c2db984d0b28a4e4ded33fa90f79d2e59ca2e42368		obsolete
removed	analysis/phylogenomics/9_locus/extracted_sequences/by_sample/GCA_050492135.1/yqiL.fasta		2430		c9fe4ebc155f7f6b0cda90edbd095373457ec267e97da1f90cebb3d2bdfafded		obsolete
removed	analysis/phylogenomics/9_locus/extracted_sequences/by_sample/GCA_050505635.1/gdh.fasta		1542		115df0c3542084ad512f14cf046476d8ba0be72a28f14f3a64df020837fb85be		obsolete
removed	analysis/phylogenomics/9_locus/extracted_sequences/by_sample/GCA_050505635.1/gki.fasta		990		97936b64b5fecde8b9d5335708d8f5761bdc0610d2b57ac798a4c6cff8e6b654		obsolete
removed	analysis/phylogenomics/9_locus/extracted_sequences/by_sample/GCA_050505635.1/groEL.fasta		1644		a4e64880d45bd644e7ba8dd186880935cf8119304f6bae10b1ba3e7ff75ac732		obsolete
removed	analysis/phylogenomics/9_locus/extracted_sequences/by_sample/GCA_050505635.1/gyd.fasta		1020		680e1c2e7f4c2f19778313d14aa6833210a18bc9399857c1694a07b4e0dd4bf4		obsolete
removed	analysis/phylogenomics/9_locus/extracted_sequences/by_sample/GCA_050505635.1/pstS.fasta		909		e841b5ca4711796d035951d8f4233fb8ab270004db64c6674991514c5796ceb6		obsolete
removed	analysis/phylogenomics/9_locus/extracted_sequences/by_sample/GCA_050505635.1/pyrC.fasta		1302		01a9e26066953d798f4363ddf8e3b0f0cccb5268e490e1db8e56c4918baba0cb		obsolete
removed	analysis/phylogenomics/9_locus/extracted_sequences/by_sample/GCA_050505635.1/recA.fasta		1065		5a80f9a9d594a401152c36409ff43e4c867f6150d3a940048adc9c1d619de189		obsolete
removed	analysis/phylogenomics/9_locus/extracted_sequences/by_sample/GCA_050505635.1/xpt.fasta		600		686d10f40de5fca6499893707ab7765268c9fe12a84c0aa6fa76529254c7fbc2		obsolete
removed	analysis/phylogenomics/9_locus/extracted_sequences/by_sample/GCA_050505635.1/yqiL.fasta		2430		0791bf02b17da648fe008ba6b3ee74bcbfdc61d027ac104c858e039f1eaf1b01		obsolete
removed	analysis/phylogenomics/9_locus/extracted_sequences/by_sample/GCA_050505645.1/gdh.fasta		1542		b4c00e6acb0213fa8033601afee5a87527fb18296e620bc4a5ca71dfd8e96684		obsolete
removed	analysis/phylogenomics/9_locus/extracted_sequences/by_sample/GCA_050505645.1/gki.fasta		990		1162417241ad1ce283e7a8a4565e4ab6e75389682b0dad227ac839413c0923eb		obsolete
removed	analysis/phylogenomics/9_locus/extracted_sequences/by_sample/GCA_050505645.1/groEL.fasta		1644		b7fd4e246e2a52c682d076462fa0e36b18569270b8bbab62a26148b29af4ed30		obsolete
removed	analysis/phylogenomics/9_locus/extracted_sequences/by_sample/GCA_050505645.1/gyd.fasta		1020		41e8431a4b3cc18c210c2826d8809788107256eca06f35e0b7acd4a7021706fc		obsolete
removed	analysis/phylogenomics/9_locus/extracted_sequences/by_sample/GCA_050505645.1/pstS.fasta		909		d5d2556076999ad4c80141a8f8c9216800c64a561c93137bddfefdd0c75a52e7		obsolete
removed	analysis/phylogenomics/9_locus/extracted_sequences/by_sample/GCA_050505645.1/pyrC.fasta		1302		8d3b874d38c4e27c6cce137e7104c1d007c28129dc7b60e8ee9aa106ee7697e5		obsolete
removed	analysis/phylogenomics/9_locus/extracted_sequences/by_sample/GCA_050505645.1/recA.fasta		1065		c586f1b5adc9a27b712ca4d156727b8e289fde2de55e9667ff6abe18ad2cc0ad		obsolete
removed	analysis/phylogenomics/9_locus/extracted_sequences/by_sample/GCA_050505645.1/xpt.fasta		600		d60c7165230a4e6836819779b2d384d8a472113ba07e6cb530b816bb708a20bd		obsolete
removed	analysis/phylogenomics/9_locus/extracted_sequences/by_sample/GCA_050505645.1/yqiL.fasta		2430		c5588f3ad62ab8e8068413c266917f6be4a1e227d18a0b8aad9e04f3fbe45c1d		obsolete
removed	analysis/phylogenomics/9_locus/extracted_sequences/by_sample/GCA_050506665.1/gdh.fasta		1542		5b7466b3bd584c31a2a31e2eeda7fdfacbdad02caeb9e6f8c1a64b9032f1a7ca		obsolete
removed	analysis/phylogenomics/9_locus/extracted_sequences/by_sample/GCA_050506665.1/gki.fasta		990		6078dd969f28dbc9157965e616c6b70c095b93e9d74ebdd6e6d3a6930dc23576		obsolete
removed	analysis/phylogenomics/9_locus/extracted_sequences/by_sample/GCA_050506665.1/groEL.fasta		1644		3a72781f592733bc559c819f26dd3ef9858ea2b5d08fd364ed4ac40d4e665a91		obsolete
removed	analysis/phylogenomics/9_locus/extracted_sequences/by_sample/GCA_050506665.1/gyd.fasta		1020		efc84e150e2e960a4d20e7d8ee854043cb9629a9f864d36ae85156e2e2283b07		obsolete
removed	analysis/phylogenomics/9_locus/extracted_sequences/by_sample/GCA_050506665.1/pstS.fasta		909		1c4af7ed1002a2bdb2787126a326b8e4e5641b1fc65263bce4356652806a2819		obsolete
removed	analysis/phylogenomics/9_locus/extracted_sequences/by_sample/GCA_050506665.1/pyrC.fasta		1302		644c8b510be31bb3d65a5b34e148deb6eba29f1d2e4cae747ac6ebb7c008ef3a		obsolete
removed	analysis/phylogenomics/9_locus/extracted_sequences/by_sample/GCA_050506665.1/recA.fasta		1065		2007e66704a5ad974f88d0d0092b0fdb2d56838bd4cd65d9e227d9dcd3a0e8cf		obsolete
removed	analysis/phylogenomics/9_locus/extracted_sequences/by_sample/GCA_050506665.1/xpt.fasta		600		9729d67ae477c2c3e1c9db208f0beb37f5f4ed731f601b9d279f912a3bbb63ca		obsolete
removed	analysis/phylogenomics/9_locus/extracted_sequences/by_sample/GCA_050506665.1/yqiL.fasta		2430		87d06288b1805e3f4462e9ac59fd86354aec648f9320d6f5047c35284c902f4a		obsolete
removed	analysis/phylogenomics/9_locus/extracted_sequences/by_sample/GCA_050506675.1/gdh.fasta		1542		2fdd909ec85a31aab42cbffc82a78248322e757ed284087ad25195314d47e7a5		obsolete
removed	analysis/phylogenomics/9_locus/extracted_sequences/by_sample/GCA_050506675.1/gki.fasta		990		a354568a9109941624416c28d5f68adcc3d9caecc5108f842616ab69fab806b4		obsolete
removed	analysis/phylogenomics/9_locus/extracted_sequences/by_sample/GCA_050506675.1/groEL.fasta		1644		a917a4eb30d1f91178eb32c5f7eabe3cf0f615ad100cfc9b2a472c654fd5a9e8		obsolete
removed	analysis/phylogenomics/9_locus/extracted_sequences/by_sample/GCA_050506675.1/gyd.fasta		1020		795b21b4d3d0490451d62e7e835d9b34f5c839c70e7b998458c856b6e8ccac26		obsolete
removed	analysis/phylogenomics/9_locus/extracted_sequences/by_sample/GCA_050506675.1/pstS.fasta		909		5d377cc2a5906bfcfc2b8287f5580c0cafcb62d955fd722ebbe0f7b46a4c3877		obsolete
removed	analysis/phylogenomics/9_locus/extracted_sequences/by_sample/GCA_050506675.1/pyrC.fasta		1302		9731681d9e929a3da3b65732fc51fbff0cdd616bf93b4179393c20a12b260117		obsolete
removed	analysis/phylogenomics/9_locus/extracted_sequences/by_sample/GCA_050506675.1/recA.fasta		1065		c581b7d8d55966a496abe8f0a460116bd5fef1bf664c47026c7e2b966d459486		obsolete
removed	analysis/phylogenomics/9_locus/extracted_sequences/by_sample/GCA_050506675.1/xpt.fasta		600		1176949ac94ebf6828521aba7a9221226c051addec00cae9511f27b9e34f653c		obsolete
removed	analysis/phylogenomics/9_locus/extracted_sequences/by_sample/GCA_050506675.1/yqiL.fasta		2430		080c54e1acacde49a3169ac61b7405465bcd91fad1b8bafea21d4862f11212cc		obsolete
removed	analysis/phylogenomics/9_locus/extracted_sequences/by_sample/GCA_050506685.1/gdh.fasta		1542		2650fc25e5a4c72fc3b8e2f67d19f7b5927b671008a1f175a17bacca80c42713		obsolete
removed	analysis/phylogenomics/9_locus/extracted_sequences/by_sample/GCA_050506685.1/gki.fasta		990		23615614066c5d303978b3fe280f3d9f3573af7b312ffc68b7895011d3aaa6d4		obsolete
removed	analysis/phylogenomics/9_locus/extracted_sequences/by_sample/GCA_050506685.1/groEL.fasta		1644		d7ea24106604a2a832f916d2930a75fad7884c855c248150cd1503b11aceec92		obsolete
removed	analysis/phylogenomics/9_locus/extracted_sequences/by_sample/GCA_050506685.1/gyd.fasta		1020		45b507601c0ac908908954deb9323138d07f17253f95ed67eab016faca06cc41		obsolete
removed	analysis/phylogenomics/9_locus/extracted_sequences/by_sample/GCA_050506685.1/pstS.fasta		909		2a9fb4a47abbc469d7851926661c7954970a869a51891f298c84a2967e15b459		obsolete
removed	analysis/phylogenomics/9_locus/extracted_sequences/by_sample/GCA_050506685.1/pyrC.fasta		1302		fbe686df054686f9a4cbad9ee469f00b8740705234352dd624099a4d8c2cb183		obsolete
removed	analysis/phylogenomics/9_locus/extracted_sequences/by_sample/GCA_050506685.1/recA.fasta		1065		c19a40afc04a2920d3d9fa92edcf4faf6ef4d0338833a1cf45ff2224682d9b0f		obsolete
removed	analysis/phylogenomics/9_locus/extracted_sequences/by_sample/GCA_050506685.1/xpt.fasta		600		cd982c9d8d085d3d9b12f9b8f937ced637dd9562d1d51e34fd0f0f9571fa56cd		obsolete
removed	analysis/phylogenomics/9_locus/extracted_sequences/by_sample/GCA_050506685.1/yqiL.fasta		2430		053c6a4b2271069470d29f1612ba5e34968d77b72ea46941bb47d83e8e52ac09		obsolete
removed	analysis/phylogenomics/9_locus/extracted_sequences/by_sample/GCA_050506695.1/gdh.fasta		1542		a172fcc6a53ff2699d2867a129420c0b0d147b78c9dc62518f0425e8437a4fa7		obsolete
removed	analysis/phylogenomics/9_locus/extracted_sequences/by_sample/GCA_050506695.1/gki.fasta		990		ad2d1b59f2359d45c330527e1a97dad05e444115ec34d23ae97a0d5abfaff52f		obsolete
removed	analysis/phylogenomics/9_locus/extracted_sequences/by_sample/GCA_050506695.1/groEL.fasta		1644		5650751b68d843774e76b888774bc545f5f17d0d9ea4a9982a4443331b25804c		obsolete
removed	analysis/phylogenomics/9_locus/extracted_sequences/by_sample/GCA_050506695.1/gyd.fasta		1020		76df85083e2dc2e7e3071564bd479793d56a1035acc6bb60286c8b5743605bea		obsolete
removed	analysis/phylogenomics/9_locus/extracted_sequences/by_sample/GCA_050506695.1/pstS.fasta		909		bc18e12e323d7d35fd2d18eb8141401d7a2a8bf780b7a099e5b5a6bb165e5079		obsolete
removed	analysis/phylogenomics/9_locus/extracted_sequences/by_sample/GCA_050506695.1/pyrC.fasta		1302		a06947c53b19c847b3ece9266f2a5e92f6abe7286dbe02738ec8b7c64e70e1a8		obsolete
removed	analysis/phylogenomics/9_locus/extracted_sequences/by_sample/GCA_050506695.1/recA.fasta		1065		8d3fd24d260d5e702f4bff372999261d8a8bbed899637f0fdc9b0b0ee8f79208		obsolete
removed	analysis/phylogenomics/9_locus/extracted_sequences/by_sample/GCA_050506695.1/xpt.fasta		600		6a928fc22f6206521fd233cfd2262474cf5fb49c58fca87b69e6a24f5fce5c01		obsolete
removed	analysis/phylogenomics/9_locus/extracted_sequences/by_sample/GCA_050506695.1/yqiL.fasta		2430		1b890d574a6a975b924fddbd7dcaf8b5307a4eeefdf4422c423e42ca86af6306		obsolete
removed	analysis/phylogenomics/9_locus/extracted_sequences/by_sample/GCA_050506725.1/gdh.fasta		1542		4daa18a195101eba072c5cc942814e56f4dad521d72003434b247f6cdd974389		obsolete
removed	analysis/phylogenomics/9_locus/extracted_sequences/by_sample/GCA_050506725.1/gki.fasta		990		7caf53d786e8367b8940e2c37cfec4ddd6aee6e80a212a80716ab698320c115a		obsolete
removed	analysis/phylogenomics/9_locus/extracted_sequences/by_sample/GCA_050506725.1/groEL.fasta		1644		dacc2587dc25ea027baeb7847c0cf3879d1dd9e1ab210ea6ac49f547224276d0		obsolete
removed	analysis/phylogenomics/9_locus/extracted_sequences/by_sample/GCA_050506725.1/gyd.fasta		1020		f5c3e6c4412bc47767b3b2e9fcea03c285fb3965de51523ea3b308734e795f6b		obsolete
removed	analysis/phylogenomics/9_locus/extracted_sequences/by_sample/GCA_050506725.1/pstS.fasta		909		32085768d57d6054c3249111f60dfb4d475bb8b20551c26f2e5229a6d00aa9ad		obsolete
removed	analysis/phylogenomics/9_locus/extracted_sequences/by_sample/GCA_050506725.1/pyrC.fasta		1302		0a6848a3e7eb9ce9815fe1575994ed12d9cd00bf074e98254aec3843f7983aa8		obsolete
removed	analysis/phylogenomics/9_locus/extracted_sequences/by_sample/GCA_050506725.1/recA.fasta		1065		5ab3b3abbad80c9b1ad18ce532daa19263e98ddc21b6f99a3583f02029e8066b		obsolete
removed	analysis/phylogenomics/9_locus/extracted_sequences/by_sample/GCA_050506725.1/xpt.fasta		600		f9bf82c892a2fe63838fc083712907a27ea8a4b035cda67e268157368d2a53c1		obsolete
removed	analysis/phylogenomics/9_locus/extracted_sequences/by_sample/GCA_050506725.1/yqiL.fasta		2430		52fc26af1a3b1206c3240b7ce47ca2b8c15b31be909b1f6c623556c00e5278db		obsolete
removed	analysis/phylogenomics/9_locus/extracted_sequences/by_sample/GCA_050506735.1/gdh.fasta		1542		431c4eb8de40248c22f07029a3811f0fb6e639f115a791d9500c81556b72a1fa		obsolete
removed	analysis/phylogenomics/9_locus/extracted_sequences/by_sample/GCA_050506735.1/gki.fasta		990		11cd4acff42a61c065868ac906defd6bf5c32c039807d6b39c50b128193bb33c		obsolete
removed	analysis/phylogenomics/9_locus/extracted_sequences/by_sample/GCA_050506735.1/groEL.fasta		1644		f5e3541ca97e9b2aebaafaf6e274bdacc828652e513fc65cea68f9c959f4e1f9		obsolete
removed	analysis/phylogenomics/9_locus/extracted_sequences/by_sample/GCA_050506735.1/gyd.fasta		1020		60df79a6fd73e3308c641de454f0d0496a13eac5b2a0371ea4fae69feed5bfb1		obsolete
removed	analysis/phylogenomics/9_locus/extracted_sequences/by_sample/GCA_050506735.1/pstS.fasta		909		1d323fa6b4ac0885c8d70e8d0ca699b7dab6405cddce6ad53b299fe140f96902		obsolete
removed	analysis/phylogenomics/9_locus/extracted_sequences/by_sample/GCA_050506735.1/pyrC.fasta		1302		590cdc06d67cf3a88955e792d298fcc6f598e90aa0812643639a45d33872e066		obsolete
removed	analysis/phylogenomics/9_locus/extracted_sequences/by_sample/GCA_050506735.1/recA.fasta		1065		5d3267ee8f64fd69b4d8196ecf87492f8258ae0930c983074c6e0a790f6f8447		obsolete
removed	analysis/phylogenomics/9_locus/extracted_sequences/by_sample/GCA_050506735.1/xpt.fasta		600		d8e00d6c72e784067cbd132b34c1597d6ce32c8f251ea20d64727c151f48de32		obsolete
removed	analysis/phylogenomics/9_locus/extracted_sequences/by_sample/GCA_050506735.1/yqiL.fasta		2430		90614f1392f377206f58e20addbd4387e4e0fcc2474934ead525fda86607506b		obsolete
removed	analysis/phylogenomics/9_locus/extracted_sequences/by_sample/GCA_050506745.1/gdh.fasta		1542		7db9a2331347a8eaf57658a22e9c7a6a5d4140504d8beed5e8e5e7239f341778		obsolete
removed	analysis/phylogenomics/9_locus/extracted_sequences/by_sample/GCA_050506745.1/gki.fasta		990		24d75d32e6534b4936d078a3dbafece18c5ec37bfbe5dfe8832fa1da16827ca8		obsolete
removed	analysis/phylogenomics/9_locus/extracted_sequences/by_sample/GCA_050506745.1/groEL.fasta		1644		d56215f173d0935f5cb43903d445c88ad344d38ad609de522281f102bfdbd641		obsolete
removed	analysis/phylogenomics/9_locus/extracted_sequences/by_sample/GCA_050506745.1/gyd.fasta		1020		b6a92a06b56bdfd92ea842ba1d485474ef55cbcd413fef5149da857e8b9c14f5		obsolete
removed	analysis/phylogenomics/9_locus/extracted_sequences/by_sample/GCA_050506745.1/pstS.fasta		909		3a0cfa2a7a88102ae0ef558c0a6fd8daa133b4577073c6791202151efd0c12b2		obsolete
removed	analysis/phylogenomics/9_locus/extracted_sequences/by_sample/GCA_050506745.1/pyrC.fasta		1302		2aee73330f074cc1a2f450a53ca4b5d6173dc5c67f97c2487a69dfb1ea9bc8ff		obsolete
removed	analysis/phylogenomics/9_locus/extracted_sequences/by_sample/GCA_050506745.1/recA.fasta		1065		180d64633513a291af5f435627c75cd7f78ffe172cc102b6544e724b78283fad		obsolete
removed	analysis/phylogenomics/9_locus/extracted_sequences/by_sample/GCA_050506745.1/xpt.fasta		600		c86a0fdbecadd3bc864eb736bcb588cb2b42fc0eb2b1913dcb340901db2d4355		obsolete
removed	analysis/phylogenomics/9_locus/extracted_sequences/by_sample/GCA_050506745.1/yqiL.fasta		2430		177ee7b1cf787541fb365dad5a5cd9e8bd78af5e6e199b388b1a7c0ab1e39a6e		obsolete
removed	analysis/phylogenomics/9_locus/extracted_sequences/by_sample/GCA_050506755.1/gdh.fasta		1542		b3fb7400b3bce6620b80b1d374bef23c7b8df3281179422d57108a8ac6f97d2a		obsolete
removed	analysis/phylogenomics/9_locus/extracted_sequences/by_sample/GCA_050506755.1/gki.fasta		990		253442742db8a964328b38efd6bbe418260c3b972bdefc04c5212a2266514271		obsolete
removed	analysis/phylogenomics/9_locus/extracted_sequences/by_sample/GCA_050506755.1/groEL.fasta		1644		797866611aee17b165d25d11fb9564f4d8dad87f2471d419cebcac2718098f87		obsolete
removed	analysis/phylogenomics/9_locus/extracted_sequences/by_sample/GCA_050506755.1/gyd.fasta		1020		72998d91891e0322f030ea22942351baafc89699dc5b30bcc0a66625c137b704		obsolete
removed	analysis/phylogenomics/9_locus/extracted_sequences/by_sample/GCA_050506755.1/pstS.fasta		909		6e196d9e05cd62a6f857be6533ff8a7de8015b89aa9b4a2778b7fdddaaaa3b80		obsolete
removed	analysis/phylogenomics/9_locus/extracted_sequences/by_sample/GCA_050506755.1/pyrC.fasta		1302		ab568a8ec8e57a2ebc29f368df41d2d8838b11fd71329ee538e945437b31904d		obsolete
removed	analysis/phylogenomics/9_locus/extracted_sequences/by_sample/GCA_050506755.1/recA.fasta		1065		cd10e2e347180f36dc7cb0b6c4c777b502c31b9c1a13077826d3111301a501b5		obsolete
removed	analysis/phylogenomics/9_locus/extracted_sequences/by_sample/GCA_050506755.1/xpt.fasta		600		652911e3a2ed87eafe65b835d0477a84b55a224a22c6fdab53e07aa338ea6b9e		obsolete
removed	analysis/phylogenomics/9_locus/extracted_sequences/by_sample/GCA_050506755.1/yqiL.fasta		2430		fc28b1c9eb3318b5ef31529e63ca703805f0895353335637b6ca62ac6b184ed9		obsolete
removed	analysis/phylogenomics/9_locus/extracted_sequences/by_sample/GCA_050506765.1/gdh.fasta		1542		3889fc4be750039a011487d07456dc462b7e9e39803947c5b0a35e9ccfc08783		obsolete
removed	analysis/phylogenomics/9_locus/extracted_sequences/by_sample/GCA_050506765.1/gki.fasta		990		8bfad232295fee05f05f6f9e6e0d96a1bda01c6fb27027273cde18c49d9a04ea		obsolete
removed	analysis/phylogenomics/9_locus/extracted_sequences/by_sample/GCA_050506765.1/groEL.fasta		1644		505fded090377440d43167fbd851db6f855126f8db7c4ca991ccecae9e7e5e0e		obsolete
removed	analysis/phylogenomics/9_locus/extracted_sequences/by_sample/GCA_050506765.1/gyd.fasta		1020		cd81ad52fc57539d207e3f3ecc783e6bbf357bf5c49bab0525ed3342f56dd64a		obsolete
removed	analysis/phylogenomics/9_locus/extracted_sequences/by_sample/GCA_050506765.1/pstS.fasta		909		c4e73317e76ed161a30715ffbb020b09b05eea7fb5d9c3f363f369cdc5dafd8d		obsolete
removed	analysis/phylogenomics/9_locus/extracted_sequences/by_sample/GCA_050506765.1/pyrC.fasta		1302		d8b4f6246441cc7178aaf04251ee56ee6b6c29ef1831347d8c75950acfbe5b71		obsolete
removed	analysis/phylogenomics/9_locus/extracted_sequences/by_sample/GCA_050506765.1/recA.fasta		1065		4d2e409a50131870fec9858e78700d5133cd0a9931ab527a5140f46b5b296709		obsolete
removed	analysis/phylogenomics/9_locus/extracted_sequences/by_sample/GCA_050506765.1/xpt.fasta		600		54c67f56bbd850516c0f277d35d04773cdd33041859b9ff8b3d346d4361a9010		obsolete
removed	analysis/phylogenomics/9_locus/extracted_sequences/by_sample/GCA_050506765.1/yqiL.fasta		2430		64146bbe2df65598b061dfa5aa097ddd3167c7fc188f34316aa6f6423e6e6292		obsolete
removed	analysis/phylogenomics/9_locus/extracted_sequences/by_sample/GCA_050506775.1/gdh.fasta		1542		a77a8e2f3ccb4b0a84a1ff982e707015907b15e6a553002fa4f78f99824cb4ae		obsolete
removed	analysis/phylogenomics/9_locus/extracted_sequences/by_sample/GCA_050506775.1/gki.fasta		990		865c2454309c167c02d11985f28c48d4b0683ff95d3c42a5eb3d33417fed56bb		obsolete
removed	analysis/phylogenomics/9_locus/extracted_sequences/by_sample/GCA_050506775.1/groEL.fasta		1644		d07fa933227bc1bdc2d224b3cfbe012849fc4a195f0cc6428e876611f8f45ff1		obsolete
removed	analysis/phylogenomics/9_locus/extracted_sequences/by_sample/GCA_050506775.1/gyd.fasta		1020		d8587ad79a09eb6aedab73759ec131194b80df1712ea2590ee24ec66d063ba5b		obsolete
removed	analysis/phylogenomics/9_locus/extracted_sequences/by_sample/GCA_050506775.1/pstS.fasta		909		6f7aa4e6c9d59ba065242d8d93de6c87faeb2d34edb4607494e77486d57f5727		obsolete
removed	analysis/phylogenomics/9_locus/extracted_sequences/by_sample/GCA_050506775.1/pyrC.fasta		1302		512f21ee50adf4a27d32819aca1e5f3c1f8a8a0d58df4e65b66e894d1422af77		obsolete
removed	analysis/phylogenomics/9_locus/extracted_sequences/by_sample/GCA_050506775.1/recA.fasta		1065		d07eda9f40826ed7146313f3c30cbe11b562ec20bf87fb9c0f001716ac0ad3f9		obsolete
removed	analysis/phylogenomics/9_locus/extracted_sequences/by_sample/GCA_050506775.1/xpt.fasta		600		5b96d851f532c1cb28e467f90d8680926f81c52081bd7d7a5d2865f056f21106		obsolete
removed	analysis/phylogenomics/9_locus/extracted_sequences/by_sample/GCA_050506775.1/yqiL.fasta		2430		3b79baaf7e643359950318680dd282342ee481c5f7c48e6fc6b2d6ef69a19050		obsolete
removed	analysis/phylogenomics/9_locus/extracted_sequences/by_sample/GCA_050506815.1/gdh.fasta		1542		57c5cd7f4656041422d69733d257f80b1fed7d9dd8b67c73f6439c2e7a986240		obsolete
removed	analysis/phylogenomics/9_locus/extracted_sequences/by_sample/GCA_050506815.1/gki.fasta		990		5971ee02fae7a7c4130dbeb0b26dce0273b37cc7c188ad494490846fac614184		obsolete
removed	analysis/phylogenomics/9_locus/extracted_sequences/by_sample/GCA_050506815.1/groEL.fasta		1644		9323b6369d9902056a5391f793abbb7b3b17724753438b7876d42700fb629b77		obsolete
removed	analysis/phylogenomics/9_locus/extracted_sequences/by_sample/GCA_050506815.1/gyd.fasta		1020		11252aaece03253ecc4a637b051e4c8c1511f769a696e9978059ad7e666c560c		obsolete
removed	analysis/phylogenomics/9_locus/extracted_sequences/by_sample/GCA_050506815.1/pstS.fasta		909		25692cf8e34ccf594299ac6ee310ced699458258aea4839013065d476a5a41d5		obsolete
removed	analysis/phylogenomics/9_locus/extracted_sequences/by_sample/GCA_050506815.1/pyrC.fasta		1302		c5b610f3110c93a489352aaa78d62504f0ea90b555332ca680ec432cdc8de772		obsolete
removed	analysis/phylogenomics/9_locus/extracted_sequences/by_sample/GCA_050506815.1/recA.fasta		1065		321f0807b1c06c8e46df805ce8137af81e02d540f609800df651b2a03d7dc5c8		obsolete
removed	analysis/phylogenomics/9_locus/extracted_sequences/by_sample/GCA_050506815.1/xpt.fasta		600		e3d49d292ff113933c4c48bb577c68338bb03acc2fa8c0dc7a106fe7d123c848		obsolete
removed	analysis/phylogenomics/9_locus/extracted_sequences/by_sample/GCA_050506815.1/yqiL.fasta		2430		3880688d3392410847e17f6a5855cf324cf22c4c018875bb65da52d4701c4d45		obsolete
removed	analysis/phylogenomics/9_locus/extracted_sequences/by_sample/GCA_050506825.1/gdh.fasta		1542		b271014c50e2936d6b93047c98c59f3a9723da04f1004e9c8776b6b2bcca242a		obsolete
removed	analysis/phylogenomics/9_locus/extracted_sequences/by_sample/GCA_050506825.1/gki.fasta		990		908c13715a45814cb6c46be719544fe612c7c06a77876b7fc7e685f61c48c699		obsolete
removed	analysis/phylogenomics/9_locus/extracted_sequences/by_sample/GCA_050506825.1/groEL.fasta		1644		33795309e821709f48685aaf1349e4da0d42d32396f7bc76c991a225a5d6f304		obsolete
removed	analysis/phylogenomics/9_locus/extracted_sequences/by_sample/GCA_050506825.1/gyd.fasta		1020		8d01933aa43ce80e19ca851efc6486957cc7593060f45d2bd2979e6ddcdd92f4		obsolete
removed	analysis/phylogenomics/9_locus/extracted_sequences/by_sample/GCA_050506825.1/pstS.fasta		909		e707de01e7a655074d0b5c5c4216467499ce0dc579bcbb14b590135640bf5073		obsolete
removed	analysis/phylogenomics/9_locus/extracted_sequences/by_sample/GCA_050506825.1/pyrC.fasta		1302		237cfa9e56c1683f06695348ab27949cf32f5ca1cb6345dfd42a82050fc04646		obsolete
removed	analysis/phylogenomics/9_locus/extracted_sequences/by_sample/GCA_050506825.1/recA.fasta		1065		e76b0f04f4f39d39c42e78492a0f518e48bef69aa566195ff23cb60e83d7a4de		obsolete
removed	analysis/phylogenomics/9_locus/extracted_sequences/by_sample/GCA_050506825.1/xpt.fasta		600		265655b045bef586332007b6d6158711f38e21a6a6f75f962dad6d2bcd20a9d4		obsolete
removed	analysis/phylogenomics/9_locus/extracted_sequences/by_sample/GCA_050506825.1/yqiL.fasta		2430		4f7378e1d85df033e8d8d0e5372e9ca1bb199fe624d110ddd3965630c6f8df36		obsolete
removed	analysis/phylogenomics/9_locus/extracted_sequences/by_sample/GCA_050506865.1/gdh.fasta		1542		bf8f4722e8f29048140f3e3c2f4baab234e467a6c891b7aa1cf663ba9033e485		obsolete
removed	analysis/phylogenomics/9_locus/extracted_sequences/by_sample/GCA_050506865.1/gki.fasta		990		9ca9645cdc621c7cb161aabe6e0c563fee3e9aae89a336381f178437154ad26e		obsolete
removed	analysis/phylogenomics/9_locus/extracted_sequences/by_sample/GCA_050506865.1/groEL.fasta		1644		12901173fcfe872f3211c1387d117297d31c3cd3843a042ecdfe631c59626e3f		obsolete
removed	analysis/phylogenomics/9_locus/extracted_sequences/by_sample/GCA_050506865.1/gyd.fasta		1020		2064ffd945f552d9ed3b0a7d53e0acabc14db6374f8720316a23f32458b3acc3		obsolete
removed	analysis/phylogenomics/9_locus/extracted_sequences/by_sample/GCA_050506865.1/pstS.fasta		909		8e158019cb1bcd87a9036ce42eb2848eccc7563839c80b7c53bbb4ab2784f3c9		obsolete
removed	analysis/phylogenomics/9_locus/extracted_sequences/by_sample/GCA_050506865.1/pyrC.fasta		1302		96145a239102641f8fd8647e71e12cb6cf415881661608da0b55372d30de827f		obsolete
removed	analysis/phylogenomics/9_locus/extracted_sequences/by_sample/GCA_050506865.1/recA.fasta		1065		d005e3675faead90ed9141c3cf7de396a4bc64aab0f3e73550cd4aeb4f58520c		obsolete
removed	analysis/phylogenomics/9_locus/extracted_sequences/by_sample/GCA_050506865.1/xpt.fasta		600		f605b23d41efcbaf43f132f37a1261fa499d06bdd734294713fd19cc5647b377		obsolete
removed	analysis/phylogenomics/9_locus/extracted_sequences/by_sample/GCA_050506865.1/yqiL.fasta		2430		6a1bdcad92d04a9ea284bf71696fef5c21b75fc5e459346a5036df8c89cf34a7		obsolete
removed	analysis/phylogenomics/9_locus/extracted_sequences/by_sample/GCA_050506875.1/gdh.fasta		1542		7327aca077adaa250d8df7305e1800a4846d67c210b6af130f2a26d42deaa0d8		obsolete
removed	analysis/phylogenomics/9_locus/extracted_sequences/by_sample/GCA_050506875.1/gki.fasta		990		6952ff3c857b4bea81eff919b073b8e67f26ef6ad96db3262e9485c86bed83e1		obsolete
removed	analysis/phylogenomics/9_locus/extracted_sequences/by_sample/GCA_050506875.1/groEL.fasta		1644		fec9d319e76aee359c7cce34a6ce5a714afe94f1f16089e569c3b3e30edd7a5a		obsolete
removed	analysis/phylogenomics/9_locus/extracted_sequences/by_sample/GCA_050506875.1/gyd.fasta		1020		754f013fd31da8e380483eeb2e49e4177e5d803796eb82841f154d442701d7a4		obsolete
removed	analysis/phylogenomics/9_locus/extracted_sequences/by_sample/GCA_050506875.1/pstS.fasta		909		9589bd2007696e2e685734e96482466eeb01833169bff0ccf866cca28510f0d1		obsolete
removed	analysis/phylogenomics/9_locus/extracted_sequences/by_sample/GCA_050506875.1/pyrC.fasta		1302		5f8a2e35ab64b5e69bc7e644888f8d4bdd2683d0cf5bcd013253b00f30338cad		obsolete
removed	analysis/phylogenomics/9_locus/extracted_sequences/by_sample/GCA_050506875.1/recA.fasta		1065		11baaa32af3beaacbec11dfdebc831e23175ab5f41bc2b0317cadab7fca9f523		obsolete
removed	analysis/phylogenomics/9_locus/extracted_sequences/by_sample/GCA_050506875.1/xpt.fasta		600		dee4d95a8239a5005f8d86de94c2b4a873a5afc6d81c02352c09a9c4d010bcec		obsolete
removed	analysis/phylogenomics/9_locus/extracted_sequences/by_sample/GCA_050506875.1/yqiL.fasta		2430		265448dedd283d5d904adf1246033943cc7823ee451d7247ecacf0a2fdd00e42		obsolete
removed	analysis/phylogenomics/9_locus/extracted_sequences/by_sample/GCA_050506885.1/gdh.fasta		1542		9450e3861f04042854e80c0ef86c8e8736bb6cc14d91d574bc14f61dfcfe3665		obsolete
removed	analysis/phylogenomics/9_locus/extracted_sequences/by_sample/GCA_050506885.1/gki.fasta		990		b97b19fd1fc9bb3488e11b9b03dd86c0e92d36669a534e669290d1cdf238783c		obsolete
removed	analysis/phylogenomics/9_locus/extracted_sequences/by_sample/GCA_050506885.1/groEL.fasta		1644		53642d08c5d7e74716a2ee89c10bba88216ed8512a69a69f0747beb87222d2d8		obsolete
removed	analysis/phylogenomics/9_locus/extracted_sequences/by_sample/GCA_050506885.1/gyd.fasta		1020		d5b17c08b425d61789b78bd2ac7dd24bf6ea4a5f2327744d813f673485a7e206		obsolete
removed	analysis/phylogenomics/9_locus/extracted_sequences/by_sample/GCA_050506885.1/pstS.fasta		909		695e33ae9b7a16bf806b3ac6a2830f188f713bf81b1b4fe73031b13229b75382		obsolete
removed	analysis/phylogenomics/9_locus/extracted_sequences/by_sample/GCA_050506885.1/pyrC.fasta		1302		4fad17de653c4e4066056d3dceb4fba9b8d46351cbe208af524c18f4723be89a		obsolete
removed	analysis/phylogenomics/9_locus/extracted_sequences/by_sample/GCA_050506885.1/recA.fasta		1065		1e56db8dd7a6fe7d4f5dfe60f1f907ed1dc8bd63bd2cb7e6161f1c3997351e6f		obsolete
removed	analysis/phylogenomics/9_locus/extracted_sequences/by_sample/GCA_050506885.1/xpt.fasta		600		57a37d9ba0eaaaca43510cc7821e7c44481d851f5e342dfcd83d4e13bb942d0c		obsolete
removed	analysis/phylogenomics/9_locus/extracted_sequences/by_sample/GCA_050506885.1/yqiL.fasta		2430		eb7295fb9ec4e0e830619c28d595f05be20689f2d7b10c23534bdeba3e9b45c2		obsolete
removed	analysis/phylogenomics/9_locus/extracted_sequences/by_sample/GCA_050506905.1/gdh.fasta		1542		95733134d60bfdb6d22e0ff5ec6d77ad2bd0ca2062cb9d40d8a64030a6d54548		obsolete
removed	analysis/phylogenomics/9_locus/extracted_sequences/by_sample/GCA_050506905.1/gki.fasta		990		4da659fb0f6e8140438113a03afd5f10269fd6b44ee9d8b83912fc67e6b5ad7b		obsolete
removed	analysis/phylogenomics/9_locus/extracted_sequences/by_sample/GCA_050506905.1/groEL.fasta		1644		4887271521987291b90819c4ed6cbe49bb36eb5db167a4244d88b8811fd277cf		obsolete
removed	analysis/phylogenomics/9_locus/extracted_sequences/by_sample/GCA_050506905.1/gyd.fasta		1020		437dd004c5bd160a3bd0f0e5e6548a9fbdd85716fd10d1cc51751089f5aa366f		obsolete
removed	analysis/phylogenomics/9_locus/extracted_sequences/by_sample/GCA_050506905.1/pstS.fasta		909		9724ff98e7a6f1282a712be690550e44a65050e7158d2834709019f5ba0a0c87		obsolete
removed	analysis/phylogenomics/9_locus/extracted_sequences/by_sample/GCA_050506905.1/pyrC.fasta		1302		922c73308564a1fbfcc12255e81b5d2ed6637bcb7e10ee83c78b48bd3b8e3ade		obsolete
removed	analysis/phylogenomics/9_locus/extracted_sequences/by_sample/GCA_050506905.1/recA.fasta		1065		53abf6d4a27a3c0a434370eb0d7624132c62d7c3a278fca70ef708d8cf4e0594		obsolete
removed	analysis/phylogenomics/9_locus/extracted_sequences/by_sample/GCA_050506905.1/xpt.fasta		600		0037514182b9ca1ae9d59ac93ade8fb9a3d59b714c44d4e86d07e4f8cfe5afb2		obsolete
removed	analysis/phylogenomics/9_locus/extracted_sequences/by_sample/GCA_050506905.1/yqiL.fasta		2430		a152ae9f0dc61b6c9b381b35fd4f681ed50a73cd7da7641cae6fe0f841c10fae		obsolete
removed	analysis/phylogenomics/9_locus/extracted_sequences/by_sample/GCA_050506915.1/gdh.fasta		1542		87b01e547b72fa591de901265475904717fe12c45593af547c1b4884490562a5		obsolete
removed	analysis/phylogenomics/9_locus/extracted_sequences/by_sample/GCA_050506915.1/gki.fasta		990		c8a426f72f7793d46f49d1e6d80f6fb031fb1c409a6175df306297e550642777		obsolete
removed	analysis/phylogenomics/9_locus/extracted_sequences/by_sample/GCA_050506915.1/groEL.fasta		1644		f56bc3d36256ac76484c2abc2b068e0eb102d1ca06386f9919c12ed8443f4e05		obsolete
removed	analysis/phylogenomics/9_locus/extracted_sequences/by_sample/GCA_050506915.1/gyd.fasta		1020		687c8f40b815acb3f362adace0e326492f429dedf1e60c31ff7a415692df6fb6		obsolete
removed	analysis/phylogenomics/9_locus/extracted_sequences/by_sample/GCA_050506915.1/pstS.fasta		909		793fdc2a0b894f40fd9591dc057c60c08858ebc33da1454ad857f5c4f3f598a5		obsolete
removed	analysis/phylogenomics/9_locus/extracted_sequences/by_sample/GCA_050506915.1/pyrC.fasta		1302		eecac1fd971a1c6b0b5ae158f8e6a0a8b7780a2ab0be9b860fd34b9e596b3ee3		obsolete
removed	analysis/phylogenomics/9_locus/extracted_sequences/by_sample/GCA_050506915.1/recA.fasta		1065		31e425ac4612a87f365346b24e71c8c14be11ddea3def4ba5753ddd99f72a500		obsolete
removed	analysis/phylogenomics/9_locus/extracted_sequences/by_sample/GCA_050506915.1/xpt.fasta		600		f5d50b771917f5744b4c1fb901b4775f9d2ef72a7047729d324d0198f739ac5b		obsolete
removed	analysis/phylogenomics/9_locus/extracted_sequences/by_sample/GCA_050506915.1/yqiL.fasta		2430		7c7bde0812853de89c4108362e20de34a2ce39185a86af57fcf102f8fdd4a09b		obsolete
removed	analysis/phylogenomics/9_locus/extracted_sequences/by_sample/GCA_050506925.1/gdh.fasta		1542		11e8f9d3ee94c661b2058ce91cca4d8bcda145d280a784c2b6aabf30bf092285		obsolete
removed	analysis/phylogenomics/9_locus/extracted_sequences/by_sample/GCA_050506925.1/gki.fasta		990		5a3adcdeb287c5b57f9ec8436c9b630a6e712cc9ea09e533bbf4ef1a39199073		obsolete
removed	analysis/phylogenomics/9_locus/extracted_sequences/by_sample/GCA_050506925.1/groEL.fasta		1644		59de888bb9c64d30ab147de4d36823411f3a6f589fe9f499ce785861cb3931ed		obsolete
removed	analysis/phylogenomics/9_locus/extracted_sequences/by_sample/GCA_050506925.1/gyd.fasta		1020		5d6db0924effe24dc8e2f6ca0eecd9d84025778236553197771448f07b10ee4d		obsolete
removed	analysis/phylogenomics/9_locus/extracted_sequences/by_sample/GCA_050506925.1/pstS.fasta		909		c15c12fc2b4ec320c70a8c82beda5c69eaa037a16f8135cff640687f6b96dbb1		obsolete
removed	analysis/phylogenomics/9_locus/extracted_sequences/by_sample/GCA_050506925.1/pyrC.fasta		1302		c771a26c1e1460463f86e2fd58d3f47ffb72250985bed77d37387769ba21183d		obsolete
removed	analysis/phylogenomics/9_locus/extracted_sequences/by_sample/GCA_050506925.1/recA.fasta		1065		155c69590d7ed01de3abf1bab92dbc311b8edef7fd8cf5d4debaa5f83de116c5		obsolete
removed	analysis/phylogenomics/9_locus/extracted_sequences/by_sample/GCA_050506925.1/xpt.fasta		600		6f07777838db7163f172ece6766c32214ba1fdd77818abf35da9b5763d9b9d6d		obsolete
removed	analysis/phylogenomics/9_locus/extracted_sequences/by_sample/GCA_050506925.1/yqiL.fasta		2430		a95fd5a8334ee76f988a934577eb3e04d0d6705071cb48a5565ec6b19b02707f		obsolete
removed	analysis/phylogenomics/9_locus/extracted_sequences/by_sample/GCA_050506935.1/gdh.fasta		1542		539bd3ad2df3824fec642594fa9579739ecd060d96cb6de9917dc2bab736965e		obsolete
removed	analysis/phylogenomics/9_locus/extracted_sequences/by_sample/GCA_050506935.1/gki.fasta		990		f48411fb8ab550bcb48a1b90bfae04c6ba0eb120c620de7e2b64f125f9ba1001		obsolete
removed	analysis/phylogenomics/9_locus/extracted_sequences/by_sample/GCA_050506935.1/groEL.fasta		1644		600433edfebd9ca811c004015aad619bdba72b70bb4d50b646b7635dd2ca1a2f		obsolete
removed	analysis/phylogenomics/9_locus/extracted_sequences/by_sample/GCA_050506935.1/gyd.fasta		1020		ac65a44202d526f0796e97d8b539af4f46669881535977b3e69928d1446c30cf		obsolete
removed	analysis/phylogenomics/9_locus/extracted_sequences/by_sample/GCA_050506935.1/pstS.fasta		909		26009c1da7b01f505e806b36742a1fe8973d3e071c303741c790b746cbea8a56		obsolete
removed	analysis/phylogenomics/9_locus/extracted_sequences/by_sample/GCA_050506935.1/pyrC.fasta		1302		387381428857780aca4fcd8558ff52059d9fe570d3cff9d6d4a46658555eec6a		obsolete
removed	analysis/phylogenomics/9_locus/extracted_sequences/by_sample/GCA_050506935.1/recA.fasta		1065		abbec878335ee13db77212083020e4480f4d828ad7b4a5a590e04e21b17d2a20		obsolete
removed	analysis/phylogenomics/9_locus/extracted_sequences/by_sample/GCA_050506935.1/xpt.fasta		600		4245e37aee7e0d7d8edef2f71d8f854409935adbb8cac6ca643fc07916899ee5		obsolete
removed	analysis/phylogenomics/9_locus/extracted_sequences/by_sample/GCA_050506935.1/yqiL.fasta		2430		dc90a62ef75a4718f95d7977fd6a247e17610484d839790b172e39959001ddc1		obsolete
removed	analysis/phylogenomics/9_locus/extracted_sequences/by_sample/GCA_050506985.1/gdh.fasta		1542		df646757c696f07397db9e6723392e255d64718b1f12040342fd5283521525d2		obsolete
removed	analysis/phylogenomics/9_locus/extracted_sequences/by_sample/GCA_050506985.1/gki.fasta		990		5a2836fc0f0973306ec4ab04ba4027c8b39b7dd8e0946d82be1e98387fa8ae14		obsolete
removed	analysis/phylogenomics/9_locus/extracted_sequences/by_sample/GCA_050506985.1/groEL.fasta		1644		85d740d51c63568fe2a2ff12752e608d6b00a702d24d21934aaa5e8ee1b28a6b		obsolete
removed	analysis/phylogenomics/9_locus/extracted_sequences/by_sample/GCA_050506985.1/gyd.fasta		1020		43ce11fc27b3a6dda3f78c4c84545a25782914cf9a06ca48e3ddb05bf5677d22		obsolete
removed	analysis/phylogenomics/9_locus/extracted_sequences/by_sample/GCA_050506985.1/pstS.fasta		909		ec588f491007185a76218911519069c4ff5d9294fdea0da04a33776271a63d3c		obsolete
removed	analysis/phylogenomics/9_locus/extracted_sequences/by_sample/GCA_050506985.1/pyrC.fasta		1302		646891bf0222b234fd4833b5e5fda1f780e7c6d68aa8f470ce8249b3e210f8ed		obsolete
removed	analysis/phylogenomics/9_locus/extracted_sequences/by_sample/GCA_050506985.1/recA.fasta		1065		dea768aac54f05375f118d0ed82f77d435c67adcb5fbba6485c6562e1f309420		obsolete
removed	analysis/phylogenomics/9_locus/extracted_sequences/by_sample/GCA_050506985.1/xpt.fasta		600		9516be26355cebf5ae60e7a4a3e9c6b3cfe08f02bc221107c7365d3f439d16ce		obsolete
removed	analysis/phylogenomics/9_locus/extracted_sequences/by_sample/GCA_050506985.1/yqiL.fasta		2430		0d50cf02f91864abae1a7c7a52848a662914c6fbc4fb33c027475d45a576f0a6		obsolete
removed	analysis/phylogenomics/9_locus/extracted_sequences/by_sample/GCA_050506995.1/gdh.fasta		1542		518443c639bca9ca40ee35be770252eecb853dd750cdb4a266337689feb9d2b3		obsolete
removed	analysis/phylogenomics/9_locus/extracted_sequences/by_sample/GCA_050506995.1/gki.fasta		990		60307d6429f9276e0cceac544a874a4c76386a531a03ed73573ee049e4f7fb51		obsolete
removed	analysis/phylogenomics/9_locus/extracted_sequences/by_sample/GCA_050506995.1/groEL.fasta		1644		fd7687f79e65ce5de58024ceaf90132edd6e65700b83789033970e38b54646e7		obsolete
removed	analysis/phylogenomics/9_locus/extracted_sequences/by_sample/GCA_050506995.1/gyd.fasta		1020		f3edc17323e223cce48e6d8ce769ea66e5e9aa1c546ff4fa94bc678faf3d2d9d		obsolete
removed	analysis/phylogenomics/9_locus/extracted_sequences/by_sample/GCA_050506995.1/pstS.fasta		909		2bbde9b5bb26a6910c45f16ce694d7d207d2114941207d3396e1cdb83955a281		obsolete
removed	analysis/phylogenomics/9_locus/extracted_sequences/by_sample/GCA_050506995.1/pyrC.fasta		1302		8a1ab775bce9c43de64d3e9e7e5ba6fe316169c10915122b14710db04ed5d842		obsolete
removed	analysis/phylogenomics/9_locus/extracted_sequences/by_sample/GCA_050506995.1/recA.fasta		1065		0c95d8c303c3b1bd31163ea8bb3ff900e2ae374c6b64fac41653ce7957b36a3e		obsolete
removed	analysis/phylogenomics/9_locus/extracted_sequences/by_sample/GCA_050506995.1/xpt.fasta		600		7b88b4a2bc2965c0085d3859bd52d087c813b12b78b35b7bbc7cddcd2a05326e		obsolete
removed	analysis/phylogenomics/9_locus/extracted_sequences/by_sample/GCA_050506995.1/yqiL.fasta		2430		b2a79555bb7d6e6765554ff75f470804e5b49e9a9cb03e5661b02fd7fc51c113		obsolete
removed	analysis/phylogenomics/9_locus/extracted_sequences/by_sample/GCA_050507065.1/gdh.fasta		1542		b519023a1af7735aff79bc03de83f268a3bc7b70eb2be3d92daec2d8bcdb8ca3		obsolete
removed	analysis/phylogenomics/9_locus/extracted_sequences/by_sample/GCA_050507065.1/gki.fasta		990		85917cf73ddfca0402c690e7cc10704885cbe9c5a5476a42cd49334e87345276		obsolete
removed	analysis/phylogenomics/9_locus/extracted_sequences/by_sample/GCA_050507065.1/groEL.fasta		1644		9e92a0826622c501ee00685f16bbc4108a8179db505737eb8e7116c8c5c0239c		obsolete
removed	analysis/phylogenomics/9_locus/extracted_sequences/by_sample/GCA_050507065.1/gyd.fasta		1020		6a3a7fb8d00d423473258177d1ed32af85c4bc1432019df23478963d5ff1b590		obsolete
removed	analysis/phylogenomics/9_locus/extracted_sequences/by_sample/GCA_050507065.1/pstS.fasta		909		e0f9e58dd464114a7566b36b65fc67d64180359a9af63e4be2eed2ad8b997ce7		obsolete
removed	analysis/phylogenomics/9_locus/extracted_sequences/by_sample/GCA_050507065.1/pyrC.fasta		1302		ac18ec908a136479bb4a1c3a86d8c8a442b554dcf4bd19f13af06f8af570cced		obsolete
removed	analysis/phylogenomics/9_locus/extracted_sequences/by_sample/GCA_050507065.1/recA.fasta		1065		42fe72c42f2c9badecc433ed6176545ea45a90b10316229dffca1ad9aafe9360		obsolete
removed	analysis/phylogenomics/9_locus/extracted_sequences/by_sample/GCA_050507065.1/xpt.fasta		600		335415135a0e644165fcd268bae0316f0d48678f6695280dab90716e16e43dc0		obsolete
removed	analysis/phylogenomics/9_locus/extracted_sequences/by_sample/GCA_050507065.1/yqiL.fasta		2430		35d5c47c02bd3355453aff8c220fc94a273a3aed53380e28766f0d4b1e3cfff0		obsolete
removed	analysis/phylogenomics/9_locus/extracted_sequences/by_sample/GCA_050507075.1/gdh.fasta		1542		d4781e7fadb96cc2f66edacaeccd651cfd0e1d37ad787f71b0bf26f98daa828a		obsolete
removed	analysis/phylogenomics/9_locus/extracted_sequences/by_sample/GCA_050507075.1/gki.fasta		990		216494aa4878019a5e1784dfe99ae7e1ba857f5b9e54c3b95ce0866055571664		obsolete
removed	analysis/phylogenomics/9_locus/extracted_sequences/by_sample/GCA_050507075.1/groEL.fasta		1644		7072d52889346e2968af0fb316318b2d736380ae0709f92e03c4387efd96d844		obsolete
removed	analysis/phylogenomics/9_locus/extracted_sequences/by_sample/GCA_050507075.1/gyd.fasta		1020		16b8ab6475d594240cf2ddc555ddafc3336c5ed65cc5fbfbc99748b6691c5b03		obsolete
removed	analysis/phylogenomics/9_locus/extracted_sequences/by_sample/GCA_050507075.1/pstS.fasta		909		fbb9d4dbfc5e83300c615fec9e0d8c90e05c843aaabfbcc8eb5f9a5f781313f9		obsolete
removed	analysis/phylogenomics/9_locus/extracted_sequences/by_sample/GCA_050507075.1/pyrC.fasta		1302		892dfdde4760d796af2ef7e1e1afef6ff7d79a7ded32015451c7c3c071ff2714		obsolete
removed	analysis/phylogenomics/9_locus/extracted_sequences/by_sample/GCA_050507075.1/recA.fasta		1065		7148ea8300257fe8064eea5fe86ebac5a7376e2ea32c5a04f96d3a372bee3dc9		obsolete
removed	analysis/phylogenomics/9_locus/extracted_sequences/by_sample/GCA_050507075.1/xpt.fasta		600		ecba2693b8b149eb2a2ab9fd2f5c89d6d626553daf8fc32e9bba3d86689169d2		obsolete
removed	analysis/phylogenomics/9_locus/extracted_sequences/by_sample/GCA_050507075.1/yqiL.fasta		2430		0effdff78e857160c8081ba789ff2da1191d207f9bb1d6d8600150b616ab4899		obsolete
removed	analysis/phylogenomics/9_locus/extracted_sequences/by_sample/GCA_050507105.1/gdh.fasta		1542		f29877a2deb6a62cadd8ce215fefe11888f54bbe71a4a983b11270ed44eb8477		obsolete
removed	analysis/phylogenomics/9_locus/extracted_sequences/by_sample/GCA_050507105.1/gki.fasta		990		3aaff7703c34aad59e0170394b866d322037461ba54e8e33a3e982237febc275		obsolete
removed	analysis/phylogenomics/9_locus/extracted_sequences/by_sample/GCA_050507105.1/groEL.fasta		1644		208e3215ca8f73e484a7cb4884cf26f37d7a20408991b7262a3543111ea95472		obsolete
removed	analysis/phylogenomics/9_locus/extracted_sequences/by_sample/GCA_050507105.1/gyd.fasta		1020		932f64caf26d75bd7f5aa1c8177355ef8dcc8e4d634a0bb1dd994b46a94a5dab		obsolete
removed	analysis/phylogenomics/9_locus/extracted_sequences/by_sample/GCA_050507105.1/pstS.fasta		909		d51e0aafef7689e1577fa5d2f88e5e31f4880f8b0bac48763c3b963534319fee		obsolete
removed	analysis/phylogenomics/9_locus/extracted_sequences/by_sample/GCA_050507105.1/pyrC.fasta		1302		4a56bccdeb1f853299b6f737fbf5767f3d640f191f17fefabcd28689a22c7887		obsolete
removed	analysis/phylogenomics/9_locus/extracted_sequences/by_sample/GCA_050507105.1/recA.fasta		1065		491e2b4028bef600a6304bc888d834459f6b147d48316856f588a85d14adfa4b		obsolete
removed	analysis/phylogenomics/9_locus/extracted_sequences/by_sample/GCA_050507105.1/xpt.fasta		600		e279eebb7e8c91bd8ea14c703deab3bbd887c2f225dd9bf94eef550d908241bc		obsolete
removed	analysis/phylogenomics/9_locus/extracted_sequences/by_sample/GCA_050507105.1/yqiL.fasta		2430		5b545d5c8f17f7ab0adb85e00733963022a778b9bcad8405b52a09dfd8afcce4		obsolete
removed	analysis/phylogenomics/9_locus/extracted_sequences/by_sample/GCA_050516645.1/gdh.fasta		1542		4e9d0bdccf484de53f6be4d6a2a081efad053cadc10c3da0b2502f0a92310607		obsolete
removed	analysis/phylogenomics/9_locus/extracted_sequences/by_sample/GCA_050516645.1/gki.fasta		990		4981df213aa3831d9142af95a6a90766dc5a23e395cc0515af9a48c5e37784fd		obsolete
removed	analysis/phylogenomics/9_locus/extracted_sequences/by_sample/GCA_050516645.1/groEL.fasta		1644		b9de9f420d531aa311683776dd08e9c2f99ccec46c2d1d8615149c1f5d409827		obsolete
removed	analysis/phylogenomics/9_locus/extracted_sequences/by_sample/GCA_050516645.1/gyd.fasta		1020		8ef30221c82a0c4cfa1397306b2a533afa520a91dce9a7587e70dba5c1d930ce		obsolete
removed	analysis/phylogenomics/9_locus/extracted_sequences/by_sample/GCA_050516645.1/pstS.fasta		909		dc7a5386ab798138087832c47228dc6c56995fecea2c866e9f5270237215a01b		obsolete
removed	analysis/phylogenomics/9_locus/extracted_sequences/by_sample/GCA_050516645.1/pyrC.fasta		1302		7c4e43c70eb56657b56d1e3489536ea87b73f504f60e3939d00079a28b54b191		obsolete
removed	analysis/phylogenomics/9_locus/extracted_sequences/by_sample/GCA_050516645.1/recA.fasta		1065		63b8829d30766bbdbffae01301fe751c7eab091a981bf9febdc1846cb52d1d8d		obsolete
removed	analysis/phylogenomics/9_locus/extracted_sequences/by_sample/GCA_050516645.1/xpt.fasta		600		8ec6a0b5018d1480d7e7380409678024573fe9c752e8c8ba163a2889b36010ca		obsolete
removed	analysis/phylogenomics/9_locus/extracted_sequences/by_sample/GCA_050516645.1/yqiL.fasta		2430		c52730bd0fcf8521a69bb608e15aa6f8b0736dc795710fdce4db9c0800951b21		obsolete
removed	analysis/phylogenomics/9_locus/extracted_sequences/by_sample/GCA_050516655.1/gdh.fasta		1542		85c299d4c010fc8c4ba6e0aa8c8c8bfaaa688946b2166c0e548d175f1cb6272f		obsolete
removed	analysis/phylogenomics/9_locus/extracted_sequences/by_sample/GCA_050516655.1/gki.fasta		990		0f6f84b47af0b7f8e3a69ef5ed2cabea94caa07b4314db5a0c0540f7a00264c0		obsolete
removed	analysis/phylogenomics/9_locus/extracted_sequences/by_sample/GCA_050516655.1/groEL.fasta		1644		cf3bf9928effc6a048720aede6c60e8a87b20693801c8b8c37043bb31f6b622b		obsolete
removed	analysis/phylogenomics/9_locus/extracted_sequences/by_sample/GCA_050516655.1/gyd.fasta		1020		f4fd6b5596c95e320913a3c0abd2427766e989a72919aa90dcc02f28bd6e5493		obsolete
removed	analysis/phylogenomics/9_locus/extracted_sequences/by_sample/GCA_050516655.1/pstS.fasta		909		8951c1a9998d80b7a0e836cb130eea69f7dbe8c8a8ce809d67fe52c5d07d4c30		obsolete
removed	analysis/phylogenomics/9_locus/extracted_sequences/by_sample/GCA_050516655.1/pyrC.fasta		1302		df96d64489914c83157d0126380d57293405d52083d23fbaed425ebb810f76dc		obsolete
removed	analysis/phylogenomics/9_locus/extracted_sequences/by_sample/GCA_050516655.1/recA.fasta		1065		564314acf1d16f432c2565a1625b9ba98f2dd8692a107d391ab5b897a908c4dc		obsolete
removed	analysis/phylogenomics/9_locus/extracted_sequences/by_sample/GCA_050516655.1/xpt.fasta		600		81f2e33fb7a1d0b894da02254338814c25ab9bc2b205f2a1854fab255fd0c5cf		obsolete
removed	analysis/phylogenomics/9_locus/extracted_sequences/by_sample/GCA_050516655.1/yqiL.fasta		2430		bfcbb0fe7897a45cb6153ce60c95028cbd8b8ac02ad3996679f3c197bfce4567		obsolete
removed	analysis/phylogenomics/9_locus/extracted_sequences/by_sample/GCA_050516665.1/gdh.fasta		1542		dd9080b1b70ac8771c086a6e83f4351d2df120bfce547da8d3b66eb873c70fe3		obsolete
removed	analysis/phylogenomics/9_locus/extracted_sequences/by_sample/GCA_050516665.1/gki.fasta		990		c20cdb4c3457e3576312cf7b1a7c74a6bba0ffb3de3f47aebdf3a515bd443795		obsolete
removed	analysis/phylogenomics/9_locus/extracted_sequences/by_sample/GCA_050516665.1/groEL.fasta		1644		ecc9771da069f1eff10a22fed2e83bf4070c4c73c8c313bc538ef00fc1da1753		obsolete
removed	analysis/phylogenomics/9_locus/extracted_sequences/by_sample/GCA_050516665.1/gyd.fasta		1020		66d4983d3367907af55aa1f8dcc1dee0f8dd15bfe94d40e7d69baa5fd6cf328e		obsolete
removed	analysis/phylogenomics/9_locus/extracted_sequences/by_sample/GCA_050516665.1/pstS.fasta		909		132dfe0298affe42c32b13c52c5f2bfb9f893421bbf05e4183b506cffedae13d		obsolete
removed	analysis/phylogenomics/9_locus/extracted_sequences/by_sample/GCA_050516665.1/pyrC.fasta		1302		f0e89dc0a0778e7b68c693da55872d8fc79afc35303b06e06237634148506701		obsolete
removed	analysis/phylogenomics/9_locus/extracted_sequences/by_sample/GCA_050516665.1/recA.fasta		1065		2c1a0d61e41c0a7b4c5de8618699312cf406ae979c33e2dd183e67d1c9443a26		obsolete
removed	analysis/phylogenomics/9_locus/extracted_sequences/by_sample/GCA_050516665.1/xpt.fasta		600		0306ae68d371d2c2e3cb9a1c9de506bc98eb034b4d90a7f7d8eb436d63d6bbdd		obsolete
removed	analysis/phylogenomics/9_locus/extracted_sequences/by_sample/GCA_050516665.1/yqiL.fasta		2430		bf56f77a4373f336dd483578d8ffc10434d10d93a58a1f67dd0f4c9377df1fda		obsolete
removed	analysis/phylogenomics/9_locus/extracted_sequences/by_sample/GCA_050516675.1/gdh.fasta		1542		0208a7a4e8fd23c6ea72d23b8fe61f42daa8f31f20f4d7a799b8788a7ee80f36		obsolete
removed	analysis/phylogenomics/9_locus/extracted_sequences/by_sample/GCA_050516675.1/gki.fasta		990		477543f390a64c0bc8af763ff943cca9d212c0b5d62cd3d2345ffa13b4c46e4b		obsolete
removed	analysis/phylogenomics/9_locus/extracted_sequences/by_sample/GCA_050516675.1/groEL.fasta		1644		bf082da6138024d4e0281cd6be09ecf993e187b15ede64dd5803376b6855694e		obsolete
removed	analysis/phylogenomics/9_locus/extracted_sequences/by_sample/GCA_050516675.1/gyd.fasta		1020		ad06d2036e372a3ea8bd1865af19248aa1ad0aba1c16fb63bfa4167fb86cda87		obsolete
removed	analysis/phylogenomics/9_locus/extracted_sequences/by_sample/GCA_050516675.1/pstS.fasta		909		788ff7ef8de0d2631ac4b69969496f28e0655941e95df5f8e3af92bdedf07274		obsolete
removed	analysis/phylogenomics/9_locus/extracted_sequences/by_sample/GCA_050516675.1/pyrC.fasta		1302		a7bed6433a44d898484bc09ec46575d21ca5887a1ff516280b7410249cdb681b		obsolete
removed	analysis/phylogenomics/9_locus/extracted_sequences/by_sample/GCA_050516675.1/recA.fasta		1065		7142b4bc98480b33598b8ba06d59267d1cdefee5d418288ddc964c6bacc58e79		obsolete
removed	analysis/phylogenomics/9_locus/extracted_sequences/by_sample/GCA_050516675.1/xpt.fasta		600		e770698209ad0cb3257394f0b589f84abc52400c0fc219220e906b3131f5efb1		obsolete
removed	analysis/phylogenomics/9_locus/extracted_sequences/by_sample/GCA_050516675.1/yqiL.fasta		2430		d2cc30deef01444b0be5716008af74aa495f93d6a4dd4b99a1d34d28c1021712		obsolete
removed	analysis/phylogenomics/9_locus/extracted_sequences/by_sample/GCF_049262565.1/gdh.fasta		1542		75317e6353e8fb6f40aaa57dc3fed405a160f24ad2084ecfed64282229124dbc		obsolete
removed	analysis/phylogenomics/9_locus/extracted_sequences/by_sample/GCF_049262565.1/gki.fasta		990		5fbe1ffa1860ba2b541d93a29f50b6633d11ff60cc624ad35e436c49e9cb1c81		obsolete
removed	analysis/phylogenomics/9_locus/extracted_sequences/by_sample/GCF_049262565.1/groEL.fasta		1644		d792ac7fdc6dd2ea9030cff48c1ceb3ad61bdf19da22a72c29bdc9aa49801fd0		obsolete
removed	analysis/phylogenomics/9_locus/extracted_sequences/by_sample/GCF_049262565.1/gyd.fasta		1020		bf1ef13fa9ccfa907e023ad6004b727db515cc9e54e395dc1925786b16dafbd8		obsolete
removed	analysis/phylogenomics/9_locus/extracted_sequences/by_sample/GCF_049262565.1/pstS.fasta		909		0f356dab6869f93d80306a17a63675a12f769e930280c40b25317e41ab07674e		obsolete
removed	analysis/phylogenomics/9_locus/extracted_sequences/by_sample/GCF_049262565.1/pyrC.fasta		1302		81eaee804feb50b50e10b40f2b9ca561279f99acae8e3ce2b7d01a9f19a66299		obsolete
removed	analysis/phylogenomics/9_locus/extracted_sequences/by_sample/GCF_049262565.1/recA.fasta		1065		8475f193801eb4de3225c0af42fbf0cf63b90fbfbcfc4d0d5c372645142709da		obsolete
removed	analysis/phylogenomics/9_locus/extracted_sequences/by_sample/GCF_049262565.1/xpt.fasta		600		3db55909e38911614cfd0af21441619f04c30d46c2c543cd8980a69abe179335		obsolete
removed	analysis/phylogenomics/9_locus/extracted_sequences/by_sample/GCF_049262565.1/yqiL.fasta		2430		5ea69b220abd33e4086f42cb3af4d19d765c25df272e3dbb0a1a8b22bc5ab9a3		obsolete
removed	analysis/phylogenomics/9_locus/extracted_sequences/by_sample/GCF_053117575.1/gdh.fasta		1542		50fecbf18786da2b286e53bc077e4dcdc8f9e53b4b7f1a06ac5acaba5ad2eb43		obsolete
removed	analysis/phylogenomics/9_locus/extracted_sequences/by_sample/GCF_053117575.1/gki.fasta		990		af0e3e56252faa7e8eee3761ee2b4f4f3e8f2d0fe7e805dff95ddb9d943c945f		obsolete
removed	analysis/phylogenomics/9_locus/extracted_sequences/by_sample/GCF_053117575.1/groEL.fasta		1644		37bd68ba71f4213fa64767b64a5ae2209a8934eb271f666c90c543c6e4e5353c		obsolete
removed	analysis/phylogenomics/9_locus/extracted_sequences/by_sample/GCF_053117575.1/gyd.fasta		1020		9980b8a4e15ccd93d791f7491e049e127b37451d1acf70a0041fb3f55ab53b48		obsolete
removed	analysis/phylogenomics/9_locus/extracted_sequences/by_sample/GCF_053117575.1/pstS.fasta		909		38e151822a59605726f96fc062823a5f034a797e77492869836392bc892aedc7		obsolete
removed	analysis/phylogenomics/9_locus/extracted_sequences/by_sample/GCF_053117575.1/pyrC.fasta		1302		e2b60b763acfabe71feb044eb085375e3069821b228e446561cdfa7de244eb11		obsolete
removed	analysis/phylogenomics/9_locus/extracted_sequences/by_sample/GCF_053117575.1/recA.fasta		1065		0fad3f9ce2ee7a357e0666b5802a1186ed43810660eb3ed2ba37cface9d06fe7		obsolete
removed	analysis/phylogenomics/9_locus/extracted_sequences/by_sample/GCF_053117575.1/xpt.fasta		600		9207cc88711d91654c7eb608940fb23cb43b1eaf33ffb3e81ca18391bb2db40e		obsolete
removed	analysis/phylogenomics/9_locus/extracted_sequences/by_sample/GCF_053117575.1/yqiL.fasta		2430		40d944c2111bbb384775825bedc8ae59d7de48ff103905f46237f65e73593316		obsolete
removed	analysis/phylogenomics/9_locus/extracted_sequences/by_sample/GCF_053117585.1/gdh.fasta		1542		7e740ab3de9ea9b23606952e9332cde2a640220415e2e33b40edf8aef3945eba		obsolete
removed	analysis/phylogenomics/9_locus/extracted_sequences/by_sample/GCF_053117585.1/gki.fasta		990		5f82fef43f5a801f2b8856dec1a2d1bb92dc8db72fd189e4a458e60ba8ad3053		obsolete
removed	analysis/phylogenomics/9_locus/extracted_sequences/by_sample/GCF_053117585.1/groEL.fasta		1644		49095e9c382f36f59104ae48dac06aa482023ccaf37e2abebac4fb9919a5eaf1		obsolete
removed	analysis/phylogenomics/9_locus/extracted_sequences/by_sample/GCF_053117585.1/gyd.fasta		1020		6090f24b44a761172c7040c99421f419dde8e7d3c8c4604b238fefe63e780184		obsolete
removed	analysis/phylogenomics/9_locus/extracted_sequences/by_sample/GCF_053117585.1/pstS.fasta		909		615b699fd3172672dc6d2ac7d51f62f07863878eb02b8c4d5255c8f55c3c46a0		obsolete
removed	analysis/phylogenomics/9_locus/extracted_sequences/by_sample/GCF_053117585.1/pyrC.fasta		1302		75a6244575e1708d6cba085e73e16f1bd0b09c6f6a692406aafe235758509079		obsolete
removed	analysis/phylogenomics/9_locus/extracted_sequences/by_sample/GCF_053117585.1/recA.fasta		1065		80e05a17b3b66177c6b60b5461e49ea9614bf12a2873c1724dc5ba2f2ea170a4		obsolete
removed	analysis/phylogenomics/9_locus/extracted_sequences/by_sample/GCF_053117585.1/xpt.fasta		600		ebbc7cbf9599c7b39e495f7af0a52ca3f8defd0854efb5eb4c506f2f80482a4a		obsolete
removed	analysis/phylogenomics/9_locus/extracted_sequences/by_sample/GCF_053117585.1/yqiL.fasta		2430		19f7a80afafaa3aa06a359759c3e594407ecdc565075466196db0915d924b415		obsolete
removed	analysis/phylogenomics/9_locus/extracted_sequences/by_sample/GCF_053117655.1/gdh.fasta		1542		b859e3f3b893708df4588d0b9f77c212e9b25e9945d066a20caf2e160f5f56b6		obsolete
removed	analysis/phylogenomics/9_locus/extracted_sequences/by_sample/GCF_053117655.1/gki.fasta		990		72f13606c462da97f4a90ae93701cac57de45fd283a3cb8f9f05394f3d879a62		obsolete
removed	analysis/phylogenomics/9_locus/extracted_sequences/by_sample/GCF_053117655.1/groEL.fasta		1644		10f2d8287cdc6579942fe47a128dea0ffd02a3722fed8b24e6671816f2d01f41		obsolete
removed	analysis/phylogenomics/9_locus/extracted_sequences/by_sample/GCF_053117655.1/gyd.fasta		1020		d53b9b8c7dcf93d04ebdf6b5528a2ebbfa9762562b02c4d37917072595096007		obsolete
removed	analysis/phylogenomics/9_locus/extracted_sequences/by_sample/GCF_053117655.1/pstS.fasta		909		214b23d804ae2b4f037fd285a5c0abce985936ae66b10284ee1802eadbced59d		obsolete
removed	analysis/phylogenomics/9_locus/extracted_sequences/by_sample/GCF_053117655.1/pyrC.fasta		1302		77c2e53f6bc0bfb4eea0b38a8989983524c498eb2d96bf7b2232f33d23fedd5a		obsolete
removed	analysis/phylogenomics/9_locus/extracted_sequences/by_sample/GCF_053117655.1/recA.fasta		1065		d325f32013588698d126040e9f74c6cf9edfabe9fd1fc32539c54f1741a653df		obsolete
removed	analysis/phylogenomics/9_locus/extracted_sequences/by_sample/GCF_053117655.1/xpt.fasta		600		559d8a016018049a36656de76d4c07a5fc91de7b18a914466aadecc80ed4c0e0		obsolete
removed	analysis/phylogenomics/9_locus/extracted_sequences/by_sample/GCF_053117655.1/yqiL.fasta		2430		5c8a16f21cc0ddf05285cff963a7ed088f90c1eda1fff1f73ac6d60d814ba69f		obsolete
removed	analysis/phylogenomics/9_locus/extracted_sequences/by_sample/GCF_053117665.1/gdh.fasta		1542		9c68bfbaeec5403dc2510dcdbde73028543484e9c22c308805c5b30124ec8912		obsolete
removed	analysis/phylogenomics/9_locus/extracted_sequences/by_sample/GCF_053117665.1/gki.fasta		990		48d33aebfbd27216a883349adfaeace2e8bca20b27318816b60af498712737ef		obsolete
removed	analysis/phylogenomics/9_locus/extracted_sequences/by_sample/GCF_053117665.1/groEL.fasta		1644		f4e12e4102d799055b5debd6074981540c538b07b762ef09fe6034b8f602b0cd		obsolete
removed	analysis/phylogenomics/9_locus/extracted_sequences/by_sample/GCF_053117665.1/gyd.fasta		1020		a6ed882459cab7099c681242ddee2a6206e9703bd30c28ad1fd00fa523557a8a		obsolete
removed	analysis/phylogenomics/9_locus/extracted_sequences/by_sample/GCF_053117665.1/pstS.fasta		909		15febecd2d9a6153ee4fbed8e3886bf08edbdf1dd4a7cbbca5785da0633a09a6		obsolete
removed	analysis/phylogenomics/9_locus/extracted_sequences/by_sample/GCF_053117665.1/pyrC.fasta		1302		c5186ae94d7b617f0014e5637db7d369c7f22c07844ecc485114baaaa4f7d0db		obsolete
removed	analysis/phylogenomics/9_locus/extracted_sequences/by_sample/GCF_053117665.1/recA.fasta		1065		6d6517e9dfca9b22b44ea9a99e3db05acde0bb4d2c86c4c5fd492bcda15d1f31		obsolete
removed	analysis/phylogenomics/9_locus/extracted_sequences/by_sample/GCF_053117665.1/xpt.fasta		600		9032510566339ad69c2139f6039b8fc7e2293f36b31bb3807f984ad448f160c8		obsolete
removed	analysis/phylogenomics/9_locus/extracted_sequences/by_sample/GCF_053117665.1/yqiL.fasta		2430		dec49e77d02fed3e799dca7c3a0716ef030943aab95a1ef58e8978f3f89847f8		obsolete
removed	analysis/phylogenomics/9_locus/extracted_sequences/by_sample/GCF_053117675.1/gdh.fasta		1542		f5f8a5b7ad4d0173e0fb09bc0a0e44a42467aa12ade7652369b9e86b445d19dc		obsolete
removed	analysis/phylogenomics/9_locus/extracted_sequences/by_sample/GCF_053117675.1/gki.fasta		990		b3b8509402e1ca56c264d2d8664183e54861f4e40b367fdaa2c314609785fa09		obsolete
removed	analysis/phylogenomics/9_locus/extracted_sequences/by_sample/GCF_053117675.1/groEL.fasta		1644		7f61a9dd0d24e84560962f8ef8179f8fcc906f19db3539772e2628c18db4b934		obsolete
removed	analysis/phylogenomics/9_locus/extracted_sequences/by_sample/GCF_053117675.1/gyd.fasta		1020		d34effc7d966f50e38ca5f358e2b4f7ca0f014bdca62420b3242934f8845b801		obsolete
removed	analysis/phylogenomics/9_locus/extracted_sequences/by_sample/GCF_053117675.1/pstS.fasta		909		ec64d91758df6a61cda6fb38d3960f739a89e603cdda62a7623ac83c224081f2		obsolete
removed	analysis/phylogenomics/9_locus/extracted_sequences/by_sample/GCF_053117675.1/pyrC.fasta		1302		736c784b653acf5c88cf39f10d0632947f1447d3cb92ecc9f860a74dc4aaf4f8		obsolete
removed	analysis/phylogenomics/9_locus/extracted_sequences/by_sample/GCF_053117675.1/recA.fasta		1065		c4adc48235ae2e02b100881b12fe935b0a829ce2f4a9e88a78c77cf7173408db		obsolete
removed	analysis/phylogenomics/9_locus/extracted_sequences/by_sample/GCF_053117675.1/xpt.fasta		600		22ec3fc7e3857f92d61f7fd2cac24042fb470b2bad0d8ca7a14aaac51546c343		obsolete
removed	analysis/phylogenomics/9_locus/extracted_sequences/by_sample/GCF_053117675.1/yqiL.fasta		2430		82f990b8d6c3ebc87441b33288e7bd12602adabec00a68c03d6be194d352a29b		obsolete
removed	analysis/phylogenomics/9_locus/extracted_sequences/by_sample/GCF_053117685.1/gdh.fasta		1542		36f07a7df8cc33188b573becc047497221f47d8baeb47a07b61f316926910e96		obsolete
removed	analysis/phylogenomics/9_locus/extracted_sequences/by_sample/GCF_053117685.1/gki.fasta		990		28b2027feb3418bc7fe05dab46165e0af2086cae7de3b8a1bdd972c4c59588ee		obsolete
removed	analysis/phylogenomics/9_locus/extracted_sequences/by_sample/GCF_053117685.1/groEL.fasta		1644		2a5f61d627eef07f5e4ce8380adf7dccfc64b5b6a987412f56c76b477b06b1c6		obsolete
removed	analysis/phylogenomics/9_locus/extracted_sequences/by_sample/GCF_053117685.1/gyd.fasta		1020		9335469bec8507dbab3147726ab896b6fe8a642933707f97d4908d3945d6bccf		obsolete
removed	analysis/phylogenomics/9_locus/extracted_sequences/by_sample/GCF_053117685.1/pstS.fasta		909		724f6eb56cb92a8b93b4aea46e51fe0fc17bf2c549ad0f2cd850cc2acdaaa062		obsolete
removed	analysis/phylogenomics/9_locus/extracted_sequences/by_sample/GCF_053117685.1/pyrC.fasta		1302		5c20004e76b53fc02163771e9c0ed96de1130ff3887e4cd40753157db50adf1c		obsolete
removed	analysis/phylogenomics/9_locus/extracted_sequences/by_sample/GCF_053117685.1/recA.fasta		1065		88c893557a80f98f64ba4f778eabbaeceb49112c68536701293779b18c290060		obsolete
removed	analysis/phylogenomics/9_locus/extracted_sequences/by_sample/GCF_053117685.1/xpt.fasta		600		7e1396b1170f8dbfb1051906e7cfdb1bf4edf8ef26053d4989190a8fa380765a		obsolete
removed	analysis/phylogenomics/9_locus/extracted_sequences/by_sample/GCF_053117685.1/yqiL.fasta		2430		109f4bbc8418b6a827ed04372d70cb7fde45ecbb6f06c36da7a6b1fe9bcdc184		obsolete
removed	analysis/phylogenomics/9_locus/extracted_sequences/by_sample/GCF_053117695.1/gdh.fasta		1542		9c4ec3ff092ae6ff4c8885ab0c2baab44f6cbce92215880a41c123e39a80a236		obsolete
removed	analysis/phylogenomics/9_locus/extracted_sequences/by_sample/GCF_053117695.1/gki.fasta		990		5a3ffabb20aad6f4b05e62a01b686d52a857cafaf74f4c13fc6dffd977623b68		obsolete
removed	analysis/phylogenomics/9_locus/extracted_sequences/by_sample/GCF_053117695.1/groEL.fasta		1644		96fe2f9f939047eaf1646bab6e5f2c8833afa7ee758d8845b8b1d825f36e9dcd		obsolete
removed	analysis/phylogenomics/9_locus/extracted_sequences/by_sample/GCF_053117695.1/gyd.fasta		1020		050514f62c554a7144c0b3526bb6c663c51b1d6a4a018a9aebdc7ce79d0aaa4f		obsolete
removed	analysis/phylogenomics/9_locus/extracted_sequences/by_sample/GCF_053117695.1/pstS.fasta		909		cdb9072d1c4c8f6860f4ff367004c4e9333055d96f4fc586d8c863ebe791cdee		obsolete
removed	analysis/phylogenomics/9_locus/extracted_sequences/by_sample/GCF_053117695.1/pyrC.fasta		1302		e108c8016badefc7d7a08a40a4b764cf3fc9d1f6af185f202f45264500af09f8		obsolete
removed	analysis/phylogenomics/9_locus/extracted_sequences/by_sample/GCF_053117695.1/recA.fasta		1065		59167161059ee0d400c79bc7bd97ade507ee3788974b007f574004e26185f545		obsolete
removed	analysis/phylogenomics/9_locus/extracted_sequences/by_sample/GCF_053117695.1/xpt.fasta		600		a940c3eda8c1e915c5a7add78b29e7e13bb6480d615c1f4347521a2001e4cab5		obsolete
removed	analysis/phylogenomics/9_locus/extracted_sequences/by_sample/GCF_053117695.1/yqiL.fasta		2430		187ebcfa800ed6c25a256266867d99736256f6d7ba737c4bf267b054ca62e681		obsolete
removed	analysis/phylogenomics/9_locus/extracted_sequences/by_sample/GCF_053117705.1/gdh.fasta		1542		61bf990b1a3819e7d92bea8ece769b97cf42d993d03a055871497db5f2dfb57a		obsolete
removed	analysis/phylogenomics/9_locus/extracted_sequences/by_sample/GCF_053117705.1/gki.fasta		990		5e62e12415dd4431f084ef4482e089b217cf6a4310aad280a6fdaca62418048b		obsolete
removed	analysis/phylogenomics/9_locus/extracted_sequences/by_sample/GCF_053117705.1/groEL.fasta		1644		4d406b384090892afcc1234f0c89e86f5378741ee194076c0ec1ba32ca359872		obsolete
removed	analysis/phylogenomics/9_locus/extracted_sequences/by_sample/GCF_053117705.1/gyd.fasta		1020		9637ea4daad3384c95cf329c977d5413378144265122655e69986364cf5bd656		obsolete
removed	analysis/phylogenomics/9_locus/extracted_sequences/by_sample/GCF_053117705.1/pstS.fasta		909		a1af4515d1af8e471f6dd8084742bf004a655fcccadc562febc4bd021227ff39		obsolete
removed	analysis/phylogenomics/9_locus/extracted_sequences/by_sample/GCF_053117705.1/pyrC.fasta		1302		20b0f48dc4720c22c61df6b3134b12df58101d2aa96ba0aad4514a11bf8f0755		obsolete
removed	analysis/phylogenomics/9_locus/extracted_sequences/by_sample/GCF_053117705.1/recA.fasta		1065		8bd2296a20b534f8f6a1842b067e001689e079ae5109191db7ac115bbe213d0f		obsolete
removed	analysis/phylogenomics/9_locus/extracted_sequences/by_sample/GCF_053117705.1/xpt.fasta		600		7c2565886c6751760ca5710b6de9742e340b14edfa10fafa665224f7cd4fac37		obsolete
removed	analysis/phylogenomics/9_locus/extracted_sequences/by_sample/GCF_053117705.1/yqiL.fasta		2430		1c3e55ccebf60cef9e28327b7f48c5a9bc4caa7df30228ec475bd9ea0fd55483		obsolete
removed	analysis/phylogenomics/9_locus/extracted_sequences/by_sample/GCF_906464925.1/gdh.fasta		1542		f0b5b1b302f93a21d8bd7434874a4feb0e76b39f4289e59f7f7e0b2277967822		obsolete
removed	analysis/phylogenomics/9_locus/extracted_sequences/by_sample/GCF_906464925.1/gki.fasta		990		e430072319434487ad5e851765dff52c167101ba81f173f08eb21df92398cad7		obsolete
removed	analysis/phylogenomics/9_locus/extracted_sequences/by_sample/GCF_906464925.1/groEL.fasta		1644		5bee612fac6b1cf3ee2ccc3eed3c6d68344f5b6eddf59094feefa7df45b540c8		obsolete
removed	analysis/phylogenomics/9_locus/extracted_sequences/by_sample/GCF_906464925.1/gyd.fasta		1020		12c90093f070e628675f5c0627bf58650acd333ce61cf0a67386f420640a56d9		obsolete
removed	analysis/phylogenomics/9_locus/extracted_sequences/by_sample/GCF_906464925.1/pstS.fasta		909		a7534eed6c2469770e41ff0c002445985fa98cc26aebd256e03b21e90f7ef1f7		obsolete
removed	analysis/phylogenomics/9_locus/extracted_sequences/by_sample/GCF_906464925.1/pyrC.fasta		1302		43189a7db0736246b06cdc2aea0aed8cce699636963a6ad946d1e3f3987443c4		obsolete
removed	analysis/phylogenomics/9_locus/extracted_sequences/by_sample/GCF_906464925.1/recA.fasta		1065		77174b32055e17cf6d2a622ab0124a58a5865646d0a14a0dda8bc3d203443e04		obsolete
removed	analysis/phylogenomics/9_locus/extracted_sequences/by_sample/GCF_906464925.1/xpt.fasta		600		793e1f26caffa7293c5d0dc7a95a39d3a9d351657beb8c66d521ba29ed46d292		obsolete
removed	analysis/phylogenomics/9_locus/extracted_sequences/by_sample/GCF_906464925.1/yqiL.fasta		2430		f3f8243288f6f2f3b48a09cef7fdbf9b859664c3cf5cafd6aae7f24adf3bc56c		obsolete
removed	analysis/phylogenomics/9_locus/logs/20260806T090652Z/01_input_discovery.command.txt		232		219863460fff5a23cef65b54a7a16eb047f56c0dd4336afad4925387ccb9077c		obsolete
removed	analysis/phylogenomics/9_locus/logs/20260806T090652Z/01_input_discovery.exit_status.txt		2		9a271f2a916b0b6ee6cecb2426f0b3206ef074578be55d9bc94f6f3fe3ab86aa		obsolete
removed	analysis/phylogenomics/9_locus/logs/20260806T090652Z/01_input_discovery.stderr.log		0		e3b0c44298fc1c149afbf4c8996fb92427ae41e4649b934ca495991b7852b855		obsolete
removed	analysis/phylogenomics/9_locus/logs/20260806T090652Z/01_input_discovery.stdout.log		198		726a53e42e1de303c93cb7d9defb99be112a9e54c1094de3163971f0a5628359		obsolete
removed	analysis/phylogenomics/9_locus/logs/20260806T090652Z/run_summary.tsv		572		c14dfa67096fdcb5baaa70a9f34b0700758b3e6199f5be79c57b6b39fafdeaac		obsolete
removed	analysis/phylogenomics/9_locus/logs/20260806T090746Z/01_input_discovery.command.txt		232		219863460fff5a23cef65b54a7a16eb047f56c0dd4336afad4925387ccb9077c		obsolete
removed	analysis/phylogenomics/9_locus/logs/20260806T090746Z/01_input_discovery.exit_status.txt		2		4355a46b19d348dc2f57c046f8ef63d4538ebb936000f3c9ee954a27460dd865		obsolete
removed	analysis/phylogenomics/9_locus/logs/20260806T090746Z/01_input_discovery.stderr.log		1036		f57f8bf73311115d014f71b7955b7d19b0fe033b628b97db4c64d6a8062e703c		obsolete
removed	analysis/phylogenomics/9_locus/logs/20260806T090746Z/01_input_discovery.stdout.log		0		e3b0c44298fc1c149afbf4c8996fb92427ae41e4649b934ca495991b7852b855		obsolete
removed	analysis/phylogenomics/9_locus/logs/20260806T090746Z/run_summary.tsv		572		18ab3025c74002c6fea8ee637a513494f92382c914b943c3aef5f6b899da9ef5		obsolete
removed	analysis/phylogenomics/9_locus/logs/20260806T090857Z/02_gene_candidate_review.command.txt		407		12460580c0c3bfa28708fd5e75fa8cd5c5b01de77cab15cf3b6fbc917089bd13		obsolete
removed	analysis/phylogenomics/9_locus/logs/20260806T090857Z/02_gene_candidate_review.exit_status.txt		2		9a271f2a916b0b6ee6cecb2426f0b3206ef074578be55d9bc94f6f3fe3ab86aa		obsolete
removed	analysis/phylogenomics/9_locus/logs/20260806T090857Z/02_gene_candidate_review.stderr.log		0		e3b0c44298fc1c149afbf4c8996fb92427ae41e4649b934ca495991b7852b855		obsolete
removed	analysis/phylogenomics/9_locus/logs/20260806T090857Z/02_gene_candidate_review.stdout.log		163		0a61800706ae90eab67e0bbac868fd21f357a7083ab15a6fb66f0a4f988ceb7f		obsolete
removed	analysis/phylogenomics/9_locus/logs/20260806T090857Z/run_summary.tsv		803		bc57a65f25e6fa313f1410cb59c90749484789ba3e24d82ccb37a3d7fcc7ce12		obsolete
removed	analysis/phylogenomics/9_locus/logs/20260806T090942Z/05_sequence_extraction.command.txt		212		a67c158bc18ba672793e4230b40c845cd27b98af95f3332d55ec9b117659f629		obsolete
removed	analysis/phylogenomics/9_locus/logs/20260806T090942Z/05_sequence_extraction.exit_status.txt		2		9a271f2a916b0b6ee6cecb2426f0b3206ef074578be55d9bc94f6f3fe3ab86aa		obsolete
removed	analysis/phylogenomics/9_locus/logs/20260806T090942Z/05_sequence_extraction.stderr.log		0		e3b0c44298fc1c149afbf4c8996fb92427ae41e4649b934ca495991b7852b855		obsolete
removed	analysis/phylogenomics/9_locus/logs/20260806T090942Z/05_sequence_extraction.stdout.log		165244		fc4068e730596539f4401834aceb60d1b1ca4bfd233569291f18c8d71a4a8266		obsolete
removed	analysis/phylogenomics/9_locus/logs/20260806T090942Z/run_summary.tsv		484		b9779b5811a951ebdb26fd354f07c86dc7bc160fa5185271ebe0dac93015bf16		obsolete
removed	analysis/phylogenomics/9_locus/logs/20260806T091109Z/06_sequence_qc.command.txt		301		079000877aec18ad33b6cc072e4e4148b1ba48aeddbcb28d30c0c635efa4492f		obsolete
removed	analysis/phylogenomics/9_locus/logs/20260806T091109Z/06_sequence_qc.exit_status.txt		2		1121cfccd5913f0a63fec40a6ffd44ea64f9dc135c66634ba001d10bcf4302a2		obsolete
removed	analysis/phylogenomics/9_locus/logs/20260806T091109Z/06_sequence_qc.stderr.log		64		80bfe4df454019c1f66450829fa1fcdd14d1a3e746072be7a15c8a41a93eb3ce		obsolete
removed	analysis/phylogenomics/9_locus/logs/20260806T091109Z/06_sequence_qc.stdout.log		410		d53cca2257ce1ea302ff294a66142eeeb5bf8a47bd2c187258d835b653e12c9d		obsolete
removed	analysis/phylogenomics/9_locus/logs/20260806T091109Z/run_summary.tsv		614		74b3ee09a14ae445f1435e2eb757ce59e0361e8bbd409049180d82e66a0e47b1		obsolete
removed	analysis/phylogenomics/9_locus/logs/20260806T091202Z/run_summary.tsv		78		671dbd0ed30c2f2699318a54d656b3c8aca37854ea8404516ee78f4f856b640a		obsolete
removed	analysis/phylogenomics/9_locus/manifests/prokka_annotation_manifest.tsv		77966		3e1e8adcdec43375fe40cf19fca58ecf2e9468d737fa06f2dd76ecd89ba43602		obsolete
removed	analysis/phylogenomics/9_locus/qc/locus_length_summary.tsv		286		1b8172b8d772761b8b259d1dc859a4bc4fb911b4a7bbf4802132363fb2b7d96c		obsolete
removed	analysis/phylogenomics/9_locus/qc/sequence_qc.tsv		53115		e2707fbbdfa035d58ed953f2a466d28e2997fc27a0fb705c8d1211f9bd7acfc9		obsolete
removed	analysis/phylogenomics/9_locus/qc/sequence_qc_failures.tsv		560		5ab799a3132950ef2b20772291667214dfe07029e7f51494b01ee8a69e5f28dc		obsolete
removed	analysis/virulence_adherence/pilot_initial_failed_consolidation/B2_pilot.log		295		af37daff444d7217c255f1a9935568482f76642200b822d0957e0d5beacbb095		duplicate
removed	analysis/virulence_adherence/pilot_initial_failed_consolidation/blast_pilot/GCA_029011255.1.tsv		1200		2b1240f0a74528b83eaaae2b57734b7eb9801f57107d070e0703faacd385e5c7		duplicate
removed	analysis/virulence_adherence/pilot_initial_failed_consolidation/blast_pilot/GCA_050469755.1.tsv		2446		43969348bc340dcaab57c0050b073b20dd92bfb634c8aef1b76606092062afe7		duplicate
removed	analysis/virulence_adherence/pilot_initial_failed_consolidation/blast_pilot/GCA_050471105.1.tsv		1087		77ea06dbd699acb081f08d5a7e33f0d1fd963b1e6f72892e77a7d9bd303c572a		duplicate
removed	analysis/virulence_adherence/pilot_initial_failed_consolidation/blast_pilot/GCF_053117575.1.tsv		6485		c466510e49f703b061b96d51d19fbc8a40384212733b72d6d06af3f6e37ae4d2		duplicate
removed	analysis/virulence_adherence/pilot_initial_failed_consolidation/virulence_blast_hsp_audit_pilot.csv		21581		fff79c8a121bce857acf9108455d7df33dc63a15353d3261d02383c7c125a737		duplicate
removed	analysis/virulence_adherence/pilot_initial_failed_consolidation/virulence_blast_runtime_pilot.csv		158		b1af31f83c373412e3584fdfb330806681ab195b60e3183702d5c7780ee1d216		duplicate
removed	analysis/virulence_adherence/pilot_initial_failed_consolidation/virulence_consolidated_candidates_pilot.csv		10471		fe48547e55e4804029c27882c40df95e72d8ff0967631c65bf4ecf2db346a5f5		duplicate
removed	analysis/virulence_adherence/pilot_initial_failed_consolidation/virulence_pilot_status_qc.csv		433		0d8756e056ecd5bc68364d5b0676d3a6bd71140e61160779812ebfbf90fc5977		duplicate
removed	analysis/virulence_adherence/pilot_initial_failed_consolidation/virulence_target_status_by_genome_pilot.csv		6369		6dcbb588ba0111db9ea459f9cb186c4ee5c38f48f5e137b7cb565a9b0d4bef40		duplicate
removed	backups/repository_cleanup_20260819/GCF_053117695.1.zero_byte_transfer_fragment		0		e3b0c44298fc1c149afbf4c8996fb92427ae41e4649b934ca495991b7852b855		temporary
removed	local_archive/local_session/.Rhistory		9373		32e02d539fcf089ba1ce1bf87dab1339b9e5895060f9b08e62fb9080270336e3		temporary
removed	local_archive/local_session/.Rproj.user/FE98DEDC/pcs/files-pane.pper		218		56905036a87f08bdf9e4e04a0d22fe179798bbd4783c71ab1a825798efc943c9		temporary
removed	local_archive/local_session/.Rproj.user/FE98DEDC/pcs/source-pane.pper		23		d3a99880b45660498bf535569917d35e828a53122b48d4bb9d197a21c2cad4c9		temporary
removed	local_archive/local_session/.Rproj.user/FE98DEDC/pcs/windowlayoutstate.pper		283		f9fc243079f32cfd82358490df45179a7e76ccb37b8207a1bfe2fbd7665e7475		temporary
removed	local_archive/local_session/.Rproj.user/FE98DEDC/pcs/workbench-pane.pper		76		65dae0d8808e3c63b2f7bdecc22afdb920f7c1101389009ec575a0b2e9937ac9		temporary
removed	local_archive/local_session/.Rproj.user/FE98DEDC/rmd-outputs		5		7c370d9536d7d0d6a0f7cd7f9826692acd93e4fb05ba46f7b630b879740343d3		temporary
removed	local_archive/local_session/.Rproj.user/FE98DEDC/saved_source_markers		27		943cf5311c54c71f50cdf4d28d072c70ec8785a4b2b73bcc2000e6f1cf1dfc31		temporary
removed	local_archive/local_session/.Rproj.user/FE98DEDC/sources/prop/0081CD67		113		6e94909a8860f68d2cb4e4932643e47b8c4d3f9e8cf344231592372d6e1f7061		temporary
removed	local_archive/local_session/.Rproj.user/FE98DEDC/sources/prop/247D5F38		110		870d316e90162454aacd4e2571a94de2e8b221d90d4f084b6f95934fb347381f		temporary
removed	local_archive/local_session/.Rproj.user/FE98DEDC/sources/prop/BBC57A73		108		c075b8303d85070184fd18cc679c468e91bfa04a8c5464917468298343dc3837		temporary
removed	local_archive/local_session/.Rproj.user/FE98DEDC/sources/prop/INDEX		321		84d4bb4d4d1174235377999c0c8a33e0d2503f4ed31aaf655cdd833aeb25c776		temporary
removed	local_archive/local_session/.Rproj.user/shared/notebooks/patch-chunk-names		0		e3b0c44298fc1c149afbf4c8996fb92427ae41e4649b934ca495991b7852b855		temporary
removed	local_archive/local_session/.Rproj.user/shared/notebooks/paths		285		b67c3ad82c5c5d0c80a3f4bacb3748c2b8b4765db88adf7b1b691c1376068c09		temporary
removed	results/figures/phylogeny_72_genomes_9_locus_observed_indels/pca/pca_pc1_pc2_assembly_accession_labels.pdf		8119		177ad3aebf2e669641d48c75171e0861157df1b58beb6841b19c4036baa6cebf		obsolete
removed	results/figures/phylogeny_72_genomes_9_locus_observed_indels/pca/pca_pc1_pc2_assembly_accession_labels.png		130678		4aad975dc3455da34a3ad8a33817ff1140543df9f1d425d3a9e59a9c341e94b8		obsolete
removed	results/figures/phylogeny_72_genomes_9_locus_observed_indels/pca/pca_pc1_pc3_assembly_accession_labels.pdf		8156		8099a09f1359075dcbbfb87f6423ac8682efab2e2aa40e218495dc87dabcfe7b		obsolete
removed	results/figures/phylogeny_72_genomes_9_locus_observed_indels/pca/pca_pc1_pc3_assembly_accession_labels.png		143528		2778b10f6faf9add6d887bc1448ab19960a0e658346d4ea424c81814bfaedee2		obsolete
removed	results/phylogeny/.gitkeep		1		01ba4719c80b6fe911b091a7c05124b64eeece964e09c058ef8f9805daca546b		canonical
removed	results/tables/phylogeny_9_locus/gene_hit_summary.tsv		169		976be324f2bf4bcff3c140c6168dd403ca9c1cd76b92c311019c988ce1d3c924		obsolete
removed	results/tables/phylogeny_9_locus/gene_presence_qc.tsv		2573		c3919659a14e8b280b76c42a5688b87164ea88bdc62997ce9a7e75814baa23be		obsolete
removed	results/tables/phylogeny_9_locus/phylogeny_9_locus_run_summary.md		2101		30fb1799a7f8cbe0e87388cb6c7f66a74d60c91854fb8844091a6882019e326b		obsolete
removed	scripts/03_amr_analysis/amrfinder_analysis_72_genomes.R		26234		4b55db76bba08f4c783dd16fd242922887cb9b1bdc3699a719b18c8c192a5269		obsolete
removed	scripts/03_amr_analysis/isolate_summary.py		3505		18bd6d9bbace4fdc2104030b225d6fdd2d65c5466d1872f65306af9402f92c28		obsolete
removed	scripts/07_core_genome/__pycache__/core_genome_analysis.cpython-311.pyc		35312		d160d8a1385352ffd50f3a63a73cd58ff2696092834b3d47f19667e11bd1f607		temporary
removed	scripts/07_core_genome/__pycache__/core_genome_analysis.cpython-312.pyc		29332		584a8526b3da9c16fb0e4a12def4c3873e4682bcae1d06a9d9e138e9758d73d2		temporary
removed	scripts/07_core_genome/__pycache__/test_core_genome_analysis.cpython-311.pyc		5243		fc25d0f1f76c29eeca0d8a8031a0bf47dd5f5701f84a4708374bf140433251d7		temporary
removed	scripts/07_core_genome/__pycache__/test_core_genome_analysis.cpython-312.pyc		2596		b00fa7291a05b0e15c46262f0d16e1a9387d39756df4f5c9210c85089fbf5224		temporary
removed	scripts/07_virulence_adherence/__pycache__/test_virulence_screen.cpython-311.pyc		6983		62c52d3a0a22d6b9ac0d21469d69d21e3bc9f5630fcf088b7f2f2111c9070f84		temporary
removed	scripts/07_virulence_adherence/__pycache__/test_virulence_screen.cpython-312.pyc		6421		a20bfd592d43ce57279ed7d562e085832cba2fb59c727e7b3168262201bd8c3d		temporary
removed	scripts/07_virulence_adherence/__pycache__/virulence_screen.cpython-311.pyc		56555		48acf75909289717453fb0b16bac74d03d200c687aa2068494f303811e62b35a		temporary
removed	scripts/07_virulence_adherence/__pycache__/virulence_screen.cpython-312.pyc		51355		52a2c4d62aad2f6fc08e3e93550c03224686a06ed1505c40670bda4aafc6360c		temporary
